time_s,P1_high_psi,P2_high_psi,P3_high_psi,P4_high_psi
0.000000,-6.231,-6.934,459.252,174.009
0.215000,-6.465,-6.465,459.252,174.009
0.229974,-6.465,-6.700,459.252,174.478
0.244960,-6.465,-6.934,459.486,174.243
0.259946,-6.700,-6.231,459.252,174.243
0.274932,-7.169,-6.700,459.017,174.009
0.289918,-6.700,-6.700,459.017,174.478
0.304904,-6.465,-6.465,459.017,174.009
0.319890,-6.465,-6.934,459.721,174.478
0.334876,-6.465,-6.700,459.486,174.009
0.349862,-6.465,-6.465,459.252,174.243
0.565000,-6.465,-6.465,459.017,174.478
0.579974,-6.465,-5.997,459.721,173.774
0.594960,-6.465,-6.231,459.017,174.009
0.609946,-6.231,-6.700,459.017,174.478
0.624932,-6.465,-6.465,458.783,173.774
0.639918,-6.700,-6.934,459.486,174.243
0.654904,-6.465,-6.934,459.017,174.243
0.669890,-6.465,-6.465,459.252,174.478
0.684876,-6.700,-6.700,459.252,174.478
0.699862,-6.465,-6.934,459.017,174.243
0.915000,-6.700,-6.465,459.486,174.009
0.929974,-6.700,-6.700,459.252,174.009
0.944960,-6.700,-6.465,459.486,174.243
0.959946,-6.700,-6.700,459.017,173.774
0.974932,-6.231,-6.934,459.252,174.009
0.989918,-6.231,-5.997,459.252,174.243
1.004904,-6.465,-6.231,459.017,174.243
1.019890,-6.700,-6.700,459.017,174.009
1.034876,-6.465,-6.231,459.252,173.774
1.049862,-6.700,-6.934,459.486,173.774
1.265000,-6.700,-6.934,459.486,174.243
1.279974,-6.700,-6.700,459.017,174.478
1.294960,-5.997,-6.934,458.783,173.774
1.309946,-6.231,-6.465,459.017,174.009
1.324932,-6.700,-6.700,459.017,174.009
1.339918,-6.700,-6.700,458.783,174.243
1.354904,-6.231,-6.231,459.017,174.712
1.369890,-6.465,-6.700,459.017,174.243
1.384876,-6.700,-6.700,459.486,173.774
1.399862,-6.700,-6.934,459.252,174.243
1.615001,-6.934,-6.465,459.486,174.009
1.629974,-6.700,-6.934,458.783,174.243
1.644960,-6.465,-5.997,459.252,174.009
1.659946,-6.700,-6.465,459.252,174.243
1.674932,-6.700,-6.934,459.017,174.243
1.689918,-6.231,-6.465,459.486,174.009
1.704904,-6.465,-6.231,459.252,173.774
1.719890,-6.700,-6.934,459.252,174.243
1.734876,-6.465,-6.465,459.017,174.243
1.749862,-6.465,-6.700,459.486,174.243
1.965000,-6.465,-6.700,459.017,174.009
1.979974,-6.700,-6.700,458.549,174.243
1.994960,-6.231,-6.231,459.017,174.009
2.009946,-6.465,-6.700,459.486,174.243
2.024932,-6.231,-6.231,459.017,174.009
2.039918,-6.700,-6.465,459.252,174.478
2.054904,-6.934,-6.700,459.252,174.243
2.069890,-6.465,-6.465,459.017,174.478
2.084876,-6.700,-6.700,459.017,174.009
2.099862,-6.700,-6.700,459.252,174.243
2.315000,-6.465,-6.465,459.017,174.478
2.329974,-5.997,-6.700,459.252,174.243
2.344960,-6.465,-6.465,459.252,174.243
2.359946,-6.934,-6.700,459.017,173.774
2.374932,-6.700,-6.700,459.252,174.009
2.389918,-6.231,-6.700,459.252,173.540
2.404904,-6.700,-6.465,459.017,174.009
2.419890,-6.465,-6.231,459.486,174.243
2.434876,-6.465,-6.465,459.252,174.478
2.449862,-6.231,-6.465,459.955,174.009
2.665001,-6.465,-6.700,459.486,173.774
2.679974,-6.700,-6.700,459.486,174.009
2.694960,-6.465,-6.700,459.252,174.009
2.709946,-6.700,-6.465,459.252,174.478
2.724932,-6.465,-6.934,459.017,174.243
2.739918,-6.465,-7.169,459.486,174.243
2.754904,-6.465,-6.700,459.252,174.478
2.769890,-6.465,-6.465,459.017,174.009
2.784876,-6.465,-6.465,459.486,174.243
2.799862,-6.465,-6.465,459.017,173.774
3.015000,-6.934,-6.465,459.252,174.009
3.029974,-7.169,-6.700,459.017,174.009
3.044960,-6.700,-6.700,459.017,174.009
3.059946,-5.762,-6.465,459.252,174.478
3.074932,-6.700,-6.700,458.783,174.009
3.089918,-6.700,-6.700,459.017,174.478
3.104904,-6.934,-6.700,459.252,174.009
3.119890,-6.465,-6.465,459.017,174.243
3.134876,-6.465,-6.231,459.252,174.243
3.149862,-6.700,-6.231,459.486,174.478
3.365000,-6.700,-6.700,459.017,174.243
3.379974,-6.700,-6.465,459.486,174.009
3.394960,-6.465,-6.700,459.252,174.243
3.409946,-6.465,-6.465,459.252,174.243
3.424932,-6.465,-6.934,458.783,174.009
3.439918,-6.700,-6.700,459.252,174.009
3.454904,-6.700,-6.231,459.017,174.478
3.469890,-7.169,-6.465,459.017,174.478
3.484876,-6.700,-6.934,459.252,174.478
3.499862,-6.465,-6.465,459.486,174.243
3.715000,-6.465,-6.700,459.486,174.243
3.729974,-6.934,-6.934,459.017,174.243
3.744960,-6.700,-6.934,459.252,174.009
3.759946,-6.231,-6.465,459.017,173.540
3.774932,-6.465,-6.700,459.721,173.774
3.789918,-6.465,-6.465,459.017,174.712
3.804904,-6.465,-6.934,459.252,173.774
3.819890,-6.465,-6.465,459.017,174.243
3.834876,-6.700,-6.465,459.017,173.774
3.849862,-7.169,-6.465,458.783,174.009
4.065000,-6.700,-6.465,459.017,173.774
4.079974,-6.934,-6.934,459.252,174.243
4.094960,-6.465,-6.700,459.252,174.243
4.109946,-6.465,-6.700,459.017,174.478
4.124932,-6.934,-6.465,459.252,174.009
4.139918,-6.465,-6.934,459.252,174.009
4.154904,-6.231,-6.465,458.783,174.243
4.169890,-6.465,-6.700,459.721,173.774
4.184876,-6.700,-6.700,459.252,173.774
4.199862,-6.700,-6.934,459.252,174.478
4.415001,-6.700,-6.465,459.721,174.478
4.429974,-6.465,-6.465,459.486,174.243
4.444960,-6.934,-6.700,459.486,174.243
4.459946,-6.465,-6.465,459.017,174.712
4.474932,-6.700,-6.934,459.252,174.478
4.489918,-6.700,-6.465,459.017,174.009
4.504904,-6.231,-6.465,459.017,174.243
4.519890,-6.465,-6.700,459.486,173.774
4.534876,-6.934,-7.169,459.017,174.009
4.549862,-6.231,-6.700,459.721,174.243
4.765000,-6.934,-6.700,459.252,174.009
4.779974,-6.465,-6.465,459.486,173.774
4.794960,-6.700,-6.465,459.486,173.774
4.809946,-6.465,-6.465,459.252,174.712
4.824932,-6.465,-6.700,459.486,174.243
4.839918,-6.934,-6.934,459.017,174.478
4.854904,-6.700,-6.465,458.783,174.712
4.869890,-6.231,-6.700,459.486,174.243
4.884876,-6.465,-6.465,459.252,174.009
4.899862,-6.700,-6.700,459.017,173.306
5.115001,-6.231,-6.465,459.017,174.009
5.129974,-6.700,-6.231,459.486,174.478
5.144960,-6.700,-6.700,459.486,174.478
5.159946,-6.465,-6.700,459.252,174.712
5.174932,-6.934,-6.700,459.252,173.774
5.189918,-6.700,-6.465,459.252,174.478
5.204904,-6.465,-6.934,459.252,174.009
5.219890,-6.465,-6.934,459.252,174.009
5.300999,-6.231,-6.465,459.017,174.243
5.400999,-6.700,-6.231,459.486,173.774
5.617000,-6.465,-6.465,459.252,173.774
5.631974,-6.934,-6.700,459.252,174.243
5.700999,-6.231,-6.231,459.252,174.009
5.800999,-6.465,-6.700,459.252,174.243
5.900999,-6.700,-6.700,458.783,174.009
6.000999,-6.465,-6.700,459.486,173.540
6.100999,-5.997,-6.231,459.252,173.306
6.200999,-6.465,-6.934,459.017,174.243
6.300999,-6.934,-6.934,459.486,173.774
6.400999,-6.700,-6.700,459.252,173.774
6.617000,-6.700,-6.700,459.252,173.774
6.631974,-6.700,-7.403,458.783,174.243
6.700999,-6.700,-6.934,459.252,174.009
6.800999,-6.465,-6.700,459.252,174.243
6.900999,-6.465,-6.465,459.486,174.009
7.000999,-6.700,-6.700,459.252,174.243
7.100999,-6.934,-6.700,458.783,173.774
7.200999,-6.700,-6.700,459.486,174.009
7.300999,-6.231,-6.700,459.017,174.009
7.400999,-6.231,-7.169,459.252,173.540
7.616000,-6.465,-6.934,459.486,174.478
7.630974,-6.700,-6.934,459.017,174.009
7.700999,-6.465,-6.934,459.252,174.009
7.800999,-6.465,-6.465,459.252,174.243
7.900999,-6.231,-6.231,459.486,174.009
8.000999,-6.934,-6.700,459.252,174.243
8.100999,-6.231,-6.231,459.252,173.306
8.200999,-6.700,-6.700,459.486,173.540
8.300999,-6.231,-6.700,459.252,174.009
8.400999,-6.231,-6.700,459.955,174.478
8.617001,-6.465,-6.700,459.017,173.774
8.631974,-6.231,-6.700,459.017,174.009
8.700999,-6.231,-6.231,459.017,174.009
8.800999,-6.934,-6.934,459.252,173.306
8.900999,-6.700,-6.700,459.486,174.243
9.000999,-6.465,-6.465,459.721,173.774
9.100999,-6.700,-6.700,459.252,174.009
9.200999,-6.934,-6.465,459.252,174.009
9.300999,-6.231,-6.465,459.252,174.243
9.400999,-6.934,-6.231,459.252,174.009
9.617000,-6.700,-6.700,459.486,174.009
9.631974,-6.700,-6.465,459.017,174.009
9.700999,-6.465,-6.934,458.783,174.009
9.800999,-6.231,-6.465,458.783,173.774
9.900999,-6.934,-6.700,459.252,174.243
10.000999,-6.700,-6.465,459.252,174.243
10.100999,-6.934,-6.934,459.252,173.774
10.200999,-6.934,-6.700,459.486,174.243
10.300999,-6.934,-6.465,459.252,173.774
10.400999,-6.465,-6.934,459.252,174.712
10.617000,-7.169,-6.700,459.486,173.774
10.631974,-6.700,-6.465,459.017,174.009
10.700999,-6.934,-6.700,459.252,174.478
10.800999,-6.231,-6.700,459.252,174.243
10.900999,-6.934,-6.465,459.252,174.243
11.000999,-6.700,-6.465,459.721,174.009
11.100999,-6.465,-6.700,459.486,174.243
11.200999,-6.934,-6.465,458.783,174.243
11.300999,-6.231,-6.700,459.252,173.540
11.400999,-6.934,-6.700,459.017,174.009
11.617000,-6.700,-6.465,459.486,173.774
11.631974,-6.465,-6.465,459.252,173.306
11.700999,-6.231,-6.231,459.252,174.009
11.800999,-6.465,-6.465,459.252,174.243
11.900999,-6.465,-6.465,459.721,173.540
12.000999,-6.465,-6.700,459.017,174.009
12.100999,-6.465,-6.465,459.017,173.306
12.200999,-6.465,-6.934,459.252,174.009
12.300999,-6.934,-6.700,459.017,174.009
12.400999,-6.700,-7.169,459.252,174.009
12.617001,-6.231,-6.934,459.252,174.243
12.631974,-6.700,-6.465,459.017,174.478
12.700999,-7.169,-6.465,459.955,174.009
12.800999,-6.231,-6.465,459.252,173.774
12.900999,-6.231,-6.700,459.017,174.009
13.000999,-6.231,-6.700,459.252,174.243
13.100999,-6.700,-6.700,459.252,173.774
13.200999,-6.700,-6.465,459.017,173.774
13.300999,-6.465,-6.934,459.017,173.774
13.400999,-6.700,-6.465,459.486,173.774
13.617000,-6.934,-6.700,459.955,173.306
13.631974,-6.465,-6.700,459.252,174.009
13.700999,-6.465,-5.997,459.486,174.243
13.800999,-6.700,-6.700,459.486,174.243
13.900999,-6.700,-6.231,459.017,174.243
14.000999,-6.465,-6.700,459.017,173.540
14.100999,-6.465,-6.700,459.721,174.243
14.200999,-6.700,-6.700,459.486,174.009
14.300999,-7.169,-6.700,459.017,174.009
14.400999,-6.700,-6.700,459.017,173.540
14.617000,-6.700,-6.700,459.252,173.774
14.631974,-5.997,-6.465,459.017,174.009
14.700999,-6.934,-7.169,459.017,173.540
14.800999,-6.465,-6.465,459.252,173.540
14.900999,-6.700,-6.465,459.252,173.774
15.000999,-6.231,-6.465,459.017,173.774
15.100999,-6.700,-6.700,459.017,174.009
15.200999,-6.465,-6.700,459.017,173.774
15.300999,-6.934,-6.465,459.721,174.009
15.400999,-6.465,-6.465,459.252,173.774
15.616000,-6.231,-6.700,458.783,174.009
15.630974,-6.465,-6.465,459.486,173.774
15.700999,-6.465,-6.934,459.252,173.540
15.800999,-6.465,-7.169,459.252,173.774
15.900999,-6.700,-6.465,459.252,173.540
16.000999,-6.934,-6.465,459.017,173.774
16.100999,-6.934,-6.934,459.486,173.774
16.200999,-6.700,-6.465,459.252,173.774
16.300999,-6.465,-6.465,459.252,173.774
16.400999,-6.465,-6.700,459.252,173.774
16.617000,-6.700,-6.465,459.017,173.540
16.631974,-6.465,-6.934,459.252,173.540
16.700999,-6.465,-6.700,459.486,174.243
16.800999,-6.465,-6.465,459.486,173.774
16.900999,-6.700,-6.700,459.486,174.009
17.000999,-6.465,-6.700,459.721,174.009
17.100999,-6.465,-6.934,459.721,173.540
17.200999,-6.465,-6.465,459.252,173.540
17.300999,-6.700,-5.997,459.252,173.774
17.400999,-6.700,-7.169,459.486,174.009
17.617001,-6.465,-6.465,458.783,174.243
17.631974,-6.231,-6.700,459.017,173.540
17.700999,-6.934,-6.700,459.721,174.009
17.800999,-6.700,-6.465,459.486,174.009
17.900999,-6.934,-6.934,459.486,174.009
18.000999,-6.465,-6.465,459.017,174.009
18.100999,-6.465,-6.934,459.252,173.774
18.200999,-6.934,-6.700,459.252,173.774
18.300999,-6.231,-6.700,459.486,174.009
18.400999,-6.700,-6.700,459.017,174.243
18.617001,-6.700,-6.465,459.486,174.009
18.631974,-6.700,-7.169,459.017,173.774
18.700999,-6.465,-6.934,459.486,174.243
18.800999,-6.465,-6.700,459.486,173.540
18.900999,-6.231,-6.465,458.783,174.009
19.000999,-6.934,-6.934,459.017,174.009
19.100999,-6.700,-6.700,459.252,173.540
19.200999,-6.700,-6.700,459.252,173.774
19.300999,-6.934,-6.231,459.486,173.774
19.400999,-6.700,-7.169,459.017,173.774
19.617000,-6.465,-6.700,459.017,173.774
19.631974,-7.169,-6.465,459.486,173.540
19.700999,-6.231,-6.465,459.252,174.009
19.800999,-6.465,-6.934,459.017,173.540
19.900999,-6.700,-6.465,458.783,173.774
20.000999,-6.700,-6.231,459.017,173.774
20.100999,-6.700,-6.700,459.017,173.774
20.200999,-6.934,-6.934,459.017,173.774
20.300999,-6.465,-6.465,459.252,173.774
20.400999,-6.465,-6.700,459.252,173.540
20.616000,-6.700,-5.997,459.017,174.009
20.630974,-6.700,-5.997,459.486,173.540
20.700999,-6.700,-6.700,459.252,174.009
20.800999,-6.231,-7.403,459.486,173.540
20.900999,-6.700,-6.465,459.017,173.774
21.000999,-6.700,-6.700,459.252,173.540
21.100999,-6.465,-6.700,459.252,173.306
21.200999,-6.465,-7.169,458.549,173.774
21.300999,-6.465,-6.465,459.017,174.009
21.400999,-6.465,-6.700,459.252,173.540
21.617000,-6.465,-6.700,459.017,174.009
21.631974,-6.465,-6.465,459.721,173.774
21.700999,-6.700,-6.700,459.486,173.774
21.800999,-6.934,-6.934,458.783,173.774
21.900999,-6.231,-6.700,458.783,174.243
22.000999,-6.465,-6.700,459.017,174.243
22.100999,-6.700,-6.934,459.252,173.774
22.200999,-6.700,-6.700,459.252,173.306
22.300999,-6.934,-6.934,459.252,173.540
22.400999,-6.465,-6.934,459.252,174.243
22.617000,-6.231,-6.465,459.252,174.009
22.631974,-6.465,-6.465,459.252,174.009
22.700999,-6.465,-6.231,459.486,174.009
22.800999,-6.700,-6.934,459.017,173.774
22.900999,-6.231,-6.934,459.017,173.774
23.000999,-6.700,-6.465,459.721,173.540
23.100999,-6.465,-7.169,459.017,173.540
23.200999,-6.465,-7.169,459.252,174.009
23.300999,-6.465,-6.231,459.486,173.774
23.400999,-6.231,-6.700,458.783,173.774
23.616000,-6.700,-6.700,459.252,173.540
23.630974,-6.934,-6.700,458.783,174.009
23.700999,-6.700,-6.465,459.486,174.009
23.800999,-6.700,-6.934,459.252,173.540
23.900999,-6.465,-6.700,459.721,173.540
24.000999,-6.700,-6.700,459.252,173.774
24.100999,-6.231,-6.700,459.252,173.774
24.200999,-6.700,-6.934,459.017,173.774
24.300999,-6.700,-6.465,459.017,173.774
24.400999,-6.700,-5.997,459.252,174.243
24.617000,-6.700,-6.700,459.955,173.306
24.631974,-6.934,-7.169,459.017,174.009
24.700999,-6.465,-6.934,459.486,174.009
24.800999,-7.169,-6.465,459.252,173.774
24.900999,-6.465,-6.700,459.252,174.009
25.000999,-6.934,-6.465,459.486,173.774
25.100999,-6.934,-6.934,459.252,174.009
25.200999,-6.700,-5.997,459.252,173.306
25.300999,-6.700,-6.465,459.486,173.306
25.400999,-6.700,-6.700,459.017,173.306
25.617000,-6.465,-6.700,459.486,173.774
25.631974,-6.465,-6.700,459.486,173.774
25.700999,-6.465,-6.231,459.486,173.540
25.800999,-6.465,-6.465,459.017,173.540
25.900999,-6.231,-7.169,459.252,173.774
26.000999,-6.700,-6.700,458.783,174.009
26.100999,-6.934,-6.465,459.486,174.009
26.200999,-6.465,-6.700,459.721,174.009
26.300999,-6.465,-6.465,458.549,173.540
26.400999,-6.934,-6.465,459.252,173.774
26.617001,-6.700,-6.700,459.252,173.774
26.631974,-6.231,-6.465,459.486,173.540
26.700999,-6.700,-6.700,459.252,173.540
26.800999,-6.700,-6.934,459.252,173.540
26.900999,-6.465,-6.934,459.252,173.774
27.000999,-5.997,-7.169,459.252,173.540
27.100999,-6.700,-6.231,459.486,173.540
27.200999,-6.465,-6.700,459.252,173.540
27.300999,-6.934,-6.700,459.252,174.009
27.400999,-6.231,-6.700,459.017,173.306
27.617000,-6.465,-6.934,459.486,173.774
27.631974,-6.700,-6.465,459.721,173.540
27.700999,-6.934,-6.465,459.017,173.774
27.800999,-6.700,-6.465,459.017,173.774
27.900999,-6.465,-6.231,459.252,174.009
28.000999,-6.465,-6.231,459.017,173.540
28.100999,-6.934,-6.700,459.017,173.071
28.200999,-6.465,-6.465,459.017,173.540
28.300999,-6.465,-6.231,459.017,173.540
28.400999,-6.465,-6.465,459.252,173.774
28.616000,-6.231,-6.465,459.017,173.306
28.630974,-6.700,-5.997,459.252,174.009
28.700999,-6.934,-6.700,459.486,173.540
28.800999,-6.465,-6.465,459.486,173.774
28.900999,-6.465,-7.169,459.252,173.774
29.000999,-6.700,-6.700,459.252,173.774
29.100999,-6.700,-6.934,459.252,173.540
29.200999,-6.934,-6.700,459.486,173.306
29.300999,-6.465,-7.169,459.017,173.540
29.400999,-6.700,-6.465,459.252,173.306
29.617000,-6.934,-6.700,459.252,173.540
29.631974,-6.700,-6.934,459.017,173.306
29.700999,-7.169,-6.465,459.017,173.774
29.800999,-6.465,-6.700,459.252,173.774
29.900999,-5.997,-6.700,459.486,173.774
30.000999,-6.465,-6.700,459.252,173.774
30.100999,-6.700,-6.700,459.486,173.540
30.200999,-6.700,-6.231,459.486,173.774
30.300999,-6.465,-6.231,459.252,173.774
30.400999,-6.700,-6.231,459.486,173.540
30.617000,-6.465,-6.231,459.017,173.306
30.631974,-6.231,-6.934,459.252,173.306
30.700999,-6.934,-6.465,459.486,173.774
30.800999,-6.700,-6.465,459.252,173.306
30.900999,-6.231,-6.700,459.486,173.306
31.000999,-6.465,-6.700,459.252,173.306
31.100999,-6.465,-6.934,459.252,173.540
31.200999,-6.934,-6.465,459.721,173.774
31.300999,-6.700,-6.700,459.252,173.540
31.400999,-6.465,-6.465,459.486,173.071
31.617000,-6.700,-6.700,459.252,173.774
31.631974,-6.700,-6.934,459.252,174.009
31.700999,-6.934,-6.700,459.252,174.243
31.800999,-6.465,-6.934,458.783,174.009
31.900999,-6.465,-6.700,458.783,173.306
32.000999,-6.231,-6.465,458.783,173.540
32.100999,-6.231,-6.700,459.252,173.540
32.200999,-6.465,-7.169,459.252,173.306
32.300999,-6.465,-6.465,459.252,173.774
32.400999,-6.700,-6.700,459.721,173.540
32.617001,-6.700,-6.700,459.486,173.540
32.631974,-6.465,-6.700,459.017,173.774
32.700999,-6.700,-6.700,459.017,173.540
32.800999,-6.700,-5.997,459.721,173.540
32.900999,-6.465,-6.934,459.252,173.774
33.000999,-6.700,-6.934,459.252,173.306
33.100999,-6.465,-6.465,459.486,173.071
33.200999,-7.169,-6.465,459.252,173.306
33.300999,-6.700,-6.465,459.486,173.774
33.400999,-6.700,-6.700,459.486,173.540
33.616000,-6.700,-6.700,458.783,173.540
33.630974,-6.465,-6.700,459.252,174.009
33.700999,-6.934,-6.465,459.721,173.306
33.800999,-6.700,-6.465,459.017,173.540
33.900999,-6.934,-6.700,459.252,173.306
34.000999,-6.700,-6.231,459.252,173.306
34.100999,-6.700,-6.700,459.721,173.306
34.200999,-6.934,-6.934,459.017,173.306
34.300999,-6.465,-6.231,459.252,173.306
34.400999,-6.465,-6.465,459.017,173.540
34.617000,-7.169,-6.700,459.252,173.306
34.631974,-6.465,-6.700,459.252,173.306
34.700999,-6.700,-6.465,459.486,173.540
34.800999,-6.700,-6.700,459.486,173.071
34.900999,-6.231,-6.231,459.486,173.774
35.000999,-6.465,-6.231,459.721,173.306
35.100999,-6.700,-6.465,459.252,173.540
35.200999,-6.465,-6.465,459.017,173.774
35.300999,-6.700,-6.700,459.252,173.306
35.400999,-6.934,-6.700,459.252,173.540
35.617000,-6.231,-6.465,459.017,173.540
35.631974,-6.465,-6.465,459.017,173.774
35.700999,-6.700,-6.700,459.017,173.540
35.800999,-6.934,-7.169,459.252,173.540
35.900999,-6.465,-6.700,459.252,173.774
36.000999,-6.700,-6.700,459.252,173.306
36.100999,-6.231,-6.465,459.252,173.774
36.200999,-6.934,-6.700,459.252,173.306
36.300999,-6.465,-6.934,459.721,173.774
36.400999,-6.465,-6.700,459.017,173.540
36.616000,-6.934,-6.700,459.017,173.071
36.630974,-6.465,-6.231,459.252,173.540
36.700999,-6.700,-6.465,459.252,173.540
36.800999,-6.700,-6.700,459.252,173.774
36.900999,-6.700,-6.934,459.252,173.774
37.000999,-6.934,-6.700,459.252,173.774
37.100999,-6.700,-6.934,459.721,173.540
37.200999,-6.700,-6.700,458.783,173.071
37.300999,-6.465,-6.700,459.252,174.009
37.400999,-6.700,-6.465,459.017,173.540
37.617000,-6.465,-6.465,459.252,173.774
37.631974,-6.231,-6.465,459.252,173.306
37.700999,-6.231,-7.169,459.252,173.306
37.800999,-6.465,-6.465,459.017,173.071
37.900999,-6.934,-6.465,459.017,173.071
38.000999,-6.700,-6.465,459.017,173.306
38.100999,-6.465,-6.934,459.017,173.306
38.200999,-6.465,-6.465,459.486,173.306
38.300999,-6.700,-6.465,459.252,173.306
38.400999,-6.465,-6.465,459.252,173.306
38.617000,-6.231,-6.700,459.252,172.837
38.631974,-6.465,-6.231,459.486,173.306
38.700999,-6.700,-6.700,459.252,173.306
38.800999,-6.465,-6.934,459.017,173.306
38.900999,-6.465,-6.231,459.017,173.540
39.000999,-6.465,-6.465,459.486,172.837
39.100999,-6.700,-6.700,459.252,173.306
39.200999,-6.700,-6.465,459.252,173.306
39.300999,-6.700,-6.465,459.252,173.306
39.400999,-6.700,-6.465,459.017,173.306
39.617001,-6.700,-6.231,459.252,173.540
39.631974,-6.700,-6.700,459.721,173.540
39.700999,-6.465,-6.231,459.486,173.774
39.800999,-6.465,-6.465,459.486,173.774
39.900999,-6.700,-7.169,459.252,173.071
40.000999,-6.700,-6.700,459.486,173.540
40.100999,-6.700,-6.934,459.017,173.540
40.200999,-6.465,-6.700,459.721,173.306
40.300999,-6.465,-6.465,459.252,173.774
40.400999,-6.231,-6.934,459.017,173.306
40.617000,-6.231,-6.934,459.017,173.540
40.631974,-6.700,-6.700,459.486,173.540
40.700999,-6.700,-6.231,459.017,174.009
40.800999,-6.934,-6.700,459.721,173.540
40.900999,-6.700,-6.465,459.017,173.774
41.000999,-6.700,-7.169,459.721,173.306
41.100999,-6.231,-6.700,459.486,173.540
41.200999,-6.465,-6.700,459.017,173.540
41.300999,-6.465,-6.465,459.252,173.774
41.400999,-6.465,-6.934,459.252,173.071
41.616000,-6.934,-6.465,459.252,173.540
41.630974,-6.700,-6.700,459.252,173.071
41.700999,-6.934,-6.700,459.017,173.306
41.800999,-6.700,-6.934,459.017,173.540
41.900999,-6.231,-6.934,459.486,173.071
42.000999,-6.231,-6.465,459.721,173.774
42.100999,-6.465,-6.700,459.252,173.540
42.200999,-6.231,-6.934,459.252,173.540
42.300999,-6.231,-6.700,459.017,173.774
42.400999,-6.465,-6.700,459.017,173.306
42.617000,-6.465,-6.465,459.252,173.540
42.631974,-6.700,-6.700,458.783,173.306
42.700999,-6.700,-6.934,459.252,173.774
42.800999,-6.934,-6.700,459.721,173.071
42.900999,-6.231,-6.231,459.252,173.306
43.000999,-6.934,-6.465,459.017,173.774
43.100999,-6.465,-6.934,459.486,173.071
43.200999,-6.465,-6.700,459.252,173.306
43.300999,-6.465,-6.700,459.017,172.602
43.400999,-6.465,-6.231,459.017,173.306
43.617000,-6.934,-6.465,459.252,173.774
43.631974,-6.231,-6.934,459.486,173.071
43.700999,-6.465,-6.465,459.252,173.540
43.800999,-6.700,-6.465,459.017,173.774
43.900999,-6.465,-6.465,459.017,173.071
44.000999,-6.465,-6.465,459.252,172.837
44.100999,-6.934,-6.700,459.252,173.306
44.200999,-6.465,-6.700,459.017,172.837
44.300999,-6.700,-6.700,459.017,173.306
44.400999,-6.231,-6.934,459.486,173.306
44.617001,-6.465,-6.700,459.252,173.306
44.631974,-6.465,-6.465,459.017,173.071
44.700999,-6.700,-6.465,459.486,173.306
44.800999,-6.465,-7.169,459.721,173.774
44.900999,-6.934,-6.700,459.252,173.774
45.000999,-6.465,-6.934,459.721,173.306
45.100999,-6.465,-6.465,459.252,173.540
45.200999,-6.700,-6.700,459.252,173.071
45.300999,-6.231,-6.465,459.721,172.837
45.400999,-6.465,-7.169,459.017,173.071
45.617000,-7.169,-6.700,459.486,173.774
45.631974,-6.700,-6.934,459.252,173.306
45.700999,-6.700,-6.231,459.721,173.071
45.800999,-6.934,-6.934,459.486,173.306
45.900999,-6.934,-6.700,459.721,173.306
46.000999,-6.465,-6.700,459.252,173.071
46.100999,-6.934,-6.700,458.783,173.306
46.200999,-6.700,-6.465,458.783,173.306
46.300999,-6.465,-6.465,459.486,173.540
46.400999,-6.465,-6.934,459.252,173.540
46.616001,-6.934,-6.465,459.486,173.540
46.630974,-6.700,-6.465,459.252,172.602
46.700999,-6.934,-7.169,459.017,173.306
46.800999,-6.934,-6.465,459.721,173.306
46.900999,-7.169,-6.700,459.017,173.774
47.000999,-6.700,-6.700,459.486,173.540
47.100999,-7.169,-6.700,459.017,173.071
47.200999,-6.700,-6.700,459.721,173.071
47.300999,-6.934,-6.700,459.252,172.837
47.400999,-5.997,-6.700,459.017,173.071
47.617000,-6.934,-6.700,459.017,172.837
47.631974,-6.700,-6.465,459.486,173.071
47.700999,-6.465,-6.934,459.252,173.306
47.800999,-6.465,-6.465,459.252,173.306
47.900999,-6.465,-7.403,459.252,173.540
48.000999,-6.700,-6.231,459.252,173.306
48.100999,-6.700,-6.934,459.486,173.306
48.200999,-6.231,-6.700,459.017,173.540
48.300999,-6.465,-6.700,459.252,173.306
48.400999,-6.465,-6.700,459.252,173.071
48.617001,-6.465,-6.700,459.017,172.837
48.631974,-6.700,-6.934,459.017,173.306
48.700999,-6.465,-6.700,459.252,173.071
48.800999,-6.700,-6.231,459.252,173.306
48.900999,-6.934,-6.934,459.486,173.540
49.000999,-6.231,-6.231,458.783,172.837
49.100999,-6.465,-6.465,459.486,173.540
49.200999,-6.700,-6.465,459.486,173.071
49.300999,-6.934,-6.465,459.252,173.071
49.400999,-6.231,-6.465,458.783,172.837
49.616000,-6.465,-6.700,459.486,173.071
49.630974,-6.465,-6.934,459.486,173.774
49.700999,-6.934,-6.700,459.017,173.071
49.800999,-6.934,-6.465,459.252,173.306
49.900999,-6.465,-6.700,459.486,173.071
50.000999,-6.934,-6.700,459.017,173.071
50.100999,-6.465,-6.231,459.486,173.071
50.200999,-6.465,-6.465,459.252,172.602
50.300999,-6.465,-6.700,459.252,173.306
50.400999,-6.934,-6.934,459.252,173.071
50.617000,-6.465,-6.700,459.017,173.540
50.631974,-6.465,-6.934,459.486,173.071
50.700999,-6.465,-6.700,459.252,172.837
50.800999,-6.934,-6.465,459.486,173.071
50.900999,-6.700,-6.700,459.252,173.306
51.000999,-6.231,-6.465,459.252,173.306
51.100999,-6.231,-6.934,459.486,173.306
51.200999,-6.465,-6.465,459.252,173.071
51.300999,-6.700,-6.465,459.017,173.071
51.400999,-6.934,-6.934,459.017,173.540
51.617001,-6.465,-6.465,459.486,173.306
51.631974,-6.465,-6.700,459.721,173.071
51.700999,-6.465,-6.700,459.252,172.602
51.800999,-6.700,-6.700,459.252,172.602
51.900999,-6.700,-6.465,459.017,172.837
52.000999,-6.465,-6.465,459.486,173.071
52.100999,-6.465,-6.465,459.017,173.071
52.200999,-6.465,-6.465,459.252,173.071
52.300999,-6.700,-6.700,459.017,173.306
52.400999,-6.465,-6.700,459.252,172.602
52.617001,-6.700,-6.700,459.252,173.306
52.631974,-6.231,-6.700,459.486,173.306
52.700999,-6.465,-7.169,459.252,173.306
52.800999,-6.465,-5.997,459.017,173.071
52.900999,-6.465,-6.934,459.017,173.306
53.000999,-6.934,-6.934,459.017,173.306
53.100999,-6.465,-6.700,459.017,173.306
53.200999,-6.700,-6.465,459.252,173.540
53.300999,-6.700,-7.169,459.017,173.540
53.400999,-6.700,-6.700,459.252,173.540
53.617000,-6.700,-6.700,459.252,173.540
53.631974,-6.700,-6.465,459.017,173.071
53.700999,-6.700,-6.934,459.017,173.071
53.800999,-6.231,-6.465,459.721,173.540
53.900999,-6.465,-6.934,459.721,173.071
54.000999,-6.700,-6.465,459.721,173.540
54.100999,-6.700,-6.700,459.486,172.837
54.200999,-6.465,-6.465,458.783,173.071
54.300999,-6.465,-6.700,459.017,173.071
54.400999,-6.700,-6.700,458.783,173.306
54.616001,-6.700,-6.700,459.486,172.368
54.630974,-6.465,-6.231,459.252,172.602
54.700999,-6.465,-6.700,459.486,173.306
54.800999,-6.700,-6.465,459.486,172.837
54.900999,-6.231,-6.700,459.017,173.540
55.000999,-6.934,-6.700,459.017,172.602
55.100999,-6.231,-6.700,459.017,173.071
55.200999,-6.465,-6.231,459.017,173.071
55.300999,-6.700,-6.700,459.252,173.540
55.400999,-6.465,-6.465,459.017,173.306
55.617000,-6.231,-6.700,459.252,173.071
55.631974,-6.231,-6.934,459.017,173.306
55.700999,-6.700,-6.700,459.486,173.071
55.800999,-6.231,-6.700,459.252,173.071
55.900999,-5.997,-6.231,459.721,171.899
56.000999,-6.700,-6.700,459.252,173.071
56.100999,-6.465,-6.700,459.017,173.071
56.200999,-6.700,-6.700,459.252,172.837
56.300999,-7.169,-6.700,459.017,172.837
56.400999,-6.700,-6.465,459.252,172.837
56.617000,-6.934,-6.700,459.252,173.071
56.631974,-6.700,-6.465,459.252,173.071
56.700999,-6.465,-6.700,459.252,172.837
56.800999,-6.700,-6.700,459.017,173.071
56.900999,-6.700,-6.700,459.017,173.071
57.000999,-6.934,-6.934,459.252,172.837
57.100999,-6.700,-6.934,458.549,173.071
57.200999,-6.465,-6.465,459.252,173.306
57.300999,-6.700,-6.465,459.017,173.071
57.400999,-6.700,-6.934,459.721,173.306
57.617000,-6.700,-6.700,459.017,172.602
57.631974,-6.700,-6.465,459.252,173.306
57.700999,-6.934,-6.700,459.252,172.837
57.800999,-6.934,-6.231,459.252,173.306
57.900999,-6.465,-6.465,459.486,172.837
58.000999,-6.700,-6.465,458.783,172.837
58.100999,-6.465,-6.700,459.486,173.306
58.200999,-6.700,-6.465,459.486,173.540
58.300999,-6.465,-6.700,459.017,173.540
58.400999,-6.700,-7.169,459.017,173.071
58.617000,-6.934,-6.465,459.017,172.602
58.645665,-6.231,-6.700,459.252,172.837
58.700999,-6.700,-6.700,459.017,172.837
58.800999,-6.465,-6.700,459.017,173.306
58.900999,-6.934,-6.465,459.252,172.837
59.000999,-6.231,-6.700,459.252,173.071
59.100999,-6.934,-5.997,459.252,172.602
59.200999,-6.700,-6.231,459.486,172.837
59.300999,-6.465,-6.700,458.783,173.071
59.400999,-6.700,-6.700,459.252,172.837
59.616000,-6.700,-6.465,459.486,173.306
59.630974,-6.465,-6.934,459.486,173.306
59.700999,-6.700,-6.934,459.252,173.071
59.800999,-6.231,-6.465,459.017,172.602
59.900999,-6.700,-6.465,459.486,172.837
60.000999,-6.700,-6.700,459.252,172.837
60.100999,-6.465,-6.934,459.252,172.602
60.200999,-6.700,-6.700,459.252,172.602
60.300999,-6.934,-6.700,459.017,172.837
60.400999,-6.700,-6.465,459.252,173.071
60.617000,-6.700,-6.700,459.486,173.071
60.631974,-6.934,-6.700,459.252,172.837
60.700999,-6.934,-6.700,459.486,172.368
60.800999,-6.465,-6.700,458.783,172.602
60.900999,-6.700,-6.465,459.017,172.837
61.000999,-6.700,-6.934,459.017,173.071
61.100999,-6.700,-6.465,459.252,173.071
61.200999,-6.700,-6.934,459.252,172.837
61.300999,-6.465,-6.934,459.486,173.306
61.400999,-6.700,-7.169,459.486,172.837
61.617000,-6.700,-6.465,459.252,173.306
61.631974,-6.700,-6.700,458.783,172.837
61.700999,-6.700,-6.700,459.486,173.071
61.800999,-6.465,-6.934,459.252,172.837
61.900999,-6.465,-6.700,459.252,172.368
62.000999,-6.700,-6.465,459.017,172.837
62.100999,-6.231,-6.465,458.783,172.837
62.200999,-6.934,-6.465,459.486,172.134
62.300999,-6.231,-6.700,459.252,173.071
62.400999,-6.465,-6.231,459.252,173.071
62.616001,-6.934,-6.934,459.252,172.602
62.630974,-6.700,-6.700,459.252,172.368
62.700999,-6.465,-6.700,458.783,173.071
62.800999,-6.465,-6.934,459.017,172.602
62.900999,-6.465,-6.465,458.783,172.837
63.000999,-6.465,-6.700,459.252,173.306
63.100999,-6.934,-6.700,459.017,172.837
63.200999,-6.465,-6.700,458.783,172.837
63.300999,-6.231,-7.169,459.252,172.368
63.400999,-6.700,-6.465,459.252,173.071
63.617000,-6.934,-6.700,459.486,173.306
63.631974,-6.465,-6.465,459.252,173.071
63.700999,-6.465,-6.700,459.017,172.368
63.800999,-7.169,-6.934,459.486,173.071
63.900999,-6.934,-6.465,459.017,172.368
64.000999,-6.700,-6.700,459.017,172.602
64.100999,-6.934,-6.700,459.017,172.837
64.200999,-6.700,-6.934,459.252,172.837
64.300999,-6.700,-6.231,459.486,173.071
64.400999,-7.169,-6.934,459.486,173.306
64.617001,-6.465,-7.169,459.486,172.602
64.631974,-6.465,-6.934,459.486,173.071
64.700999,-6.934,-6.700,459.252,172.837
64.800999,-6.231,-6.231,459.486,172.602
64.900999,-6.700,-6.465,459.017,172.602
65.000999,-6.465,-6.700,459.252,172.368
65.100999,-6.465,-6.231,459.252,172.837
65.200999,-6.231,-6.700,459.252,172.837
65.300999,-6.465,-6.934,459.017,172.837
65.400999,-6.700,-6.700,459.252,172.602
65.617001,-6.465,-6.465,459.486,173.306
65.631974,-6.231,-6.700,459.486,173.071
65.700999,-6.465,-6.700,459.486,172.837
65.800999,-6.700,-6.231,459.721,173.071
65.900999,-6.934,-6.465,459.252,172.602
66.000999,-6.700,-6.700,459.486,173.071
66.100999,-6.700,-6.231,459.252,172.837
66.200999,-6.934,-6.465,459.017,172.368
66.300999,-6.700,-6.934,459.252,173.306
66.400999,-6.465,-6.934,459.017,172.837
66.617000,-6.934,-6.465,459.017,173.071
66.631974,-6.465,-6.465,459.252,172.368
66.700999,-6.700,-6.465,459.486,173.071
66.800999,-6.700,-6.934,459.017,173.071
66.900999,-6.465,-6.231,459.017,172.134
67.000999,-6.700,-6.700,459.017,172.837
67.100999,-6.231,-6.700,459.017,172.602
67.200999,-6.465,-6.465,459.252,172.602
67.300999,-6.231,-6.465,459.017,172.837
67.400999,-6.934,-6.465,459.252,172.602
67.616000,-6.700,-6.934,459.017,172.837
67.630974,-6.700,-6.934,459.252,172.368
67.700999,-6.231,-6.465,459.017,172.602
67.800999,-6.231,-6.700,459.252,172.602
67.900999,-6.700,-6.700,459.017,172.837
68.000999,-6.231,-6.465,458.783,173.071
68.100999,-6.465,-6.700,459.017,172.602
68.200999,-6.231,-7.169,459.721,172.837
68.300999,-6.700,-6.465,459.252,172.837
68.400999,-6.465,-6.465,459.252,173.071
68.617000,-6.700,-6.231,459.017,173.071
68.631974,-6.700,-6.934,459.017,172.368
68.700999,-6.700,-6.700,459.486,173.071
68.800999,-6.934,-6.700,459.252,172.368
68.900999,-6.700,-6.700,459.017,172.837
69.000999,-6.465,-6.465,459.017,172.837
69.100999,-6.700,-6.465,459.017,173.071
69.200999,-6.465,-6.700,459.017,172.837
69.300999,-6.934,-6.465,459.486,172.837
69.400999,-6.465,-6.700,459.721,172.602
69.617000,-6.465,-6.934,459.017,173.071
69.631974,-6.700,-6.700,459.017,172.602
69.700999,-6.700,-6.700,459.252,173.071
69.800999,-6.700,-6.700,459.017,172.602
69.900999,-6.465,-6.700,459.486,172.837
70.000999,-6.700,-6.700,459.017,172.837
70.100999,-6.700,-6.231,459.017,172.837
70.200999,-6.934,-6.700,459.252,172.837
70.300999,-6.465,-6.700,459.252,172.837
70.400999,-7.169,-6.465,459.252,172.134
70.617000,-6.465,-6.465,459.017,172.368
70.631974,-6.465,-6.700,459.252,172.134
70.700999,-6.934,-6.700,459.252,172.368
70.800999,-6.465,-6.465,458.783,172.602
70.900999,-6.934,-6.934,459.486,172.602
71.000999,-6.700,-6.700,459.252,172.602
71.100999,-6.700,-6.700,459.486,172.602
71.200999,-6.934,-6.934,459.017,172.134
71.300999,-6.700,-6.934,459.486,172.837
71.400999,-6.231,-6.465,459.252,172.837
71.617000,-6.700,-6.465,459.252,173.071
71.631974,-6.700,-6.700,459.252,173.071
71.700999,-6.700,-6.231,459.486,172.602
71.800999,-6.934,-6.465,458.783,172.602
71.900999,-6.934,-6.934,459.017,172.602
72.000999,-6.465,-6.231,459.486,172.602
72.100999,-6.465,-6.231,459.252,172.837
72.200999,-6.934,-6.934,459.252,172.837
72.300999,-6.934,-6.465,459.017,172.602
72.400999,-6.465,-6.934,459.017,172.837
72.616000,-6.700,-6.465,458.783,172.837
72.630974,-6.465,-6.700,459.017,172.602
72.700999,-6.700,-6.934,459.252,172.602
72.800999,-6.700,-6.700,459.017,173.071
72.900999,-6.700,-6.465,459.252,172.368
73.000999,-6.465,-6.465,459.252,172.602
73.100999,-6.231,-6.700,459.486,172.602
73.200999,-6.700,-6.700,459.721,172.602
73.300999,-6.700,-7.169,459.017,173.071
73.400999,-6.465,-6.700,459.252,172.602
73.617000,-6.700,-6.934,459.017,172.368
73.631974,-6.934,-6.934,459.017,172.602
73.700999,-6.465,-6.465,459.252,172.368
73.800999,-6.700,-6.465,459.252,173.071
73.900999,-6.465,-6.934,459.017,172.602
74.000999,-6.700,-6.700,459.017,173.071
74.100999,-6.465,-6.934,459.721,172.837
74.200999,-6.700,-7.169,459.017,172.368
74.300999,-6.465,-6.700,459.252,172.368
74.400999,-6.700,-6.465,459.252,173.071
74.617001,-6.700,-6.934,458.783,172.602
74.631974,-6.465,-6.700,459.486,173.071
74.700999,-6.231,-6.700,459.017,172.837
74.800999,-6.700,-7.169,459.017,173.071
74.900999,-6.700,-6.465,459.252,172.837
75.000999,-6.700,-6.934,459.252,172.602
75.100999,-6.700,-6.700,459.486,172.368
75.200999,-6.465,-6.700,458.783,172.602
75.300999,-6.934,-6.700,459.486,172.134
75.400999,-6.934,-6.465,459.252,172.837
75.616000,-6.700,-6.700,459.486,172.368
75.630974,-6.465,-6.231,459.486,172.368
75.700999,-6.700,-6.934,459.486,172.837
75.800999,-6.465,-6.465,459.721,172.368
75.900999,-6.934,-6.700,459.017,172.368
76.000999,-6.231,-6.700,459.017,172.602
76.100999,-6.231,-6.231,459.252,173.071
76.200999,-6.700,-6.934,459.486,172.837
76.300999,-6.465,-7.169,459.252,172.368
76.400999,-6.934,-6.465,459.252,172.368
76.617000,-6.231,-6.465,459.252,172.837
76.631974,-6.700,-6.465,459.017,172.602
76.700999,-6.700,-6.934,459.486,172.368
76.800999,-6.465,-6.934,459.252,172.602
76.900999,-6.700,-6.700,459.252,172.602
77.000999,-6.700,-6.231,459.486,173.071
77.100999,-6.700,-6.465,459.252,172.368
77.200999,-6.231,-6.700,459.721,172.837
77.300999,-6.465,-6.700,459.252,172.602
77.400999,-6.465,-6.700,459.252,172.368
77.617000,-6.231,-6.700,459.486,172.368
77.631974,-6.934,-6.700,459.017,172.602
77.700999,-7.169,-6.700,459.017,172.602
77.800999,-6.934,-6.934,459.486,172.368
77.900999,-6.700,-6.700,459.017,172.602
78.000999,-6.934,-6.465,459.017,172.602
78.100999,-6.700,-6.934,459.017,172.602
78.200999,-6.700,-6.934,459.252,172.602
78.300999,-6.934,-6.934,459.252,172.602
78.400999,-6.934,-6.465,459.017,172.602
78.617001,-6.700,-6.465,459.017,172.837
78.631974,-6.934,-6.700,459.252,172.368
78.700999,-6.934,-6.700,459.252,172.368
78.800999,-6.465,-6.700,459.017,172.602
78.900999,-6.465,-6.700,459.721,172.837
79.000999,-6.465,-6.465,459.486,172.602
79.100999,-6.700,-6.465,459.017,172.368
79.200999,-6.700,-6.934,459.486,172.837
79.300999,-6.700,-6.700,459.017,172.368
79.400999,-6.465,-6.700,459.252,172.837
79.617000,-6.700,-6.700,459.252,172.602
79.631974,-6.700,-6.465,459.252,172.368
79.700999,-6.934,-6.934,459.252,172.368
79.800999,-6.700,-6.465,459.252,172.368
79.900999,-6.465,-6.465,459.017,172.368
80.000999,-6.465,-6.700,459.017,172.368
80.100999,-6.465,-6.700,459.017,172.134
80.200999,-6.934,-6.934,459.017,172.368
80.300999,-6.700,-6.934,459.252,172.368
80.400999,-6.700,-6.934,459.252,173.071
80.616000,-6.231,-6.700,459.252,172.602
80.630974,-6.700,-6.700,459.486,172.602
80.700999,-6.465,-6.934,458.549,172.602
80.800999,-6.231,-6.700,459.017,172.134
80.900999,-6.231,-6.465,459.017,172.368
81.000999,-6.934,-7.169,459.486,172.602
81.100999,-6.465,-6.465,459.017,172.368
81.200999,-6.700,-6.934,459.252,172.602
81.300999,-6.700,-6.465,459.252,172.368
81.400999,-6.700,-6.700,459.017,173.071
81.617000,-6.231,-6.700,459.017,172.602
81.631974,-6.700,-6.465,458.783,172.368
81.700999,-6.700,-6.231,459.017,172.368
81.800999,-6.700,-6.465,459.721,172.837
81.900999,-6.700,-6.465,459.721,172.602
82.000999,-6.700,-6.465,459.017,172.837
82.100999,-6.465,-6.465,459.721,172.134
82.200999,-6.465,-6.700,459.017,172.368
82.300999,-6.934,-6.700,459.486,172.602
82.400999,-6.700,-6.934,459.017,172.602
82.617001,-6.700,-6.700,459.486,172.134
82.631974,-6.465,-6.700,459.486,172.134
82.700999,-6.465,-6.465,458.783,172.602
82.800999,-6.465,-6.700,459.017,172.368
82.900999,-6.934,-6.934,459.017,172.134
83.000999,-6.700,-6.465,458.783,172.837
83.100999,-6.700,-5.997,459.486,172.368
83.200999,-6.700,-6.934,459.017,172.134
83.300999,-7.169,-6.934,459.486,172.134
83.400999,-6.700,-6.465,458.783,172.602
83.617000,-6.231,-6.465,459.486,172.368
83.631974,-6.465,-6.700,459.252,172.134
83.700999,-6.231,-6.231,459.486,172.602
83.800999,-6.700,-6.700,459.017,171.665
83.900999,-6.465,-6.231,459.486,172.134
84.000999,-6.700,-7.169,458.783,171.899
84.100999,-6.700,-6.700,459.017,172.368
84.200999,-6.465,-6.934,459.017,172.134
84.300999,-6.465,-6.700,459.017,172.368
84.400999,-6.934,-5.997,459.252,172.134
84.617000,-7.169,-6.465,459.017,172.602
84.631974,-6.934,-7.169,459.017,172.134
84.700999,-6.700,-6.700,459.252,172.134
84.800999,-6.700,-6.934,459.486,172.602
84.900999,-6.934,-6.700,459.017,172.602
85.000999,-6.700,-6.700,459.017,172.134
85.100999,-6.700,-6.700,458.783,172.368
85.200999,-6.231,-6.700,459.486,172.134
85.300999,-6.700,-7.169,459.955,172.368
85.400999,-6.465,-6.700,458.783,172.368
85.616000,-6.700,-6.700,459.017,173.071
85.630974,-7.169,-6.934,459.017,172.134
85.700999,-7.169,-7.169,459.017,173.071
85.800999,-6.465,-6.700,459.721,172.134
85.900999,-6.231,-6.700,458.783,172.602
86.000999,-6.231,-6.465,459.721,172.837
86.100999,-6.700,-6.231,459.486,172.602
86.200999,-6.700,-6.700,459.486,172.368
86.300999,-6.231,-6.231,459.486,172.134
86.400999,-6.700,-6.465,459.252,173.071
86.617000,-6.465,-6.465,459.017,172.368
86.631974,-6.700,-6.700,459.017,172.368
86.700999,-6.465,-6.700,459.486,172.602
86.800999,-6.465,-6.934,458.783,171.899
86.900999,-6.231,-6.934,459.252,171.665
87.000999,-6.700,-6.700,459.486,172.134
87.100999,-6.700,-6.700,458.783,172.368
87.200999,-6.700,-6.231,459.721,172.837
87.300999,-6.465,-6.934,459.017,172.368
87.400999,-7.169,-6.700,459.486,172.602
87.617000,-6.465,-7.169,459.017,172.837
87.631974,-6.700,-6.934,459.486,172.602
87.700999,-5.997,-6.465,459.252,172.602
87.800999,-6.465,-6.465,459.486,172.368
87.900999,-6.465,-6.465,459.252,172.602
88.000999,-6.465,-6.700,459.486,172.368
88.100999,-6.934,-6.465,459.252,172.368
88.200999,-6.700,-6.700,459.486,172.134
88.300999,-6.231,-7.169,458.783,172.134
88.400999,-6.465,-6.700,458.783,172.368
88.616000,-6.700,-6.934,459.017,172.368
88.630974,-5.997,-6.934,458.783,172.134
88.700999,-6.465,-6.934,459.252,172.368
88.800999,-6.465,-6.465,459.486,172.134
88.900999,-6.231,-6.934,459.017,172.837
89.000999,-6.231,-6.934,459.252,172.368
89.100999,-6.700,-6.700,459.017,173.071
89.200999,-5.997,-6.700,459.486,172.837
89.300999,-6.934,-6.700,459.486,171.899
89.400999,-6.700,-6.465,459.252,171.665
89.617000,-6.700,-6.465,459.486,172.368
89.631974,-6.465,-6.700,459.721,172.837
89.700999,-6.465,-7.169,459.955,172.134
89.800999,-6.700,-6.465,459.486,172.134
89.900999,-6.465,-6.465,458.783,172.837
90.000999,-6.231,-6.934,459.252,172.602
90.100999,-6.465,-6.934,459.252,172.368
90.200999,-6.700,-6.700,459.017,172.368
90.300999,-6.700,-6.465,459.486,172.368
90.400999,-6.465,-6.465,458.783,172.602
90.617000,-6.700,-6.465,459.017,172.134
90.631974,-6.465,-6.700,459.017,172.602
90.700999,-6.700,-6.465,459.721,171.899
90.800999,-6.231,-6.465,459.721,172.602
90.900999,-6.465,-6.934,459.252,172.134
91.000999,-6.231,-6.231,458.783,172.134
91.100999,-5.997,-6.934,459.486,172.134
91.200999,-6.465,-6.700,459.017,172.837
91.300999,-6.465,-6.465,459.721,171.899
91.400999,-6.465,-6.465,459.486,172.368
91.617001,-6.700,-6.700,459.252,172.368
91.631974,-6.465,-6.465,459.486,172.134
91.700999,-6.934,-6.465,459.252,171.899
91.800999,-6.700,-6.465,459.017,171.899
91.900999,-6.465,-6.934,459.486,172.837
92.000999,-6.700,-6.465,459.017,172.602
92.100999,-6.700,-6.700,459.721,172.602
92.200999,-6.465,-6.934,459.017,172.134
92.300999,-6.231,-6.700,459.017,172.368
92.400999,-6.465,-6.465,459.486,172.134
92.617000,-6.934,-6.465,459.252,172.837
92.631974,-6.700,-6.465,459.486,172.368
92.700999,-6.231,-6.465,459.486,172.602
92.800999,-6.465,-6.934,459.017,172.134
92.900999,-6.700,-7.169,459.486,172.602
93.000999,-6.465,-6.700,458.783,172.837
93.100999,-6.465,-6.934,458.783,172.368
93.200999,-6.231,-6.465,459.252,172.837
93.300999,-6.465,-6.465,459.252,173.071
93.400999,-6.465,-7.169,459.252,172.368
93.616000,-6.700,-6.700,459.486,172.602
93.630974,-6.465,-6.231,459.252,172.368
93.700999,-6.465,-6.231,459.017,172.134
93.800999,-6.700,-6.700,459.252,171.665
93.900999,-6.934,-7.169,459.252,171.899
94.000999,-6.700,-6.231,459.252,172.368
94.100999,-6.700,-6.231,459.252,172.602
94.200999,-6.465,-6.700,459.252,171.665
94.300999,-6.465,-6.700,459.017,171.899
94.400999,-6.700,-6.465,459.486,172.837
94.617000,-6.934,-6.934,459.017,172.134
94.631974,-6.700,-6.700,459.017,172.134
94.700999,-6.700,-6.934,459.252,172.368
94.800999,-6.700,-6.700,459.252,172.134
94.900999,-6.231,-6.934,459.486,172.368
95.000999,-6.700,-7.169,459.486,172.134
95.100999,-6.231,-6.700,458.783,172.368
95.200999,-6.465,-6.700,459.017,172.602
95.300999,-6.465,-6.465,458.783,171.899
95.400999,-6.465,-6.465,459.017,172.602
95.617001,-6.700,-6.700,458.783,172.134
95.631974,-6.465,-6.700,459.252,171.899
95.700999,-6.465,-6.700,459.252,172.602
95.800999,-6.700,-6.934,459.252,172.134
95.900999,-6.700,-6.465,459.252,171.899
96.000999,-6.934,-6.231,459.017,172.134
96.100999,-6.700,-6.700,459.486,171.899
96.200999,-6.465,-6.465,459.252,172.368
96.300999,-6.934,-6.465,459.017,173.071
96.400999,-6.700,-6.465,459.486,172.134
96.617001,-6.465,-6.700,459.017,172.134
96.631974,-6.934,-6.700,459.486,172.134
96.700999,-6.465,-6.934,459.252,171.899
96.800999,-7.169,-6.465,459.252,172.368
96.900999,-6.700,-6.700,459.252,172.134
97.000999,-6.700,-6.465,459.252,172.368
97.100999,-6.465,-6.700,459.486,171.899
97.200999,-6.700,-6.700,459.252,172.134
97.300999,-6.934,-6.231,459.486,172.134
97.400999,-6.465,-6.465,459.486,172.368
97.617000,-6.700,-7.169,459.486,171.899
97.631974,-6.934,-6.934,459.017,172.368
97.700999,-6.465,-6.465,458.783,172.134
97.800999,-6.465,-6.465,459.017,172.368
97.900999,-6.465,-7.169,459.252,171.665
98.000999,-6.934,-6.700,459.017,172.134
98.100999,-6.465,-6.465,459.252,172.134
98.200999,-6.465,-6.700,459.486,172.134
98.300999,-6.700,-6.934,459.017,172.368
98.400999,-6.700,-6.700,459.017,172.368
98.617000,-6.700,-6.700,459.486,172.134
98.631974,-6.700,-6.465,458.783,172.134
98.700999,-6.465,-6.231,459.486,172.134
98.800999,-6.700,-6.700,459.017,172.602
98.900999,-6.700,-6.700,459.486,172.134
99.000999,-6.700,-6.465,459.017,171.665
99.100999,-6.465,-6.700,459.486,172.368
99.200999,-6.700,-6.700,458.549,172.134
99.300999,-6.700,-6.934,459.252,172.134
99.400999,-6.934,-6.934,459.486,171.899
99.617001,-6.465,-6.934,459.252,172.368
99.631974,-6.465,-6.700,459.252,172.368
99.700999,-7.169,-6.934,459.486,171.899
99.800999,-6.465,-6.934,459.252,172.368
99.900999,-6.934,-6.465,459.017,172.134
100.000999,-7.169,-6.700,459.486,172.134
100.100999,-6.465,-6.700,459.252,171.899
100.200999,-6.700,-6.700,459.017,172.368
100.300999,-7.169,-6.700,459.017,171.665
100.400999,-6.231,-6.934,459.252,171.899
100.617000,-6.465,-6.465,459.252,172.134
100.631974,-6.700,-6.465,459.252,171.899
100.700999,-6.700,-6.700,459.721,171.899
100.800999,-6.700,-6.465,459.252,172.602
100.900999,-7.169,-5.997,459.486,171.665
101.000999,-6.465,-6.700,459.486,172.602
101.100999,-6.465,-6.934,459.486,171.665
101.200999,-6.465,-6.465,459.017,172.368
101.300999,-6.934,-6.934,459.486,172.134
101.400999,-6.700,-6.700,459.252,171.665
101.616000,-6.465,-6.700,459.017,171.899
101.630974,-6.465,-6.700,459.017,172.368
101.700999,-6.700,-6.934,459.017,171.665
101.800999,-6.465,-6.465,459.721,171.665
101.900999,-6.700,-6.700,459.017,172.134
102.000999,-6.700,-6.231,459.486,172.134
102.100999,-6.231,-6.231,459.252,171.431
102.200999,-6.465,-6.700,459.721,172.134
102.300999,-6.465,-6.700,458.549,172.134
102.400999,-6.465,-6.465,459.252,171.899
102.617000,-6.934,-6.700,459.721,171.665
102.631974,-6.700,-7.169,459.252,172.134
102.700999,-6.465,-6.934,459.486,172.134
102.800999,-6.465,-6.700,459.252,172.134
102.900999,-6.231,-6.700,459.017,171.899
103.000999,-6.231,-6.934,459.252,172.368
103.100999,-6.700,-6.934,459.252,172.368
103.200999,-6.700,-6.465,459.486,172.134
103.300999,-6.465,-6.700,459.252,172.837
103.400999,-6.231,-6.465,459.486,171.899
103.617001,-6.700,-6.465,459.252,171.899
103.631974,-6.934,-6.465,458.783,172.368
103.700999,-6.934,-6.465,459.486,172.368
103.800999,-6.934,-6.700,459.017,172.134
103.900999,-6.700,-6.700,459.252,171.665
104.000999,-6.700,-6.465,459.486,172.134
104.100999,-6.465,-6.465,459.721,172.134
104.200999,-6.700,-6.465,458.783,172.134
104.300999,-6.700,-6.700,459.486,171.899
104.400999,-6.465,-6.934,459.017,171.899
104.617000,-6.700,-6.700,459.252,171.665
104.631974,-6.700,-6.465,459.486,172.134
104.700999,-6.465,-6.700,459.252,172.368
104.800999,-6.700,-6.934,459.252,171.899
104.900999,-7.169,-6.934,459.252,171.899
105.000999,-6.934,-6.934,459.955,172.368
105.100999,-6.231,-6.934,459.252,172.134
105.200999,-6.700,-6.465,458.783,172.134
105.300999,-6.700,-6.465,459.017,172.602
105.400999,-6.465,-6.700,459.017,172.134
105.617001,-6.700,-6.465,459.252,171.665
105.631974,-6.465,-6.700,459.017,171.899
105.700999,-6.700,-6.934,459.017,171.899
105.800999,-6.465,-6.700,459.252,172.134
105.900999,-6.700,-6.465,459.252,171.665
106.000999,-6.700,-6.700,459.486,171.431
106.100999,-6.231,-6.700,459.017,171.899
106.200999,-6.700,-6.934,459.252,172.368
106.300999,-6.231,-6.700,459.017,171.431
106.400999,-6.465,-6.700,459.017,172.134
106.616000,-6.700,-6.700,459.252,171.899
106.630974,-6.934,-6.465,459.017,171.665
106.700999,-6.465,-6.700,459.721,172.602
106.800999,-6.465,-6.465,459.252,171.665
106.900999,-6.700,-6.934,459.252,171.665
107.000999,-6.465,-6.700,459.486,171.899
107.100999,-6.700,-6.700,459.252,172.368
107.200999,-6.700,-6.700,459.486,172.134
107.300999,-6.934,-6.934,459.252,172.134
107.400999,-6.700,-6.700,459.017,172.134
107.617000,-6.465,-7.169,459.017,171.899
107.631974,-6.934,-6.700,458.783,172.602
107.700999,-6.934,-6.465,459.486,172.134
107.800999,-6.700,-7.169,459.017,171.431
107.900999,-6.700,-6.934,459.252,171.899
108.000999,-6.934,-6.700,459.017,171.665
108.100999,-6.231,-6.465,459.721,171.665
108.200999,-6.465,-6.934,459.721,171.665
108.300999,-5.997,-6.231,459.017,172.134
108.400999,-6.465,-6.465,459.486,171.899
108.617000,-6.700,-6.231,459.252,171.899
108.631974,-6.934,-6.700,459.252,171.431
108.700999,-6.934,-6.934,459.252,171.899
108.800999,-6.934,-6.465,459.017,172.368
108.900999,-6.700,-6.700,459.252,171.899
109.000999,-6.465,-6.700,459.252,171.899
109.100999,-6.700,-6.700,459.252,171.899
109.200999,-6.465,-6.700,458.783,172.134
109.300999,-6.465,-6.700,459.721,171.665
109.400999,-6.700,-6.700,459.252,171.665
109.617001,-6.934,-6.934,459.721,171.665
109.631974,-6.700,-7.169,459.486,171.899
109.700999,-6.700,-6.700,459.017,171.665
109.800999,-6.465,-6.700,459.017,172.368
109.900999,-7.169,-6.934,459.252,171.431
110.000999,-6.465,-6.934,459.721,171.899
110.100999,-7.169,-6.700,459.252,171.899
110.200999,-6.700,-6.465,459.252,171.899
110.300999,-6.700,-6.465,459.252,171.665
110.400999,-6.934,-7.169,459.017,171.665
110.617000,-6.700,-6.934,459.252,171.899
110.631974,-6.465,-6.465,459.252,172.134
110.700999,-7.169,-6.700,458.783,172.134
110.800999,-6.700,-7.169,459.721,172.134
110.900999,-6.700,-6.700,459.252,172.134
111.000999,-6.465,-6.465,459.486,171.899
111.100999,-6.465,-6.700,459.017,171.899
111.200999,-6.700,-6.465,459.017,171.665
111.300999,-6.700,-6.934,459.486,171.899
111.400999,-6.231,-6.934,459.252,172.134
111.617000,-6.700,-7.169,459.486,172.134
111.631974,-6.700,-6.231,459.486,172.368
111.700999,-6.700,-6.231,458.783,171.665
111.800999,-6.465,-6.231,459.721,172.368
111.900999,-6.700,-6.934,459.486,172.134
112.000999,-6.934,-6.465,459.017,171.899
112.100999,-6.700,-6.700,459.017,171.665
112.200999,-6.465,-6.700,458.783,172.368
112.300999,-6.934,-6.700,459.486,171.431
112.400999,-6.465,-6.934,459.252,172.134
112.617001,-7.169,-6.700,459.486,171.899
112.631974,-6.465,-6.465,459.017,171.899
112.700999,-6.465,-6.465,459.721,171.899
112.800999,-6.465,-6.700,459.252,171.899
112.900999,-5.997,-6.231,459.252,171.665
113.000999,-6.700,-6.700,458.783,172.134
113.100999,-6.465,-6.934,459.017,172.134
113.200999,-7.169,-6.934,459.486,172.134
113.300999,-6.934,-6.700,458.783,171.665
113.400999,-6.465,-6.465,459.486,172.134
113.617000,-6.700,-6.700,459.252,171.665
113.631974,-6.700,-6.934,459.252,172.134
113.700999,-6.700,-6.700,459.252,172.134
113.800999,-6.700,-6.700,459.252,171.899
113.900999,-6.700,-6.231,459.252,172.368
114.000999,-6.934,-6.231,459.252,171.665
114.100999,-6.934,-6.934,459.486,171.899
114.200999,-6.934,-6.700,459.486,171.665
114.300999,-6.231,-7.169,458.783,171.899
114.400999,-6.700,-5.997,459.252,171.665
114.616000,-6.465,-6.700,459.252,172.134
114.630974,-6.934,-6.465,459.486,171.899
114.700999,-6.465,-6.465,459.017,171.665
114.800999,-6.700,-6.700,459.252,172.134
114.900999,-6.465,-7.403,459.252,171.431
115.000999,-6.700,-6.700,459.252,171.665
115.100999,-6.934,-6.934,458.549,171.899
115.200999,-6.700,-6.231,458.783,172.368
115.300999,-6.465,-6.465,459.017,171.665
115.400999,-6.700,-6.700,459.486,171.431
115.617001,-6.231,-6.934,458.783,171.899
115.631974,-6.934,-6.934,459.017,171.899
115.700999,-6.700,-6.700,459.252,171.665
115.800999,-6.700,-6.465,459.252,171.665
115.900999,-7.169,-6.700,459.017,171.899
116.000999,-6.700,-7.169,459.252,171.431
116.100999,-6.700,-7.169,459.017,172.134
116.200999,-6.465,-6.700,459.486,171.899
116.300999,-6.465,-6.934,458.783,171.899
116.400999,-6.700,-6.465,459.017,171.431
116.617000,-6.465,-6.465,459.252,172.368
116.631974,-7.169,-6.934,458.549,171.899
116.700999,-6.700,-6.465,458.783,172.134
116.800999,-6.934,-6.700,459.252,171.431
116.900999,-6.700,-6.700,459.252,171.665
117.000999,-6.700,-6.934,459.721,171.899
117.100999,-6.700,-6.700,459.017,171.899
117.200999,-6.934,-6.700,459.017,171.431
117.300999,-6.700,-6.934,459.017,171.665
117.400999,-6.700,-6.465,459.017,171.431
117.617001,-6.700,-6.700,459.017,171.665
117.631974,-6.465,-6.465,459.252,171.665
117.700999,-6.934,-6.700,459.017,171.665
117.800999,-6.465,-6.465,459.017,171.899
117.900999,-6.934,-6.231,459.252,171.665
118.000999,-6.934,-6.934,458.783,171.665
118.100999,-6.465,-6.934,459.486,171.431
118.200999,-6.465,-7.169,459.017,172.368
118.300999,-6.465,-7.169,459.252,171.665
118.400999,-6.231,-6.700,459.486,171.899
118.617000,-6.934,-6.934,458.783,171.431
118.631974,-6.465,-6.700,459.486,172.134
118.700999,-6.231,-6.700,459.017,171.431
118.800999,-6.465,-6.700,458.783,171.665
118.900999,-6.465,-7.169,459.486,171.899
119.000999,-6.231,-6.934,459.252,172.134
119.100999,-6.934,-6.700,459.252,171.665
119.200999,-6.700,-6.934,459.252,171.665
119.300999,-6.465,-6.465,459.017,171.196
119.400999,-5.997,-6.700,459.721,171.665
119.616000,-6.700,-6.465,459.017,171.196
119.630974,-6.700,-6.465,459.017,171.431
119.700999,-6.465,-6.700,459.486,171.899
119.800999,-6.700,-6.934,458.783,171.431
119.900999,-6.700,-6.700,459.017,171.665
120.000999,-6.700,-6.231,459.486,172.134
120.100999,-6.465,-6.465,459.486,171.665
120.200999,-6.934,-6.465,459.486,171.431
120.300999,-6.465,-6.700,459.252,171.431
120.400999,-6.700,-6.700,459.017,171.665
120.617000,-6.934,-6.465,458.783,172.134
120.631974,-6.700,-6.934,459.252,171.665
120.700999,-6.700,-6.700,459.017,172.134
120.800999,-6.700,-6.934,458.783,171.899
120.900999,-6.465,-6.465,459.252,171.899
121.000999,-6.231,-6.700,459.017,172.134
121.100999,-5.997,-6.934,459.252,171.899
121.200999,-6.465,-6.465,459.017,171.431
121.300999,-6.465,-6.934,459.017,171.431
121.400999,-6.231,-6.700,459.017,171.431
121.617001,-6.700,-6.700,459.486,171.899
121.631974,-6.934,-6.700,459.017,171.665
121.700999,-6.700,-6.231,459.486,171.899
121.800999,-6.700,-6.700,459.017,170.962
121.900999,-6.700,-6.465,459.486,171.899
122.000999,-6.465,-6.700,458.783,171.665
122.100999,-6.231,-6.934,459.252,171.899
122.200999,-6.465,-6.934,459.252,171.665
122.300999,-6.700,-6.465,459.486,172.134
122.400999,-6.700,-6.934,459.486,171.196
122.617001,-6.934,-6.700,459.017,172.134
122.631974,-6.700,-6.465,459.252,171.665
122.700999,-6.700,-6.700,459.252,171.431
122.800999,-6.934,-6.700,459.017,171.665
122.900999,-6.700,-6.465,459.252,171.431
123.000999,-6.231,-6.465,459.252,171.431
123.100999,-6.934,-6.465,459.252,171.665
123.200999,-6.934,-6.700,458.549,171.431
123.300999,-6.465,-6.700,459.252,171.665
123.400999,-6.934,-6.231,459.252,172.134
123.617000,-6.700,-6.700,459.017,171.665
123.631974,-6.700,-6.700,459.486,171.665
123.700999,-6.700,-5.997,458.783,171.431
123.800999,-6.465,-6.700,459.486,171.665
123.900999,-6.700,-6.700,459.252,171.431
124.000999,-6.934,-6.700,459.252,171.665
124.100999,-7.403,-6.700,459.252,171.431
124.200999,-6.700,-6.934,459.017,171.665
124.300999,-6.700,-6.934,459.486,171.665
124.400999,-6.465,-6.231,459.486,172.368
124.617000,-6.700,-6.700,459.017,171.431
124.631974,-6.465,-6.465,459.017,171.665
124.700999,-6.700,-6.700,459.252,171.665
124.800999,-5.997,-6.700,459.486,171.665
124.900999,-6.700,-6.700,459.486,171.431
125.000999,-6.700,-6.700,459.017,171.431
125.100999,-6.231,-7.169,459.017,171.431
125.200999,-6.700,-6.465,459.252,171.431
125.300999,-6.700,-6.231,459.017,171.665
125.400999,-6.934,-6.465,459.486,171.196
125.617001,-6.465,-6.934,458.783,171.665
125.631974,-6.700,-6.465,459.017,171.431
125.700999,-6.700,-6.700,459.486,171.196
125.800999,-6.465,-6.465,459.252,171.431
125.900999,-6.700,-6.465,459.252,171.431
126.000999,-6.465,-6.700,459.017,171.431
126.100999,-6.700,-6.700,459.252,171.431
126.200999,-6.700,-6.934,459.017,171.431
126.300999,-6.700,-6.700,459.252,171.431
126.400999,-6.465,-6.700,459.252,171.665
126.617000,-6.465,-6.700,459.017,171.431
126.631974,-6.934,-6.934,458.783,170.727
126.700999,-6.934,-6.700,459.721,171.665
126.800999,-6.934,-6.465,459.252,171.431
126.900999,-6.934,-6.934,459.252,171.196
127.000999,-6.700,-6.934,459.486,171.665
127.100999,-6.465,-6.700,459.486,171.665
127.200999,-6.934,-6.700,459.017,171.431
127.300999,-6.700,-6.700,459.721,171.431
127.400999,-6.465,-6.934,459.252,171.431
127.617000,-6.465,-6.934,458.783,171.665
127.631974,-6.465,-6.465,458.549,171.431
127.700999,-6.465,-6.465,459.017,171.431
127.800999,-6.700,-6.934,458.549,171.665
127.900999,-6.700,-6.700,459.017,171.196
128.000999,-6.700,-6.700,459.252,171.665
128.100999,-6.465,-6.934,459.486,171.431
128.200999,-6.465,-6.231,459.252,171.431
128.300999,-6.934,-6.934,459.486,171.196
128.400999,-6.934,-6.700,459.486,171.431
128.617001,-6.465,-6.934,459.017,171.899
128.631974,-6.700,-6.934,459.017,171.431
128.700999,-6.934,-7.169,459.252,171.196
128.800999,-6.231,-6.934,458.783,171.431
128.900999,-6.700,-6.700,459.017,171.431
129.000999,-6.465,-6.465,459.252,171.431
129.100999,-6.700,-6.231,459.252,171.665
129.200999,-6.465,-7.169,458.783,171.196
129.300999,-6.231,-6.934,458.783,171.899
129.400999,-6.465,-6.700,459.486,171.431
129.617001,-6.700,-6.700,459.017,171.431
129.631974,-6.465,-6.934,458.549,171.665
129.700999,-6.700,-6.465,459.252,171.431
129.800999,-6.465,-6.465,458.783,170.962
129.900999,-6.465,-6.231,459.017,171.431
130.000999,-6.934,-6.700,459.017,171.431
130.100999,-6.465,-6.231,459.252,171.431
130.200999,-6.465,-6.700,459.017,171.431
130.300999,-6.700,-6.700,459.252,170.962
130.400999,-6.934,-6.700,459.017,171.431
130.617001,-6.465,-6.231,459.252,170.962
130.631974,-6.231,-6.700,459.252,171.431
130.700999,-6.465,-6.700,459.486,171.196
130.800999,-6.465,-6.934,459.017,171.196
130.900999,-6.700,-6.465,459.252,171.665
131.000999,-6.231,-7.169,459.486,171.665
131.100999,-6.465,-6.934,458.783,171.196
131.200999,-6.465,-6.700,458.783,171.431
131.300999,-6.465,-6.700,458.549,171.431
131.400999,-5.997,-6.934,458.783,171.665
131.617000,-6.700,-6.700,459.252,170.727
131.631974,-6.700,-6.934,459.486,171.665
131.700999,-6.934,-6.465,459.252,171.431
131.800999,-6.465,-6.934,459.252,171.899
131.900999,-6.934,-6.465,459.017,171.196
132.000999,-6.465,-6.700,459.252,171.431
132.100999,-6.934,-6.934,459.252,170.962
132.200999,-6.934,-6.231,459.486,171.665
132.300999,-6.465,-6.700,459.252,170.962
132.400999,-6.700,-6.700,459.955,171.665
132.616001,-6.700,-6.700,458.783,171.196
132.630974,-6.700,-6.465,459.017,171.196
132.700999,-6.700,-6.231,459.252,171.196
132.800999,-6.934,-6.465,459.252,170.962
132.900999,-6.934,-6.231,459.017,170.962
133.000999,-6.934,-6.700,459.252,170.962
133.100999,-6.465,-6.231,459.017,170.962
133.200999,-6.700,-6.934,458.783,170.962
133.300999,-6.700,-6.700,459.252,170.962
133.400999,-6.465,-6.934,459.721,171.431
133.617000,-7.403,-6.700,459.252,171.431
133.631974,-6.465,-6.934,459.252,171.899
133.700999,-6.465,-6.700,459.017,171.431
133.800999,-6.700,-6.231,459.017,171.196
133.900999,-6.934,-6.700,459.252,171.196
134.000999,-6.934,-6.231,459.486,171.431
134.100999,-6.465,-6.465,459.486,171.196
134.200999,-6.700,-6.934,459.486,171.196
134.300999,-6.700,-6.465,459.721,171.665
134.400999,-6.700,-6.934,459.486,171.196
134.617000,-6.231,-6.700,459.721,171.431
134.631974,-6.700,-6.700,459.017,171.431
134.700999,-6.465,-6.465,459.017,171.196
134.800999,-6.700,-6.934,458.783,171.196
134.900999,-6.700,-6.700,459.252,171.431
135.000999,-6.700,-6.934,459.252,171.665
135.100999,-6.465,-6.465,459.017,171.196
135.200999,-6.700,-6.465,459.486,171.196
135.300999,-6.700,-6.934,459.486,171.431
135.400999,-6.700,-6.700,459.252,171.196
135.617001,-6.465,-6.700,459.017,171.431
135.631974,-6.700,-6.465,459.017,170.962
135.700999,-6.934,-6.700,459.252,171.431
135.800999,-6.700,-6.231,459.017,171.196
135.900999,-6.700,-6.465,459.252,171.431
136.000999,-6.934,-6.934,459.721,171.665
136.100999,-6.700,-6.231,459.252,171.196
136.200999,-6.700,-6.700,459.486,171.665
136.300999,-6.465,-6.700,459.252,171.431
136.400999,-6.700,-6.465,459.017,171.196
136.617001,-6.231,-6.465,458.783,171.431
136.631974,-5.997,-6.700,459.486,171.665
136.700999,-6.700,-6.934,459.017,171.196
136.800999,-6.934,-6.465,459.017,171.431
136.900999,-6.700,-6.231,459.252,171.196
137.000999,-6.465,-6.934,459.017,171.196
137.100999,-6.231,-6.700,459.017,171.196
137.200999,-6.465,-6.231,459.252,171.431
137.300999,-6.700,-6.465,459.017,171.196
137.400999,-6.231,-6.934,459.252,171.431
137.617000,-6.465,-6.231,459.017,171.431
137.631974,-6.934,-6.934,459.252,171.196
137.700999,-6.700,-6.700,459.252,171.196
137.800999,-7.169,-6.231,459.017,171.196
137.900999,-6.231,-6.700,459.017,171.665
138.000999,-6.700,-6.465,459.252,171.431
138.100999,-6.700,-7.169,458.783,171.196
138.200999,-6.465,-6.465,459.486,171.431
138.300999,-6.934,-6.700,459.252,170.962
138.400999,-6.700,-6.934,459.252,170.727
138.617001,-6.700,-6.934,459.017,171.196
138.631974,-6.231,-6.934,459.017,171.196
138.700999,-6.700,-6.465,459.252,170.962
138.800999,-6.465,-7.169,459.017,170.962
138.900999,-6.465,-6.700,459.017,171.196
139.000999,-6.700,-6.700,459.252,171.431
139.100999,-6.700,-6.465,459.252,171.196
139.200999,-6.465,-6.700,459.017,171.665
139.300999,-6.465,-6.700,459.017,171.665
139.400999,-6.465,-6.934,459.252,171.431
139.617000,-6.934,-6.700,459.252,170.727
139.631974,-6.465,-6.700,459.252,170.962
139.700999,-6.700,-6.465,459.486,171.431
139.800999,-6.465,-6.934,459.486,171.196
139.900999,-6.700,-6.231,459.486,171.431
140.000999,-6.465,-6.700,459.252,171.196
140.100999,-6.231,-7.169,459.252,171.665
140.200999,-6.465,-6.700,459.017,171.431
140.300999,-6.700,-7.169,459.486,171.196
140.400999,-6.700,-6.934,459.017,171.431
140.616000,-6.934,-6.700,458.783,171.196
140.630974,-6.934,-6.700,459.252,171.431
140.700999,-6.700,-6.465,458.783,171.431
140.800999,-6.700,-6.700,459.486,171.431
140.900999,-6.700,-6.465,459.252,171.431
141.000999,-6.700,-6.465,459.486,170.962
141.100999,-6.700,-6.700,459.252,171.196
141.200999,-6.934,-6.934,459.486,171.431
141.300999,-6.934,-6.700,459.486,170.962
141.400999,-7.169,-6.700,459.721,170.962
141.617001,-7.169,-6.700,459.252,170.962
141.631974,-6.465,-6.934,459.017,170.962
141.700999,-6.700,-6.700,458.783,171.431
141.800999,-6.700,-6.700,459.721,170.962
141.900999,-6.465,-6.700,459.017,171.196
142.000999,-7.169,-6.934,458.783,171.196
142.100999,-6.700,-6.700,459.486,171.196
142.200999,-6.465,-7.169,459.252,171.196
142.300999,-6.465,-6.934,458.783,171.431
142.400999,-6.700,-6.934,459.252,171.431
142.617000,-6.934,-6.934,459.017,171.431
142.631974,-6.465,-6.465,459.252,171.431
142.700999,-6.465,-6.231,459.252,171.431
142.800999,-6.465,-6.700,459.721,170.962
142.900999,-6.700,-6.231,459.017,171.665
143.000999,-6.934,-6.465,459.252,171.196
143.100999,-6.700,-6.700,459.486,170.962
143.200999,-6.934,-6.700,459.486,171.196
143.300999,-6.465,-6.465,459.017,171.431
143.400999,-6.465,-7.169,459.252,171.431
143.617001,-6.465,-6.465,459.486,171.665
143.631974,-6.934,-6.700,458.783,170.962
143.700999,-6.465,-6.465,459.252,171.665
143.800999,-7.169,-6.700,459.017,171.431
143.900999,-6.465,-6.934,459.017,171.431
144.000999,-6.700,-6.465,459.252,171.196
144.100999,-6.465,-6.465,458.783,170.962
144.200999,-6.465,-6.700,459.017,171.431
144.300999,-6.934,-6.700,459.252,170.727
144.400999,-6.465,-6.700,459.017,171.665
144.617001,-6.465,-6.700,459.252,171.431
144.631974,-6.700,-7.403,459.017,170.962
144.700999,-6.700,-6.934,459.252,170.727
144.800999,-6.934,-6.231,458.783,171.196
144.900999,-6.700,-6.934,459.486,171.431
145.000999,-6.700,-6.700,459.486,171.196
145.100999,-6.465,-6.934,459.017,171.431
145.200999,-6.934,-6.465,459.017,170.962
145.300999,-6.231,-7.169,458.783,171.196
145.400999,-6.700,-6.700,459.017,170.962
145.616001,-7.169,-6.700,459.252,170.962
145.630974,-6.465,-6.700,459.017,171.196
145.700999,-6.700,-6.700,458.783,171.196
145.800999,-6.700,-6.700,459.017,171.431
145.900999,-6.700,-6.700,458.783,170.962
146.000999,-6.700,-6.465,459.017,170.962
146.100999,-6.465,-6.465,459.252,171.196
146.200999,-6.934,-6.465,459.486,171.196
146.300999,-6.465,-6.934,459.017,171.196
146.400999,-6.700,-6.231,458.783,170.962
146.617000,-6.700,-6.231,458.549,170.962
146.631974,-6.700,-6.934,459.017,171.196
146.700999,-6.700,-6.231,458.783,170.962
146.800999,-6.465,-6.700,459.017,171.196
146.900999,-6.934,-7.169,459.017,170.727
147.000999,-6.700,-6.700,459.252,170.962
147.100999,-6.700,-6.700,459.017,171.196
147.200999,-6.465,-6.465,459.017,170.962
147.300999,-6.700,-6.700,459.017,171.196
147.400999,-6.934,-6.465,459.252,170.962
147.617001,-6.465,-6.465,459.721,170.962
147.631974,-6.934,-6.231,459.252,171.196
147.700999,-6.700,-6.934,459.017,170.727
147.800999,-6.465,-6.700,458.549,171.665
147.900999,-6.700,-6.934,459.017,171.196
148.000999,-6.231,-6.465,459.252,171.196
148.100999,-6.700,-6.934,459.252,171.196
148.200999,-6.934,-6.231,459.017,170.962
148.300999,-6.465,-6.934,459.486,170.962
148.400999,-6.700,-6.231,459.017,170.727
148.617001,-6.231,-6.934,459.486,170.962
148.631974,-6.465,-6.700,459.017,170.727
148.700999,-6.934,-6.465,459.486,171.196
148.800999,-6.700,-6.700,459.252,170.962
148.900999,-6.465,-6.934,459.017,171.431
149.000999,-6.700,-6.934,458.783,171.196
149.100999,-6.700,-6.700,459.252,171.665
149.200999,-6.465,-6.700,458.783,170.493
149.300999,-6.700,-6.934,459.017,170.727
149.400999,-6.934,-6.700,459.252,170.493
149.617001,-7.169,-6.934,459.017,171.196
149.631974,-6.700,-6.700,459.252,170.727
149.700999,-6.465,-6.700,459.252,171.196
149.800999,-6.700,-6.934,459.252,171.196
149.900999,-6.700,-7.169,459.252,170.962
150.000999,-6.700,-6.934,459.252,171.665
150.100999,-6.700,-6.465,459.486,171.196
150.200999,-6.700,-6.700,459.252,171.431
150.300999,-6.700,-6.700,459.486,170.727
150.400999,-7.169,-6.465,459.017,170.727
150.617000,-6.465,-6.465,459.486,170.962
150.631974,-6.465,-6.700,459.252,171.196
150.700999,-6.465,-6.934,459.486,170.727
150.800999,-6.700,-6.465,459.252,170.727
150.900999,-6.700,-6.700,459.252,171.196
151.000999,-6.934,-6.700,459.017,170.962
151.100999,-6.700,-6.465,458.549,171.196
151.200999,-7.169,-7.169,459.252,170.727
151.300999,-6.700,-6.700,459.017,170.727
151.400999,-6.934,-6.700,458.783,170.727
151.617000,-6.700,-6.465,458.783,170.962
151.631974,-6.700,-6.934,459.252,170.962
151.700999,-6.465,-6.465,459.252,170.727
151.800999,-6.934,-6.700,459.252,171.431
151.900999,-6.934,-6.465,459.017,171.196
152.000999,-6.700,-6.231,459.252,171.431
152.100999,-6.231,-6.700,459.017,171.431
152.200999,-6.700,-6.465,459.252,171.196
152.300999,-6.700,-6.231,459.252,170.727
152.400999,-6.700,-6.700,458.783,170.962
152.617000,-6.934,-6.934,459.252,170.727
152.631974,-6.700,-6.465,459.017,170.727
152.700999,-6.465,-6.700,458.783,170.962
152.800999,-6.700,-6.465,459.252,170.962
152.900999,-6.465,-6.700,459.486,170.962
153.000999,-6.700,-6.465,459.486,170.962
153.100999,-6.700,-6.700,459.486,170.962
153.200999,-6.700,-6.231,459.486,171.196
153.300999,-6.700,-6.700,459.252,171.196
153.400999,-6.934,-6.934,459.486,170.727
153.616000,-6.700,-6.700,459.721,171.196
153.630974,-6.465,-6.700,459.252,170.727
153.700999,-6.700,-7.403,459.017,170.962
153.800999,-6.934,-6.700,459.486,170.962
153.900999,-6.465,-6.231,459.486,170.962
154.000999,-6.934,-6.700,459.252,170.962
154.100999,-6.465,-6.934,459.486,170.962
154.200999,-6.465,-6.700,459.252,170.493
154.300999,-6.700,-6.700,459.252,170.493
154.400999,-6.700,-6.700,458.783,170.962
154.617001,-6.934,-6.465,458.783,170.727
154.631974,-6.700,-6.700,459.017,171.431
154.700999,-6.465,-6.465,459.017,170.727
154.800999,-6.231,-6.465,459.252,170.962
154.900999,-6.700,-6.700,459.252,170.727
155.000999,-6.465,-6.700,459.486,170.493
155.100999,-6.700,-6.465,458.783,170.962
155.200999,-6.231,-6.465,458.549,170.962
155.300999,-6.465,-6.934,459.252,171.196
155.400999,-6.231,-6.700,459.017,170.962
155.617001,-6.700,-6.465,459.252,170.259
155.631974,-6.465,-6.934,459.017,170.727
155.700999,-6.700,-6.465,459.252,170.493
155.800999,-6.700,-6.700,459.252,170.727
155.900999,-6.465,-6.231,459.252,171.196
156.000999,-6.231,-6.465,459.486,171.431
156.100999,-6.465,-6.465,458.549,170.493
156.200999,-6.700,-6.465,459.486,171.431
156.300999,-6.700,-6.231,459.252,170.962
156.400999,-6.700,-6.934,459.252,170.962
156.617001,-6.934,-6.700,459.017,170.962
156.631974,-7.169,-6.934,459.017,171.196
156.700999,-6.465,-7.169,459.252,171.665
156.800999,-6.700,-6.465,459.721,170.727
156.900999,-6.465,-6.465,459.486,170.727
157.000999,-5.997,-6.700,459.252,170.727
157.100999,-6.465,-6.465,459.017,171.196
157.200999,-6.231,-6.700,458.783,170.962
157.300999,-6.700,-6.934,459.017,170.962
157.400999,-6.231,-6.934,459.252,170.493
157.617001,-6.934,-7.169,459.017,171.196
157.631974,-6.700,-6.700,459.252,170.962
157.700999,-6.700,-6.934,459.721,170.727
157.800999,-6.700,-6.700,459.017,170.727
157.900999,-6.231,-6.934,459.252,170.962
158.000999,-6.700,-6.465,459.252,171.196
158.100999,-6.700,-6.934,458.549,170.727
158.200999,-6.231,-6.700,458.783,170.259
158.300999,-6.700,-6.465,459.017,170.493
158.400999,-6.700,-6.934,459.252,170.962
158.616000,-6.700,-6.700,459.017,170.727
158.630974,-6.465,-6.465,459.017,170.962
158.700999,-6.934,-6.465,458.549,170.727
158.800999,-6.934,-6.465,459.017,170.962
158.900999,-6.700,-7.169,459.486,170.259
159.000999,-6.700,-6.700,459.252,170.493
159.100999,-6.934,-6.465,459.017,170.727
159.200999,-6.465,-6.934,459.252,170.962
159.300999,-6.700,-6.700,459.252,170.727
159.400999,-6.465,-6.465,459.252,170.259
159.617000,-6.700,-6.700,459.252,170.727
159.631974,-7.169,-6.934,459.252,171.196
159.700999,-6.934,-6.231,459.252,170.727
159.800999,-6.465,-6.231,458.549,170.493
159.900999,-6.934,-6.700,459.017,170.493
160.000999,-6.934,-6.700,459.017,170.962
160.100999,-6.700,-6.700,458.783,171.196
160.200999,-6.465,-6.465,459.017,170.493
160.300999,-6.465,-6.700,459.252,170.962
160.400999,-6.700,-6.700,458.783,170.727
160.617000,-6.465,-6.700,459.017,170.962
160.631974,-6.700,-6.700,459.252,170.962
160.700999,-6.700,-6.465,459.017,170.727
160.800999,-6.465,-6.465,459.017,170.962
160.900999,-6.465,-6.700,459.017,170.727
161.000999,-6.231,-6.934,459.486,170.727
161.100999,-6.700,-6.934,459.252,170.962
161.200999,-6.934,-6.231,459.252,170.962
161.300999,-6.465,-6.465,459.017,171.196
161.400999,-6.231,-7.169,459.486,170.962
161.617001,-6.700,-6.700,459.017,170.493
161.631974,-6.231,-6.231,459.017,170.493
161.700999,-6.231,-6.700,459.252,170.493
161.800999,-6.465,-6.934,459.252,170.493
161.900999,-6.700,-6.465,459.486,170.727
162.000999,-6.934,-6.465,459.017,170.259
162.100999,-6.465,-6.465,459.017,170.259
162.200999,-6.465,-6.700,459.017,170.493
162.300999,-6.465,-6.231,459.252,170.962
162.400999,-6.231,-6.231,459.017,170.727
162.617001,-6.934,-7.169,459.252,170.962
162.631974,-6.700,-6.465,459.252,170.259
162.700999,-6.934,-6.934,459.017,170.493
162.800999,-6.231,-6.465,459.252,170.727
162.900999,-6.465,-6.465,459.017,170.962
163.000999,-6.465,-6.700,459.252,170.727
163.100999,-6.934,-6.700,459.252,170.962
163.200999,-6.700,-6.465,459.486,170.259
163.300999,-6.465,-6.934,459.017,170.727
163.400999,-6.465,-6.700,459.017,171.196
163.617000,-6.465,-6.465,459.017,170.962
163.631974,-6.465,-6.465,459.017,170.493
163.700999,-6.700,-6.465,459.252,170.493
163.800999,-6.231,-6.934,459.017,170.727
163.900999,-6.231,-6.700,459.252,170.727
164.000999,-6.700,-5.997,459.017,170.493
164.100999,-6.700,-7.169,458.783,170.962
164.200999,-6.700,-6.231,459.721,171.196
164.300999,-6.934,-6.700,459.486,170.259
164.400999,-6.700,-6.934,458.783,170.493
164.617001,-6.465,-6.465,459.252,170.727
164.631974,-6.700,-6.700,459.017,170.727
164.700999,-6.231,-6.700,459.017,171.196
164.800999,-6.465,-6.465,459.486,170.727
164.900999,-6.465,-6.700,459.486,170.727
165.000999,-6.934,-6.231,459.486,170.727
165.100999,-6.700,-6.700,459.252,170.259
165.200999,-6.465,-6.465,459.721,170.727
165.300999,-6.700,-6.465,459.017,170.493
165.400999,-6.700,-6.700,459.252,170.493
165.617000,-6.465,-6.700,459.017,170.727
165.631974,-6.231,-6.700,458.783,170.493
165.700999,-6.700,-6.700,459.017,170.493
165.800999,-6.465,-6.465,458.783,170.493
165.900999,-6.700,-6.700,459.486,170.962
166.000999,-6.465,-6.700,459.486,170.962
166.100999,-6.465,-6.465,458.783,170.259
166.200999,-6.465,-6.700,459.017,170.259
166.300999,-6.465,-6.465,459.252,170.727
166.400999,-6.465,-6.934,459.017,170.493
166.616000,-6.465,-6.700,458.783,170.727
166.630974,-6.231,-6.465,459.017,170.727
166.700999,-6.465,-6.934,459.252,170.727
166.800999,-6.465,-6.700,459.252,171.431
166.900999,-6.700,-6.934,459.486,170.727
167.000999,-6.465,-7.169,458.783,170.962
167.100999,-6.934,-6.465,459.486,170.493
167.200999,-6.465,-6.465,459.486,170.727
167.300999,-6.465,-6.934,459.252,171.196
167.400999,-6.231,-6.231,459.252,170.259
167.617001,-7.169,-6.231,459.252,170.727
167.631974,-6.465,-6.465,459.486,170.727
167.700999,-6.465,-6.465,459.017,170.727
167.800999,-6.700,-6.465,459.486,170.727
167.900999,-6.700,-7.169,459.252,170.727
168.000999,-6.231,-6.934,459.486,170.493
168.100999,-6.934,-6.934,459.017,170.727
168.200999,-6.465,-6.700,459.252,170.493
168.300999,-6.700,-6.934,458.783,171.196
168.400999,-6.465,-6.465,459.252,170.259
168.617000,-6.465,-6.934,459.252,170.259
168.631974,-6.465,-6.934,459.252,170.727
168.700999,-6.934,-6.700,459.017,170.727
168.800999,-6.934,-6.934,459.017,170.493
168.900999,-6.465,-6.700,459.017,170.493
169.000999,-6.934,-6.465,459.017,170.493
169.100999,-7.169,-6.700,459.252,170.727
169.200999,-6.700,-6.465,459.017,170.493
169.300999,-6.465,-6.465,459.017,170.727
169.400999,-7.403,-6.934,458.783,170.962
169.617001,-6.465,-6.465,458.783,170.727
169.631974,-6.231,-6.700,459.721,170.493
169.700999,-6.231,-6.700,459.017,170.727
169.800999,-6.231,-6.700,459.252,170.962
169.900999,-6.700,-6.700,459.017,170.493
170.000999,-6.934,-6.700,459.017,170.493
170.100999,-6.700,-6.700,458.783,170.727
170.200999,-6.700,-6.231,459.252,170.259
170.300999,-6.700,-6.465,458.783,170.493
170.400999,-6.700,-6.700,459.252,170.493
170.617001,-6.700,-6.700,459.252,170.493
170.631974,-6.700,-6.934,459.017,170.493
170.700999,-6.465,-6.465,459.017,170.727
170.800999,-6.700,-6.465,459.486,170.962
170.900999,-6.231,-6.231,459.252,170.727
171.000999,-6.700,-6.465,459.486,170.727
171.100999,-6.465,-6.700,458.783,170.493
171.200999,-7.169,-6.231,458.783,170.493
171.300999,-6.934,-6.700,459.252,170.259
171.400999,-6.700,-6.700,459.486,170.493
171.616001,-6.700,-6.700,459.017,170.493
171.630974,-6.700,-6.465,459.017,171.196
171.700999,-6.934,-6.934,459.486,170.493
171.800999,-6.700,-6.231,459.252,170.727
171.900999,-6.934,-6.700,459.017,170.727
172.000999,-6.465,-6.934,459.252,170.962
172.100999,-6.700,-6.465,459.486,170.493
172.200999,-5.997,-6.231,459.017,170.727
172.300999,-6.465,-6.700,459.017,170.727
172.400999,-6.231,-6.465,458.783,170.727
172.617000,-6.465,-6.465,459.252,170.259
172.631974,-6.700,-6.465,459.017,170.962
172.700999,-6.465,-7.169,459.252,170.962
172.800999,-6.465,-6.700,459.486,170.493
172.900999,-6.465,-6.934,459.252,170.727
173.000999,-6.465,-6.465,459.017,170.259
173.100999,-6.465,-6.700,459.252,170.493
173.200999,-6.465,-6.465,459.486,170.727
173.300999,-6.465,-6.700,459.017,170.727
173.400999,-6.700,-6.700,459.252,170.727
173.617001,-6.700,-6.934,459.486,170.024
173.631974,-6.700,-6.700,459.017,170.962
173.700999,-6.934,-6.934,459.017,170.962
173.800999,-6.465,-6.465,459.252,170.727
173.900999,-6.700,-6.465,459.017,170.727
174.000999,-6.700,-6.465,459.017,170.727
174.100999,-6.700,-6.231,459.252,170.727
174.200999,-6.934,-6.700,459.017,170.493
174.300999,-6.700,-5.997,459.486,170.493
174.400999,-6.465,-6.231,459.017,170.493
174.617000,-6.465,-6.700,459.486,170.962
174.631974,-6.465,-6.934,459.486,170.493
174.700999,-6.934,-6.465,459.017,170.727
174.800999,-6.465,-6.700,459.017,170.493
174.900999,-6.465,-6.700,459.252,170.493
175.000999,-6.231,-7.169,459.017,170.259
175.100999,-6.700,-6.934,459.486,170.727
175.200999,-6.700,-6.700,459.017,170.962
175.300999,-6.934,-6.700,459.252,170.493
175.400999,-6.934,-6.700,459.252,170.493
175.617001,-6.700,-6.934,459.486,170.493
175.631974,-6.465,-7.169,459.486,170.493
175.700999,-6.934,-6.700,459.486,170.727
175.800999,-6.700,-6.465,459.252,170.727
175.900999,-6.465,-6.231,459.721,170.259
176.000999,-6.465,-6.934,459.017,170.259
176.100999,-6.934,-6.465,458.783,170.259
176.200999,-6.231,-5.997,459.252,170.493
176.300999,-6.934,-6.700,458.549,170.962
176.400999,-6.700,-6.700,459.252,170.024
176.617000,-6.700,-6.700,459.486,170.259
176.631974,-6.231,-6.934,459.252,170.259
176.700999,-6.700,-7.169,458.783,170.727
176.800999,-6.465,-6.231,459.017,171.431
176.900999,-6.700,-6.465,459.252,170.259
177.000999,-6.231,-6.465,459.017,170.259
177.100999,-6.465,-6.465,458.783,170.259
177.200999,-6.700,-6.700,459.252,170.493
177.300999,-6.700,-6.934,459.252,170.259
177.400999,-6.700,-6.700,459.252,170.962
177.617000,-6.231,-6.700,459.017,170.259
177.631974,-6.231,-6.700,459.486,170.493
177.700999,-6.465,-6.700,459.017,170.493
177.800999,-6.700,-6.231,459.252,170.024
177.900999,-5.997,-5.997,459.486,170.727
178.000999,-6.465,-6.700,458.783,170.259
178.100999,-6.934,-6.700,459.017,170.024
178.200999,-6.465,-6.231,458.783,170.493
178.300999,-6.700,-6.700,459.252,170.727
178.400999,-6.465,-6.231,459.017,170.259
178.617000,-6.700,-6.700,459.017,170.259
178.631974,-6.934,-6.465,459.486,170.493
178.700999,-6.934,-6.934,458.783,170.259
178.800999,-6.231,-6.465,459.486,170.493
178.900999,-6.700,-6.465,459.252,170.493
179.000999,-6.465,-6.700,459.486,170.024
179.100999,-6.700,-6.700,459.017,170.493
179.200999,-6.231,-6.465,459.252,170.024
179.300999,-6.700,-6.934,459.252,170.727
179.400999,-6.934,-6.700,459.017,170.493
179.616000,-6.700,-6.700,459.252,170.259
179.630974,-6.700,-6.700,458.783,170.493
179.700999,-6.700,-6.934,459.252,169.790
179.800999,-6.465,-6.700,459.252,170.493
179.900999,-6.231,-6.700,459.252,170.259
180.000999,-6.465,-6.934,459.486,170.024
180.100999,-6.700,-6.700,459.017,170.493
180.200999,-6.700,-6.700,458.783,170.024
180.300999,-6.934,-6.231,458.783,170.493
180.400999,-6.465,-6.465,459.017,170.727
180.617001,-6.231,-6.700,459.017,170.493
180.631974,-6.465,-6.700,459.486,170.727
180.700999,-6.465,-6.700,459.017,170.493
180.800999,-6.700,-6.700,458.783,170.259
180.900999,-5.997,-6.465,459.252,170.493
181.000999,-6.700,-6.231,459.252,170.493
181.100999,-6.231,-6.231,459.252,170.493
181.200999,-6.700,-6.700,459.017,170.024
181.300999,-6.934,-6.465,459.252,170.493
181.400999,-6.465,-6.465,459.486,170.727
181.617001,-6.465,-6.700,459.252,170.024
181.631974,-6.934,-6.465,459.017,170.259
181.700999,-6.231,-6.934,459.486,170.259
181.800999,-6.700,-6.231,458.549,170.493
181.900999,-6.934,-6.465,459.252,170.024
182.000999,-6.465,-6.700,459.252,170.493
182.100999,-6.465,-7.169,459.252,170.259
182.200999,-6.700,-5.762,459.252,170.493
182.300999,-6.700,-6.700,459.486,170.493
182.400999,-6.465,-6.231,459.252,170.259
182.617000,-6.700,-6.700,459.252,170.259
182.631974,-6.465,-6.700,459.486,170.493
182.700999,-6.465,-6.934,459.486,170.024
182.800999,-6.700,-7.169,459.252,170.493
182.900999,-6.700,-6.700,459.017,170.259
183.000999,-6.700,-6.465,459.017,170.493
183.100999,-6.465,-6.700,459.486,170.259
183.200999,-6.465,-6.465,459.252,170.259
183.300999,-6.465,-6.700,459.721,170.493
183.400999,-6.700,-6.934,459.017,170.259
183.617001,-6.465,-6.700,459.252,170.493
183.631974,-6.934,-6.700,459.017,170.024
183.700999,-6.934,-6.465,459.252,170.259
183.800999,-6.465,-6.700,458.783,170.259
183.900999,-6.700,-6.231,459.252,170.727
184.000999,-5.997,-6.465,459.252,170.259
184.100999,-6.934,-6.700,458.783,170.024
184.200999,-6.465,-6.465,459.252,170.259
184.300999,-6.700,-6.700,459.252,170.727
184.400999,-6.700,-6.934,459.252,170.493
184.616000,-6.231,-6.700,458.549,170.493
184.630974,-6.465,-6.700,458.314,170.259
184.700999,-6.700,-6.934,459.252,170.024
184.800999,-6.700,-6.934,459.017,170.493
184.900999,-6.700,-6.700,459.486,170.259
185.000999,-6.934,-6.934,459.486,169.790
185.100999,-6.934,-6.934,459.252,170.259
185.200999,-6.465,-6.700,459.252,170.024
185.300999,-6.700,-6.700,458.783,169.790
185.400999,-6.465,-6.465,459.486,170.024
185.617000,-6.934,-6.465,459.252,170.024
185.631974,-7.169,-6.700,458.783,170.493
185.700999,-6.700,-7.169,459.252,170.024
185.800999,-6.465,-6.465,459.017,170.259
185.900999,-6.700,-6.700,459.486,169.790
186.000999,-6.934,-6.465,459.486,170.259
186.100999,-6.700,-6.934,459.252,170.024
186.200999,-6.700,-7.169,459.486,170.727
186.300999,-6.934,-6.465,459.017,170.259
186.400999,-6.934,-6.700,459.017,170.024
186.617000,-6.465,-6.934,459.017,169.790
186.631974,-6.465,-6.465,459.486,170.259
186.700999,-6.465,-6.465,459.017,170.259
186.800999,-6.700,-6.700,459.017,170.493
186.900999,-6.934,-6.934,459.486,170.727
187.000999,-6.700,-6.700,459.252,170.024
187.100999,-6.231,-7.169,459.252,170.259
187.200999,-6.465,-6.700,458.783,170.024
187.300999,-6.231,-6.700,459.252,170.493
187.400999,-6.934,-6.465,459.252,170.493
187.617001,-6.465,-6.700,459.017,170.259
187.631974,-6.700,-6.231,459.252,170.024
187.700999,-6.465,-6.465,459.252,170.259
187.800999,-6.465,-6.231,459.252,170.493
187.900999,-6.700,-6.231,459.017,170.259
188.000999,-6.700,-6.934,459.017,170.024
188.100999,-6.465,-7.169,459.252,170.259
188.200999,-6.934,-6.700,459.017,170.024
188.300999,-6.465,-6.934,459.017,170.024
188.400999,-6.934,-6.231,459.486,170.259
188.617001,-6.465,-6.700,458.783,170.259
188.631974,-6.700,-6.934,459.017,170.493
188.700999,-6.700,-6.465,459.252,170.259
188.800999,-6.934,-6.700,459.486,170.024
188.900999,-6.465,-6.231,459.252,170.024
189.000999,-6.465,-6.934,459.252,170.259
189.100999,-6.465,-6.465,459.486,170.259
189.200999,-6.700,-6.700,459.017,170.259
189.300999,-6.465,-6.934,459.252,169.790
189.400999,-5.997,-6.700,459.252,170.259
189.617000,-6.700,-6.934,459.252,170.727
189.631974,-6.465,-6.465,459.017,170.259
189.700999,-6.465,-6.231,459.486,170.024
189.800999,-6.465,-6.465,459.017,170.493
189.900999,-6.700,-6.465,459.252,170.259
190.000999,-7.169,-6.700,458.783,170.259
190.100999,-6.465,-6.700,459.017,170.259
190.200999,-6.231,-6.700,459.252,169.790
190.300999,-6.934,-6.465,459.486,170.259
190.400999,-6.700,-6.700,459.017,170.259
190.617000,-6.465,-7.169,458.783,170.259
190.631974,-6.700,-6.700,459.486,170.259
190.700999,-6.465,-6.465,459.017,170.493
190.800999,-6.700,-6.465,459.252,169.790
190.900999,-6.231,-6.465,459.017,170.259
191.000999,-6.465,-6.934,459.017,170.727
191.100999,-6.700,-6.465,459.252,169.555
191.200999,-6.700,-6.231,458.783,170.259
191.300999,-6.231,-6.465,459.721,170.259
191.400999,-6.465,-6.465,459.252,170.493
191.617000,-6.934,-6.700,459.017,170.024
191.631974,-7.169,-6.465,459.252,170.493
191.700999,-6.465,-6.465,459.252,170.259
191.800999,-6.700,-6.700,459.017,170.024
191.900999,-6.465,-6.465,459.252,170.259
192.000999,-6.700,-6.465,459.486,170.024
192.100999,-6.700,-6.231,459.252,170.493
192.200999,-6.700,-6.465,459.252,170.024
192.300999,-6.231,-6.231,459.017,170.024
192.400999,-6.465,-6.934,459.486,170.024
192.616001,-6.700,-6.700,459.486,170.259
192.630974,-6.465,-6.465,459.252,170.259
192.700999,-6.465,-6.700,459.017,170.024
192.800999,-6.700,-6.700,459.486,169.790
192.900999,-6.231,-6.465,459.486,170.024
193.000999,-6.700,-6.465,459.017,170.259
193.100999,-7.169,-6.700,459.721,170.024
193.200999,-6.465,-6.231,459.252,170.024
193.300999,-6.934,-6.700,459.486,170.259
193.400999,-6.465,-7.169,459.252,169.790
193.617000,-6.700,-6.465,458.549,169.790
193.631974,-6.700,-6.700,458.549,169.555
193.700999,-6.465,-6.465,459.252,170.259
193.800999,-6.465,-6.700,459.017,170.259
193.900999,-6.700,-6.700,459.017,170.493
194.000999,-7.403,-6.231,459.486,169.790
194.100999,-6.934,-6.465,459.252,170.259
194.200999,-6.231,-6.465,459.252,170.259
194.300999,-6.465,-6.465,459.486,170.259
194.400999,-6.465,-6.465,459.252,170.024
194.617000,-6.465,-6.700,459.252,170.024
194.631974,-6.231,-6.700,459.486,170.259
194.700999,-6.465,-6.465,458.783,170.024
194.800999,-6.465,-6.700,459.017,170.024
194.900999,-6.934,-6.465,459.486,170.259
195.000999,-6.231,-6.465,459.252,170.024
195.100999,-6.934,-6.465,459.486,170.024
195.200999,-6.934,-6.700,459.017,170.024
195.300999,-6.934,-6.700,459.486,170.024
195.400999,-6.934,-6.465,458.549,170.024
195.617001,-6.465,-6.934,459.252,170.024
195.631974,-6.231,-6.465,459.486,170.259
195.700999,-6.934,-6.700,459.252,169.790
195.800999,-6.700,-6.700,459.486,170.493
195.900999,-6.700,-6.934,459.252,170.259
196.000999,-6.231,-6.700,459.721,170.259
196.100999,-6.700,-6.700,458.783,170.024
196.200999,-6.465,-6.465,458.783,169.790
196.300999,-6.700,-5.997,459.252,170.024
196.400999,-6.700,-6.934,459.486,170.259
196.617000,-6.934,-6.700,458.783,170.259
196.631974,-6.465,-6.700,459.486,169.555
196.700999,-6.465,-6.934,458.783,170.024
196.800999,-6.700,-6.465,459.252,170.024
196.900999,-6.465,-6.934,459.486,169.555
197.000999,-6.465,-6.700,458.549,170.259
197.100999,-6.700,-7.169,459.486,170.024
197.200999,-6.700,-6.465,459.017,169.790
197.300999,-6.465,-6.231,459.017,170.493
197.400999,-6.465,-6.465,459.017,170.024
197.616000,-6.465,-6.700,459.252,170.493
197.630974,-6.231,-6.465,459.721,170.493
197.700999,-6.700,-6.934,459.017,170.493
197.800999,-5.997,-6.934,459.252,170.259
197.900999,-6.700,-6.700,459.017,170.024
198.000999,-6.700,-6.700,459.486,170.259
198.100999,-6.700,-6.934,459.017,169.555
198.200999,-6.231,-6.465,459.486,170.024
198.300999,-6.934,-6.465,459.017,170.727
198.400999,-7.169,-6.700,459.252,169.790
198.617000,-6.700,-6.934,459.252,170.259
198.631974,-6.465,-6.700,459.955,169.555
198.700999,-6.700,-6.934,458.783,170.024
198.800999,-7.169,-6.465,459.017,170.024
198.900999,-6.700,-6.700,459.017,170.024
199.000999,-6.934,-6.465,459.252,170.493
199.100999,-6.700,-6.700,459.252,170.024
199.200999,-7.169,-6.934,459.252,169.790
199.300999,-6.465,-6.465,459.017,170.024
199.400999,-6.700,-6.700,459.017,169.790
199.617001,-6.231,-6.465,459.252,169.790
199.631974,-7.169,-6.231,459.252,170.024
199.700999,-6.465,-7.403,459.486,169.555
199.800999,-5.997,-6.934,459.017,169.790
199.900999,-6.934,-6.465,459.017,170.024
200.000999,-6.465,-6.700,459.017,169.790
200.100999,-6.700,-6.700,459.486,169.555
200.200999,-6.700,-6.700,459.252,170.259
200.300999,-6.934,-6.700,459.017,170.024
200.400999,-6.465,-6.934,459.252,170.024
200.617001,-6.465,-6.465,459.252,170.259
200.631974,-6.934,-6.465,458.783,169.790
200.700999,-6.934,-6.465,459.017,169.790
200.800999,-6.700,-5.997,459.721,170.024
200.900999,-6.934,-6.700,459.017,170.024
201.000999,-6.465,-6.934,459.252,170.024
201.100999,-6.700,-6.700,459.252,170.024
201.200999,-6.465,-6.700,459.486,169.790
201.300999,-6.465,-6.465,459.252,170.259
201.400999,-6.700,-6.465,459.252,170.493
201.617000,-6.465,-6.934,459.017,170.727
201.631974,-6.934,-6.465,459.252,169.790
201.700999,-6.465,-6.700,459.252,170.259
201.800999,-6.465,-6.700,459.017,170.259
201.900999,-6.465,-6.700,459.486,170.024
202.000999,-6.934,-6.465,458.783,170.259
202.100999,-6.700,-6.465,459.017,169.555
202.200999,-6.465,-6.700,459.252,170.024
202.300999,-6.934,-6.934,459.252,169.555
202.400999,-6.700,-5.762,459.486,169.555
202.617000,-6.465,-6.700,459.017,169.790
202.631974,-6.231,-6.231,459.252,170.024
202.700999,-6.231,-6.934,459.486,170.024
202.800999,-6.465,-6.700,458.314,169.790
202.900999,-6.465,-6.934,458.783,170.024
203.000999,-6.465,-6.700,459.486,170.024
203.100999,-6.231,-6.934,459.017,170.024
203.200999,-6.934,-6.700,459.252,170.024
203.300999,-6.700,-6.934,459.252,170.024
203.400999,-6.700,-6.934,459.252,170.259
203.617001,-6.700,-6.465,459.252,170.259
203.631974,-6.231,-7.169,459.252,169.790
203.700999,-6.700,-6.465,459.721,170.493
203.800999,-6.465,-6.700,459.252,170.024
203.900999,-6.934,-6.700,458.783,170.259
204.000999,-6.465,-6.934,459.721,169.790
204.100999,-6.700,-6.700,459.486,170.024
204.200999,-6.465,-6.934,459.721,170.259
204.300999,-6.465,-6.700,459.252,169.321
204.400999,-6.700,-6.465,459.017,169.790
204.617000,-6.700,-6.700,459.252,170.024
204.631974,-6.465,-6.465,459.252,169.321
204.700999,-6.934,-6.934,459.486,169.790
204.800999,-6.700,-5.997,458.783,169.790
204.900999,-6.934,-6.700,459.486,170.259
205.000999,-6.700,-6.934,459.017,170.024
205.100999,-6.465,-6.700,459.252,169.555
205.200999,-6.934,-6.465,459.252,170.024
205.300999,-6.465,-6.231,459.017,169.790
205.400999,-6.231,-6.700,459.486,169.790
205.616000,-6.700,-6.465,458.783,170.024
205.630974,-6.700,-6.700,459.017,169.790
205.700999,-5.997,-6.700,459.252,169.321
205.800999,-6.465,-6.934,459.017,169.555
205.900999,-6.934,-6.700,459.252,170.024
206.000999,-6.700,-6.934,458.783,169.790
206.100999,-6.700,-6.700,459.252,169.790
206.200999,-6.465,-6.465,459.252,170.024
206.300999,-6.465,-7.169,459.252,170.493
206.400999,-6.465,-6.465,459.017,169.555
206.617000,-6.700,-6.700,459.017,169.790
206.631974,-6.934,-6.465,459.017,169.790
206.700999,-6.934,-6.934,459.017,170.024
206.800999,-6.465,-6.700,459.017,169.555
206.900999,-6.700,-6.700,458.783,169.790
207.000999,-6.231,-7.169,459.017,170.024
207.100999,-6.700,-6.700,459.252,169.321
207.200999,-6.934,-6.465,459.017,170.024
207.300999,-6.700,-6.700,459.017,170.259
207.400999,-6.934,-6.700,458.783,170.024
207.617001,-6.700,-6.231,459.252,169.555
207.631974,-6.700,-6.700,459.017,169.790
207.700999,-6.465,-6.700,459.017,169.790
207.800999,-7.169,-6.700,459.017,169.790
207.900999,-6.700,-6.465,459.252,169.790
208.000999,-6.231,-6.231,459.017,169.790
208.100999,-6.465,-6.700,458.549,170.259
208.200999,-6.934,-6.934,459.252,169.790
208.300999,-6.231,-6.700,459.721,169.555
208.400999,-5.997,-6.465,458.549,169.321
208.617000,-6.465,-6.700,459.252,170.024
208.631974,-6.231,-6.700,459.017,170.024
208.700999,-6.700,-6.700,459.017,169.790
208.800999,-6.465,-7.403,459.017,170.259
208.900999,-6.465,-6.934,458.549,170.259
209.000999,-6.231,-6.700,459.252,170.024
209.100999,-6.934,-6.465,459.252,170.024
209.200999,-6.700,-6.700,459.252,170.024
209.300999,-7.169,-6.934,459.017,169.790
209.400999,-6.465,-6.934,459.017,169.555
209.617001,-6.700,-6.465,458.783,169.790
209.631974,-6.231,-6.700,459.017,170.024
209.700999,-6.465,-6.465,458.783,170.024
209.800999,-6.465,-6.934,459.252,169.790
209.900999,-6.465,-6.934,459.017,170.259
210.000999,-6.934,-7.169,459.721,169.087
210.100999,-6.231,-6.700,459.017,169.555
210.200999,-6.934,-5.997,459.017,169.555
210.300999,-6.465,-6.700,459.486,169.790
210.400999,-6.700,-6.465,459.017,169.555
210.616000,-6.465,-6.465,458.783,170.024
210.630974,-6.465,-6.465,459.017,169.790
210.700999,-6.700,-6.465,459.252,170.259
210.800999,-6.700,-6.465,459.486,169.790
210.900999,-6.231,-6.934,459.486,169.555
211.000999,-6.700,-6.700,459.252,169.555
211.100999,-6.465,-6.700,458.783,169.555
211.200999,-6.700,-6.465,459.486,170.024
211.300999,-6.465,-7.403,459.017,170.024
211.400999,-6.465,-6.700,459.252,169.555
211.617000,-6.465,-6.700,459.017,169.555
211.631974,-5.997,-6.934,459.252,169.790
211.700999,-6.231,-6.700,459.017,169.555
211.800999,-6.465,-6.700,459.252,170.024
211.900999,-6.465,-6.700,459.017,169.321
212.000999,-6.700,-6.700,459.252,170.024
212.100999,-6.700,-6.700,458.783,169.790
212.200999,-6.465,-6.465,459.252,169.555
212.300999,-6.700,-6.465,459.721,170.024
212.400999,-6.465,-6.700,459.486,170.259
212.617000,-5.997,-6.465,458.783,169.790
212.631974,-6.934,-6.934,459.486,169.555
212.700999,-6.700,-7.403,459.252,169.555
212.800999,-6.465,-6.465,459.252,170.024
212.900999,-6.465,-6.700,459.486,170.024
213.000999,-6.934,-6.231,459.017,169.321
213.100999,-6.934,-6.934,459.017,169.555
213.200999,-6.934,-6.700,459.486,169.790
213.300999,-6.700,-6.700,459.017,169.555
213.400999,-6.700,-6.934,459.017,169.790
213.617001,-6.465,-6.700,459.252,169.555
213.631974,-6.934,-6.700,458.783,169.555
213.700999,-6.465,-6.465,458.549,169.321
213.800999,-6.700,-7.169,459.252,169.321
213.900999,-6.465,-6.700,459.017,169.555
214.000999,-6.700,-6.934,459.017,169.555
214.100999,-6.700,-6.465,459.252,169.555
214.200999,-6.700,-6.465,459.017,169.790
214.300999,-7.169,-6.934,459.486,169.555
214.400999,-6.700,-6.934,458.783,169.321
214.617000,-6.934,-6.700,459.252,169.555
214.631974,-6.700,-6.465,459.017,169.555
214.700999,-6.700,-6.700,459.017,169.790
214.800999,-6.700,-6.700,459.017,169.321
214.900999,-6.465,-6.465,458.549,169.790
215.000999,-6.700,-6.700,459.017,169.321
215.100999,-6.700,-6.465,459.017,169.087
215.200999,-7.169,-6.700,459.252,169.790
215.300999,-7.169,-6.934,458.783,169.321
215.400999,-6.934,-6.465,459.017,169.790
215.617000,-6.700,-6.700,459.017,169.790
215.631974,-6.700,-6.934,458.783,169.555
215.700999,-6.700,-6.700,459.017,169.321
215.800999,-6.700,-7.169,459.017,169.555
215.900999,-6.934,-6.934,459.017,169.555
216.000999,-6.934,-7.169,458.783,169.321
216.100999,-6.700,-6.700,459.017,169.321
216.200999,-6.934,-6.700,458.783,169.555
216.300999,-6.700,-6.934,459.017,169.321
216.400999,-6.700,-6.934,459.017,169.555
216.617001,-6.700,-6.934,459.017,169.555
216.631974,-6.700,-6.700,458.783,169.321
216.700999,-6.934,-6.934,458.783,169.555
216.800999,-6.700,-6.934,459.017,169.321
216.900999,-6.700,-6.700,459.017,169.555
217.000999,-6.700,-6.700,459.017,169.321
217.100999,-6.700,-6.934,459.017,169.321
217.200999,-6.700,-6.934,458.783,169.321
217.300999,-6.934,-6.700,459.017,169.555
217.400999,-6.700,-6.934,459.017,169.555
217.625000,-6.934,-6.465,459.252,169.321
217.639974,-6.934,-6.700,459.017,169.555
217.700999,-6.700,-6.934,458.783,169.555
217.800999,-6.465,-6.700,458.783,169.321
217.900999,-6.700,-6.700,459.017,169.321
218.000999,-6.700,-6.700,458.783,169.321
218.100999,-6.700,-6.700,459.017,169.321
218.200999,-6.700,-6.934,459.252,169.555
218.300999,-6.934,-6.700,458.783,169.321
218.400999,-6.700,-6.700,458.783,169.087
218.617000,-6.231,-6.934,458.783,169.790
218.631974,-6.700,-6.700,458.783,169.555
218.700999,-6.700,-6.700,459.017,169.321
218.800999,-6.465,-6.700,458.783,169.321
218.900999,-6.700,-6.700,459.017,169.321
219.000999,-6.700,-6.700,458.783,169.087
219.100999,-6.700,-6.934,458.783,169.321
219.200999,-6.465,-6.700,459.017,169.555
219.300999,-6.934,-6.700,458.783,169.321
219.400999,-6.934,-6.700,459.017,169.087
219.617001,-6.700,-6.934,459.017,169.321
219.631974,-6.934,-6.700,459.252,169.321
219.700999,-6.700,-6.465,459.017,169.321
219.800999,-6.465,-6.700,458.783,169.555
219.900999,-6.465,-6.934,459.017,169.555
220.000999,-6.700,-6.700,458.783,169.555
220.100999,-6.700,-6.465,459.017,169.790
220.200999,-6.700,-6.934,459.017,169.555
220.300999,-6.700,-6.700,459.017,169.555
220.400999,-6.700,-6.700,459.252,169.321
220.617000,-6.700,-6.465,459.017,169.087
220.631974,-6.934,-6.465,459.017,169.321
220.700999,-6.934,-6.700,458.783,169.555
220.800999,-6.934,-6.934,458.783,169.321
220.900999,-6.934,-6.700,459.252,169.555
221.000999,-6.700,-6.465,459.252,169.790
221.100999,-6.700,-6.700,459.017,170.024
221.200999,-6.465,-6.700,459.721,170.024
221.300999,-7.169,-6.231,459.252,169.790
221.400999,-6.465,-6.700,459.017,169.555
221.617001,-6.465,-6.934,459.017,169.321
221.631974,-6.465,-6.934,459.017,169.321
221.700999,-6.700,-6.700,459.017,169.555
221.800999,-6.934,-6.934,459.017,169.321
221.900999,-6.700,-6.700,459.017,169.321
222.000999,-6.700,-6.934,459.017,169.555
222.100999,-6.465,-6.934,459.252,169.321
222.200999,-6.934,-6.700,459.017,169.321
222.300999,-6.700,-6.934,459.017,169.321
222.400999,-6.934,-6.700,459.017,169.321
222.617000,-6.465,-6.934,459.017,169.321
222.631974,-6.700,-6.465,459.017,169.321
222.700999,-6.700,-6.700,459.017,169.321
222.800999,-6.700,-6.700,458.783,169.321
222.900999,-6.700,-6.700,459.017,169.321
223.000999,-6.700,-6.934,459.017,169.321
223.100999,-6.700,-6.700,459.017,169.321
223.200999,-6.465,-6.700,459.017,169.087
223.300999,-6.700,-6.465,459.017,169.555
223.400999,-6.934,-6.700,459.252,169.321
223.616000,-6.934,-6.700,458.783,169.555
223.630974,-6.934,-6.465,458.783,169.087
223.700999,-6.700,-6.700,459.017,169.321
223.800999,-6.465,-6.934,458.783,169.555
223.900999,-6.700,-6.934,459.017,169.555
224.000999,-6.934,-6.700,459.017,169.555
224.100999,-6.700,-6.700,459.252,169.321
224.200999,-6.934,-6.700,458.783,169.087
224.300999,-6.700,-6.700,458.783,169.321
224.400999,-6.934,-7.169,459.017,169.321
224.617000,-6.934,-6.934,459.017,169.321
224.631974,-6.700,-6.700,459.017,169.321
224.700999,-6.700,-6.700,459.252,169.321
224.800999,-6.465,-6.700,459.017,169.087
224.900999,-6.700,-6.700,459.017,169.321
225.000999,-6.465,-6.700,459.252,169.321
225.100999,-6.700,-6.934,459.017,169.321
225.200999,-6.700,-6.934,459.017,169.321
225.300999,-6.700,-6.700,459.017,169.321
225.400999,-6.700,-6.934,459.017,169.555
225.617001,-6.700,-6.934,458.783,169.321
225.631974,-6.700,-6.934,458.783,169.321
225.700999,-6.934,-6.934,459.252,169.321
225.800999,-6.465,-6.700,459.017,169.555
225.900999,-6.700,-6.934,459.017,169.555
226.000999,-6.700,-6.700,459.017,169.087
226.100999,-6.934,-6.700,459.017,168.852
226.200999,-6.700,-6.700,459.017,169.087
226.300999,-6.700,-6.700,459.017,169.087
226.400999,-6.700,-6.934,458.549,169.321
226.617001,-6.700,-6.934,459.017,169.555
226.631974,-6.700,-7.169,458.783,168.852
226.700999,-6.934,-6.700,459.017,169.555
226.800999,-6.700,-6.934,459.017,169.555
226.900999,-6.700,-6.700,458.783,169.087
227.000999,-6.700,-6.700,459.017,169.087
227.100999,-6.700,-6.934,459.017,169.087
227.200999,-6.700,-7.169,459.017,169.087
227.300999,-6.700,-6.700,459.017,169.321
227.400999,-6.934,-6.934,458.783,169.087
227.617000,-6.700,-6.934,458.783,169.555
227.631974,-6.700,-6.934,458.783,169.087
227.700999,-6.700,-6.700,459.252,169.321
227.800999,-6.700,-6.934,458.783,169.087
227.900999,-6.934,-6.934,458.783,169.321
228.000999,-6.934,-6.934,459.017,169.087
228.100999,-6.934,-7.169,459.017,169.087
228.200999,-6.700,-6.700,458.783,169.321
228.300999,-6.700,-6.700,459.017,169.087
228.400999,-6.700,-6.934,458.783,169.321
228.617000,-6.934,-6.934,459.017,169.321
228.631974,-6.700,-6.934,459.017,169.321
228.700999,-6.700,-6.700,459.017,169.321
228.800999,-6.700,-6.700,459.017,169.555
228.900999,-6.700,-6.934,458.783,169.087
229.000999,-6.465,-6.700,458.783,169.321
229.100999,-6.700,-6.700,459.017,169.087
229.200999,-6.700,-6.934,459.017,169.087
229.300999,-6.700,-6.700,458.783,169.321
229.400999,-6.700,-6.934,459.017,169.321
229.617001,-6.934,-6.934,458.783,169.087
229.631974,-6.700,-6.934,458.783,169.321
229.700999,-6.934,-6.700,459.017,169.321
229.800999,-6.700,-6.700,458.783,169.321
229.900999,-6.934,-6.700,459.017,169.321
230.000999,-6.700,-6.700,459.252,169.087
230.100999,-6.700,-6.700,458.783,169.087
230.200999,-6.934,-6.934,459.017,169.321
230.300999,-6.700,-6.700,459.017,168.852
230.400999,-6.700,-6.700,459.017,169.087
230.617000,-6.700,-6.934,459.017,169.087
230.631974,-6.465,-6.700,459.017,169.321
230.700999,-6.465,-6.700,459.017,169.087
230.800999,-6.700,-6.700,459.017,169.087
230.900999,-6.700,-6.700,458.783,169.087
231.000999,-6.700,-6.700,458.783,169.087
231.100999,-6.700,-6.700,459.017,169.321
231.200999,-6.700,-6.700,459.017,169.321
231.300999,-6.700,-6.934,459.017,169.321
231.400999,-6.700,-7.169,458.783,169.087
231.616000,-6.465,-6.700,459.017,169.321
231.630974,-6.934,-7.169,459.017,169.087
231.700999,-6.700,-6.700,458.783,168.852
231.800999,-6.700,-6.934,459.017,169.087
231.900999,-6.700,-6.934,459.017,169.087
232.000999,-6.934,-6.934,459.017,169.087
232.100999,-6.465,-6.934,459.017,169.087
232.200999,-6.700,-6.934,459.017,169.087
232.300999,-6.700,-6.700,459.017,169.087
232.400999,-6.700,-6.700,458.549,169.087
232.617001,-6.934,-6.700,459.017,169.087
232.631974,-6.465,-6.700,459.017,169.087
232.700999,-6.700,-6.934,458.783,169.087
232.800999,-6.934,-7.169,458.783,169.087
232.900999,-6.700,-6.934,458.783,168.852
233.000999,-6.700,-6.934,459.017,169.321
233.100999,-7.169,-6.934,458.783,169.087
233.200999,-6.700,-6.700,458.783,169.087
233.300999,-6.700,-6.700,458.783,169.087
233.400999,-6.934,-6.934,459.252,169.087
233.617001,-6.700,-6.934,459.017,169.321
233.631974,-6.700,-6.700,458.783,169.087
233.700999,-6.934,-6.700,458.783,168.852
233.800999,-6.700,-6.700,458.783,169.321
233.900999,-6.700,-6.700,458.783,169.087
234.000999,-6.700,-6.700,459.017,169.087
234.100999,-6.700,-6.700,459.017,169.087
234.200999,-6.934,-6.700,459.017,168.852
234.300999,-6.700,-6.934,459.017,169.087
234.400999,-6.934,-6.700,459.017,169.321
234.617001,-6.700,-6.700,459.017,168.852
234.631974,-6.465,-6.934,458.783,169.321
234.700999,-6.700,-7.169,459.017,168.852
234.800999,-6.934,-6.700,459.017,169.087
234.900999,-6.934,-6.465,458.783,169.087
235.000999,-6.700,-6.934,458.783,169.321
235.100999,-6.700,-6.700,459.017,168.852
235.200999,-6.700,-6.700,458.783,169.087
235.300999,-6.934,-6.934,459.017,168.852
235.400999,-6.700,-6.700,459.017,169.087
235.617000,-6.700,-6.934,459.017,169.087
235.631974,-6.700,-6.934,459.017,169.087
235.700999,-6.934,-6.700,458.783,169.087
235.800999,-6.700,-6.700,459.252,169.321
235.900999,-6.700,-6.700,459.017,169.087
236.000999,-6.465,-6.934,459.017,169.087
236.100999,-6.700,-6.934,459.017,168.852
236.200999,-6.700,-6.934,459.017,169.087
236.300999,-6.465,-6.700,459.017,168.852
236.400999,-6.934,-6.700,458.783,169.087
236.616000,-6.700,-6.700,459.017,169.087
236.630974,-6.700,-6.934,459.017,168.852
236.700999,-6.700,-7.169,458.783,169.087
236.800999,-6.700,-6.700,459.017,169.087
236.900999,-6.934,-6.700,459.017,169.087
237.000999,-6.700,-6.700,459.017,168.852
237.100999,-6.700,-6.700,458.783,168.852
237.200999,-6.934,-6.700,458.783,169.321
237.300999,-6.700,-6.700,459.017,169.321
237.400999,-6.700,-6.934,458.783,169.087
237.617000,-6.700,-6.700,458.783,169.087
237.631974,-6.700,-6.700,458.783,169.087
237.700999,-6.465,-6.700,459.017,169.087
237.800999,-6.934,-6.700,459.017,169.087
237.900999,-6.700,-6.700,459.017,169.087
238.000999,-6.700,-6.700,459.252,169.087
238.100999,-6.465,-6.700,459.017,169.087
238.200999,-6.700,-6.465,458.783,169.087
238.300999,-6.700,-6.934,459.017,169.087
238.400999,-6.934,-6.700,458.783,169.087
238.617001,-6.700,-6.934,459.017,169.087
238.631974,-6.700,-6.700,459.252,169.087
238.700999,-6.700,-6.700,459.252,169.087
238.800999,-6.934,-6.700,458.783,169.087
238.900999,-6.700,-6.934,459.252,169.087
239.000999,-6.700,-6.700,458.783,168.852
239.100999,-6.700,-6.700,459.252,169.087
239.200999,-6.700,-6.934,459.017,168.852
239.300999,-6.700,-7.169,459.017,168.852
239.400999,-6.934,-6.934,459.017,169.087
239.617000,-6.934,-6.934,459.017,169.087
239.631974,-6.700,-6.465,458.783,169.087
239.700999,-6.700,-6.700,458.783,169.087
239.800999,-6.934,-6.934,458.783,169.087
239.900999,-6.700,-6.700,459.252,168.852
240.000999,-6.934,-6.934,458.783,169.087
240.100999,-6.700,-6.700,458.549,169.087
240.200999,-6.934,-6.934,458.783,168.852
240.300999,-6.700,-6.700,459.017,-21.232
240.400999,-6.934,-6.700,458.783,-21.232
240.617000,-6.700,-6.700,458.783,-21.232
240.631974,-6.700,-6.465,459.017,-21.232
240.700999,-6.465,-6.700,458.783,-21.232
240.800999,-6.934,-6.700,459.017,-394.134
240.900999,-6.700,-6.700,459.017,169.087
241.000999,-6.700,-6.700,458.783,168.852
241.100999,-6.465,-6.700,458.783,168.852
241.200999,-6.700,-6.700,458.783,169.087
241.300999,-7.169,-6.700,458.783,168.852
241.400999,-6.700,-6.934,459.017,168.852
241.617000,-6.465,-6.700,459.017,168.852
241.631974,-6.700,-6.700,459.017,169.087
241.700999,-6.700,-6.700,458.783,169.087
241.800999,-6.700,-6.700,459.017,169.087
241.900999,-6.934,-6.934,458.783,168.852
242.000999,-6.700,-6.934,459.017,168.852
242.100999,-6.700,-6.700,458.783,168.852
242.200999,-6.700,-6.700,459.017,168.852
242.300999,-6.700,-6.700,458.783,168.852
242.400999,-6.465,-6.934,459.017,168.852
242.617001,-6.700,-6.934,458.783,168.852
242.631974,-6.700,-6.700,459.017,168.852
242.700999,-6.934,-6.700,458.783,168.852
242.800999,-6.700,-6.934,459.017,168.618
242.900999,-6.700,-6.700,458.783,168.852
243.000999,-6.700,-6.700,459.017,169.087
243.100999,-6.700,-6.700,459.252,169.087
243.200999,-6.700,-6.934,459.017,168.852
243.300999,-6.700,-6.700,458.783,169.087
243.400999,-6.700,-6.700,459.017,168.852
243.617000,-6.700,-6.934,459.252,168.852
243.631974,-6.700,-6.700,458.783,168.852
243.700999,-6.700,-6.934,459.017,168.852
243.800999,-6.700,-6.700,459.017,168.618
243.900999,-6.465,-6.700,459.017,169.087
244.000999,-6.934,-6.934,459.017,168.384
244.100999,-6.700,-6.700,459.017,168.852
244.200999,-6.700,-6.700,459.017,169.087
244.300999,-6.700,-6.700,458.783,169.087
244.400999,-6.700,-6.700,458.783,169.321
244.616000,-6.934,-6.700,459.017,168.852
244.630974,-6.465,-6.231,459.486,168.852
244.700999,-6.700,-6.465,459.486,169.087
244.800999,-6.465,-6.231,459.017,169.087
244.900999,-6.700,-6.700,459.017,168.618
245.000999,-6.700,-6.231,459.252,168.852
245.100999,-6.700,-6.465,459.252,168.852
245.200999,-6.934,-6.700,459.486,168.618
245.300999,-6.700,-6.700,459.486,168.618
245.400999,-6.700,-6.700,459.486,169.087
245.617001,-6.700,-6.700,458.783,169.087
245.631974,-6.700,-6.700,459.017,168.852
245.700999,-6.700,-6.934,459.017,168.852
245.800999,-6.465,-6.700,458.783,168.618
245.900999,-6.934,-6.700,459.017,168.618
246.000999,-6.465,-6.700,459.017,168.852
246.100999,-6.700,-6.700,459.252,168.852
246.200999,-6.465,-6.700,459.017,169.087
246.300999,-6.231,-6.465,459.017,168.852
246.400999,-6.700,-6.934,458.783,168.852
246.617000,-6.700,-6.465,458.783,168.618
246.631974,-6.700,-6.700,459.017,168.618
246.700999,-6.934,-6.465,459.017,168.852
246.800999,-6.465,-6.700,459.017,169.087
246.900999,-6.465,-6.700,459.486,168.618
247.000999,-6.934,-6.700,459.017,168.618
247.100999,-6.700,-6.700,459.017,168.852
247.200999,-6.700,-6.700,459.252,169.087
247.300999,-6.465,-6.465,459.017,168.852
247.400999,-6.700,-6.465,459.252,169.087
247.617001,-6.465,-6.700,458.783,169.321
247.631974,-6.465,-6.231,459.252,169.087
247.700999,-6.700,-6.934,459.252,169.321
247.800999,-6.465,-6.465,459.252,168.618
247.900999,-6.700,-6.700,459.252,169.087
248.000999,-6.465,-6.465,459.017,169.087
248.100999,-6.465,-6.465,458.783,168.618
248.200999,-6.465,-6.934,459.486,169.555
248.300999,-6.700,-6.934,459.017,168.852
248.400999,-6.700,-6.934,459.252,168.618
248.617000,-6.231,-6.700,459.017,169.555
248.631974,-7.169,-6.700,458.549,168.384
248.700999,-7.169,-6.934,459.017,169.087
248.800999,-6.700,-6.465,459.017,168.852
248.900999,-6.465,-6.465,459.017,168.852
249.000999,-6.700,-6.934,459.252,168.852
249.100999,-6.700,-6.465,458.783,168.852
249.200999,-6.934,-6.465,459.252,168.852
249.300999,-6.934,-7.169,458.783,169.555
249.400999,-6.700,-6.700,458.783,169.321
249.616000,-6.465,-6.700,459.486,168.852
249.630974,-6.700,-6.700,459.252,168.618
249.700999,-6.465,-6.700,458.783,169.321
249.800999,-6.465,-6.934,459.252,168.618
249.900999,-6.700,-6.465,459.017,168.852
250.000999,-6.700,-6.465,459.017,169.087
250.100999,-6.465,-6.934,459.486,168.852
250.200999,-6.934,-6.465,459.017,169.321
250.300999,-6.465,-6.465,458.783,168.618
250.400999,-6.700,-6.465,458.783,168.618
250.617000,-6.700,-6.465,459.252,168.618
250.631974,-6.700,-6.465,458.783,168.852
250.700999,-6.700,-6.700,459.486,169.087
250.800999,-6.700,-6.700,459.486,168.852
250.900999,-6.465,-6.465,459.017,169.087
251.000999,-6.700,-6.934,459.252,168.852
251.100999,-6.700,-6.700,459.486,168.852
251.200999,-6.934,-6.465,459.017,168.852
251.300999,-6.700,-6.700,459.017,168.852
251.400999,-5.762,-6.700,459.252,168.618
251.617001,-6.231,-6.465,459.017,169.087
251.631974,-6.700,-6.465,459.486,169.321
251.700999,-6.700,-6.465,459.486,168.618
251.800999,-6.700,-7.169,459.252,168.618
251.900999,-6.465,-6.465,459.252,169.087
252.000999,-6.700,-6.231,459.017,169.087
252.100999,-6.934,-6.700,459.017,168.852
252.200999,-6.700,-7.169,459.252,169.087
252.300999,-6.700,-6.231,459.252,169.321
252.400999,-6.465,-6.934,459.721,169.087
252.617001,-6.700,-6.934,459.486,169.321
252.631974,-6.231,-6.465,459.017,168.852
252.700999,-6.465,-6.934,459.486,168.618
252.800999,-6.700,-6.465,459.017,169.087
252.900999,-6.231,-6.465,459.017,169.087
253.000999,-6.700,-6.700,459.017,169.087
253.100999,-6.231,-6.700,459.486,169.321
253.200999,-6.231,-6.465,459.252,168.852
253.300999,-6.465,-6.465,459.252,169.321
253.400999,-6.465,-6.700,458.783,168.618
253.617001,-6.700,-6.231,459.017,168.618
253.631974,-6.465,-6.934,459.017,168.852
253.700999,-6.700,-6.231,459.017,168.852
253.800999,-6.700,-6.465,459.017,169.087
253.900999,-6.231,-6.465,459.486,169.087
254.000999,-6.465,-6.700,458.783,168.852
254.100999,-6.465,-6.700,458.783,168.618
254.200999,-6.465,-6.465,459.017,168.618
254.300999,-6.700,-6.700,459.017,168.852
254.400999,-6.231,-6.465,458.783,169.087
254.617000,-6.465,-6.231,459.017,168.384
254.631974,-6.465,-6.465,459.721,168.618
254.700999,-6.700,-6.465,459.252,168.852
254.800999,-6.934,-7.169,459.017,169.087
254.900999,-6.465,-6.465,459.486,169.087
255.000999,-6.700,-7.169,459.017,169.087
255.100999,-6.700,-6.231,459.017,168.852
255.200999,-6.934,-5.997,459.252,169.087
255.300999,-6.700,-6.934,459.252,168.618
255.400999,-6.465,-6.700,459.017,168.384
255.617000,-6.465,-6.934,459.017,169.087
255.631974,-6.700,-6.465,459.486,169.555
255.700999,-6.465,-6.465,459.486,169.087
255.800999,-6.465,-6.700,459.017,169.087
255.900999,-6.700,-6.700,459.017,168.852
256.000999,-6.934,-6.700,458.783,169.087
256.100999,-6.465,-6.700,458.783,168.618
256.200999,-6.700,-6.465,459.252,169.087
256.300999,-6.700,-6.934,459.017,169.321
256.400999,-6.700,-6.465,458.783,168.618
256.617000,-6.465,-6.465,459.252,168.852
256.631974,-6.465,-6.465,459.017,169.087
256.700999,-6.700,-6.700,459.252,169.087
256.800999,-6.700,-6.465,459.252,168.618
256.900999,-6.465,-6.700,459.017,168.852
257.000999,-6.465,-6.465,458.783,168.852
257.100999,-6.700,-6.700,459.252,169.321
257.200999,-6.231,-6.934,459.252,168.852
257.300999,-6.934,-6.465,459.252,168.618
257.400999,-6.465,-7.403,458.783,168.852
257.616000,-6.465,-6.700,459.486,169.087
257.630974,-6.700,-6.465,459.017,169.321
257.700999,-6.231,-6.465,459.017,169.087
257.800999,-6.465,-6.465,459.486,169.087
257.900999,-6.700,-6.700,459.252,169.087
258.000999,-6.700,-6.934,459.017,168.618
258.100999,-6.700,-6.231,459.017,169.087
258.200999,-6.700,-6.700,459.017,169.087
258.300999,-6.934,-6.465,459.252,169.087
258.400999,-6.700,-5.997,459.252,168.618
258.617001,-6.231,-6.700,459.252,168.852
258.631974,-6.231,-6.465,459.252,169.087
258.700999,-6.465,-6.700,459.486,168.384
258.800999,-6.934,-6.465,459.252,168.618
258.900999,-6.700,-6.465,459.252,168.618
259.000999,-6.700,-6.700,459.252,169.087
259.100999,-6.700,-6.465,459.252,168.852
259.200999,-6.465,-6.465,459.252,169.087
259.300999,-6.700,-6.700,459.017,168.852
259.400999,-6.700,-6.700,459.486,168.852
259.617001,-6.700,-6.465,459.017,168.852
259.631974,-6.934,-6.465,459.252,168.852
259.700999,-6.231,-6.700,459.017,169.555
259.800999,-6.700,-6.700,459.486,168.852
259.900999,-6.700,-6.465,459.721,168.618
260.000999,-6.465,-6.231,459.017,168.852
260.100999,-6.700,-6.465,459.486,168.384
260.200999,-6.700,-6.700,459.252,168.852
260.300999,-6.700,-6.934,459.017,169.087
260.400999,-6.700,-7.169,459.252,169.087
260.617001,-6.465,-6.700,458.783,168.618
260.631974,-6.934,-6.934,459.252,168.618
260.700999,-6.231,-6.700,459.017,169.555
260.800999,-6.700,-6.700,459.252,168.618
260.900999,-6.934,-6.934,459.017,167.915
261.000999,-7.169,-6.934,458.783,168.852
261.100999,-6.231,-6.700,459.017,168.852
261.200999,-6.700,-6.700,459.252,168.618
261.300999,-6.700,-6.700,459.017,168.852
261.400999,-6.231,-6.465,459.252,168.618
261.617001,-6.465,-6.700,459.017,168.852
261.631974,-6.465,-6.700,459.017,168.852
261.700999,-6.465,-6.700,458.549,168.852
261.800999,-6.465,-6.700,459.017,168.852
261.900999,-6.465,-6.700,459.486,168.618
262.000999,-6.700,-7.169,459.486,168.618
262.100999,-6.700,-6.465,459.017,169.087
262.200999,-6.700,-6.934,459.017,168.149
262.300999,-6.465,-6.465,459.486,168.852
262.400999,-6.465,-6.465,458.783,168.618
262.616000,-6.465,-6.934,459.017,168.384
262.630974,-6.700,-6.700,459.486,168.852
262.700999,-6.231,-6.465,459.017,168.852
262.800999,-6.934,-6.934,459.252,168.384
262.900999,-6.700,-6.231,459.017,168.384
263.000999,-6.700,-6.231,459.017,168.618
263.100999,-6.700,-6.700,459.017,168.852
263.200999,-6.934,-6.231,459.252,168.618
263.300999,-6.700,-6.700,459.017,168.852
263.400999,-6.465,-6.934,459.486,168.618
263.617000,-6.465,-6.465,459.721,168.618
263.631974,-6.465,-6.700,459.486,168.618
263.700999,-6.934,-6.700,459.017,168.618
263.800999,-6.231,-6.465,458.783,168.618
263.900999,-6.465,-6.934,459.486,168.618
264.000999,-6.700,-6.465,459.252,168.852
264.100999,-6.700,-6.700,458.783,168.618
264.200999,-6.934,-5.997,459.017,168.852
264.300999,-6.465,-6.934,459.486,168.384
264.400999,-6.465,-6.700,459.017,168.384
264.617000,-6.700,-6.934,458.783,168.384
264.631974,-6.934,-6.231,459.017,168.384
264.700999,-5.997,-6.700,459.486,168.384
264.800999,-6.465,-6.700,459.252,168.618
264.900999,-6.465,-6.700,459.017,168.618
265.000999,-6.934,-6.934,459.486,168.618
265.100999,-6.700,-6.465,459.017,168.384
265.200999,-6.934,-6.700,459.252,168.384
265.300999,-6.465,-6.700,459.486,168.618
265.400999,-6.700,-6.700,458.783,168.618
265.617001,-6.934,-6.700,459.252,168.852
265.631974,-6.700,-6.465,459.252,168.618
265.700999,-6.934,-6.700,459.252,168.618
265.800999,-6.465,-6.700,458.783,168.384
265.900999,-6.465,-6.700,458.783,168.618
266.000999,-6.465,-6.465,459.017,168.384
266.100999,-6.465,-6.700,459.486,168.852
266.200999,-6.465,-6.700,459.252,168.852
266.300999,-6.700,-6.700,459.017,168.384
266.400999,-6.700,-6.700,458.783,168.618
266.617001,-6.700,-6.700,459.017,168.384
266.631974,-6.700,-6.465,459.252,168.852
266.700999,-6.465,-6.700,459.252,168.618
266.800999,-6.700,-6.700,458.549,168.618
266.900999,-6.700,-6.700,459.252,168.852
267.000999,-6.465,-6.465,459.721,168.618
267.100999,-6.231,-6.700,459.486,168.384
267.200999,-6.465,-6.231,458.783,169.087
267.300999,-6.700,-6.465,459.017,168.384
267.400999,-6.934,-6.700,459.486,168.384
267.617000,-6.465,-6.231,459.017,168.618
267.631974,-6.465,-6.700,459.252,168.618
267.700999,-6.700,-6.934,459.252,168.618
267.800999,-6.231,-6.700,459.252,168.618
267.900999,-6.934,-6.700,458.783,168.618
268.000999,-6.700,-6.700,459.017,168.618
268.100999,-6.934,-6.465,459.252,168.618
268.200999,-6.700,-6.465,458.783,169.087
268.300999,-6.700,-6.934,459.486,168.384
268.400999,-6.700,-6.465,459.017,168.618
268.617001,-6.465,-6.934,459.252,168.384
268.631974,-6.465,-6.934,459.017,168.618
268.700999,-6.700,-6.465,459.486,168.384
268.800999,-6.465,-6.465,458.783,169.087
268.900999,-6.465,-7.169,458.783,168.618
269.000999,-6.231,-6.465,459.017,168.852
269.100999,-6.700,-6.465,459.721,168.384
269.200999,-6.465,-6.934,459.486,168.384
269.300999,-6.465,-6.700,458.783,168.149
269.400999,-6.465,-6.700,459.252,168.852
269.617000,-6.465,-6.700,459.721,169.087
269.631974,-6.700,-6.934,459.252,169.087
269.700999,-6.700,-6.465,459.486,168.618
269.800999,-6.465,-6.934,459.017,168.852
269.900999,-6.465,-6.700,459.252,168.384
270.000999,-7.169,-6.700,459.017,168.852
270.100999,-6.934,-6.700,459.252,168.384
270.200999,-6.934,-6.934,458.549,168.852
270.300999,-6.465,-6.465,458.783,168.618
270.400999,-6.934,-7.169,459.017,168.384
270.616000,-6.700,-6.700,459.252,168.149
270.630974,-6.700,-6.700,459.017,168.618
270.700999,-6.700,-6.465,459.252,168.618
270.800999,-6.465,-6.700,459.017,168.384
270.900999,-6.465,-6.465,459.486,168.618
271.000999,-6.465,-6.700,459.252,168.618
271.100999,-6.700,-6.700,459.017,168.149
271.200999,-6.465,-6.700,459.252,168.618
271.300999,-6.465,-6.700,459.017,168.618
271.400999,-6.700,-6.700,459.017,168.852
271.617001,-6.231,-6.700,459.486,169.087
271.631974,-6.465,-6.934,459.252,168.618
271.700999,-6.465,-6.934,459.017,168.618
271.800999,-6.465,-6.231,459.252,168.384
271.900999,-6.465,-6.700,458.783,168.149
272.000999,-5.997,-6.934,459.252,168.618
272.100999,-6.700,-6.700,459.721,168.384
272.200999,-6.700,-6.934,459.252,168.618
272.300999,-6.465,-6.700,459.486,168.618
272.400999,-6.465,-6.465,459.017,168.852
272.617000,-6.465,-6.700,459.721,168.384
272.631974,-6.934,-6.700,459.017,168.618
272.700999,-6.465,-6.700,458.783,168.852
272.800999,-6.700,-6.465,459.955,168.384
272.900999,-6.700,-6.465,459.017,168.618
273.000999,-6.465,-6.465,459.017,168.618
273.100999,-6.700,-6.700,459.252,168.384
273.200999,-6.465,-6.465,458.549,168.384
273.300999,-6.465,-6.465,459.252,169.087
273.400999,-6.231,-6.700,458.783,168.149
273.617001,-6.465,-6.934,459.252,168.384
273.631974,-6.700,-6.465,459.017,168.618
273.700999,-6.465,-6.934,459.252,168.384
273.800999,-6.700,-6.465,459.252,168.384
273.900999,-6.465,-6.700,459.017,168.384
274.000999,-6.465,-6.934,459.252,168.384
274.100999,-6.231,-6.465,459.252,168.852
274.200999,-6.934,-6.934,459.486,167.915
274.300999,-6.465,-6.700,459.252,168.384
274.400999,-6.465,-6.465,458.783,168.149
274.617001,-6.934,-6.934,459.017,168.149
274.631974,-6.465,-6.465,458.783,168.618
274.700999,-6.700,-6.231,459.486,168.149
274.800999,-6.465,-6.465,459.252,168.852
274.900999,-6.700,-6.465,459.017,168.149
275.000999,-6.700,-6.465,459.017,168.384
275.100999,-6.700,-6.465,459.252,168.149
275.200999,-6.700,-6.700,459.017,168.149
275.300999,-7.169,-6.465,459.721,168.618
275.400999,-6.465,-6.700,459.017,168.618
275.616000,-6.934,-6.700,459.252,168.149
275.630974,-6.231,-6.934,459.017,168.384
275.700999,-6.231,-6.700,459.017,168.618
275.800999,-6.465,-6.231,459.017,168.149
275.900999,-6.934,-6.700,459.252,168.618
276.000999,-5.997,-6.700,458.783,168.618
276.100999,-6.700,-6.465,459.486,168.384
276.200999,-6.700,-6.465,459.486,168.852
276.300999,-6.465,-6.700,458.549,168.852
276.400999,-6.465,-6.700,459.486,168.149
276.617000,-6.465,-6.700,458.783,168.384
276.631974,-6.934,-6.934,459.017,168.149
276.700999,-6.700,-6.700,459.017,168.618
276.800999,-6.934,-6.700,459.252,168.384
276.900999,-6.934,-7.169,459.252,168.384
277.000999,-6.700,-6.465,459.252,168.149
277.100999,-7.169,-6.700,458.549,168.852
277.200999,-6.934,-6.700,459.017,168.618
277.300999,-6.465,-6.700,459.017,167.915
277.400999,-6.231,-6.700,459.252,168.384
277.617001,-6.934,-6.231,459.486,168.384
277.631974,-6.700,-6.700,459.017,168.618
277.700999,-6.700,-6.465,458.783,168.618
277.800999,-6.465,-6.700,459.721,168.384
277.900999,-6.465,-6.465,459.017,168.618
278.000999,-6.700,-6.700,459.252,169.087
278.100999,-6.700,-6.700,459.017,168.618
278.200999,-6.465,-6.700,459.017,168.149
278.300999,-6.465,-5.997,458.783,169.321
278.400999,-6.465,-6.700,459.252,168.618
278.617000,-6.700,-6.700,459.955,168.149
278.631974,-6.700,-6.934,459.017,168.618
278.700999,-6.700,-6.465,459.252,168.852
278.800999,-6.700,-6.934,458.549,168.618
278.900999,-6.700,-6.465,459.252,168.149
279.000999,-6.934,-6.465,458.783,168.384
279.100999,-6.465,-6.231,459.486,168.618
279.200999,-6.700,-6.934,459.017,168.149
279.300999,-6.465,-6.700,459.252,168.618
279.400999,-6.700,-6.231,459.017,168.384
279.617001,-6.231,-6.700,459.252,167.915
279.631974,-6.934,-6.465,459.017,168.384
279.700999,-6.700,-6.231,459.252,168.384
279.800999,-6.465,-6.465,459.017,168.618
279.900999,-6.465,-6.231,459.017,168.384
280.000999,-6.700,-6.465,458.783,168.618
280.100999,-6.465,-6.465,458.783,168.618
280.200999,-6.465,-6.231,459.486,168.149
280.300999,-6.700,-6.700,459.486,168.149
280.400999,-6.700,-6.700,459.017,168.384
280.617000,-6.700,-6.465,459.486,168.149
280.631974,-6.231,-6.700,459.486,168.384
280.700999,-6.700,-6.465,459.017,168.618
280.800999,-6.934,-6.465,459.486,167.915
280.900999,-6.700,-6.465,458.783,168.149
281.000999,-6.700,-6.934,458.783,168.149
281.100999,-6.465,-6.934,459.017,168.618
281.200999,-6.700,-6.700,458.549,168.149
281.300999,-6.231,-6.465,459.017,168.149
281.400999,-6.700,-6.700,459.017,167.915
281.617000,-6.700,-6.465,459.252,168.149
281.631974,-6.465,-6.465,459.017,167.915
281.700999,-6.465,-6.934,459.486,168.149
281.800999,-6.465,-6.700,459.017,168.384
281.900999,-6.700,-6.465,459.017,168.149
282.000999,-5.997,-6.465,458.783,168.149
282.100999,-6.465,-6.934,459.017,168.618
282.200999,-6.700,-6.700,459.017,168.149
282.300999,-6.465,-6.465,459.252,168.149
282.400999,-6.934,-6.700,459.252,168.384
282.617000,-6.700,-6.700,459.252,168.384
282.631974,-6.700,-6.700,459.017,168.384
282.700999,-6.465,-6.465,458.783,167.915
282.800999,-6.465,-6.700,458.783,168.384
282.900999,-6.465,-6.700,459.486,168.618
283.000999,-6.700,-6.700,459.017,168.149
283.100999,-6.231,-6.700,459.017,168.149
283.200999,-6.700,-6.700,459.017,167.915
283.300999,-6.465,-6.934,459.017,168.618
283.400999,-6.465,-6.934,459.486,168.149
283.616000,-6.934,-6.934,459.017,168.384
283.630974,-6.934,-6.700,459.017,168.384
283.700999,-6.465,-6.700,459.486,168.149
283.800999,-6.231,-6.700,458.783,168.149
283.900999,-6.700,-6.934,458.783,168.149
284.000999,-6.465,-6.700,458.783,168.384
284.100999,-6.700,-6.465,459.017,168.384
284.200999,-6.231,-6.934,459.017,167.915
284.300999,-7.169,-6.934,459.252,168.149
284.400999,-6.231,-6.934,459.252,168.384
284.617001,-6.934,-6.231,459.252,168.384
284.631974,-6.700,-6.465,459.252,168.149
284.700999,-6.700,-6.465,459.252,168.384
284.800999,-6.700,-6.465,458.783,168.149
284.900999,-6.465,-6.700,459.017,167.915
285.000999,-6.700,-6.700,459.252,168.384
285.100999,-7.169,-6.700,459.252,168.149
285.200999,-6.934,-6.465,459.017,168.384
285.300999,-6.465,-6.934,459.017,167.915
285.400999,-6.465,-6.700,459.252,168.149
285.617001,-6.700,-6.465,459.486,168.384
285.637861,-6.465,-6.934,459.017,168.384
285.700999,-6.700,-6.700,459.252,167.915
285.800999,-6.700,-6.465,459.721,168.149
285.900999,-6.700,-6.700,459.486,167.915
286.000999,-7.169,-6.700,459.017,168.149
286.100999,-6.934,-6.700,459.721,168.149
286.200999,-6.934,-6.465,459.017,168.384
286.300999,-6.700,-7.169,458.783,168.384
286.400999,-6.934,-6.465,459.486,168.384
286.617000,-6.934,-6.700,459.017,168.149
286.631974,-6.465,-6.700,459.252,168.384
286.700999,-6.934,-6.934,458.783,168.149
286.800999,-6.700,-6.700,459.017,168.149
286.900999,-6.465,-6.231,459.017,168.384
287.000999,-6.700,-6.700,459.017,167.915
287.100999,-6.700,-6.934,459.017,167.680
287.200999,-6.700,-6.934,459.252,168.149
287.300999,-6.700,-6.700,459.252,168.149
287.400999,-6.934,-6.465,459.252,167.915
287.617001,-6.700,-6.465,458.783,167.915
287.631974,-6.934,-6.700,458.783,168.384
287.700999,-5.997,-6.700,459.252,168.149
287.800999,-6.934,-6.700,458.783,168.149
287.900999,-6.231,-6.700,459.252,167.915
288.000999,-6.934,-6.465,458.549,168.384
288.100999,-6.465,-6.700,459.017,168.149
288.200999,-6.465,-6.700,459.017,168.384
288.300999,-6.465,-6.700,459.017,168.149
288.400999,-6.465,-6.700,459.252,168.149
288.616001,-6.465,-6.231,458.783,168.384
288.630974,-6.700,-6.700,459.252,168.384
288.700999,-5.762,-6.934,458.783,167.680
288.800999,-6.465,-6.700,459.486,167.915
288.900999,-6.700,-6.465,458.783,167.915
289.000999,-7.169,-6.700,459.252,168.384
289.100999,-6.465,-7.403,459.252,168.149
289.200999,-6.934,-6.700,458.783,168.384
289.300999,-6.700,-6.700,459.252,168.149
289.400999,-6.700,-6.231,459.017,168.149
289.617000,-6.934,-6.465,459.017,168.149
289.631974,-6.700,-6.700,458.783,168.618
289.700999,-6.934,-6.465,459.252,168.149
289.800999,-6.700,-6.934,459.252,168.149
289.900999,-6.700,-6.465,459.486,167.915
290.000999,-6.465,-7.169,458.549,168.384
290.100999,-6.934,-6.934,459.252,168.149
290.200999,-6.700,-6.465,458.783,167.915
290.300999,-6.465,-6.700,459.252,168.384
290.400999,-6.700,-6.465,459.017,168.149
290.617000,-6.465,-6.231,458.783,168.384
290.631974,-6.700,-6.465,458.783,167.915
290.700999,-6.700,-6.934,459.017,167.915
290.800999,-6.934,-6.231,459.017,167.915
290.900999,-6.934,-6.700,458.783,167.680
291.000999,-5.997,-6.934,459.252,168.384
291.100999,-6.465,-6.231,458.783,167.915
291.200999,-6.465,-6.700,459.252,168.149
291.300999,-6.934,-6.934,459.017,168.149
291.400999,-6.700,-6.700,459.486,167.915
291.617001,-6.465,-6.465,459.017,167.915
291.631974,-6.231,-7.169,458.783,168.384
291.700999,-6.700,-6.700,459.252,168.149
291.800999,-6.700,-6.934,458.549,168.384
291.900999,-6.231,-6.700,459.017,168.149
292.000999,-6.700,-6.934,459.017,167.680
292.100999,-6.700,-6.934,459.017,168.149
292.200999,-6.700,-6.700,458.783,168.149
292.300999,-6.465,-7.169,459.252,167.915
292.400999,-6.465,-6.934,459.017,167.680
292.617001,-6.465,-6.700,458.783,168.149
292.631974,-6.700,-6.465,459.252,168.384
292.700999,-6.700,-7.169,459.017,168.149
292.800999,-6.700,-6.700,459.017,167.915
292.900999,-6.700,-6.700,459.017,167.915
293.000999,-6.700,-6.700,459.017,167.915
293.100999,-6.231,-6.700,459.252,167.915
293.200999,-6.465,-6.700,459.017,167.446
293.300999,-6.465,-6.934,459.252,168.149
293.400999,-6.465,-6.700,459.017,167.680
293.617000,-6.700,-6.700,459.486,167.915
293.631974,-6.934,-6.700,458.783,167.680
293.700999,-6.700,-6.700,459.017,168.384
293.800999,-6.934,-6.231,459.252,167.915
293.900999,-6.700,-6.934,459.252,168.149
294.000999,-6.465,-6.465,459.017,168.149
294.100999,-6.231,-6.700,459.017,168.384
294.200999,-6.700,-6.465,459.017,167.680
294.300999,-6.700,-6.700,459.017,168.149
294.400999,-6.700,-6.700,458.783,167.915
294.617000,-6.465,-6.934,459.017,168.384
294.631974,-6.700,-6.700,459.252,167.680
294.700999,-6.700,-6.700,459.252,167.680
294.800999,-6.934,-7.169,459.017,167.680
294.900999,-6.934,-6.700,459.017,168.149
295.000999,-6.700,-6.934,458.783,167.915
295.100999,-6.700,-7.169,459.017,167.915
295.200999,-6.700,-6.700,459.252,168.149
295.300999,-6.700,-6.934,458.783,167.915
295.400999,-6.700,-6.465,459.252,167.915
295.617000,-6.700,-6.465,459.017,167.680
295.631974,-6.465,-6.465,459.017,167.915
295.700999,-6.700,-6.934,459.017,168.149
295.800999,-6.465,-6.700,459.017,167.915
295.900999,-6.700,-6.700,458.783,167.680
296.000999,-6.700,-6.934,458.783,168.149
296.100999,-7.169,-6.934,458.783,167.915
296.200999,-6.700,-6.934,458.783,167.915
296.300999,-7.169,-6.934,459.017,168.149
296.400999,-6.934,-7.169,459.252,167.915
296.616001,-6.465,-6.465,459.017,168.149
296.630974,-6.465,-6.934,459.486,167.680
296.700999,-6.700,-6.934,459.252,167.915
296.800999,-6.231,-6.465,459.017,168.149
296.900999,-6.700,-7.169,458.783,168.149
297.000999,-6.700,-6.700,459.017,168.149
297.100999,-6.465,-6.700,459.252,167.680
297.200999,-6.934,-6.465,459.017,168.149
297.300999,-6.465,-6.465,459.017,168.149
297.400999,-6.465,-6.934,459.017,167.915
297.617000,-6.934,-6.465,459.252,168.149
297.631974,-6.700,-6.465,459.017,168.149
297.700999,-6.465,-6.465,459.252,168.149
297.800999,-6.700,-6.700,459.252,167.915
297.900999,-6.700,-6.700,459.017,167.680
298.000999,-6.465,-6.700,459.017,167.915
298.100999,-6.465,-6.700,458.783,168.149
298.200999,-6.700,-6.465,458.783,168.384
298.300999,-6.700,-6.700,459.017,167.915
298.400999,-6.700,-6.465,458.783,167.915
298.617000,-6.700,-6.700,459.017,167.680
298.631974,-6.700,-6.934,459.252,167.915
298.700999,-6.700,-6.231,458.783,168.149
298.800999,-6.934,-6.700,459.252,167.915
298.900999,-6.934,-6.465,459.017,167.915
299.000999,-6.700,-7.169,458.783,167.915
299.100999,-6.465,-6.934,458.783,167.680
299.200999,-6.934,-6.700,459.017,167.915
299.300999,-6.700,-6.700,459.017,167.915
299.400999,-7.169,-6.700,459.017,167.915
299.617000,-6.465,-6.465,459.252,167.915
299.631974,-6.934,-7.169,459.017,167.915
299.700999,-6.700,-6.934,459.486,168.149
299.800999,-6.700,-6.700,459.252,168.384
299.900999,-6.934,-6.700,459.017,167.915
300.000999,-6.465,-6.934,459.017,167.680
300.100999,-6.465,-6.700,459.486,168.149
300.200999,-6.934,-6.934,459.252,167.915
300.300999,-6.700,-6.934,458.783,168.149
300.400999,-6.700,-6.700,459.017,167.915
300.617001,-6.700,-7.169,459.017,167.915
300.631974,-6.465,-6.465,459.017,167.680
300.700999,-6.700,-6.231,459.017,167.915
300.800999,-6.934,-6.700,459.017,167.915
300.900999,-6.700,-6.700,459.017,167.680
301.000999,-6.700,-6.700,458.783,167.915
301.100999,-6.465,-6.700,458.783,167.915
301.200999,-6.700,-6.465,458.549,167.680
301.300999,-7.169,-7.403,459.017,167.915
301.400999,-6.700,-6.231,459.017,167.915
301.616000,-6.934,-6.700,459.017,167.446
301.630974,-6.934,-6.700,459.486,167.915
301.700999,-6.231,-6.934,459.017,167.680
301.800999,-6.465,-6.934,459.252,167.680
301.900999,-6.934,-6.934,459.252,167.680
302.000999,-6.934,-6.700,458.783,167.446
302.100999,-6.700,-6.934,458.783,167.680
302.200999,-6.934,-6.934,458.783,167.680
302.300999,-6.934,-6.934,458.783,167.915
302.400999,-6.700,-6.934,459.017,167.680
302.617000,-6.700,-6.700,459.017,167.680
302.631974,-6.934,-6.700,459.017,167.915
302.700999,-7.169,-7.169,459.017,167.915
302.800999,-6.465,-6.700,459.252,167.446
302.900999,-6.934,-6.700,459.017,167.915
303.000999,-6.934,-6.700,458.783,167.446
303.100999,-6.934,-6.700,458.783,167.446
303.200999,-6.231,-6.465,459.252,167.680
303.300999,-6.934,-6.465,459.252,167.915
303.400999,-6.700,-6.465,459.017,167.680
303.617001,-6.700,-6.465,458.783,167.446
303.631974,-6.934,-6.934,458.783,167.680
303.700999,-6.465,-6.700,458.783,167.915
303.800999,-6.465,-6.700,459.017,167.680
303.900999,-6.700,-6.465,459.017,167.680
304.000999,-6.700,-6.934,459.252,167.680
304.100999,-6.934,-6.700,459.252,167.915
304.200999,-6.700,-6.700,459.252,167.680
304.300999,-6.700,-6.700,459.017,167.446
304.400999,-6.465,-6.700,459.252,167.680
304.617001,-6.934,-6.700,458.783,167.446
304.631974,-6.934,-7.169,458.783,167.680
304.700999,-6.934,-6.700,458.783,167.680
304.800999,-6.700,-6.934,458.783,167.680
304.900999,-6.934,-6.934,458.783,167.680
305.000999,-6.934,-6.700,458.783,167.915
305.100999,-6.700,-6.700,459.017,167.915
305.200999,-6.700,-6.700,458.783,167.680
305.300999,-6.465,-6.934,459.017,167.680
305.400999,-6.700,-6.934,458.783,167.680
305.617000,-6.934,-6.465,459.017,167.680
305.631974,-6.700,-6.934,459.252,167.680
305.700999,-6.465,-6.465,459.017,167.680
305.800999,-6.700,-6.700,459.252,167.915
305.900999,-6.700,-6.700,458.549,167.680
306.000999,-6.700,-6.700,459.486,167.680
306.100999,-6.465,-6.934,459.252,167.446
306.200999,-6.700,-6.934,459.017,167.915
306.300999,-6.231,-6.465,459.017,167.915
306.400999,-6.700,-6.700,459.017,167.680
306.617000,-6.700,-6.934,458.549,167.446
306.631974,-6.700,-6.934,459.017,167.915
306.700999,-6.465,-6.700,459.017,167.446
306.800999,-6.700,-6.700,458.783,167.915
306.900999,-6.700,-7.169,458.783,167.680
307.000999,-6.934,-6.700,459.017,167.680
307.100999,-7.403,-6.700,459.017,167.680
307.200999,-6.700,-6.700,458.783,167.680
307.300999,-6.700,-6.700,459.252,167.915
307.400999,-6.934,-6.934,459.017,167.446
307.617001,-6.934,-6.700,458.783,167.680
307.631974,-6.465,-6.700,458.783,167.446
307.700999,-6.934,-6.465,459.017,167.680
307.800999,-6.934,-6.700,458.783,167.680
307.900999,-6.700,-6.700,459.017,167.915
308.000999,-6.934,-6.465,458.783,167.680
308.100999,-6.465,-6.700,459.252,167.915
308.200999,-6.465,-6.465,459.017,167.680
308.300999,-6.465,-6.465,459.017,167.680
308.400999,-6.700,-7.169,459.252,167.680
308.617000,-6.465,-6.700,458.783,167.680
308.631974,-6.700,-6.700,458.783,167.915
308.700999,-6.465,-6.700,458.783,167.915
308.800999,-7.169,-6.934,459.017,167.680
308.900999,-6.700,-6.700,458.783,167.446
309.000999,-6.700,-6.934,459.017,167.680
309.100999,-6.934,-6.700,459.252,167.915
309.200999,-6.700,-6.465,459.017,167.680
309.300999,-6.700,-6.465,459.486,167.915
309.400999,-6.700,-6.700,459.017,167.212
309.616000,-6.700,-6.700,458.783,167.680
309.630974,-6.700,-6.700,458.783,167.446
309.700999,-6.700,-6.934,459.486,167.915
309.800999,-6.934,-6.934,459.017,167.680
309.900999,-6.934,-6.700,459.017,167.915
310.000999,-6.700,-6.700,459.017,168.149
310.100999,-6.700,-6.700,459.252,167.915
310.200999,-6.465,-6.700,458.783,167.212
310.300999,-6.465,-6.934,459.252,167.915
310.400999,-6.465,-6.700,459.017,167.915
310.617000,-7.169,-6.465,459.017,167.915
310.631974,-6.465,-6.465,458.783,167.446
310.700999,-6.465,-6.465,459.252,167.680
310.800999,-6.700,-6.700,459.252,167.680
310.900999,-6.700,-6.700,459.017,167.915
311.000999,-6.934,-6.231,459.017,167.446
311.100999,-6.465,-6.934,459.017,167.680
311.200999,-6.700,-6.700,459.252,167.212
311.300999,-6.700,-6.700,458.783,167.915
311.400999,-6.700,-6.465,458.783,167.680
311.617001,-6.934,-6.465,459.017,167.446
311.631974,-6.700,-6.465,459.017,167.212
311.700999,-6.934,-6.700,459.486,167.680
311.800999,-6.465,-6.465,458.549,167.212
311.900999,-6.700,-6.934,458.783,168.149
312.000999,-6.700,-6.700,458.783,167.915
312.100999,-6.465,-6.934,459.252,167.915
312.200999,-6.934,-6.231,459.486,168.149
312.300999,-6.465,-6.465,458.783,167.915
312.400999,-6.700,-6.700,459.017,167.915
312.617000,-6.465,-6.465,458.549,167.680
312.631974,-6.231,-6.700,458.783,167.680
312.700999,-6.465,-6.465,458.783,167.680
312.800999,-6.700,-6.700,458.549,167.680
312.900999,-6.934,-6.700,458.783,167.680
313.000999,-6.465,-6.700,459.017,167.680
313.100999,-6.700,-6.465,459.252,167.212
313.200999,-6.934,-6.934,459.017,167.680
313.300999,-6.934,-6.465,459.252,167.680
313.400999,-6.700,-6.700,458.549,167.446
313.617001,-6.465,-6.934,459.017,167.212
313.631974,-6.465,-6.465,459.017,167.680
313.700999,-6.700,-6.934,459.252,167.212
313.800999,-6.700,-6.465,459.017,167.446
313.900999,-6.934,-6.934,459.486,168.149
314.000999,-6.465,-6.934,459.017,167.915
314.100999,-6.700,-6.465,459.252,167.446
314.200999,-6.465,-6.700,459.252,167.446
314.300999,-6.465,-6.700,459.017,167.446
314.400999,-6.934,-6.934,459.017,167.212
314.616000,-6.700,-6.700,458.783,167.212
314.630974,-6.700,-6.700,458.783,167.446
314.700999,-6.700,-6.465,459.252,167.680
314.800999,-6.700,-6.700,459.017,167.446
314.900999,-6.934,-6.700,459.017,167.680
315.000999,-6.934,-6.700,459.486,167.446
315.100999,-6.700,-6.700,459.017,167.446
315.200999,-6.934,-7.169,459.017,167.915
315.300999,-6.465,-6.465,459.017,167.680
315.400999,-6.934,-6.465,459.017,167.680
315.617000,-6.465,-6.934,459.017,167.680
315.631974,-6.934,-6.700,459.017,167.212
315.700999,-6.465,-6.934,459.486,167.212
315.800999,-6.934,-6.934,458.783,167.446
315.900999,-6.700,-6.465,459.017,167.446
316.000999,-6.700,-6.700,459.017,167.212
316.100999,-6.700,-7.169,459.017,167.680
316.200999,-6.700,-6.700,458.783,167.446
316.300999,-6.465,-6.465,458.783,167.212
316.400999,-6.700,-6.934,459.017,167.680
316.617000,-6.700,-6.700,459.252,167.212
316.631974,-6.934,-6.934,459.252,167.446
316.700999,-6.465,-6.700,459.017,167.680
316.800999,-6.934,-6.465,459.017,167.446
316.900999,-6.465,-6.934,459.017,167.446
317.000999,-6.465,-6.700,459.017,167.680
317.100999,-6.700,-6.465,459.252,167.212
317.200999,-6.700,-6.934,459.017,167.446
317.300999,-6.465,-6.934,459.017,167.915
317.400999,-6.465,-6.934,458.783,167.212
317.617001,-6.700,-6.700,458.549,167.212
317.631974,-6.934,-6.700,459.017,167.446
317.700999,-6.700,-6.700,459.017,167.446
317.800999,-6.700,-6.700,459.017,167.212
317.900999,-6.700,-6.700,459.252,167.212
318.000999,-6.700,-6.465,459.017,167.680
318.100999,-6.700,-7.169,459.017,167.446
318.200999,-6.934,-6.700,459.017,167.446
318.300999,-6.700,-6.934,459.017,167.212
318.400999,-6.934,-6.934,459.017,167.446
318.617000,-6.934,-6.934,458.549,167.446
318.631974,-6.700,-6.700,459.017,167.446
318.700999,-6.700,-6.934,459.017,167.212
318.800999,-6.934,-6.700,459.017,167.212
318.900999,-6.700,-7.169,459.017,167.212
319.000999,-6.934,-6.934,458.783,167.212
319.100999,-7.169,-7.169,459.017,167.446
319.200999,-6.700,-6.700,459.252,167.446
319.300999,-6.934,-6.934,459.017,166.977
319.400999,-6.465,-6.465,459.017,166.977
319.617000,-6.700,-6.700,458.783,167.446
319.631974,-6.700,-6.700,459.017,167.446
319.700999,-6.465,-6.934,459.252,167.446
319.800999,-6.934,-6.465,459.017,167.212
319.900999,-6.934,-6.934,459.252,167.212
320.000999,-6.700,-6.700,458.549,167.446
320.100999,-6.700,-6.934,459.017,167.212
320.200999,-6.700,-6.700,458.783,167.212
320.300999,-6.465,-6.934,459.252,167.446
320.400999,-6.934,-6.934,459.017,167.680
320.617001,-6.934,-6.700,458.783,167.446
320.631974,-6.934,-6.934,459.017,167.446
320.700999,-6.700,-6.934,458.549,167.212
320.800999,-6.465,-6.465,459.252,167.446
320.900999,-6.700,-6.934,458.314,167.212
321.000999,-6.700,-6.700,459.017,167.446
321.100999,-6.700,-6.934,459.017,167.446
321.200999,-6.700,-6.700,458.783,167.212
321.300999,-6.700,-6.700,459.252,167.915
321.400999,-6.934,-6.465,459.017,167.212
321.617000,-6.700,-6.934,459.017,167.446
321.631974,-6.700,-6.934,459.017,167.212
321.700999,-6.700,-6.700,459.017,167.446
321.800999,-6.700,-6.465,459.017,167.680
321.900999,-6.700,-6.934,459.017,167.680
322.000999,-6.934,-6.700,458.783,167.446
322.100999,-6.700,-6.465,458.783,167.446
322.200999,-6.465,-6.700,458.783,167.680
322.300999,-6.700,-6.700,459.017,167.212
322.400999,-6.700,-6.700,459.017,167.212
322.616000,-6.700,-6.700,459.252,167.446
322.630974,-6.700,-6.465,458.783,167.212
322.700999,-6.465,-6.465,459.017,167.212
322.800999,-6.465,-6.934,458.783,167.446
322.900999,-6.465,-6.934,459.252,167.446
323.000999,-6.934,-6.934,458.783,167.212
323.100999,-6.700,-6.934,459.017,167.212
323.200999,-6.934,-6.700,458.783,167.212
323.300999,-6.700,-6.465,459.017,167.446
323.400999,-6.934,-6.934,458.783,167.915
323.617001,-6.700,-6.465,459.017,167.212
323.631974,-6.934,-7.169,459.017,167.212
323.700999,-6.700,-6.700,458.549,167.446
323.800999,-6.700,-6.700,459.252,167.446
323.900999,-6.700,-6.934,459.017,167.212
324.000999,-6.700,-6.700,459.017,167.680
324.100999,-6.700,-6.465,459.017,167.212
324.200999,-6.934,-6.700,458.783,167.680
324.300999,-6.934,-6.700,459.252,167.212
324.400999,-6.465,-6.700,459.017,167.446
324.617000,-6.231,-6.700,459.017,167.446
324.631974,-6.700,-6.700,459.252,167.212
324.700999,-6.700,-6.934,459.017,166.977
324.800999,-6.700,-6.934,459.252,167.680
324.900999,-6.934,-6.700,458.783,167.446
325.000999,-6.934,-6.465,458.783,167.212
325.100999,-6.465,-6.700,458.783,167.446
325.200999,-6.465,-6.700,459.017,167.212
325.300999,-6.700,-6.700,459.017,167.212
325.400999,-6.934,-6.231,459.017,167.212
325.617001,-7.169,-7.169,458.783,167.446
325.631974,-6.934,-6.700,458.783,167.212
325.700999,-6.700,-6.700,459.017,167.212
325.800999,-6.700,-6.700,459.017,167.446
325.900999,-6.465,-6.934,459.017,166.977
326.000999,-6.934,-6.465,459.017,167.212
326.100999,-6.465,-6.934,459.017,167.212
326.200999,-6.700,-6.934,458.783,167.212
326.300999,-6.934,-6.700,458.549,166.977
326.400999,-6.934,-6.465,459.017,167.446
326.617000,-6.700,-6.934,458.783,167.212
326.631974,-6.465,-6.934,459.017,167.446
326.700999,-6.465,-6.700,459.017,167.212
326.800999,-6.465,-6.700,458.783,167.212
326.900999,-6.700,-6.700,458.783,167.446
327.000999,-6.934,-6.700,458.783,167.446
327.100999,-6.700,-7.169,459.017,167.212
327.200999,-6.700,-6.700,459.017,167.212
327.300999,-6.700,-6.934,458.783,167.680
327.400999,-6.465,-6.700,458.783,166.977
327.616000,-6.700,-6.700,458.783,167.446
327.630974,-6.700,-6.465,459.017,166.743
327.700999,-6.934,-6.700,458.549,167.212
327.800999,-6.465,-6.934,459.017,167.212
327.900999,-6.465,-6.934,459.252,167.446
328.000999,-6.700,-6.934,459.017,167.446
328.100999,-6.934,-6.934,459.017,167.446
328.200999,-6.934,-6.700,459.017,167.212
328.300999,-6.700,-6.934,459.017,167.212
328.400999,-6.465,-6.934,458.783,167.212
328.617000,-6.700,-6.700,459.017,167.212
328.631974,-6.700,-6.934,458.783,166.977
328.700999,-6.465,-6.700,459.017,166.977
328.800999,-6.934,-6.700,458.783,167.212
328.900999,-6.700,-6.465,458.783,167.212
329.000999,-6.465,-6.700,459.252,167.212
329.100999,-7.169,-6.934,459.017,167.446
329.200999,-6.700,-6.700,458.549,166.977
329.300999,-6.934,-6.700,459.252,167.212
329.400999,-7.169,-6.934,459.017,167.212
329.617001,-6.700,-6.934,458.783,167.212
329.631974,-6.465,-6.465,458.783,167.446
329.700999,-6.465,-6.700,459.017,166.509
329.800999,-6.934,-6.700,459.017,167.446
329.900999,-6.700,-6.700,458.783,167.446
330.000999,-6.231,-6.934,458.783,166.743
330.100999,-6.465,-6.700,458.783,167.446
330.200999,-6.700,-6.465,459.252,166.977
330.300999,-6.934,-6.700,458.314,167.680
330.400999,-6.934,-6.465,459.017,167.446
330.617001,-6.934,-6.700,458.549,167.680
330.631974,-7.169,-6.700,459.486,166.977
330.700999,-6.700,-6.700,459.017,166.977
330.800999,-6.700,-6.934,459.017,167.446
330.900999,-6.700,-6.700,459.017,167.680
331.000999,-6.700,-6.934,459.252,166.977
331.100999,-6.700,-6.700,459.017,167.212
331.200999,-6.700,-7.169,458.783,167.446
331.300999,-6.700,-6.934,459.017,166.743
331.400999,-6.700,-6.934,459.486,167.446
331.617000,-6.700,-7.169,459.017,167.212
331.631974,-6.934,-6.700,459.017,167.446
331.700999,-6.465,-6.700,458.783,167.212
331.800999,-6.465,-7.169,459.017,166.743
331.900999,-6.465,-6.465,458.783,167.446
332.000999,-6.700,-6.231,459.486,166.977
332.100999,-6.700,-6.700,459.017,166.977
332.200999,-6.934,-6.465,458.783,167.212
332.300999,-6.934,-6.465,459.017,167.212
332.400999,-6.700,-6.700,459.017,166.977
332.617000,-6.700,-6.934,459.252,166.743
332.631974,-6.934,-6.700,458.783,167.212
332.700999,-6.465,-6.934,459.017,166.977
332.800999,-6.700,-6.700,459.017,166.977
332.900999,-6.465,-6.934,459.486,167.212
333.000999,-7.169,-5.997,459.486,167.212
333.100999,-6.700,-6.700,458.783,167.212
333.200999,-6.934,-6.700,459.252,166.977
333.300999,-6.934,-6.700,458.783,167.212
333.400999,-6.700,-6.934,459.017,167.212
333.617001,-6.700,-6.465,459.721,166.743
333.631974,-6.700,-6.700,459.017,167.212
333.700999,-6.465,-6.231,459.017,166.977
333.800999,-6.465,-6.700,459.252,167.212
333.900999,-7.169,-6.934,459.017,166.977
334.000999,-6.465,-6.934,458.783,166.977
334.100999,-6.700,-6.465,459.252,167.212
334.200999,-6.465,-6.700,458.783,167.212
334.300999,-6.700,-6.465,459.017,167.212
334.400999,-6.934,-6.231,459.017,166.743
334.617000,-6.700,-6.700,459.017,167.212
334.631974,-7.169,-6.465,459.252,167.212
334.700999,-6.700,-6.700,458.783,167.212
334.800999,-6.465,-6.700,459.017,167.446
334.900999,-6.700,-6.465,458.783,166.743
335.000999,-6.700,-6.700,459.017,167.446
335.100999,-6.700,-6.934,458.783,167.212
335.200999,-6.934,-6.934,458.549,166.977
335.300999,-6.700,-6.700,459.252,167.446
335.400999,-6.700,-6.465,458.783,167.212
335.616000,-6.934,-6.934,459.017,167.212
335.630974,-6.700,-6.934,459.017,166.977
335.700999,-6.700,-6.465,459.017,167.446
335.800999,-6.700,-6.465,459.017,167.212
335.900999,-6.465,-6.700,458.783,167.212
336.000999,-6.700,-6.465,459.486,167.212
336.100999,-6.465,-6.700,459.017,167.212
336.200999,-5.997,-6.934,459.017,167.212
336.300999,-6.934,-6.700,459.252,167.680
336.400999,-6.700,-6.465,459.017,166.977
336.617001,-6.465,-6.934,459.252,167.212
336.631974,-6.465,-6.934,459.017,167.212
336.700999,-6.465,-6.934,458.783,167.212
336.800999,-6.700,-6.934,459.252,167.446
336.900999,-7.169,-5.997,459.017,166.977
337.000999,-6.700,-6.465,458.783,166.977
337.100999,-6.700,-6.465,459.252,167.212
337.200999,-6.700,-6.231,458.783,166.977
337.300999,-6.700,-6.934,459.017,167.212
337.400999,-6.465,-6.700,459.017,166.977
337.617000,-6.465,-6.934,459.017,167.212
337.631974,-6.700,-6.700,459.017,167.212
337.700999,-6.700,-6.934,459.486,167.212
337.800999,-6.700,-6.700,459.017,166.977
337.900999,-6.700,-6.465,458.783,167.212
338.000999,-6.465,-6.465,459.252,167.212
338.100999,-6.700,-6.700,459.252,166.977
338.200999,-6.700,-6.700,458.783,166.977
338.300999,-6.934,-6.700,458.783,166.743
338.400999,-6.700,-6.934,459.252,166.977
338.617001,-6.934,-6.700,459.252,166.743
338.631974,-6.465,-6.700,458.549,166.977
338.700999,-6.700,-6.700,459.017,167.212
338.800999,-6.465,-6.700,459.017,167.212
338.900999,-6.934,-6.465,459.017,166.977
339.000999,-6.700,-6.700,458.783,166.977
339.100999,-6.465,-6.465,459.017,166.977
339.200999,-6.700,-6.700,458.783,167.212
339.300999,-6.700,-7.169,459.252,166.977
339.400999,-6.934,-6.700,459.252,167.212
339.617000,-6.700,-6.231,459.017,166.977
339.631974,-6.934,-6.700,459.252,167.212
339.700999,-6.934,-6.465,459.017,167.212
339.800999,-6.465,-6.700,459.252,167.212
339.900999,-6.700,-6.700,459.252,167.212
340.000999,-6.700,-6.700,458.783,166.743
340.100999,-6.700,-6.934,459.017,166.977
340.200999,-6.700,-6.934,458.783,167.212
340.300999,-6.700,-6.700,459.017,166.977
340.400999,-6.700,-6.934,458.783,166.743
340.616000,-6.700,-6.700,458.783,166.509
340.630974,-6.465,-6.934,459.252,166.977
340.700999,-6.700,-6.465,459.017,166.743
340.800999,-6.465,-7.169,458.783,166.977
340.900999,-6.700,-6.700,459.017,166.977
341.000999,-6.700,-6.700,459.017,167.212
341.100999,-6.934,-6.700,459.017,166.743
341.200999,-6.465,-6.700,459.017,167.212
341.300999,-6.700,-6.465,459.017,166.743
341.400999,-6.465,-6.934,459.017,166.977
341.617000,-6.465,-6.465,459.017,166.977
341.631974,-6.465,-6.700,459.017,166.743
341.700999,-6.700,-7.169,459.252,166.743
341.800999,-6.934,-6.700,459.252,167.212
341.900999,-6.700,-6.934,459.017,166.977
342.000999,-6.700,-6.700,459.252,166.977
342.100999,-6.700,-6.700,459.017,166.977
342.200999,-6.934,-6.465,458.783,166.743
342.300999,-6.700,-6.934,458.783,166.743
342.400999,-6.700,-6.700,459.017,167.212
342.617000,-6.934,-6.700,458.783,166.743
342.631974,-6.465,-6.934,459.017,167.212
342.700999,-6.465,-6.700,458.783,167.212
342.800999,-6.700,-6.700,459.017,167.212
342.900999,-6.934,-6.934,459.252,166.743
343.000999,-6.934,-7.169,459.017,166.743
343.100999,-6.465,-6.700,459.252,166.977
343.200999,-6.700,-6.700,459.017,166.977
343.300999,-6.700,-6.934,458.783,166.977
343.400999,-6.700,-6.934,458.549,166.743
343.617001,-6.700,-6.465,458.783,166.977
343.631974,-6.700,-6.465,459.017,166.743
343.700999,-6.465,-6.700,459.017,166.977
343.800999,-6.231,-6.465,458.783,166.743
343.900999,-6.700,-6.700,459.017,167.212
344.000999,-6.700,-6.700,459.017,166.977
344.100999,-6.700,-6.700,458.783,166.743
344.200999,-6.700,-6.934,459.017,166.977
344.300999,-6.700,-6.465,458.783,166.977
344.400999,-6.700,-6.700,459.017,167.212
344.617001,-6.700,-6.700,459.252,166.977
344.631974,-6.465,-6.700,459.017,166.743
344.700999,-6.934,-6.700,459.017,166.743
344.800999,-6.465,-6.465,458.783,166.743
344.900999,-6.934,-6.934,459.486,166.743
345.000999,-6.700,-6.700,459.017,166.977
345.100999,-6.700,-6.700,459.017,166.743
345.200999,-6.700,-6.700,458.549,166.743
345.300999,-6.465,-6.700,458.783,167.212
345.400999,-6.700,-6.700,459.017,166.977
345.617000,-6.700,-6.700,459.017,166.743
345.631974,-6.465,-7.169,459.017,167.212
345.700999,-6.700,-6.465,459.017,167.212
345.800999,-6.465,-6.700,459.017,166.977
345.900999,-6.700,-6.934,459.486,166.977
346.000999,-6.700,-6.231,458.783,166.743
346.100999,-6.465,-6.231,458.783,166.743
346.200999,-6.231,-6.700,459.017,166.743
346.300999,-6.934,-6.700,459.017,166.977
346.400999,-6.700,-6.934,458.783,166.743
346.617001,-6.934,-6.465,459.017,166.977
346.631974,-6.700,-6.231,458.549,166.977
346.700999,-6.465,-6.934,459.017,166.743
346.800999,-6.700,-6.700,459.252,166.977
346.900999,-6.700,-6.700,459.017,167.446
347.000999,-6.700,-6.700,459.017,166.977
347.100999,-6.700,-6.700,459.017,166.977
347.200999,-6.465,-6.231,458.783,166.743
347.300999,-6.934,-6.934,459.017,166.977
347.400999,-6.465,-6.934,458.783,166.743
347.617000,-6.934,-6.465,459.486,166.977
347.631974,-6.231,-6.700,459.017,166.509
347.700999,-6.231,-6.934,459.252,166.743
347.800999,-6.700,-7.169,459.017,166.977
347.900999,-6.934,-6.934,458.783,166.743
348.000999,-6.700,-6.700,459.017,166.743
348.100999,-6.465,-6.465,458.783,166.509
348.200999,-6.465,-6.700,459.252,166.977
348.300999,-6.700,-6.700,458.783,166.509
348.400999,-6.934,-6.934,459.017,166.743
348.616000,-6.934,-6.934,459.252,166.743
348.630974,-6.700,-6.465,459.017,166.977
348.700999,-6.700,-6.700,459.017,166.977
348.800999,-6.465,-6.934,458.783,166.977
348.900999,-6.465,-6.465,459.252,166.743
349.000999,-6.700,-6.934,459.486,166.743
349.100999,-6.934,-6.700,459.252,166.743
349.200999,-6.465,-6.700,458.783,166.509
349.300999,-6.700,-6.700,458.783,166.274
349.400999,-6.465,-6.934,458.783,166.977
349.617001,-6.465,-6.934,459.252,166.977
349.631974,-6.465,-6.934,459.017,167.212
349.700999,-6.700,-6.700,459.252,166.977
349.800999,-6.934,-6.465,458.783,166.977
349.900999,-6.465,-6.465,459.017,166.977
350.000999,-6.700,-6.934,459.017,166.977
350.100999,-6.700,-6.934,458.783,167.212
350.200999,-6.700,-6.700,459.017,166.743
350.300999,-6.700,-6.700,458.783,166.977
350.400999,-6.700,-6.700,459.252,166.977
350.617000,-6.934,-6.700,458.783,166.743
350.631974,-6.700,-6.934,458.783,166.977
350.700999,-6.934,-6.934,459.017,166.743
350.800999,-6.700,-6.465,459.017,166.743
350.900999,-6.934,-6.700,458.549,166.743
351.000999,-6.934,-6.934,459.252,166.743
351.100999,-6.700,-6.700,458.783,166.509
351.200999,-6.934,-6.934,459.486,166.977
351.300999,-6.700,-6.700,458.783,166.743
351.400999,-6.700,-6.700,459.017,166.977
351.617001,-6.700,-6.700,459.252,166.743
351.631974,-6.934,-6.465,459.017,166.977
351.700999,-6.700,-6.934,459.486,166.977
351.800999,-6.700,-6.934,459.252,166.743
351.900999,-6.465,-6.700,458.549,167.212
352.000999,-6.934,-6.465,458.783,166.977
352.100999,-6.231,-6.465,459.252,166.977
352.200999,-6.465,-6.465,459.017,166.977
352.300999,-6.700,-6.465,459.017,166.743
352.400999,-6.465,-6.700,458.549,166.274
352.617001,-6.465,-6.465,459.252,166.509
352.631974,-6.465,-6.700,459.017,166.977
352.700999,-6.700,-6.700,459.017,166.743
352.800999,-6.700,-6.700,459.017,166.977
352.900999,-6.934,-6.465,459.252,166.977
353.000999,-6.934,-6.700,459.252,166.977
353.100999,-6.700,-6.700,459.017,166.743
353.200999,-6.700,-6.465,459.252,166.509
353.300999,-6.465,-6.231,459.721,166.509
353.400999,-6.934,-6.465,459.486,166.977
353.616000,-6.700,-6.700,459.017,166.743
