time_s,P1_high_psi,P2_high_psi,P3_high_psi,P4_high_psi
0.000000,-625.000,-625.000,-625.000,-625.000
0.215001,-625.000,-625.000,-625.000,-625.000
0.229974,-625.000,-625.000,-625.000,-625.000
0.244960,-625.000,-625.000,-625.000,-625.000
0.259946,-625.000,-625.000,-625.000,-625.000
0.274932,-625.000,-625.000,-625.000,-625.000
0.289918,-625.000,-625.000,-625.000,-625.000
0.304904,-625.000,-625.000,-625.000,-625.000
0.319890,-625.000,-625.000,-625.000,-625.000
0.334876,-625.000,-625.000,-625.000,-625.000
0.349862,-625.000,-625.000,-625.000,-625.000
0.565000,-625.000,-625.000,-625.000,-625.000
0.579974,-625.000,-625.000,-625.000,-625.000
0.594960,-625.000,-625.000,-625.000,-625.000
0.609946,-625.000,-625.000,-625.000,-625.000
0.624932,-625.000,-625.000,-625.000,-625.000
0.639917,-625.000,-625.000,-625.000,-625.000
0.654903,-625.000,-625.000,-625.000,-625.000
0.669889,-625.000,-625.000,-625.000,-625.000
0.684875,-625.000,-625.000,-625.000,-625.000
0.699861,-625.000,-625.000,-625.000,-625.000
0.915000,-625.000,-625.000,-625.000,-625.000
0.929974,-625.000,-625.000,-625.000,-625.000
0.944960,-625.000,-625.000,-625.000,-625.000
0.959946,-625.000,-625.000,-625.000,-625.000
0.974932,-625.000,-625.000,-625.000,-625.000
0.989917,-625.000,-625.000,-625.000,-625.000
1.004902,-625.000,-625.000,-625.000,-625.000
1.019888,-625.000,-625.000,-625.000,-625.000
1.034874,-625.000,-625.000,-625.000,-625.000
1.049860,-625.000,-625.000,-625.000,-625.000
1.265000,-625.000,-625.000,-625.000,-625.000
1.279974,-625.000,-625.000,-625.000,-625.000
1.294959,-625.000,-625.000,-625.000,-625.000
1.309945,-625.000,-625.000,-625.000,-625.000
1.324931,-625.000,-625.000,-625.000,-625.000
1.339916,-625.000,-625.000,-625.000,-625.000
1.354902,-625.000,-625.000,-625.000,-625.000
1.369888,-625.000,-625.000,-625.000,-625.000
1.384874,-625.000,-625.000,-625.000,-625.000
1.399860,-625.000,-625.000,-625.000,-625.000
1.615001,-625.000,-625.000,-625.000,-625.000
1.629974,-625.000,-625.000,-625.000,-625.000
1.644960,-625.000,-625.000,-625.000,-625.000
1.659946,-625.000,-625.000,-625.000,-625.000
1.674932,-625.000,-625.000,-625.000,-625.000
1.689918,-625.000,-625.000,-625.000,-625.000
1.704904,-625.000,-625.000,-625.000,-625.000
1.719890,-625.000,-625.000,-625.000,-625.000
1.734876,-625.000,-625.000,-625.000,-625.000
1.749862,-625.000,-625.000,-625.000,-625.000
1.965000,-625.000,-625.000,-625.000,-625.000
1.979974,-625.000,-625.000,-625.000,-625.000
1.994960,-625.000,-625.000,-625.000,-625.000
2.009946,-625.000,-625.000,-625.000,-625.000
2.024932,-625.000,-625.000,-625.000,-625.000
2.039917,-625.000,-625.000,-625.000,-625.000
2.054903,-625.000,-625.000,-625.000,-625.000
2.069889,-625.000,-625.000,-625.000,-625.000
2.084875,-625.000,-625.000,-625.000,-625.000
2.099861,-625.000,-625.000,-625.000,-625.000
2.315000,-625.000,-625.000,-625.000,-625.000
2.329974,-625.000,-625.000,-625.000,-625.000
2.344960,-625.000,-625.000,-625.000,-625.000
2.359946,-625.000,-625.000,-625.000,-625.000
2.374932,-625.000,-625.000,-625.000,-625.000
2.389918,-625.000,-625.000,-625.000,-625.000
2.404904,-625.000,-625.000,-625.000,-625.000
2.419889,-625.000,-625.000,-625.000,-625.000
2.434875,-625.000,-625.000,-625.000,-625.000
2.449861,-625.000,-625.000,-625.000,-625.000
2.665001,-625.000,-625.000,-625.000,-625.000
2.679974,-625.000,-625.000,-625.000,-625.000
2.694959,-625.000,-625.000,-625.000,-625.000
2.709944,-625.000,-625.000,-625.000,-625.000
2.724930,-625.000,-625.000,-625.000,-625.000
2.739916,-625.000,-625.000,-625.000,-625.000
2.754902,-625.000,-625.000,-625.000,-625.000
2.769888,-625.000,-625.000,-625.000,-625.000
2.784874,-625.000,-625.000,-625.000,-625.000
2.799859,-625.000,-625.000,-625.000,-625.000
3.015000,-625.000,-625.000,-625.000,-625.000
3.029974,-625.000,-625.000,-625.000,-625.000
3.044959,-625.000,-625.000,-625.000,-625.000
3.059945,-625.000,-625.000,-625.000,-625.000
3.074931,-625.000,-625.000,-625.000,-625.000
3.089916,-625.000,-625.000,-625.000,-625.000
3.104902,-625.000,-625.000,-625.000,-625.000
3.119888,-625.000,-625.000,-625.000,-625.000
3.134874,-625.000,-625.000,-625.000,-625.000
3.149860,-625.000,-625.000,-625.000,-625.000
3.365001,-625.000,-625.000,-625.000,-625.000
3.379974,-625.000,-625.000,-625.000,-625.000
3.394960,-625.000,-625.000,-625.000,-625.000
3.409946,-625.000,-625.000,-625.000,-625.000
3.424932,-625.000,-625.000,-625.000,-625.000
3.439918,-625.000,-625.000,-625.000,-625.000
3.454904,-625.000,-625.000,-625.000,-625.000
3.469890,-625.000,-625.000,-625.000,-625.000
3.484876,-625.000,-625.000,-625.000,-625.000
3.499862,-625.000,-625.000,-625.000,-625.000
3.715000,-625.000,-625.000,-625.000,-625.000
3.729974,-625.000,-625.000,-625.000,-625.000
3.744960,-625.000,-625.000,-625.000,-625.000
3.759946,-625.000,-625.000,-625.000,-625.000
3.774932,-625.000,-625.000,-625.000,-625.000
3.789917,-625.000,-625.000,-625.000,-625.000
3.804903,-625.000,-625.000,-625.000,-625.000
3.819889,-625.000,-625.000,-625.000,-625.000
3.834875,-625.000,-625.000,-625.000,-625.000
3.849861,-625.000,-625.000,-625.000,-625.000
4.065000,-625.000,-625.000,-625.000,-625.000
4.079974,-625.000,-625.000,-625.000,-625.000
4.094960,-625.000,-625.000,-625.000,-625.000
4.109945,-625.000,-625.000,-625.000,-625.000
4.124931,-625.000,-625.000,-625.000,-625.000
4.139917,-625.000,-625.000,-625.000,-625.000
4.154902,-625.000,-625.000,-625.000,-625.000
4.169888,-625.000,-625.000,-625.000,-625.000
4.184874,-625.000,-625.000,-625.000,-625.000
4.199860,-625.000,-625.000,-625.000,-625.000
4.415001,-625.000,-625.000,-625.000,-625.000
4.429974,-625.000,-625.000,-625.000,-625.000
4.444960,-625.000,-625.000,-625.000,-625.000
4.459946,-625.000,-625.000,-625.000,-625.000
4.474932,-625.000,-625.000,-625.000,-625.000
4.489917,-625.000,-625.000,-625.000,-625.000
4.504903,-625.000,-625.000,-625.000,-625.000
4.519889,-625.000,-625.000,-625.000,-625.000
4.534875,-625.000,-625.000,-625.000,-625.000
4.549861,-625.000,-625.000,-625.000,-625.000
4.765000,-625.000,-625.000,-625.000,-625.000
4.779974,-625.000,-625.000,-625.000,-625.000
4.794959,-625.000,-625.000,-625.000,-625.000
4.809944,-625.000,-625.000,-625.000,-625.000
4.824930,-625.000,-625.000,-625.000,-625.000
4.839916,-625.000,-625.000,-625.000,-625.000
4.854901,-625.000,-625.000,-625.000,-625.000
4.869887,-625.000,-625.000,-625.000,-625.000
4.884873,-625.000,-625.000,-625.000,-625.000
4.899859,-625.000,-625.000,-625.000,-625.000
5.115000,-625.000,-625.000,-625.000,-625.000
5.129973,-625.000,-625.000,-625.000,-625.000
5.144959,-625.000,-625.000,-625.000,-625.000
5.159945,-625.000,-625.000,-625.000,-625.000
5.174931,-625.000,-625.000,-625.000,-625.000
5.189916,-625.000,-625.000,-625.000,-625.000
5.204902,-625.000,-625.000,-625.000,-625.000
5.219888,-625.000,-625.000,-625.000,-625.000
5.234874,-625.000,-625.000,-625.000,-625.000
5.320999,-625.000,-625.000,-625.000,-625.000
5.537001,-625.000,-625.000,-625.000,-625.000
5.551974,-625.000,-625.000,-625.000,-625.000
5.620999,-625.000,-625.000,-625.000,-625.000
5.720999,-625.000,-625.000,-625.000,-625.000
5.820999,-625.000,-625.000,-625.000,-625.000
5.920999,-625.000,-625.000,-625.000,-625.000
6.020999,-625.000,-625.000,-625.000,-625.000
6.120999,-625.000,-625.000,-625.000,-625.000
6.220999,-625.000,-625.000,-625.000,-625.000
6.320999,-625.000,-625.000,-625.000,-625.000
6.537000,-625.000,-625.000,-625.000,-625.000
6.551974,-625.000,-625.000,-625.000,-625.000
6.620999,-625.000,-625.000,-625.000,-625.000
6.720999,-625.000,-625.000,-625.000,-625.000
6.820999,-625.000,-625.000,-625.000,-625.000
6.920999,-625.000,-625.000,-625.000,-625.000
7.020999,-625.000,-625.000,-625.000,-625.000
7.120999,-625.000,-625.000,-625.000,-625.000
7.220999,-625.000,-625.000,-625.000,-625.000
7.320999,-625.000,-625.000,-625.000,-625.000
7.537000,-625.000,-625.000,-625.000,-625.000
7.551974,-625.000,-625.000,-625.000,-625.000
7.620999,-625.000,-625.000,-625.000,-625.000
7.720999,-625.000,-625.000,-625.000,-625.000
7.820999,-625.000,-625.000,-625.000,-625.000
7.920999,-625.000,-625.000,-625.000,-625.000
8.020999,-625.000,-625.000,-625.000,-625.000
8.120999,-625.000,-625.000,-625.000,-625.000
8.220999,-625.000,-625.000,-625.000,-625.000
8.320999,-625.000,-625.000,-625.000,-625.000
8.537000,-625.000,-625.000,-625.000,-625.000
8.551974,-625.000,-625.000,-625.000,-625.000
8.620999,-625.000,-625.000,-625.000,-625.000
8.720999,-625.000,-625.000,-625.000,-625.000
8.820999,-625.000,-625.000,-625.000,-625.000
8.920999,-625.000,-625.000,-625.000,-625.000
9.020999,-625.000,-625.000,-625.000,-625.000
9.120999,-625.000,-625.000,-625.000,-625.000
9.220999,-625.000,-625.000,-625.000,-625.000
9.320999,-625.000,-625.000,-625.000,-625.000
9.537001,-625.000,-625.000,-625.000,-625.000
9.551974,-625.000,-625.000,-625.000,-625.000
9.620999,-625.000,-625.000,-625.000,-625.000
9.720999,-625.000,-625.000,-625.000,-625.000
9.820999,-625.000,-625.000,-625.000,-625.000
9.920999,-625.000,-625.000,-625.000,-625.000
10.020999,-625.000,-625.000,-625.000,-625.000
10.120999,-625.000,-625.000,-625.000,-625.000
10.220999,-625.000,-625.000,-625.000,-625.000
10.320999,-625.000,-625.000,-625.000,-625.000
10.536001,-625.000,-625.000,-625.000,-625.000
10.550974,-625.000,-625.000,-625.000,-625.000
10.620999,-625.000,-625.000,-625.000,-625.000
10.720999,-625.000,-625.000,-625.000,-625.000
10.820999,-625.000,-625.000,-625.000,-625.000
10.920999,-625.000,-625.000,-625.000,-625.000
11.020999,-625.000,-625.000,-625.000,-625.000
11.120999,-625.000,-625.000,-625.000,-625.000
11.220999,-625.000,-625.000,-625.000,-625.000
11.320999,-625.000,-625.000,-625.000,-625.000
11.537000,-625.000,-625.000,-625.000,-625.000
11.551974,-625.000,-625.000,-625.000,-625.000
11.620999,-625.000,-625.000,-625.000,-625.000
11.720999,-625.000,-625.000,-625.000,-625.000
11.820999,-625.000,-625.000,-625.000,-625.000
11.920999,-625.000,-625.000,-625.000,-625.000
12.020999,-625.000,-625.000,-625.000,-625.000
12.120999,-625.000,-625.000,-625.000,-625.000
12.220999,-625.000,-625.000,-625.000,-625.000
12.320999,-625.000,-625.000,-625.000,-625.000
12.537000,-625.000,-625.000,-625.000,-625.000
12.551974,-625.000,-625.000,-625.000,-625.000
12.620999,-625.000,-625.000,-625.000,-625.000
12.720999,-625.000,-625.000,-625.000,-625.000
12.820999,-625.000,-625.000,-625.000,-625.000
12.920999,-625.000,-625.000,-625.000,-625.000
13.020999,-625.000,-625.000,-625.000,-625.000
13.120999,-625.000,-625.000,-625.000,-625.000
13.220999,-625.000,-625.000,-625.000,-625.000
13.320999,-625.000,-625.000,-625.000,-625.000
13.537001,-625.000,-625.000,-625.000,-625.000
13.551974,-625.000,-625.000,-625.000,-625.000
13.620999,-625.000,-625.000,-625.000,-625.000
13.720999,-625.000,-625.000,-625.000,-625.000
13.820999,-625.000,-625.000,-625.000,-625.000
13.920999,-625.000,-625.000,-625.000,-625.000
14.020999,-625.000,-625.000,-625.000,-625.000
14.120999,-625.000,-625.000,-625.000,-625.000
14.220999,-625.000,-625.000,-625.000,-625.000
14.320999,-625.000,-625.000,-625.000,-625.000
14.537001,-625.000,-625.000,-625.000,-625.000
14.551974,-625.000,-625.000,-625.000,-625.000
14.620999,-625.000,-625.000,-625.000,-625.000
14.720999,-625.000,-625.000,-625.000,-625.000
14.820999,-625.000,-625.000,-625.000,-625.000
14.920999,-625.000,-625.000,-625.000,-625.000
15.020999,-625.000,-625.000,-625.000,-625.000
15.120999,-625.000,-625.000,-625.000,-625.000
15.220999,-625.000,-625.000,-625.000,-625.000
15.320999,-625.000,-625.000,-625.000,-625.000
15.536001,-625.000,-625.000,-625.000,-625.000
15.550973,-625.000,-625.000,-625.000,-625.000
15.620999,-625.000,-625.000,-625.000,-625.000
15.720999,-625.000,-625.000,-625.000,-625.000
15.820999,-625.000,-625.000,-625.000,-625.000
15.920999,-625.000,-625.000,-625.000,-625.000
16.020999,-625.000,-625.000,-625.000,-625.000
16.120999,-625.000,-625.000,-625.000,-625.000
16.220999,-625.000,-625.000,-625.000,-625.000
16.320999,-625.000,-625.000,-625.000,-625.000
16.537000,-625.000,-625.000,-625.000,-625.000
16.551974,-625.000,-625.000,-625.000,-625.000
16.620999,-625.000,-625.000,-625.000,-625.000
16.720999,-625.000,-625.000,-625.000,-625.000
16.820999,-625.000,-625.000,-625.000,-625.000
16.920999,-625.000,-625.000,-625.000,-625.000
17.020999,-625.000,-625.000,-625.000,-625.000
17.120999,-625.000,-625.000,-625.000,-625.000
17.220999,-625.000,-625.000,-625.000,-625.000
17.320999,-625.000,-625.000,-625.000,-625.000
17.537000,-625.000,-625.000,-625.000,-625.000
17.551974,-625.000,-625.000,-625.000,-625.000
17.620999,-625.000,-625.000,-625.000,-625.000
17.720999,-625.000,-625.000,-625.000,-625.000
17.820999,-625.000,-625.000,-625.000,-625.000
17.920999,-625.000,-625.000,-625.000,-625.000
18.020999,-625.000,-625.000,-625.000,-625.000
18.120999,-625.000,-625.000,-625.000,-625.000
18.220999,-625.000,-625.000,-625.000,-625.000
18.320999,-625.000,-625.000,-625.000,-625.000
18.537000,-625.000,-625.000,-625.000,-625.000
18.551974,-625.000,-625.000,-625.000,-625.000
18.620999,-625.000,-625.000,-625.000,-625.000
18.720999,-625.000,-625.000,-625.000,-625.000
18.820999,-625.000,-625.000,-625.000,-625.000
18.920999,-625.000,-625.000,-625.000,-625.000
19.020999,-625.000,-625.000,-625.000,-625.000
19.120999,-625.000,-625.000,-625.000,-625.000
19.220999,-625.000,-625.000,-625.000,-625.000
19.320999,-625.000,-625.000,-625.000,-625.000
19.537000,-625.000,-625.000,-625.000,-625.000
19.551974,-625.000,-625.000,-625.000,-625.000
19.620999,-625.000,-625.000,-625.000,-625.000
19.720999,-625.000,-625.000,-625.000,-625.000
19.820999,-625.000,-625.000,-625.000,-625.000
19.920999,-625.000,-625.000,-625.000,-625.000
20.020999,-625.000,-625.000,-625.000,-625.000
20.120999,-625.000,-625.000,-625.000,-625.000
20.220999,-625.000,-625.000,-625.000,-625.000
20.320999,-625.000,-625.000,-625.000,-625.000
20.537000,-625.000,-625.000,-625.000,-625.000
20.551974,-625.000,-625.000,-625.000,-625.000
20.620999,-625.000,-625.000,-625.000,-625.000
20.720999,-625.000,-625.000,-625.000,-625.000
20.820999,-625.000,-625.000,-625.000,-625.000
20.920999,-625.000,-625.000,-625.000,-625.000
21.020999,-625.000,-625.000,-625.000,-625.000
21.120999,-625.000,-625.000,-625.000,-625.000
21.220999,-625.000,-625.000,-625.000,-625.000
21.320999,-625.000,-625.000,-625.000,-625.000
21.537000,-625.000,-625.000,-625.000,-625.000
21.551973,-625.000,-625.000,-625.000,-625.000
21.620999,-625.000,-625.000,-625.000,-625.000
21.720999,-625.000,-625.000,-625.000,-625.000
21.820999,-625.000,-625.000,-625.000,-625.000
21.920999,-625.000,-625.000,-625.000,-625.000
22.020999,-625.000,-625.000,-625.000,-625.000
22.120999,-625.000,-625.000,-625.000,-625.000
22.220999,-625.000,-625.000,-625.000,-625.000
22.320999,-625.000,-625.000,-625.000,-625.000
22.537000,-625.000,-625.000,-625.000,-625.000
22.551974,-625.000,-625.000,-625.000,-625.000
22.620999,-625.000,-625.000,-625.000,-625.000
22.720999,-625.000,-625.000,-625.000,-625.000
22.820999,-625.000,-625.000,-625.000,-625.000
22.920999,-625.000,-625.000,-625.000,-625.000
23.020999,-625.000,-625.000,-625.000,-625.000
23.120999,-625.000,-625.000,-625.000,-625.000
23.220999,-625.000,-625.000,-625.000,-625.000
23.320999,-625.000,-625.000,-625.000,-625.000
23.536000,-625.000,-625.000,-625.000,-625.000
23.550973,-625.000,-625.000,-625.000,-625.000
23.620999,-625.000,-625.000,-625.000,-625.000
23.720999,-625.000,-625.000,-625.000,-625.000
23.820999,-625.000,-625.000,-625.000,-625.000
23.920999,-625.000,-625.000,-625.000,-625.000
24.020999,-625.000,-625.000,-625.000,-625.000
24.120999,-625.000,-625.000,-625.000,-625.000
24.220999,-625.000,-625.000,-625.000,-625.000
24.320999,-625.000,-625.000,-625.000,-625.000
24.537001,-625.000,-625.000,-625.000,-625.000
24.551974,-625.000,-625.000,-625.000,-625.000
24.620999,-625.000,-625.000,-625.000,-625.000
24.720999,-625.000,-625.000,-625.000,-625.000
24.820999,-625.000,-625.000,-625.000,-625.000
24.920999,-625.000,-625.000,-625.000,-625.000
25.020999,-625.000,-625.000,-625.000,-625.000
25.120999,-625.000,-625.000,-625.000,-625.000
25.220999,-625.000,-625.000,-625.000,-625.000
25.320999,-625.000,-625.000,-625.000,-625.000
25.537000,-625.000,-625.000,-625.000,-625.000
25.551974,-625.000,-625.000,-625.000,-625.000
25.620999,-625.000,-625.000,-625.000,-625.000
25.720999,-625.000,-625.000,-625.000,-625.000
25.820999,-625.000,-625.000,-625.000,-625.000
25.920999,-625.000,-625.000,-625.000,-625.000
26.020999,-625.000,-625.000,-625.000,-625.000
26.120999,-625.000,-625.000,-625.000,-625.000
26.220999,-625.000,-625.000,-625.000,-625.000
26.320999,-625.000,-625.000,-625.000,-625.000
26.537000,-625.000,-625.000,-625.000,-625.000
26.551973,-625.000,-625.000,-625.000,-625.000
26.620999,-625.000,-625.000,-625.000,-625.000
26.720999,-625.000,-625.000,-625.000,-625.000
26.820999,-625.000,-625.000,-625.000,-625.000
26.920999,-625.000,-625.000,-625.000,-625.000
27.020999,-625.000,-625.000,-625.000,-625.000
27.120999,-625.000,-625.000,-625.000,-625.000
27.220999,-625.000,-625.000,-625.000,-625.000
27.320999,-625.000,-625.000,-625.000,-625.000
27.537000,-625.000,-625.000,-625.000,-625.000
27.551974,-625.000,-625.000,-625.000,-625.000
27.620999,-625.000,-625.000,-625.000,-625.000
27.720999,-625.000,-625.000,-625.000,-625.000
27.820999,-625.000,-625.000,-625.000,-625.000
27.920999,-625.000,-625.000,-625.000,-625.000
28.020999,-625.000,-625.000,-625.000,-625.000
28.120999,-625.000,-625.000,-625.000,-625.000
28.220999,-625.000,-625.000,-625.000,-625.000
28.320999,-625.000,-625.000,-625.000,-625.000
28.537001,-625.000,-625.000,-625.000,-625.000
28.551974,-625.000,-625.000,-625.000,-625.000
28.620999,-625.000,-625.000,-625.000,-625.000
28.720999,-625.000,-625.000,-625.000,-625.000
28.820999,-625.000,-625.000,-625.000,-625.000
28.920999,-625.000,-625.000,-625.000,-625.000
29.020999,-625.000,-625.000,-625.000,-625.000
29.120999,-625.000,-625.000,-625.000,-625.000
29.220999,-625.000,-625.000,-625.000,-625.000
29.320999,-625.000,-625.000,-625.000,-625.000
29.537000,-625.000,-625.000,-625.000,-625.000
29.551974,-625.000,-625.000,-625.000,-625.000
29.620999,-625.000,-625.000,-625.000,-625.000
29.720999,-625.000,-625.000,-625.000,-625.000
29.820999,-625.000,-625.000,-625.000,-625.000
29.920999,-625.000,-625.000,-625.000,-625.000
30.020999,-625.000,-625.000,-625.000,-625.000
30.120999,-625.000,-625.000,-625.000,-625.000
30.220999,-625.000,-625.000,-625.000,-625.000
30.320999,-625.000,-625.000,-625.000,-625.000
30.537001,-625.000,-625.000,-625.000,-625.000
30.551974,-625.000,-625.000,-625.000,-625.000
30.620999,-625.000,-625.000,-625.000,-625.000
30.720999,-625.000,-625.000,-625.000,-625.000
30.820999,-625.000,-625.000,-625.000,-625.000
30.920999,-625.000,-625.000,-625.000,-625.000
31.020999,-625.000,-625.000,-625.000,-625.000
31.120999,-625.000,-625.000,-625.000,-625.000
31.220999,-625.000,-625.000,-625.000,-625.000
31.320999,-625.000,-625.000,-625.000,-625.000
31.537000,-625.000,-625.000,-625.000,-625.000
31.551974,-625.000,-625.000,-625.000,-625.000
31.620999,-625.000,-625.000,-625.000,-625.000
31.720999,-625.000,-625.000,-625.000,-625.000
31.820999,-625.000,-625.000,-625.000,-625.000
31.920999,-625.000,-625.000,-625.000,-625.000
32.020999,-625.000,-625.000,-625.000,-625.000
32.120999,-625.000,-625.000,-625.000,-625.000
32.220999,-625.000,-625.000,-625.000,-625.000
32.320999,-625.000,-625.000,-625.000,-625.000
32.537000,-625.000,-625.000,-625.000,-625.000
32.551974,-625.000,-625.000,-625.000,-625.000
32.620999,-625.000,-625.000,-625.000,-625.000
32.720999,-625.000,-625.000,-625.000,-625.000
32.820999,-625.000,-625.000,-625.000,-625.000
32.920999,-625.000,-625.000,-625.000,-625.000
33.020999,-625.000,-625.000,-625.000,-625.000
33.120999,-625.000,-625.000,-625.000,-625.000
33.220999,-625.000,-625.000,-625.000,-625.000
33.320999,-625.000,-625.000,-625.000,-625.000
33.537000,-625.000,-625.000,-625.000,-625.000
33.551973,-625.000,-625.000,-625.000,-625.000
33.620999,-625.000,-625.000,-625.000,-625.000
33.720999,-625.000,-625.000,-625.000,-625.000
33.820999,-625.000,-625.000,-625.000,-625.000
33.920999,-625.000,-625.000,-625.000,-625.000
34.020999,-625.000,-625.000,-625.000,-625.000
34.120999,-625.000,-625.000,-625.000,-625.000
34.220999,-625.000,-625.000,-625.000,-625.000
34.320999,-625.000,-625.000,-625.000,-625.000
34.537001,-625.000,-625.000,-625.000,-625.000
34.551974,-625.000,-625.000,-625.000,-625.000
34.620999,-625.000,-625.000,-625.000,-625.000
34.720999,-625.000,-625.000,-625.000,-625.000
34.820999,-625.000,-625.000,-625.000,-625.000
34.920999,-625.000,-625.000,-625.000,-625.000
35.020999,-625.000,-625.000,-625.000,-625.000
35.120999,-625.000,-625.000,-625.000,-625.000
35.220999,-625.000,-625.000,-625.000,-625.000
35.320999,-625.000,-625.000,-625.000,-625.000
35.537000,-625.000,-625.000,-625.000,-625.000
35.551974,-625.000,-625.000,-625.000,-625.000
35.620999,-625.000,-625.000,-625.000,-625.000
35.720999,-625.000,-625.000,-625.000,-625.000
35.820999,-625.000,-625.000,-625.000,-625.000
35.920999,-625.000,-625.000,-625.000,-625.000
36.020999,-625.000,-625.000,-625.000,-625.000
36.120999,-625.000,-625.000,-625.000,-625.000
36.220999,-625.000,-625.000,-625.000,-625.000
36.320999,-625.000,-625.000,-625.000,-625.000
36.536000,-625.000,-625.000,-625.000,-625.000
36.550974,-625.000,-625.000,-625.000,-625.000
36.620999,-625.000,-625.000,-625.000,-625.000
36.720999,-625.000,-625.000,-625.000,-625.000
36.820999,-625.000,-625.000,-625.000,-625.000
36.920999,-625.000,-625.000,-625.000,-625.000
37.020999,-625.000,-625.000,-625.000,-625.000
37.120999,-625.000,-625.000,-625.000,-625.000
37.220999,-625.000,-625.000,-625.000,-625.000
37.320999,-625.000,-625.000,-625.000,-625.000
37.537000,-625.000,-625.000,-625.000,-625.000
37.551974,-625.000,-625.000,-625.000,-625.000
37.620999,-625.000,-625.000,-625.000,-625.000
37.720999,-625.000,-625.000,-625.000,-625.000
37.820999,-625.000,-625.000,-625.000,-625.000
37.920999,-625.000,-625.000,-625.000,-625.000
38.020999,-625.000,-625.000,-625.000,-625.000
38.120999,-625.000,-625.000,-625.000,-625.000
38.220999,-625.000,-625.000,-625.000,-625.000
38.320999,-625.000,-625.000,-625.000,-625.000
38.537000,-625.000,-625.000,-625.000,-625.000
38.551974,-625.000,-625.000,-625.000,-625.000
38.620999,-625.000,-625.000,-625.000,-625.000
38.720999,-625.000,-625.000,-625.000,-625.000
38.820999,-625.000,-625.000,-625.000,-625.000
38.920999,-625.000,-625.000,-625.000,-625.000
39.020999,-625.000,-625.000,-625.000,-625.000
39.120999,-625.000,-625.000,-625.000,-625.000
39.220999,-625.000,-625.000,-625.000,-625.000
39.320999,-625.000,-625.000,-625.000,-625.000
39.537001,-625.000,-625.000,-625.000,-625.000
39.551973,-625.000,-625.000,-625.000,-625.000
39.620999,-625.000,-625.000,-625.000,-625.000
39.720999,-625.000,-625.000,-625.000,-625.000
39.820999,-625.000,-625.000,-625.000,-625.000
39.920999,-625.000,-625.000,-625.000,-625.000
40.020999,-625.000,-625.000,-625.000,-625.000
40.120999,-625.000,-625.000,-625.000,-625.000
40.220999,-625.000,-625.000,-625.000,-625.000
40.320999,-625.000,-625.000,-625.000,-625.000
40.537001,-625.000,-625.000,-625.000,-625.000
40.551973,-625.000,-625.000,-625.000,-625.000
40.620999,-625.000,-625.000,-625.000,-625.000
40.720999,-625.000,-625.000,-625.000,-625.000
40.820999,-625.000,-625.000,-625.000,-625.000
40.920999,-625.000,-625.000,-625.000,-625.000
41.020999,-625.000,-625.000,-625.000,-625.000
41.120999,-625.000,-625.000,-625.000,-625.000
41.220999,-625.000,-625.000,-625.000,-625.000
41.320999,-625.000,-625.000,-625.000,-625.000
41.536000,-625.000,-625.000,-625.000,-625.000
41.550974,-625.000,-625.000,-625.000,-625.000
41.620999,-625.000,-625.000,-625.000,-625.000
41.720999,-625.000,-625.000,-625.000,-625.000
41.820999,-625.000,-625.000,-625.000,-625.000
41.920999,-625.000,-625.000,-625.000,-625.000
42.020999,-625.000,-625.000,-625.000,-625.000
42.120999,-625.000,-625.000,-625.000,-625.000
42.220999,-625.000,-625.000,-625.000,-625.000
42.320999,-625.000,-625.000,-625.000,-625.000
42.537000,-625.000,-625.000,-625.000,-625.000
42.551974,-625.000,-625.000,-625.000,-625.000
42.620999,-625.000,-625.000,-625.000,-625.000
42.720999,-625.000,-625.000,-625.000,-625.000
42.820999,-625.000,-625.000,-625.000,-625.000
42.920999,-625.000,-625.000,-625.000,-625.000
43.020999,-625.000,-625.000,-625.000,-625.000
43.120999,-625.000,-625.000,-625.000,-625.000
43.220999,-625.000,-625.000,-625.000,-625.000
43.320999,-625.000,-625.000,-625.000,-625.000
43.537001,-625.000,-625.000,-625.000,-625.000
43.551974,-625.000,-625.000,-625.000,-625.000
43.620999,-625.000,-625.000,-625.000,-625.000
43.720999,-625.000,-625.000,-625.000,-625.000
43.820999,-625.000,-625.000,-625.000,-625.000
43.920999,-625.000,-625.000,-625.000,-625.000
44.020999,-625.000,-625.000,-625.000,-625.000
44.120999,-625.000,-625.000,-625.000,-625.000
44.220999,-625.000,-625.000,-625.000,-625.000
44.320999,-625.000,-625.000,-625.000,-625.000
44.537000,-625.000,-625.000,-625.000,-625.000
44.551974,-625.000,-625.000,-625.000,-625.000
44.620999,-625.000,-625.000,-625.000,-625.000
44.720999,-625.000,-625.000,-625.000,-625.000
44.820999,-625.000,-625.000,-625.000,-625.000
44.920999,-625.000,-625.000,-625.000,-625.000
45.020999,-625.000,-625.000,-625.000,-625.000
45.120999,-625.000,-625.000,-625.000,-625.000
45.220999,-625.000,-625.000,-625.000,-625.000
45.320999,-625.000,-625.000,-625.000,-625.000
45.537000,-625.000,-625.000,-625.000,-625.000
45.551974,-625.000,-625.000,-625.000,-625.000
45.620999,-625.000,-625.000,-625.000,-625.000
45.720999,-625.000,-625.000,-625.000,-625.000
45.820999,-625.000,-625.000,-625.000,-625.000
45.920999,-625.000,-625.000,-625.000,-625.000
46.020999,-625.000,-625.000,-625.000,-625.000
46.120999,-625.000,-625.000,-625.000,-625.000
46.220999,-625.000,-625.000,-625.000,-625.000
46.320999,-625.000,-625.000,-625.000,-625.000
46.537000,-625.000,-625.000,-625.000,-625.000
46.551974,-625.000,-625.000,-625.000,-625.000
46.620999,-625.000,-625.000,-625.000,-625.000
46.720999,-625.000,-625.000,-625.000,-625.000
46.820999,-625.000,-625.000,-625.000,-625.000
46.920999,-625.000,-625.000,-625.000,-625.000
47.020999,-625.000,-625.000,-625.000,-625.000
47.120999,-625.000,-625.000,-625.000,-625.000
47.220999,-625.000,-625.000,-625.000,-625.000
47.320999,-625.000,-625.000,-625.000,-625.000
47.537000,-625.000,-625.000,-625.000,-625.000
47.551974,-625.000,-625.000,-625.000,-625.000
47.620999,-625.000,-625.000,-625.000,-625.000
47.720999,-625.000,-625.000,-625.000,-625.000
47.820999,-625.000,-625.000,-625.000,-625.000
47.920999,-625.000,-625.000,-625.000,-625.000
48.020999,-625.000,-625.000,-625.000,-625.000
48.120999,-625.000,-625.000,-625.000,-625.000
48.220999,-625.000,-625.000,-625.000,-625.000
48.320999,-625.000,-625.000,-625.000,-625.000
48.537000,-625.000,-625.000,-625.000,-625.000
48.551973,-625.000,-625.000,-625.000,-625.000
48.620999,-625.000,-625.000,-625.000,-625.000
48.720999,-625.000,-625.000,-625.000,-625.000
48.820999,-625.000,-625.000,-625.000,-625.000
48.920999,-625.000,-625.000,-625.000,-625.000
49.020999,-625.000,-625.000,-625.000,-625.000
49.120999,-625.000,-625.000,-625.000,-625.000
49.220999,-625.000,-625.000,-625.000,-625.000
49.320999,-625.000,-625.000,-625.000,-625.000
49.536001,-625.000,-625.000,-625.000,-625.000
49.550974,-625.000,-625.000,-625.000,-625.000
49.620999,-625.000,-625.000,-625.000,-625.000
49.720999,-625.000,-625.000,-625.000,-625.000
49.820999,-625.000,-625.000,-625.000,-625.000
49.920999,-625.000,-625.000,-625.000,-625.000
50.020999,-625.000,-625.000,-625.000,-625.000
50.120999,-625.000,-625.000,-625.000,-625.000
50.220999,-625.000,-625.000,-625.000,-625.000
50.320999,-625.000,-625.000,-625.000,-625.000
50.537001,-625.000,-625.000,-625.000,-625.000
50.551974,-625.000,-625.000,-625.000,-625.000
50.620999,-625.000,-625.000,-625.000,-625.000
50.720999,-625.000,-625.000,-625.000,-625.000
50.820999,-625.000,-625.000,-625.000,-625.000
50.920999,-625.000,-625.000,-625.000,-625.000
51.020999,-625.000,-625.000,-625.000,-625.000
51.120999,-625.000,-625.000,-625.000,-625.000
51.220999,-625.000,-625.000,-625.000,-625.000
51.320999,-625.000,-625.000,-625.000,-625.000
51.537001,-625.000,-625.000,-625.000,-625.000
51.551973,-625.000,-625.000,-625.000,-625.000
51.620999,-625.000,-625.000,-625.000,-625.000
51.720999,-625.000,-625.000,-625.000,-625.000
51.820999,-625.000,-625.000,-625.000,-625.000
51.920999,-625.000,-625.000,-625.000,-625.000
52.020999,-625.000,-625.000,-625.000,-625.000
52.120999,-625.000,-625.000,-625.000,-625.000
52.220999,-625.000,-625.000,-625.000,-625.000
52.320999,-625.000,-625.000,-625.000,-625.000
52.537000,-625.000,-625.000,-625.000,-625.000
52.551974,-625.000,-625.000,-625.000,-625.000
52.620999,-625.000,-625.000,-625.000,-625.000
52.720999,-625.000,-625.000,-625.000,-625.000
52.820999,-625.000,-625.000,-625.000,-625.000
52.920999,-625.000,-625.000,-625.000,-625.000
53.020999,-625.000,-625.000,-625.000,-625.000
53.120999,-625.000,-625.000,-625.000,-625.000
53.220999,-625.000,-625.000,-625.000,-625.000
53.320999,-625.000,-625.000,-625.000,-625.000
53.537000,-625.000,-625.000,-625.000,-625.000
53.551974,-625.000,-625.000,-625.000,-625.000
53.620999,-625.000,-625.000,-625.000,-625.000
53.720999,-625.000,-625.000,-625.000,-625.000
53.820999,-625.000,-625.000,-625.000,-625.000
53.920999,-625.000,-625.000,-625.000,-625.000
54.020999,-625.000,-625.000,-625.000,-625.000
54.120999,-625.000,-625.000,-625.000,-625.000
54.220999,-625.000,-625.000,-625.000,-625.000
54.320999,-625.000,-625.000,-625.000,-625.000
54.536000,-625.000,-625.000,-625.000,-625.000
54.550974,-625.000,-625.000,-625.000,-625.000
54.620999,-625.000,-625.000,-625.000,-625.000
54.720999,-625.000,-625.000,-625.000,-625.000
54.820999,-625.000,-625.000,-625.000,-625.000
54.920999,-625.000,-625.000,-625.000,-625.000
55.020999,-625.000,-625.000,-625.000,-625.000
55.120999,-625.000,-625.000,-625.000,-625.000
55.220999,-625.000,-625.000,-625.000,-625.000
55.320999,-625.000,-625.000,-625.000,-625.000
55.537000,-625.000,-625.000,-625.000,-625.000
55.551973,-625.000,-625.000,-625.000,-625.000
55.620999,-625.000,-625.000,-625.000,-625.000
55.720999,-625.000,-625.000,-625.000,-625.000
55.820999,-625.000,-625.000,-625.000,-625.000
55.920999,-625.000,-625.000,-625.000,-625.000
56.020999,-625.000,-625.000,-625.000,-625.000
56.120999,-625.000,-625.000,-625.000,-625.000
56.220999,-625.000,-625.000,-625.000,-625.000
56.320999,-625.000,-625.000,-625.000,-625.000
56.537001,-625.000,-625.000,-625.000,-625.000
56.551974,-625.000,-625.000,-625.000,-625.000
56.620999,-625.000,-625.000,-625.000,-625.000
56.720999,-625.000,-625.000,-625.000,-625.000
56.820999,-625.000,-625.000,-625.000,-625.000
56.920999,-625.000,-625.000,-625.000,-625.000
57.020999,-625.000,-625.000,-625.000,-625.000
57.120999,-625.000,-625.000,-625.000,-625.000
57.220999,-625.000,-625.000,-625.000,-625.000
57.320999,-625.000,-625.000,-625.000,-625.000
57.537001,-625.000,-625.000,-625.000,-625.000
57.551974,-625.000,-625.000,-625.000,-625.000
57.620999,-625.000,-625.000,-625.000,-625.000
57.720999,-625.000,-625.000,-625.000,-625.000
57.820999,-625.000,-625.000,-625.000,-625.000
57.920999,-625.000,-625.000,-625.000,-625.000
58.020999,-625.000,-625.000,-625.000,-625.000
58.120999,-625.000,-625.000,-625.000,-625.000
58.220999,-625.000,-625.000,-625.000,-625.000
58.320999,-625.000,-625.000,-625.000,-625.000
58.537000,-625.000,-625.000,-625.000,-625.000
58.560233,-625.000,-625.000,-625.000,-625.000
58.620999,-625.000,-625.000,-625.000,-625.000
58.720999,-625.000,-625.000,-625.000,-625.000
58.820999,-625.000,-625.000,-625.000,-625.000
58.920999,-625.000,-625.000,-625.000,-625.000
59.020999,-625.000,-625.000,-625.000,-625.000
59.120999,-625.000,-625.000,-625.000,-625.000
59.220999,-625.000,-625.000,-625.000,-625.000
59.320999,-625.000,-625.000,-625.000,-625.000
59.537000,-625.000,-625.000,-625.000,-625.000
59.551974,-625.000,-625.000,-625.000,-625.000
59.620999,-625.000,-625.000,-625.000,-625.000
59.720999,-625.000,-625.000,-625.000,-625.000
59.820999,-625.000,-625.000,-625.000,-625.000
59.920999,-625.000,-625.000,-625.000,-625.000
60.020999,-625.000,-625.000,-625.000,-625.000
60.120999,-625.000,-625.000,-625.000,-625.000
60.220999,-625.000,-625.000,-625.000,-625.000
60.320999,-625.000,-625.000,-625.000,-625.000
60.537001,-625.000,-625.000,-625.000,-625.000
60.551974,-625.000,-625.000,-625.000,-625.000
60.620999,-625.000,-625.000,-625.000,-625.000
60.720999,-625.000,-625.000,-625.000,-625.000
60.820999,-625.000,-625.000,-625.000,-625.000
60.920999,-625.000,-625.000,-625.000,-625.000
61.020999,-625.000,-625.000,-625.000,-625.000
61.120999,-625.000,-625.000,-625.000,-625.000
61.220999,-625.000,-625.000,-625.000,-625.000
61.320999,-625.000,-625.000,-625.000,-625.000
61.537000,-625.000,-625.000,-625.000,-625.000
61.551974,-625.000,-625.000,-625.000,-625.000
61.620999,-625.000,-625.000,-625.000,-625.000
61.720999,-625.000,-625.000,-625.000,-625.000
61.820999,-625.000,-625.000,-625.000,-625.000
61.920999,-625.000,-625.000,-625.000,-625.000
62.020999,-625.000,-625.000,-625.000,-625.000
62.120999,-625.000,-625.000,-625.000,-625.000
62.220999,-625.000,-625.000,-625.000,-625.000
62.320999,-625.000,-625.000,-625.000,-625.000
62.536000,-625.000,-625.000,-625.000,-625.000
62.550974,-625.000,-625.000,-625.000,-625.000
62.620999,-625.000,-625.000,-625.000,-625.000
62.720999,-625.000,-625.000,-625.000,-625.000
62.820999,-625.000,-625.000,-625.000,-625.000
62.920999,-625.000,-625.000,-625.000,-625.000
63.020999,-625.000,-625.000,-625.000,-625.000
63.120999,-625.000,-625.000,-625.000,-625.000
63.220999,-625.000,-625.000,-625.000,-625.000
63.320999,-625.000,-625.000,-625.000,-625.000
63.537000,-625.000,-625.000,-625.000,-625.000
63.551974,-625.000,-625.000,-625.000,-625.000
63.620999,-625.000,-625.000,-625.000,-625.000
63.720999,-625.000,-625.000,-625.000,-625.000
63.820999,-625.000,-625.000,-625.000,-625.000
63.920999,-625.000,-625.000,-625.000,-625.000
64.020999,-625.000,-625.000,-625.000,-625.000
64.120999,-625.000,-625.000,-625.000,-625.000
64.220999,-625.000,-625.000,-625.000,-625.000
64.320999,-625.000,-625.000,-625.000,-625.000
64.537000,-625.000,-625.000,-625.000,-625.000
64.551974,-625.000,-625.000,-625.000,-625.000
64.620999,-625.000,-625.000,-625.000,-625.000
64.720999,-625.000,-625.000,-625.000,-625.000
64.820999,-625.000,-625.000,-625.000,-625.000
64.920999,-625.000,-625.000,-625.000,-625.000
65.020999,-625.000,-625.000,-625.000,-625.000
65.120999,-625.000,-625.000,-625.000,-625.000
65.220999,-625.000,-625.000,-625.000,-625.000
65.320999,-625.000,-625.000,-625.000,-625.000
65.537001,-625.000,-625.000,-625.000,-625.000
65.551974,-625.000,-625.000,-625.000,-625.000
65.620999,-625.000,-625.000,-625.000,-625.000
65.720999,-625.000,-625.000,-625.000,-625.000
65.820999,-625.000,-625.000,-625.000,-625.000
65.920999,-625.000,-625.000,-625.000,-625.000
66.020999,-625.000,-625.000,-625.000,-625.000
66.120999,-625.000,-625.000,-625.000,-625.000
66.220999,-625.000,-625.000,-625.000,-625.000
66.320999,-625.000,-625.000,-625.000,-625.000
66.537000,-625.000,-625.000,-625.000,-625.000
66.551974,-625.000,-625.000,-625.000,-625.000
66.620999,-625.000,-625.000,-625.000,-625.000
66.720999,-625.000,-625.000,-625.000,-625.000
66.820999,-625.000,-625.000,-625.000,-625.000
66.920999,-625.000,-625.000,-625.000,-625.000
67.020999,-625.000,-625.000,-625.000,-625.000
67.120999,-625.000,-625.000,-625.000,-625.000
67.220999,-625.000,-625.000,-625.000,-625.000
67.320999,-625.000,-625.000,-625.000,-625.000
67.536001,-625.000,-625.000,-625.000,-625.000
67.550974,-625.000,-625.000,-625.000,-625.000
67.620999,-625.000,-625.000,-625.000,-625.000
67.720999,-625.000,-625.000,-625.000,-625.000
67.820999,-625.000,-625.000,-625.000,-625.000
67.920999,-625.000,-625.000,-625.000,-625.000
68.020999,-625.000,-625.000,-625.000,-625.000
68.120999,-625.000,-625.000,-625.000,-625.000
68.220999,-625.000,-625.000,-625.000,-625.000
68.320999,-625.000,-625.000,-625.000,-625.000
68.537000,-625.000,-625.000,-625.000,-625.000
68.551974,-625.000,-625.000,-625.000,-625.000
68.620999,-625.000,-625.000,-625.000,-625.000
68.720999,-625.000,-625.000,-625.000,-625.000
68.820999,-625.000,-625.000,-625.000,-625.000
68.920999,-625.000,-625.000,-625.000,-625.000
69.020999,-625.000,-625.000,-625.000,-625.000
69.120999,-625.000,-625.000,-625.000,-625.000
69.220999,-625.000,-625.000,-625.000,-625.000
69.320999,-625.000,-625.000,-625.000,-625.000
69.537001,-625.000,-625.000,-625.000,-625.000
69.551974,-625.000,-625.000,-625.000,-625.000
69.620999,-625.000,-625.000,-625.000,-625.000
69.720999,-625.000,-625.000,-625.000,-625.000
69.820999,-625.000,-625.000,-625.000,-625.000
69.920999,-625.000,-625.000,-625.000,-625.000
70.020999,-625.000,-625.000,-625.000,-625.000
70.120999,-625.000,-625.000,-625.000,-625.000
70.220999,-625.000,-625.000,-625.000,-625.000
70.320999,-625.000,-625.000,-625.000,-625.000
70.537000,-625.000,-625.000,-625.000,-625.000
70.551974,-625.000,-625.000,-625.000,-625.000
70.620999,-625.000,-625.000,-625.000,-625.000
70.720999,-625.000,-625.000,-625.000,-625.000
70.820999,-625.000,-625.000,-625.000,-625.000
70.920999,-625.000,-625.000,-625.000,-625.000
71.020999,-625.000,-625.000,-625.000,-625.000
71.120999,-625.000,-625.000,-625.000,-625.000
71.220999,-625.000,-625.000,-625.000,-625.000
71.320999,-625.000,-625.000,-625.000,-625.000
71.537001,-625.000,-625.000,-625.000,-625.000
71.551974,-625.000,-625.000,-625.000,-625.000
71.620999,-625.000,-625.000,-625.000,-625.000
71.720999,-625.000,-625.000,-625.000,-625.000
71.820999,-625.000,-625.000,-625.000,-625.000
71.920999,-625.000,-625.000,-625.000,-625.000
72.020999,-625.000,-625.000,-625.000,-625.000
72.120999,-625.000,-625.000,-625.000,-625.000
72.220999,-625.000,-625.000,-625.000,-625.000
72.320999,-625.000,-625.000,-625.000,-625.000
72.537000,-625.000,-625.000,-625.000,-625.000
72.551974,-625.000,-625.000,-625.000,-625.000
72.620999,-625.000,-625.000,-625.000,-625.000
72.720999,-625.000,-625.000,-625.000,-625.000
72.820999,-625.000,-625.000,-625.000,-625.000
72.920999,-625.000,-625.000,-625.000,-625.000
73.020999,-625.000,-625.000,-625.000,-625.000
73.120999,-625.000,-625.000,-625.000,-625.000
73.220999,-625.000,-625.000,-625.000,-625.000
73.320999,-625.000,-625.000,-625.000,-625.000
73.537000,-625.000,-625.000,-625.000,-625.000
73.551974,-625.000,-625.000,-625.000,-625.000
73.620999,-625.000,-625.000,-625.000,-625.000
73.720999,-625.000,-625.000,-625.000,-625.000
73.820999,-625.000,-625.000,-625.000,-625.000
73.920999,-625.000,-625.000,-625.000,-625.000
74.020999,-625.000,-625.000,-625.000,-625.000
74.120999,-625.000,-625.000,-625.000,-625.000
74.220999,-625.000,-625.000,-625.000,-625.000
74.320999,-625.000,-625.000,-625.000,-625.000
74.537000,-625.000,-625.000,-625.000,-625.000
74.551974,-625.000,-625.000,-625.000,-625.000
74.620999,-625.000,-625.000,-625.000,-625.000
74.720999,-625.000,-625.000,-625.000,-625.000
74.820999,-625.000,-625.000,-625.000,-625.000
74.920999,-625.000,-625.000,-625.000,-625.000
75.020999,-625.000,-625.000,-625.000,-625.000
75.120999,-625.000,-625.000,-625.000,-625.000
75.220999,-625.000,-625.000,-625.000,-625.000
75.320999,-625.000,-625.000,-625.000,-625.000
75.536000,-625.000,-625.000,-625.000,-625.000
75.550974,-625.000,-625.000,-625.000,-625.000
75.620999,-625.000,-625.000,-625.000,-625.000
75.720999,-625.000,-625.000,-625.000,-625.000
75.820999,-625.000,-625.000,-625.000,-625.000
75.920999,-625.000,-625.000,-625.000,-625.000
76.020999,-625.000,-625.000,-625.000,-625.000
76.120999,-625.000,-625.000,-625.000,-625.000
76.220999,-625.000,-625.000,-625.000,-625.000
76.320999,-625.000,-625.000,-625.000,-625.000
76.537001,-625.000,-625.000,-625.000,-625.000
76.551974,-625.000,-625.000,-625.000,-625.000
76.620999,-625.000,-625.000,-625.000,-625.000
76.720999,-625.000,-625.000,-625.000,-625.000
76.820999,-625.000,-625.000,-625.000,-625.000
76.920999,-625.000,-625.000,-625.000,-625.000
77.020999,-625.000,-625.000,-625.000,-625.000
77.120999,-625.000,-625.000,-625.000,-625.000
77.220999,-625.000,-625.000,-625.000,-625.000
77.320999,-625.000,-625.000,-625.000,-625.000
77.537000,-625.000,-625.000,-625.000,-625.000
77.551974,-625.000,-625.000,-625.000,-625.000
77.620999,-625.000,-625.000,-625.000,-625.000
77.720999,-625.000,-625.000,-625.000,-625.000
77.820999,-625.000,-625.000,-625.000,-625.000
77.920999,-625.000,-625.000,-625.000,-625.000
78.020999,-625.000,-625.000,-625.000,-625.000
78.120999,-625.000,-625.000,-625.000,-625.000
78.220999,-625.000,-625.000,-625.000,-625.000
78.320999,-625.000,-625.000,-625.000,-625.000
78.537000,-625.000,-625.000,-625.000,-625.000
78.551974,-625.000,-625.000,-625.000,-625.000
78.620999,-625.000,-625.000,-625.000,-625.000
78.720999,-625.000,-625.000,-625.000,-625.000
78.820999,-625.000,-625.000,-625.000,-625.000
78.920999,-625.000,-625.000,-625.000,-625.000
79.020999,-625.000,-625.000,-625.000,-625.000
79.120999,-625.000,-625.000,-625.000,-625.000
79.220999,-625.000,-625.000,-625.000,-625.000
79.320999,-625.000,-625.000,-625.000,-625.000
79.537000,-625.000,-625.000,-625.000,-625.000
79.551974,-625.000,-625.000,-625.000,-625.000
79.620999,-625.000,-625.000,-625.000,-625.000
79.720999,-625.000,-625.000,-625.000,-625.000
79.820999,-625.000,-625.000,-625.000,-625.000
79.920999,-625.000,-625.000,-625.000,-625.000
80.020999,-625.000,-625.000,-625.000,-625.000
80.120999,-625.000,-625.000,-625.000,-625.000
80.220999,-625.000,-625.000,-625.000,-625.000
80.320999,-625.000,-625.000,-625.000,-625.000
80.536000,-625.000,-625.000,-625.000,-625.000
80.550974,-625.000,-625.000,-625.000,-625.000
80.620999,-625.000,-625.000,-625.000,-625.000
80.720999,-625.000,-625.000,-625.000,-625.000
80.820999,-625.000,-625.000,-625.000,-625.000
80.920999,-625.000,-625.000,-625.000,-625.000
81.020999,-625.000,-625.000,-625.000,-625.000
81.120999,-625.000,-625.000,-625.000,-625.000
81.220999,-625.000,-625.000,-625.000,-625.000
81.320999,-625.000,-625.000,-625.000,-625.000
81.537000,-625.000,-625.000,-625.000,-625.000
81.551974,-625.000,-625.000,-625.000,-625.000
81.620999,-625.000,-625.000,-625.000,-625.000
81.720999,-625.000,-625.000,-625.000,-625.000
81.820999,-625.000,-625.000,-625.000,-625.000
81.920999,-625.000,-625.000,-625.000,-625.000
82.020999,-625.000,-625.000,-625.000,-625.000
82.120999,-625.000,-625.000,-625.000,-625.000
82.220999,-625.000,-625.000,-625.000,-625.000
82.320999,-625.000,-625.000,-625.000,-625.000
82.537000,-625.000,-625.000,-625.000,-625.000
82.551974,-625.000,-625.000,-625.000,-625.000
82.620999,-625.000,-625.000,-625.000,-625.000
82.720999,-625.000,-625.000,-625.000,-625.000
82.820999,-625.000,-625.000,-625.000,-625.000
82.920999,-625.000,-625.000,-625.000,-625.000
83.020999,-625.000,-625.000,-625.000,-625.000
83.120999,-625.000,-625.000,-625.000,-625.000
83.220999,-625.000,-625.000,-625.000,-625.000
83.320999,-625.000,-625.000,-625.000,-625.000
83.537001,-625.000,-625.000,-625.000,-625.000
83.551974,-625.000,-625.000,-625.000,-625.000
83.620999,-625.000,-625.000,-625.000,-625.000
83.720999,-625.000,-625.000,-625.000,-625.000
83.820999,-625.000,-625.000,-625.000,-625.000
83.920999,-625.000,-625.000,-625.000,-625.000
84.020999,-625.000,-625.000,-625.000,-625.000
84.120999,-625.000,-625.000,-625.000,-625.000
84.220999,-625.000,-625.000,-625.000,-625.000
84.320999,-625.000,-625.000,-625.000,-625.000
84.537000,-625.000,-625.000,-625.000,-625.000
84.551974,-625.000,-625.000,-625.000,-625.000
84.620999,-625.000,-625.000,-625.000,-625.000
84.720999,-625.000,-625.000,-625.000,-625.000
84.820999,-625.000,-625.000,-625.000,-625.000
84.920999,-625.000,-625.000,-625.000,-625.000
85.020999,-625.000,-625.000,-625.000,-625.000
85.120999,-625.000,-625.000,-625.000,-625.000
85.220999,-625.000,-625.000,-625.000,-625.000
85.320999,-625.000,-625.000,-625.000,-625.000
85.537000,-625.000,-625.000,-625.000,-625.000
85.551974,-625.000,-625.000,-625.000,-625.000
85.620999,-625.000,-625.000,-625.000,-625.000
85.720999,-625.000,-625.000,-625.000,-625.000
85.820999,-625.000,-625.000,-625.000,-625.000
85.920999,-625.000,-625.000,-625.000,-625.000
86.020999,-625.000,-625.000,-625.000,-625.000
86.120999,-625.000,-625.000,-625.000,-625.000
86.220999,-625.000,-625.000,-625.000,-625.000
86.320999,-625.000,-625.000,-625.000,-625.000
86.537000,-625.000,-625.000,-625.000,-625.000
86.551973,-625.000,-625.000,-625.000,-625.000
86.620999,-625.000,-625.000,-625.000,-625.000
86.720999,-625.000,-625.000,-625.000,-625.000
86.820999,-625.000,-625.000,-625.000,-625.000
86.920999,-625.000,-625.000,-625.000,-625.000
87.020999,-625.000,-625.000,-625.000,-625.000
87.120999,-625.000,-625.000,-625.000,-625.000
87.220999,-625.000,-625.000,-625.000,-625.000
87.320999,-625.000,-625.000,-625.000,-625.000
87.537001,-625.000,-625.000,-625.000,-625.000
87.551973,-625.000,-625.000,-625.000,-625.000
87.620999,-625.000,-625.000,-625.000,-625.000
87.720999,-625.000,-625.000,-625.000,-625.000
87.820999,-625.000,-625.000,-625.000,-625.000
87.920999,-625.000,-625.000,-625.000,-625.000
88.020999,-625.000,-625.000,-625.000,-625.000
88.120999,-625.000,-625.000,-625.000,-625.000
88.220999,-625.000,-625.000,-625.000,-625.000
88.320999,-625.000,-625.000,-625.000,-625.000
88.536001,-625.000,-625.000,-625.000,-625.000
88.550974,-625.000,-625.000,-625.000,-625.000
88.620999,-625.000,-625.000,-625.000,-625.000
88.720999,-625.000,-625.000,-625.000,-625.000
88.820999,-625.000,-625.000,-625.000,-625.000
88.920999,-625.000,-625.000,-625.000,-625.000
89.020999,-625.000,-625.000,-625.000,-625.000
89.120999,-625.000,-625.000,-625.000,-625.000
89.220999,-625.000,-625.000,-625.000,-625.000
89.320999,-625.000,-625.000,-625.000,-625.000
89.537001,-625.000,-625.000,-625.000,-625.000
89.551974,-625.000,-625.000,-625.000,-625.000
89.620999,-625.000,-625.000,-625.000,-625.000
89.720999,-625.000,-625.000,-625.000,-625.000
89.820999,-625.000,-625.000,-625.000,-625.000
89.920999,-625.000,-625.000,-625.000,-625.000
90.020999,-625.000,-625.000,-625.000,-625.000
90.120999,-625.000,-625.000,-625.000,-625.000
90.220999,-625.000,-625.000,-625.000,-625.000
90.320999,-625.000,-625.000,-625.000,-625.000
90.537000,-625.000,-625.000,-625.000,-625.000
90.551974,-625.000,-625.000,-625.000,-625.000
90.620999,-625.000,-625.000,-625.000,-625.000
90.720999,-625.000,-625.000,-625.000,-625.000
90.820999,-625.000,-625.000,-625.000,-625.000
90.920999,-625.000,-625.000,-625.000,-625.000
91.020999,-625.000,-625.000,-625.000,-625.000
91.120999,-625.000,-625.000,-625.000,-625.000
91.220999,-625.000,-625.000,-625.000,-625.000
91.320999,-625.000,-625.000,-625.000,-625.000
91.537001,-625.000,-625.000,-625.000,-625.000
91.551974,-625.000,-625.000,-625.000,-625.000
91.620999,-625.000,-625.000,-625.000,-625.000
91.720999,-625.000,-625.000,-625.000,-625.000
91.820999,-625.000,-625.000,-625.000,-625.000
91.920999,-625.000,-625.000,-625.000,-625.000
92.020999,-625.000,-625.000,-625.000,-625.000
92.120999,-625.000,-625.000,-625.000,-625.000
92.220999,-625.000,-625.000,-625.000,-625.000
92.320999,-625.000,-625.000,-625.000,-625.000
92.537001,-625.000,-625.000,-625.000,-625.000
92.551974,-625.000,-625.000,-625.000,-625.000
92.620999,-625.000,-625.000,-625.000,-625.000
92.720999,-625.000,-625.000,-625.000,-625.000
92.820999,-625.000,-625.000,-625.000,-625.000
92.920999,-625.000,-625.000,-625.000,-625.000
93.020999,-625.000,-625.000,-625.000,-625.000
93.120999,-625.000,-625.000,-625.000,-625.000
93.220999,-625.000,-625.000,-625.000,-625.000
93.320999,-625.000,-625.000,-625.000,-625.000
93.536000,-625.000,-625.000,-625.000,-625.000
93.550974,-625.000,-625.000,-625.000,-625.000
93.620999,-625.000,-625.000,-625.000,-625.000
93.720999,-625.000,-625.000,-625.000,-625.000
93.820999,-625.000,-625.000,-625.000,-625.000
93.920999,-625.000,-625.000,-625.000,-625.000
94.020999,-625.000,-625.000,-625.000,-625.000
94.120999,-625.000,-625.000,-625.000,-625.000
94.220999,-625.000,-625.000,-625.000,-625.000
94.320999,-625.000,-625.000,-625.000,-625.000
94.537000,-625.000,-625.000,-625.000,-625.000
94.551974,-625.000,-625.000,-625.000,-625.000
94.620999,-625.000,-625.000,-625.000,-625.000
94.720999,-625.000,-625.000,-625.000,-625.000
94.820999,-625.000,-625.000,-625.000,-625.000
94.920999,-625.000,-625.000,-625.000,-625.000
95.020999,-625.000,-625.000,-625.000,-625.000
95.120999,-625.000,-625.000,-625.000,-625.000
95.220999,-625.000,-625.000,-625.000,-625.000
95.320999,-625.000,-625.000,-625.000,-625.000
95.537000,-625.000,-625.000,-625.000,-625.000
95.551974,-625.000,-625.000,-625.000,-625.000
95.620999,-625.000,-625.000,-625.000,-625.000
95.720999,-625.000,-625.000,-625.000,-625.000
95.820999,-625.000,-625.000,-625.000,-625.000
95.920999,-625.000,-625.000,-625.000,-625.000
96.020999,-625.000,-625.000,-625.000,-625.000
96.120999,-625.000,-625.000,-625.000,-625.000
96.220999,-625.000,-625.000,-625.000,-625.000
96.320999,-625.000,-625.000,-625.000,-625.000
96.537001,-625.000,-625.000,-625.000,-625.000
96.551974,-625.000,-625.000,-625.000,-625.000
96.620999,-625.000,-625.000,-625.000,-625.000
96.720999,-625.000,-625.000,-625.000,-625.000
96.820999,-625.000,-625.000,-625.000,-625.000
96.920999,-625.000,-625.000,-625.000,-625.000
97.020999,-625.000,-625.000,-625.000,-625.000
97.120999,-625.000,-625.000,-625.000,-625.000
97.220999,-625.000,-625.000,-625.000,-625.000
97.320999,-625.000,-625.000,-625.000,-625.000
97.537000,-625.000,-625.000,-625.000,-625.000
97.551974,-625.000,-625.000,-625.000,-625.000
97.620999,-625.000,-625.000,-625.000,-625.000
97.720999,-625.000,-625.000,-625.000,-625.000
97.820999,-625.000,-625.000,-625.000,-625.000
97.920999,-625.000,-625.000,-625.000,-625.000
98.020999,-625.000,-625.000,-625.000,-625.000
98.120999,-625.000,-625.000,-625.000,-625.000
98.220999,-625.000,-625.000,-625.000,-625.000
98.320999,-625.000,-625.000,-625.000,-625.000
98.537000,-625.000,-625.000,-625.000,-625.000
98.551974,-625.000,-625.000,-625.000,-625.000
98.620999,-625.000,-625.000,-625.000,-625.000
98.720999,-625.000,-625.000,-625.000,-625.000
98.820999,-625.000,-625.000,-625.000,-625.000
98.920999,-625.000,-625.000,-625.000,-625.000
99.020999,-625.000,-625.000,-625.000,-625.000
99.120999,-625.000,-625.000,-625.000,-625.000
99.220999,-625.000,-625.000,-625.000,-625.000
99.320999,-625.000,-625.000,-625.000,-625.000
99.537000,-625.000,-625.000,-625.000,-625.000
99.551974,-625.000,-625.000,-625.000,-625.000
99.620999,-625.000,-625.000,-625.000,-625.000
99.720999,-625.000,-625.000,-625.000,-625.000
99.820999,-625.000,-625.000,-625.000,-625.000
99.920999,-625.000,-625.000,-625.000,-625.000
100.020999,-625.000,-625.000,-625.000,-625.000
100.120999,-625.000,-625.000,-625.000,-625.000
100.220999,-625.000,-625.000,-625.000,-625.000
100.320999,-625.000,-625.000,-625.000,-625.000
100.537000,-625.000,-625.000,-625.000,-625.000
100.551974,-625.000,-625.000,-625.000,-625.000
100.620999,-625.000,-625.000,-625.000,-625.000
100.720999,-625.000,-625.000,-625.000,-625.000
100.820999,-625.000,-625.000,-625.000,-625.000
100.920999,-625.000,-625.000,-625.000,-625.000
101.020999,-625.000,-625.000,-625.000,-625.000
101.120999,-625.000,-625.000,-625.000,-625.000
101.220999,-625.000,-625.000,-625.000,-625.000
101.320999,-625.000,-625.000,-625.000,-625.000
101.536000,-625.000,-625.000,-625.000,-625.000
101.550974,-625.000,-625.000,-625.000,-625.000
101.620999,-625.000,-625.000,-625.000,-625.000
101.720999,-625.000,-625.000,-625.000,-625.000
101.820999,-625.000,-625.000,-625.000,-625.000
101.920999,-625.000,-625.000,-625.000,-625.000
102.020999,-625.000,-625.000,-625.000,-625.000
102.120999,-625.000,-625.000,-625.000,-625.000
102.220999,-625.000,-625.000,-625.000,-625.000
102.320999,-625.000,-625.000,-625.000,-625.000
102.537001,-625.000,-625.000,-625.000,-625.000
102.551974,-625.000,-625.000,-625.000,-625.000
102.620999,-625.000,-625.000,-625.000,-625.000
102.720999,-625.000,-625.000,-625.000,-625.000
102.820999,-625.000,-625.000,-625.000,-625.000
102.920999,-625.000,-625.000,-625.000,-625.000
103.020999,-625.000,-625.000,-625.000,-625.000
103.120999,-625.000,-625.000,-625.000,-625.000
103.220999,-625.000,-625.000,-625.000,-625.000
103.320999,-625.000,-625.000,-625.000,-625.000
103.537000,-625.000,-625.000,-625.000,-625.000
103.551974,-625.000,-625.000,-625.000,-625.000
103.620999,-625.000,-625.000,-625.000,-625.000
103.720999,-625.000,-625.000,-625.000,-625.000
103.820999,-625.000,-625.000,-625.000,-625.000
103.920999,-625.000,-625.000,-625.000,-625.000
104.020999,-625.000,-625.000,-625.000,-625.000
104.120999,-625.000,-625.000,-625.000,-625.000
104.220999,-625.000,-625.000,-625.000,-625.000
104.320999,-625.000,-625.000,-625.000,-625.000
104.537001,-625.000,-625.000,-625.000,-625.000
104.551974,-625.000,-625.000,-625.000,-625.000
104.620999,-625.000,-625.000,-625.000,-625.000
104.720999,-625.000,-625.000,-625.000,-625.000
104.820999,-625.000,-625.000,-625.000,-625.000
104.920999,-625.000,-625.000,-625.000,-625.000
105.020999,-625.000,-625.000,-625.000,-625.000
105.120999,-625.000,-625.000,-625.000,-625.000
105.220999,-625.000,-625.000,-625.000,-625.000
105.320999,-625.000,-625.000,-625.000,-625.000
105.537000,-625.000,-625.000,-625.000,-625.000
105.551974,-625.000,-625.000,-625.000,-625.000
105.620999,-625.000,-625.000,-625.000,-625.000
105.720999,-625.000,-625.000,-625.000,-625.000
105.820999,-625.000,-625.000,-625.000,-625.000
105.920999,-625.000,-625.000,-625.000,-625.000
106.020999,-625.000,-625.000,-625.000,-625.000
106.120999,-625.000,-625.000,-625.000,-625.000
106.220999,-625.000,-625.000,-625.000,-625.000
106.320999,-625.000,-625.000,-625.000,-625.000
106.536001,-625.000,-625.000,-625.000,-625.000
106.550974,-625.000,-625.000,-625.000,-625.000
106.620999,-625.000,-625.000,-625.000,-625.000
106.720999,-625.000,-625.000,-625.000,-625.000
106.820999,-625.000,-625.000,-625.000,-625.000
106.920999,-625.000,-625.000,-625.000,-625.000
107.020999,-625.000,-625.000,-625.000,-625.000
107.120999,-625.000,-625.000,-625.000,-625.000
107.220999,-625.000,-625.000,-625.000,-625.000
107.320999,-625.000,-625.000,-625.000,-625.000
107.537000,-625.000,-625.000,-625.000,-625.000
107.551974,-625.000,-625.000,-625.000,-625.000
107.620999,-625.000,-625.000,-625.000,-625.000
107.720999,-625.000,-625.000,-625.000,-625.000
107.820999,-625.000,-625.000,-625.000,-625.000
107.920999,-625.000,-625.000,-625.000,-625.000
108.020999,-625.000,-625.000,-625.000,-625.000
108.120999,-625.000,-625.000,-625.000,-625.000
108.220999,-625.000,-625.000,-625.000,-625.000
108.320999,-625.000,-625.000,-625.000,-625.000
108.537000,-625.000,-625.000,-625.000,-625.000
108.551974,-625.000,-625.000,-625.000,-625.000
108.620999,-625.000,-625.000,-625.000,-625.000
108.720999,-625.000,-625.000,-625.000,-625.000
108.820999,-625.000,-625.000,-625.000,-625.000
108.920999,-625.000,-625.000,-625.000,-625.000
109.020999,-625.000,-625.000,-625.000,-625.000
109.120999,-625.000,-625.000,-625.000,-625.000
109.220999,-625.000,-625.000,-625.000,-625.000
109.320999,-625.000,-625.000,-625.000,-625.000
109.537000,-625.000,-625.000,-625.000,-625.000
109.551974,-625.000,-625.000,-625.000,-625.000
109.620999,-625.000,-625.000,-625.000,-625.000
109.720999,-625.000,-625.000,-625.000,-625.000
109.820999,-625.000,-625.000,-625.000,-625.000
109.920999,-625.000,-625.000,-625.000,-625.000
110.020999,-625.000,-625.000,-625.000,-625.000
110.120999,-625.000,-625.000,-625.000,-625.000
110.220999,-625.000,-625.000,-625.000,-625.000
110.320999,-625.000,-625.000,-625.000,-625.000
110.537000,-625.000,-625.000,-625.000,-625.000
110.551974,-625.000,-625.000,-625.000,-625.000
110.620999,-625.000,-625.000,-625.000,-625.000
110.720999,-625.000,-625.000,-625.000,-625.000
110.820999,-625.000,-625.000,-625.000,-625.000
110.920999,-625.000,-625.000,-625.000,-625.000
111.020999,-625.000,-625.000,-625.000,-625.000
111.120999,-625.000,-625.000,-625.000,-625.000
111.220999,-625.000,-625.000,-625.000,-625.000
111.320999,-625.000,-625.000,-625.000,-625.000
111.537000,-625.000,-625.000,-625.000,-625.000
111.551974,-625.000,-625.000,-625.000,-625.000
111.620999,-625.000,-625.000,-625.000,-625.000
111.720999,-625.000,-625.000,-625.000,-625.000
111.820999,-625.000,-625.000,-625.000,-625.000
111.920999,-625.000,-625.000,-625.000,-625.000
112.020999,-625.000,-625.000,-625.000,-625.000
112.120999,-625.000,-625.000,-625.000,-625.000
112.220999,-625.000,-625.000,-625.000,-625.000
112.320999,-625.000,-625.000,-625.000,-625.000
112.537000,-625.000,-625.000,-625.000,-625.000
112.551973,-625.000,-625.000,-625.000,-625.000
112.620999,-625.000,-625.000,-625.000,-625.000
112.720999,-625.000,-625.000,-625.000,-625.000
112.820999,-625.000,-625.000,-625.000,-625.000
112.920999,-625.000,-625.000,-625.000,-625.000
113.020999,-625.000,-625.000,-625.000,-625.000
113.120999,-625.000,-625.000,-625.000,-625.000
113.220999,-625.000,-625.000,-625.000,-625.000
113.320999,-625.000,-625.000,-625.000,-625.000
113.537000,-625.000,-625.000,-625.000,-625.000
113.551973,-625.000,-625.000,-625.000,-625.000
113.620999,-625.000,-625.000,-625.000,-625.000
113.720999,-625.000,-625.000,-625.000,-625.000
113.820999,-625.000,-625.000,-625.000,-625.000
113.920999,-625.000,-625.000,-625.000,-625.000
114.020999,-625.000,-625.000,-625.000,-625.000
114.120999,-625.000,-625.000,-625.000,-625.000
114.220999,-625.000,-625.000,-625.000,-625.000
114.320999,-625.000,-625.000,-625.000,-625.000
114.536001,-625.000,-625.000,-625.000,-625.000
114.550974,-625.000,-625.000,-625.000,-625.000
114.620999,-625.000,-625.000,-625.000,-625.000
114.720999,-625.000,-625.000,-625.000,-625.000
114.820999,-625.000,-625.000,-625.000,-625.000
114.920999,-625.000,-625.000,-625.000,-625.000
115.020999,-625.000,-625.000,-625.000,-625.000
115.120999,-625.000,-625.000,-625.000,-625.000
115.220999,-625.000,-625.000,-625.000,-625.000
115.320999,-625.000,-625.000,-625.000,-625.000
115.537001,-625.000,-625.000,-625.000,-625.000
115.551974,-625.000,-625.000,-625.000,-625.000
115.620999,-625.000,-625.000,-625.000,-625.000
115.720999,-625.000,-625.000,-625.000,-625.000
115.820999,-625.000,-625.000,-625.000,-625.000
115.920999,-625.000,-625.000,-625.000,-625.000
116.020999,-625.000,-625.000,-625.000,-625.000
116.120999,-625.000,-625.000,-625.000,-625.000
116.220999,-625.000,-625.000,-625.000,-625.000
116.320999,-625.000,-625.000,-625.000,-625.000
116.537000,-625.000,-625.000,-625.000,-625.000
116.551974,-625.000,-625.000,-625.000,-625.000
116.620999,-625.000,-625.000,-625.000,-625.000
116.720999,-625.000,-625.000,-625.000,-625.000
116.820999,-625.000,-625.000,-625.000,-625.000
116.920999,-625.000,-625.000,-625.000,-625.000
117.020999,-625.000,-625.000,-625.000,-625.000
117.120999,-625.000,-625.000,-625.000,-625.000
117.220999,-625.000,-625.000,-625.000,-625.000
117.320999,-625.000,-625.000,-625.000,-625.000
117.537000,-625.000,-625.000,-625.000,-625.000
117.551974,-625.000,-625.000,-625.000,-625.000
117.620999,-625.000,-625.000,-625.000,-625.000
117.720999,-625.000,-625.000,-625.000,-625.000
117.820999,-625.000,-625.000,-625.000,-625.000
117.920999,-625.000,-625.000,-625.000,-625.000
118.020999,-625.000,-625.000,-625.000,-625.000
118.120999,-625.000,-625.000,-625.000,-625.000
118.220999,-625.000,-625.000,-625.000,-625.000
118.320999,-625.000,-625.000,-625.000,-625.000
118.537000,-625.000,-625.000,-625.000,-625.000
118.551974,-625.000,-625.000,-625.000,-625.000
118.620999,-625.000,-625.000,-625.000,-625.000
118.720999,-625.000,-625.000,-625.000,-625.000
118.820999,-625.000,-625.000,-625.000,-625.000
118.920999,-625.000,-625.000,-625.000,-625.000
119.020999,-625.000,-625.000,-625.000,-625.000
119.120999,-625.000,-625.000,-625.000,-625.000
119.220999,-625.000,-625.000,-625.000,-625.000
119.320999,-625.000,-625.000,-625.000,-625.000
119.536001,-625.000,-625.000,-625.000,-625.000
119.550974,-625.000,-625.000,-625.000,-625.000
119.620999,-625.000,-625.000,-625.000,-625.000
119.720999,-625.000,-625.000,-625.000,-625.000
119.820999,-625.000,-625.000,-625.000,-625.000
119.920999,-625.000,-625.000,-625.000,-625.000
120.020999,-625.000,-625.000,-625.000,-625.000
120.120999,-625.000,-625.000,-625.000,-625.000
120.220999,-625.000,-625.000,-625.000,-625.000
120.320999,-625.000,-625.000,-625.000,-625.000
120.537000,-625.000,-625.000,-625.000,-625.000
120.551974,-625.000,-625.000,-625.000,-625.000
120.620999,-625.000,-625.000,-625.000,-625.000
120.720999,-625.000,-625.000,-625.000,-625.000
120.820999,-625.000,-625.000,-625.000,-625.000
120.920999,-625.000,-625.000,-625.000,-625.000
121.020999,-625.000,-625.000,-625.000,-625.000
121.120999,-625.000,-625.000,-625.000,-625.000
121.220999,-625.000,-625.000,-625.000,-625.000
121.320999,-625.000,-625.000,-625.000,-625.000
121.537001,-625.000,-625.000,-625.000,-625.000
121.551974,-625.000,-625.000,-625.000,-625.000
121.620999,-625.000,-625.000,-625.000,-625.000
121.720999,-625.000,-625.000,-625.000,-625.000
121.820999,-625.000,-625.000,-625.000,-625.000
121.920999,-625.000,-625.000,-625.000,-625.000
122.020999,-625.000,-625.000,-625.000,-625.000
122.120999,-625.000,-625.000,-625.000,-625.000
122.220999,-625.000,-625.000,-625.000,-625.000
122.320999,-625.000,-625.000,-625.000,-625.000
122.537000,-625.000,-625.000,-625.000,-625.000
122.551974,-625.000,-625.000,-625.000,-625.000
122.620999,-625.000,-625.000,-625.000,-625.000
122.720999,-625.000,-625.000,-625.000,-625.000
122.820999,-625.000,-625.000,-625.000,-625.000
122.920999,-625.000,-625.000,-625.000,-625.000
123.020999,-625.000,-625.000,-625.000,-625.000
123.120999,-625.000,-625.000,-625.000,-625.000
123.220999,-625.000,-625.000,-625.000,-625.000
123.320999,-625.000,-625.000,-625.000,-625.000
123.537000,-625.000,-625.000,-625.000,-625.000
123.551974,-625.000,-625.000,-625.000,-625.000
123.620999,-625.000,-625.000,-625.000,-625.000
123.720999,-625.000,-625.000,-625.000,-625.000
123.820999,-625.000,-625.000,-625.000,-625.000
123.920999,-625.000,-625.000,-625.000,-625.000
124.020999,-625.000,-625.000,-625.000,-625.000
124.120999,-625.000,-625.000,-625.000,-625.000
124.220999,-625.000,-625.000,-625.000,-625.000
124.320999,-625.000,-625.000,-625.000,-625.000
124.537000,-625.000,-625.000,-625.000,-625.000
124.551974,-625.000,-625.000,-625.000,-625.000
124.620999,-625.000,-625.000,-625.000,-625.000
124.720999,-625.000,-625.000,-625.000,-625.000
124.820999,-625.000,-625.000,-625.000,-625.000
124.920999,-625.000,-625.000,-625.000,-625.000
125.020999,-625.000,-625.000,-625.000,-625.000
125.120999,-625.000,-625.000,-625.000,-625.000
125.220999,-625.000,-625.000,-625.000,-625.000
125.320999,-625.000,-625.000,-625.000,-625.000
125.537000,-625.000,-625.000,-625.000,-625.000
125.551974,-625.000,-625.000,-625.000,-625.000
125.620999,-625.000,-625.000,-625.000,-625.000
125.720999,-625.000,-625.000,-625.000,-625.000
125.820999,-625.000,-625.000,-625.000,-625.000
125.920999,-625.000,-625.000,-625.000,-625.000
126.020999,-625.000,-625.000,-625.000,-625.000
126.120999,-625.000,-625.000,-625.000,-625.000
126.220999,-625.000,-625.000,-625.000,-625.000
126.320999,-625.000,-625.000,-625.000,-625.000
126.537001,-625.000,-625.000,-625.000,-625.000
126.551974,-625.000,-625.000,-625.000,-625.000
126.620999,-625.000,-625.000,-625.000,-625.000
126.720999,-625.000,-625.000,-625.000,-625.000
126.820999,-625.000,-625.000,-625.000,-625.000
126.920999,-625.000,-625.000,-625.000,-625.000
127.020999,-625.000,-625.000,-625.000,-625.000
127.120999,-625.000,-625.000,-625.000,-625.000
127.220999,-625.000,-625.000,-625.000,-625.000
127.320999,-625.000,-625.000,-625.000,-625.000
127.536000,-625.000,-625.000,-625.000,-625.000
127.550974,-625.000,-625.000,-625.000,-625.000
127.620999,-625.000,-625.000,-625.000,-625.000
127.720999,-625.000,-625.000,-625.000,-625.000
127.820999,-625.000,-625.000,-625.000,-625.000
127.920999,-625.000,-625.000,-625.000,-625.000
128.020999,-625.000,-625.000,-625.000,-625.000
128.120999,-625.000,-625.000,-625.000,-625.000
128.220999,-625.000,-625.000,-625.000,-625.000
128.320999,-625.000,-625.000,-625.000,-625.000
128.537001,-625.000,-625.000,-625.000,-625.000
128.551974,-625.000,-625.000,-625.000,-625.000
128.620999,-625.000,-625.000,-625.000,-625.000
128.720999,-625.000,-625.000,-625.000,-625.000
128.820999,-625.000,-625.000,-625.000,-625.000
128.920999,-625.000,-625.000,-625.000,-625.000
129.020999,-625.000,-625.000,-625.000,-625.000
129.120999,-625.000,-625.000,-625.000,-625.000
129.220999,-625.000,-625.000,-625.000,-625.000
129.320999,-625.000,-625.000,-625.000,-625.000
129.537000,-625.000,-625.000,-625.000,-625.000
129.551974,-625.000,-625.000,-625.000,-625.000
129.620999,-625.000,-625.000,-625.000,-625.000
129.720999,-625.000,-625.000,-625.000,-625.000
129.820999,-625.000,-625.000,-625.000,-625.000
129.920999,-625.000,-625.000,-625.000,-625.000
130.020999,-625.000,-625.000,-625.000,-625.000
130.120999,-625.000,-625.000,-625.000,-625.000
130.220999,-625.000,-625.000,-625.000,-625.000
130.320999,-625.000,-625.000,-625.000,-625.000
130.537000,-625.000,-625.000,-625.000,-625.000
130.551974,-625.000,-625.000,-625.000,-625.000
130.620999,-625.000,-625.000,-625.000,-625.000
130.720999,-625.000,-625.000,-625.000,-625.000
130.820999,-625.000,-625.000,-625.000,-625.000
130.920999,-625.000,-625.000,-625.000,-625.000
131.020999,-625.000,-625.000,-625.000,-625.000
131.120999,-625.000,-625.000,-625.000,-625.000
131.220999,-625.000,-625.000,-625.000,-625.000
131.320999,-625.000,-625.000,-625.000,-625.000
131.537000,-625.000,-625.000,-625.000,-625.000
131.551974,-625.000,-625.000,-625.000,-625.000
131.620999,-625.000,-625.000,-625.000,-625.000
131.720999,-625.000,-625.000,-625.000,-625.000
131.820999,-625.000,-625.000,-625.000,-625.000
131.920999,-625.000,-625.000,-625.000,-625.000
132.020999,-625.000,-625.000,-625.000,-625.000
132.120999,-625.000,-625.000,-625.000,-625.000
132.220999,-625.000,-625.000,-625.000,-625.000
132.320999,-625.000,-625.000,-625.000,-625.000
132.536000,-625.000,-625.000,-625.000,-625.000
132.550974,-625.000,-625.000,-625.000,-625.000
132.620999,-625.000,-625.000,-625.000,-625.000
132.720999,-625.000,-625.000,-625.000,-625.000
132.820999,-625.000,-625.000,-625.000,-625.000
132.920999,-625.000,-625.000,-625.000,-625.000
133.020999,-625.000,-625.000,-625.000,-625.000
133.120999,-625.000,-625.000,-625.000,-625.000
133.220999,-625.000,-625.000,-625.000,-625.000
133.320999,-625.000,-625.000,-625.000,-625.000
133.537000,-625.000,-625.000,-625.000,-625.000
133.551974,-625.000,-625.000,-625.000,-625.000
133.620999,-625.000,-625.000,-625.000,-625.000
133.720999,-625.000,-625.000,-625.000,-625.000
133.820999,-625.000,-625.000,-625.000,-625.000
133.920999,-625.000,-625.000,-625.000,-625.000
134.020999,-625.000,-625.000,-625.000,-625.000
134.120999,-625.000,-625.000,-625.000,-625.000
134.220999,-625.000,-625.000,-625.000,-625.000
134.320999,-625.000,-625.000,-625.000,-625.000
134.537001,-625.000,-625.000,-625.000,-625.000
134.551974,-625.000,-625.000,-625.000,-625.000
134.620999,-625.000,-625.000,-625.000,-625.000
134.720999,-625.000,-625.000,-625.000,-625.000
134.820999,-625.000,-625.000,-625.000,-625.000
134.920999,-625.000,-625.000,-625.000,-625.000
135.020999,-625.000,-625.000,-625.000,-625.000
135.120999,-625.000,-625.000,-625.000,-625.000
135.220999,-625.000,-625.000,-625.000,-625.000
135.320999,-625.000,-625.000,-625.000,-625.000
135.537001,-625.000,-625.000,-625.000,-625.000
135.551974,-625.000,-625.000,-625.000,-625.000
135.620999,-625.000,-625.000,-625.000,-625.000
135.720999,-625.000,-625.000,-625.000,-625.000
135.820999,-625.000,-625.000,-625.000,-625.000
135.920999,-625.000,-625.000,-625.000,-625.000
136.020999,-625.000,-625.000,-625.000,-625.000
136.120999,-625.000,-625.000,-625.000,-625.000
136.220999,-625.000,-625.000,-625.000,-625.000
136.320999,-625.000,-625.000,-625.000,-625.000
136.537001,-625.000,-625.000,-625.000,-625.000
136.551973,-625.000,-625.000,-625.000,-625.000
136.620999,-625.000,-625.000,-625.000,-625.000
136.720999,-625.000,-625.000,-625.000,-625.000
136.820999,-625.000,-625.000,-625.000,-625.000
136.920999,-625.000,-625.000,-625.000,-625.000
137.020999,-625.000,-625.000,-625.000,-625.000
137.120999,-625.000,-625.000,-625.000,-625.000
137.220999,-625.000,-625.000,-625.000,-625.000
137.320999,-625.000,-625.000,-625.000,-625.000
137.537000,-625.000,-625.000,-625.000,-625.000
137.551974,-625.000,-625.000,-625.000,-625.000
137.620999,-625.000,-625.000,-625.000,-625.000
137.720999,-625.000,-625.000,-625.000,-625.000
137.820999,-625.000,-625.000,-625.000,-625.000
137.920999,-625.000,-625.000,-625.000,-625.000
138.020999,-625.000,-625.000,-625.000,-625.000
138.120999,-625.000,-625.000,-625.000,-625.000
138.220999,-625.000,-625.000,-625.000,-625.000
138.320999,-625.000,-625.000,-625.000,-625.000
138.537000,-625.000,-625.000,-625.000,-625.000
138.551973,-625.000,-625.000,-625.000,-625.000
138.620999,-625.000,-625.000,-625.000,-625.000
138.720999,-625.000,-625.000,-625.000,-625.000
138.820999,-625.000,-625.000,-625.000,-625.000
138.920999,-625.000,-625.000,-625.000,-625.000
139.020999,-625.000,-625.000,-625.000,-625.000
139.120999,-625.000,-625.000,-625.000,-625.000
139.220999,-625.000,-625.000,-625.000,-625.000
139.320999,-625.000,-625.000,-625.000,-625.000
139.537001,-625.000,-625.000,-625.000,-625.000
139.551974,-625.000,-625.000,-625.000,-625.000
139.620999,-625.000,-625.000,-625.000,-625.000
139.720999,-625.000,-625.000,-625.000,-625.000
139.820999,-625.000,-625.000,-625.000,-625.000
139.920999,-625.000,-625.000,-625.000,-625.000
140.020999,-625.000,-625.000,-625.000,-625.000
140.120999,-625.000,-625.000,-625.000,-625.000
140.220999,-625.000,-625.000,-625.000,-625.000
140.320999,-625.000,-625.000,-625.000,-625.000
140.536000,-625.000,-625.000,-625.000,-625.000
140.550974,-625.000,-625.000,-625.000,-625.000
140.620999,-625.000,-625.000,-625.000,-625.000
140.720999,-625.000,-625.000,-625.000,-625.000
140.820999,-625.000,-625.000,-625.000,-625.000
140.920999,-625.000,-625.000,-625.000,-625.000
141.020999,-625.000,-625.000,-625.000,-625.000
141.120999,-625.000,-625.000,-625.000,-625.000
141.220999,-625.000,-625.000,-625.000,-625.000
141.320999,-625.000,-625.000,-625.000,-625.000
141.537000,-625.000,-625.000,-625.000,-625.000
141.551974,-625.000,-625.000,-625.000,-625.000
141.620999,-625.000,-625.000,-625.000,-625.000
141.720999,-625.000,-625.000,-625.000,-625.000
141.820999,-625.000,-625.000,-625.000,-625.000
141.920999,-625.000,-625.000,-625.000,-625.000
142.020999,-625.000,-625.000,-625.000,-625.000
142.120999,-625.000,-625.000,-625.000,-625.000
142.220999,-625.000,-625.000,-625.000,-625.000
142.320999,-625.000,-625.000,-625.000,-625.000
142.537000,-625.000,-625.000,-625.000,-625.000
142.551973,-625.000,-625.000,-625.000,-625.000
142.620999,-625.000,-625.000,-625.000,-625.000
142.720999,-625.000,-625.000,-625.000,-625.000
142.820999,-625.000,-625.000,-625.000,-625.000
142.920999,-625.000,-625.000,-625.000,-625.000
143.020999,-625.000,-625.000,-625.000,-625.000
143.120999,-625.000,-625.000,-625.000,-625.000
143.220999,-625.000,-625.000,-625.000,-625.000
143.320999,-625.000,-625.000,-625.000,-625.000
143.537001,-625.000,-625.000,-625.000,-625.000
143.551974,-625.000,-625.000,-625.000,-625.000
143.620999,-625.000,-625.000,-625.000,-625.000
143.720999,-625.000,-625.000,-625.000,-625.000
143.820999,-625.000,-625.000,-625.000,-625.000
143.920999,-625.000,-625.000,-625.000,-625.000
144.020999,-625.000,-625.000,-625.000,-625.000
144.120999,-625.000,-625.000,-625.000,-625.000
144.220999,-625.000,-625.000,-625.000,-625.000
144.320999,-625.000,-625.000,-625.000,-625.000
144.537001,-625.000,-625.000,-625.000,-625.000
144.551974,-625.000,-625.000,-625.000,-625.000
144.620999,-625.000,-625.000,-625.000,-625.000
144.720999,-625.000,-625.000,-625.000,-625.000
144.820999,-625.000,-625.000,-625.000,-625.000
144.920999,-625.000,-625.000,-625.000,-625.000
145.020999,-625.000,-625.000,-625.000,-625.000
145.120999,-625.000,-625.000,-625.000,-625.000
145.220999,-625.000,-625.000,-625.000,-625.000
145.320999,-625.000,-625.000,-625.000,-625.000
145.536001,-625.000,-625.000,-625.000,-625.000
145.550973,-625.000,-625.000,-625.000,-625.000
145.620999,-625.000,-625.000,-625.000,-625.000
145.720999,-625.000,-625.000,-625.000,-625.000
145.820999,-625.000,-625.000,-625.000,-625.000
145.920999,-625.000,-625.000,-625.000,-625.000
146.020999,-625.000,-625.000,-625.000,-625.000
146.120999,-625.000,-625.000,-625.000,-625.000
146.220999,-625.000,-625.000,-625.000,-625.000
146.320999,-625.000,-625.000,-625.000,-625.000
146.537000,-625.000,-625.000,-625.000,-625.000
146.551974,-625.000,-625.000,-625.000,-625.000
146.620999,-625.000,-625.000,-625.000,-625.000
146.720999,-625.000,-625.000,-625.000,-625.000
146.820999,-625.000,-625.000,-625.000,-625.000
146.920999,-625.000,-625.000,-625.000,-625.000
147.020999,-625.000,-625.000,-625.000,-625.000
147.120999,-625.000,-625.000,-625.000,-625.000
147.220999,-625.000,-625.000,-625.000,-625.000
147.320999,-625.000,-625.000,-625.000,-625.000
147.537001,-625.000,-625.000,-625.000,-625.000
147.551974,-625.000,-625.000,-625.000,-625.000
147.620999,-625.000,-625.000,-625.000,-625.000
147.720999,-625.000,-625.000,-625.000,-625.000
147.820999,-625.000,-625.000,-625.000,-625.000
147.920999,-625.000,-625.000,-625.000,-625.000
148.020999,-625.000,-625.000,-625.000,-625.000
148.120999,-625.000,-625.000,-625.000,-625.000
148.220999,-625.000,-625.000,-625.000,-625.000
148.320999,-625.000,-625.000,-625.000,-625.000
148.537001,-625.000,-625.000,-625.000,-625.000
148.551974,-625.000,-625.000,-625.000,-625.000
148.620999,-625.000,-625.000,-625.000,-625.000
148.720999,-625.000,-625.000,-625.000,-625.000
148.820999,-625.000,-625.000,-625.000,-625.000
148.920999,-625.000,-625.000,-625.000,-625.000
149.020999,-625.000,-625.000,-625.000,-625.000
149.120999,-625.000,-625.000,-625.000,-625.000
149.220999,-625.000,-625.000,-625.000,-625.000
149.320999,-625.000,-625.000,-625.000,-625.000
149.537001,-625.000,-625.000,-625.000,-625.000
149.551974,-625.000,-625.000,-625.000,-625.000
149.620999,-625.000,-625.000,-625.000,-625.000
149.720999,-625.000,-625.000,-625.000,-625.000
149.820999,-625.000,-625.000,-625.000,-625.000
149.920999,-625.000,-625.000,-625.000,-625.000
150.020999,-625.000,-625.000,-625.000,-625.000
150.120999,-625.000,-625.000,-625.000,-625.000
150.220999,-625.000,-625.000,-625.000,-625.000
150.320999,-625.000,-625.000,-625.000,-625.000
150.537000,-625.000,-625.000,-625.000,-625.000
150.551974,-625.000,-625.000,-625.000,-625.000
150.620999,-625.000,-625.000,-625.000,-625.000
150.720999,-625.000,-625.000,-625.000,-625.000
150.820999,-625.000,-625.000,-625.000,-625.000
150.920999,-625.000,-625.000,-625.000,-625.000
151.020999,-625.000,-625.000,-625.000,-625.000
151.120999,-625.000,-625.000,-625.000,-625.000
151.220999,-625.000,-625.000,-625.000,-625.000
151.320999,-625.000,-625.000,-625.000,-625.000
151.537001,-625.000,-625.000,-625.000,-625.000
151.551974,-625.000,-625.000,-625.000,-625.000
151.620999,-625.000,-625.000,-625.000,-625.000
151.720999,-625.000,-625.000,-625.000,-625.000
151.820999,-625.000,-625.000,-625.000,-625.000
151.920999,-625.000,-625.000,-625.000,-625.000
152.020999,-625.000,-625.000,-625.000,-625.000
152.120999,-625.000,-625.000,-625.000,-625.000
152.220999,-625.000,-625.000,-625.000,-625.000
152.320999,-625.000,-625.000,-625.000,-625.000
152.537000,-625.000,-625.000,-625.000,-625.000
152.551974,-625.000,-625.000,-625.000,-625.000
152.620999,-625.000,-625.000,-625.000,-625.000
152.720999,-625.000,-625.000,-625.000,-625.000
152.820999,-625.000,-625.000,-625.000,-625.000
152.920999,-625.000,-625.000,-625.000,-625.000
153.020999,-625.000,-625.000,-625.000,-625.000
153.120999,-625.000,-625.000,-625.000,-625.000
153.220999,-625.000,-625.000,-625.000,-625.000
153.320999,-625.000,-625.000,-625.000,-625.000
153.536000,-625.000,-625.000,-625.000,-625.000
153.550974,-625.000,-625.000,-625.000,-625.000
153.620999,-625.000,-625.000,-625.000,-625.000
153.720999,-625.000,-625.000,-625.000,-625.000
153.820999,-625.000,-625.000,-625.000,-625.000
153.920999,-625.000,-625.000,-625.000,-625.000
154.020999,-625.000,-625.000,-625.000,-625.000
154.120999,-625.000,-625.000,-625.000,-625.000
154.220999,-625.000,-625.000,-625.000,-625.000
154.320999,-625.000,-625.000,-625.000,-625.000
154.537000,-625.000,-625.000,-625.000,-625.000
154.551974,-625.000,-625.000,-625.000,-625.000
154.620999,-625.000,-625.000,-625.000,-625.000
154.720999,-625.000,-625.000,-625.000,-625.000
154.820999,-625.000,-625.000,-625.000,-625.000
154.920999,-625.000,-625.000,-625.000,-625.000
155.020999,-625.000,-625.000,-625.000,-625.000
155.120999,-625.000,-625.000,-625.000,-625.000
155.220999,-625.000,-625.000,-625.000,-625.000
155.320999,-625.000,-625.000,-625.000,-625.000
155.537000,-625.000,-625.000,-625.000,-625.000
155.551974,-625.000,-625.000,-625.000,-625.000
155.620999,-625.000,-625.000,-625.000,-625.000
155.720999,-625.000,-625.000,-625.000,-625.000
155.820999,-625.000,-625.000,-625.000,-625.000
155.920999,-625.000,-625.000,-625.000,-625.000
156.020999,-625.000,-625.000,-625.000,-625.000
156.120999,-625.000,-625.000,-625.000,-625.000
156.220999,-625.000,-625.000,-625.000,-625.000
156.320999,-625.000,-625.000,-625.000,-625.000
156.537001,-625.000,-625.000,-625.000,-625.000
156.551974,-625.000,-625.000,-625.000,-625.000
156.620999,-625.000,-625.000,-625.000,-625.000
156.720999,-625.000,-625.000,-625.000,-625.000
156.820999,-625.000,-625.000,-625.000,-625.000
156.920999,-625.000,-625.000,-625.000,-625.000
157.020999,-625.000,-625.000,-625.000,-625.000
157.120999,-625.000,-625.000,-625.000,-625.000
157.220999,-625.000,-625.000,-625.000,-625.000
157.320999,-625.000,-625.000,-625.000,-625.000
157.537000,-625.000,-625.000,-625.000,-625.000
157.551974,-625.000,-625.000,-625.000,-625.000
157.620999,-625.000,-625.000,-625.000,-625.000
157.720999,-625.000,-625.000,-625.000,-625.000
157.820999,-625.000,-625.000,-625.000,-625.000
157.920999,-625.000,-625.000,-625.000,-625.000
158.020999,-625.000,-625.000,-625.000,-625.000
158.120999,-625.000,-625.000,-625.000,-625.000
158.220999,-625.000,-625.000,-625.000,-625.000
158.320999,-625.000,-625.000,-625.000,-625.000
158.536001,-625.000,-625.000,-625.000,-625.000
158.550974,-625.000,-625.000,-625.000,-625.000
158.620999,-625.000,-625.000,-625.000,-625.000
158.720999,-625.000,-625.000,-625.000,-625.000
158.820999,-625.000,-625.000,-625.000,-625.000
158.920999,-625.000,-625.000,-625.000,-625.000
159.020999,-625.000,-625.000,-625.000,-625.000
159.120999,-625.000,-625.000,-625.000,-625.000
159.220999,-625.000,-625.000,-625.000,-625.000
159.320999,-625.000,-625.000,-625.000,-625.000
159.537000,-625.000,-625.000,-625.000,-625.000
159.551974,-625.000,-625.000,-625.000,-625.000
159.620999,-625.000,-625.000,-625.000,-625.000
159.720999,-625.000,-625.000,-625.000,-625.000
159.820999,-625.000,-625.000,-625.000,-625.000
159.920999,-625.000,-625.000,-625.000,-625.000
160.020999,-625.000,-625.000,-625.000,-625.000
160.120999,-625.000,-625.000,-625.000,-625.000
160.220999,-625.000,-625.000,-625.000,-625.000
160.320999,-625.000,-625.000,-625.000,-625.000
160.537000,-625.000,-625.000,-625.000,-625.000
160.551974,-625.000,-625.000,-625.000,-625.000
160.620999,-625.000,-625.000,-625.000,-625.000
160.720999,-625.000,-625.000,-625.000,-625.000
160.820999,-625.000,-625.000,-625.000,-625.000
160.920999,-625.000,-625.000,-625.000,-625.000
161.020999,-625.000,-625.000,-625.000,-625.000
161.120999,-625.000,-625.000,-625.000,-625.000
161.220999,-625.000,-625.000,-625.000,-625.000
161.320999,-625.000,-625.000,-625.000,-625.000
161.537001,-625.000,-625.000,-625.000,-625.000
161.551974,-625.000,-625.000,-625.000,-625.000
161.620999,-625.000,-625.000,-625.000,-625.000
161.720999,-625.000,-625.000,-625.000,-625.000
161.820999,-625.000,-625.000,-625.000,-625.000
161.920999,-625.000,-625.000,-625.000,-625.000
162.020999,-625.000,-625.000,-625.000,-625.000
162.120999,-625.000,-625.000,-625.000,-625.000
162.220999,-625.000,-625.000,-625.000,-625.000
162.320999,-625.000,-625.000,-625.000,-625.000
162.537001,-625.000,-625.000,-625.000,-625.000
162.551973,-625.000,-625.000,-625.000,-625.000
162.620999,-625.000,-625.000,-625.000,-625.000
162.720999,-625.000,-625.000,-625.000,-625.000
162.820999,-625.000,-625.000,-625.000,-625.000
162.920999,-625.000,-625.000,-625.000,-625.000
163.020999,-625.000,-625.000,-625.000,-625.000
163.120999,-625.000,-625.000,-625.000,-625.000
163.220999,-625.000,-625.000,-625.000,-625.000
163.320999,-625.000,-625.000,-625.000,-625.000
163.537000,-625.000,-625.000,-625.000,-625.000
163.551973,-625.000,-625.000,-625.000,-625.000
163.620999,-625.000,-625.000,-625.000,-625.000
163.720999,-625.000,-625.000,-625.000,-625.000
163.820999,-625.000,-625.000,-625.000,-625.000
163.920999,-625.000,-625.000,-625.000,-625.000
164.020999,-625.000,-625.000,-625.000,-625.000
164.120999,-625.000,-625.000,-625.000,-625.000
164.220999,-625.000,-625.000,-625.000,-625.000
164.320999,-625.000,-625.000,-625.000,-625.000
164.537000,-625.000,-625.000,-625.000,-625.000
164.551974,-625.000,-625.000,-625.000,-625.000
164.620999,-625.000,-625.000,-625.000,-625.000
164.720999,-625.000,-625.000,-625.000,-625.000
164.820999,-625.000,-625.000,-625.000,-625.000
164.920999,-625.000,-625.000,-625.000,-625.000
165.020999,-625.000,-625.000,-625.000,-625.000
165.120999,-625.000,-625.000,-625.000,-625.000
165.220999,-625.000,-625.000,-625.000,-625.000
165.320999,-625.000,-625.000,-625.000,-625.000
165.537000,-625.000,-625.000,-625.000,-625.000
165.551974,-625.000,-625.000,-625.000,-625.000
165.620999,-625.000,-625.000,-625.000,-625.000
165.720999,-625.000,-625.000,-625.000,-625.000
165.820999,-625.000,-625.000,-625.000,-625.000
165.920999,-625.000,-625.000,-625.000,-625.000
166.020999,-625.000,-625.000,-625.000,-625.000
166.120999,-625.000,-625.000,-625.000,-625.000
166.220999,-625.000,-625.000,-625.000,-625.000
166.320999,-625.000,-625.000,-625.000,-625.000
166.537000,-625.000,-625.000,-625.000,-625.000
166.551974,-625.000,-625.000,-625.000,-625.000
166.620999,-625.000,-625.000,-625.000,-625.000
166.720999,-625.000,-625.000,-625.000,-625.000
166.820999,-625.000,-625.000,-625.000,-625.000
166.920999,-625.000,-625.000,-625.000,-625.000
167.020999,-625.000,-625.000,-625.000,-625.000
167.120999,-625.000,-625.000,-625.000,-625.000
167.220999,-625.000,-625.000,-625.000,-625.000
167.320999,-625.000,-625.000,-625.000,-625.000
167.537001,-625.000,-625.000,-625.000,-625.000
167.551974,-625.000,-625.000,-625.000,-625.000
167.620999,-625.000,-625.000,-625.000,-625.000
167.720999,-625.000,-625.000,-625.000,-625.000
167.820999,-625.000,-625.000,-625.000,-625.000
167.920999,-625.000,-625.000,-625.000,-625.000
168.020999,-625.000,-625.000,-625.000,-625.000
168.120999,-625.000,-625.000,-625.000,-625.000
168.220999,-625.000,-625.000,-625.000,-625.000
168.320999,-625.000,-625.000,-625.000,-625.000
168.537001,-625.000,-625.000,-625.000,-625.000
168.551974,-625.000,-625.000,-625.000,-625.000
168.620999,-625.000,-625.000,-625.000,-625.000
168.720999,-625.000,-625.000,-625.000,-625.000
168.820999,-625.000,-625.000,-625.000,-625.000
168.920999,-625.000,-625.000,-625.000,-625.000
169.020999,-625.000,-625.000,-625.000,-625.000
169.120999,-625.000,-625.000,-625.000,-625.000
169.220999,-625.000,-625.000,-625.000,-625.000
169.320999,-625.000,-625.000,-625.000,-625.000
169.537001,-625.000,-625.000,-625.000,-625.000
169.551973,-625.000,-625.000,-625.000,-625.000
169.620999,-625.000,-625.000,-625.000,-625.000
169.720999,-625.000,-625.000,-625.000,-625.000
169.820999,-625.000,-625.000,-625.000,-625.000
169.920999,-625.000,-625.000,-625.000,-625.000
170.020999,-625.000,-625.000,-625.000,-625.000
170.120999,-625.000,-625.000,-625.000,-625.000
170.220999,-625.000,-625.000,-625.000,-625.000
170.320999,-625.000,-625.000,-625.000,-625.000
170.537001,-625.000,-625.000,-625.000,-625.000
170.551974,-625.000,-625.000,-625.000,-625.000
170.620999,-625.000,-625.000,-625.000,-625.000
170.720999,-625.000,-625.000,-625.000,-625.000
170.820999,-625.000,-625.000,-625.000,-625.000
170.920999,-625.000,-625.000,-625.000,-625.000
171.020999,-625.000,-625.000,-625.000,-625.000
171.120999,-625.000,-625.000,-625.000,-625.000
171.220999,-625.000,-625.000,-625.000,-625.000
171.320999,-625.000,-625.000,-625.000,-625.000
171.536000,-625.000,-625.000,-625.000,-625.000
171.550974,-625.000,-625.000,-625.000,-625.000
171.620999,-625.000,-625.000,-625.000,-625.000
171.720999,-625.000,-625.000,-625.000,-625.000
171.820999,-625.000,-625.000,-625.000,-625.000
171.920999,-625.000,-625.000,-625.000,-625.000
172.020999,-625.000,-625.000,-625.000,-625.000
172.120999,-625.000,-625.000,-625.000,-625.000
172.220999,-625.000,-625.000,-625.000,-625.000
172.320999,-625.000,-625.000,-625.000,-625.000
172.537000,-625.000,-625.000,-625.000,-625.000
172.551974,-625.000,-625.000,-625.000,-625.000
172.620999,-625.000,-625.000,-625.000,-625.000
172.720999,-625.000,-625.000,-625.000,-625.000
172.820999,-625.000,-625.000,-625.000,-625.000
172.920999,-625.000,-625.000,-625.000,-625.000
173.020999,-625.000,-625.000,-625.000,-625.000
173.120999,-625.000,-625.000,-625.000,-625.000
173.220999,-625.000,-625.000,-625.000,-625.000
173.320999,-625.000,-625.000,-625.000,-625.000
173.537000,-625.000,-625.000,-625.000,-625.000
173.551974,-625.000,-625.000,-625.000,-625.000
173.620999,-625.000,-625.000,-625.000,-625.000
173.720999,-625.000,-625.000,-625.000,-625.000
173.820999,-625.000,-625.000,-625.000,-625.000
173.920999,-625.000,-625.000,-625.000,-625.000
174.020999,-625.000,-625.000,-625.000,-625.000
174.120999,-625.000,-625.000,-625.000,-625.000
174.220999,-625.000,-625.000,-625.000,-625.000
174.320999,-625.000,-625.000,-625.000,-625.000
174.537001,-625.000,-625.000,-625.000,-625.000
174.551974,-625.000,-625.000,-625.000,-625.000
174.620999,-625.000,-625.000,-625.000,-625.000
174.720999,-625.000,-625.000,-625.000,-625.000
174.820999,-625.000,-625.000,-625.000,-625.000
174.920999,-625.000,-625.000,-625.000,-625.000
175.020999,-625.000,-625.000,-625.000,-625.000
175.120999,-625.000,-625.000,-625.000,-625.000
175.220999,-625.000,-625.000,-625.000,-625.000
175.320999,-625.000,-625.000,-625.000,-625.000
175.537000,-625.000,-625.000,-625.000,-625.000
175.551974,-625.000,-625.000,-625.000,-625.000
175.620999,-625.000,-625.000,-625.000,-625.000
175.720999,-625.000,-625.000,-625.000,-625.000
175.820999,-625.000,-625.000,-625.000,-625.000
175.920999,-625.000,-625.000,-625.000,-625.000
176.020999,-625.000,-625.000,-625.000,-625.000
176.120999,-625.000,-625.000,-625.000,-625.000
176.220999,-625.000,-625.000,-625.000,-625.000
176.320999,-625.000,-625.000,-625.000,-625.000
176.537000,-625.000,-625.000,-625.000,-625.000
176.551974,-625.000,-625.000,-625.000,-625.000
176.620999,-625.000,-625.000,-625.000,-625.000
176.720999,-625.000,-625.000,-625.000,-625.000
176.820999,-625.000,-625.000,-625.000,-625.000
176.920999,-625.000,-625.000,-625.000,-625.000
177.020999,-625.000,-625.000,-625.000,-625.000
177.120999,-625.000,-625.000,-625.000,-625.000
177.220999,-625.000,-625.000,-625.000,-625.000
177.320999,-625.000,-625.000,-625.000,-625.000
177.537000,-625.000,-625.000,-625.000,-625.000
177.551974,-625.000,-625.000,-625.000,-625.000
177.620999,-625.000,-625.000,-625.000,-625.000
177.720999,-625.000,-625.000,-625.000,-625.000
177.820999,-625.000,-625.000,-625.000,-625.000
177.920999,-625.000,-625.000,-625.000,-625.000
178.020999,-625.000,-625.000,-625.000,-625.000
178.120999,-625.000,-625.000,-625.000,-625.000
178.220999,-625.000,-625.000,-625.000,-625.000
178.320999,-625.000,-625.000,-625.000,-625.000
178.537000,-625.000,-625.000,-625.000,-625.000
178.551974,-625.000,-625.000,-625.000,-625.000
178.620999,-625.000,-625.000,-625.000,-625.000
178.720999,-625.000,-625.000,-625.000,-625.000
178.820999,-625.000,-625.000,-625.000,-625.000
178.920999,-625.000,-625.000,-625.000,-625.000
179.020999,-625.000,-625.000,-625.000,-625.000
179.120999,-625.000,-625.000,-625.000,-625.000
179.220999,-625.000,-625.000,-625.000,-625.000
179.320999,-625.000,-625.000,-625.000,-625.000
179.536000,-625.000,-625.000,-625.000,-625.000
179.550974,-625.000,-625.000,-625.000,-625.000
179.620999,-625.000,-625.000,-625.000,-625.000
179.720999,-625.000,-625.000,-625.000,-625.000
179.820999,-625.000,-625.000,-625.000,-625.000
179.920999,-625.000,-625.000,-625.000,-625.000
180.020999,-625.000,-625.000,-625.000,-625.000
180.120999,-625.000,-625.000,-625.000,-625.000
180.220999,-625.000,-625.000,-625.000,-625.000
180.320999,-625.000,-625.000,-625.000,-625.000
180.537000,-625.000,-625.000,-625.000,-625.000
180.551974,-625.000,-625.000,-625.000,-625.000
180.620999,-625.000,-625.000,-625.000,-625.000
180.720999,-625.000,-625.000,-625.000,-625.000
180.820999,-625.000,-625.000,-625.000,-625.000
180.920999,-625.000,-625.000,-625.000,-625.000
181.020999,-625.000,-625.000,-625.000,-625.000
181.120999,-625.000,-625.000,-625.000,-625.000
181.220999,-625.000,-625.000,-625.000,-625.000
181.320999,-625.000,-625.000,-625.000,-625.000
181.537000,-625.000,-625.000,-625.000,-625.000
181.551973,-625.000,-625.000,-625.000,-625.000
181.620999,-625.000,-625.000,-625.000,-625.000
181.720999,-625.000,-625.000,-625.000,-625.000
181.820999,-625.000,-625.000,-625.000,-625.000
181.920999,-625.000,-625.000,-625.000,-625.000
182.020999,-625.000,-625.000,-625.000,-625.000
182.120999,-625.000,-625.000,-625.000,-625.000
182.220999,-625.000,-625.000,-625.000,-625.000
182.320999,-625.000,-625.000,-625.000,-625.000
182.537001,-625.000,-625.000,-625.000,-625.000
182.551974,-625.000,-625.000,-625.000,-625.000
182.620999,-625.000,-625.000,-625.000,-625.000
182.720999,-625.000,-625.000,-625.000,-625.000
182.820999,-625.000,-625.000,-625.000,-625.000
182.920999,-625.000,-625.000,-625.000,-625.000
183.020999,-625.000,-625.000,-625.000,-625.000
183.120999,-625.000,-625.000,-625.000,-625.000
183.220999,-625.000,-625.000,-625.000,-625.000
183.320999,-625.000,-625.000,-625.000,-625.000
183.537000,-625.000,-625.000,-625.000,-625.000
183.551974,-625.000,-625.000,-625.000,-625.000
183.620999,-625.000,-625.000,-625.000,-625.000
183.720999,-625.000,-625.000,-625.000,-625.000
183.820999,-625.000,-625.000,-625.000,-625.000
183.920999,-625.000,-625.000,-625.000,-625.000
184.020999,-625.000,-625.000,-625.000,-625.000
184.120999,-625.000,-625.000,-625.000,-625.000
184.220999,-625.000,-625.000,-625.000,-625.000
184.320999,-625.000,-625.000,-625.000,-625.000
184.536000,-625.000,-625.000,-625.000,-625.000
184.550974,-625.000,-625.000,-625.000,-625.000
184.620999,-625.000,-625.000,-625.000,-625.000
184.720999,-625.000,-625.000,-625.000,-625.000
184.820999,-625.000,-625.000,-625.000,-625.000
184.920999,-625.000,-625.000,-625.000,-625.000
185.020999,-625.000,-625.000,-625.000,-625.000
185.120999,-625.000,-625.000,-625.000,-625.000
185.220999,-625.000,-625.000,-625.000,-625.000
185.320999,-625.000,-625.000,-625.000,-625.000
185.537000,-625.000,-625.000,-625.000,-625.000
185.551974,-625.000,-625.000,-625.000,-625.000
185.620999,-625.000,-625.000,-625.000,-625.000
185.720999,-625.000,-625.000,-625.000,-625.000
185.820999,-625.000,-625.000,-625.000,-625.000
185.920999,-625.000,-625.000,-625.000,-625.000
186.020999,-625.000,-625.000,-625.000,-625.000
186.120999,-625.000,-625.000,-625.000,-625.000
186.220999,-625.000,-625.000,-625.000,-625.000
186.320999,-625.000,-625.000,-625.000,-625.000
186.537000,-625.000,-625.000,-625.000,-625.000
186.551974,-625.000,-625.000,-625.000,-625.000
186.620999,-625.000,-625.000,-625.000,-625.000
186.720999,-625.000,-625.000,-625.000,-625.000
186.820999,-625.000,-625.000,-625.000,-625.000
186.920999,-625.000,-625.000,-625.000,-625.000
187.020999,-625.000,-625.000,-625.000,-625.000
187.120999,-625.000,-625.000,-625.000,-625.000
187.220999,-625.000,-625.000,-625.000,-625.000
187.320999,-625.000,-625.000,-625.000,-625.000
187.537000,-625.000,-625.000,-625.000,-625.000
187.551974,-625.000,-625.000,-625.000,-625.000
187.620999,-625.000,-625.000,-625.000,-625.000
187.720999,-625.000,-625.000,-625.000,-625.000
187.820999,-625.000,-625.000,-625.000,-625.000
187.920999,-625.000,-625.000,-625.000,-625.000
188.020999,-625.000,-625.000,-625.000,-625.000
188.120999,-625.000,-625.000,-625.000,-625.000
188.220999,-625.000,-625.000,-625.000,-625.000
188.320999,-625.000,-625.000,-625.000,-625.000
188.537000,-625.000,-625.000,-625.000,-625.000
188.551974,-625.000,-625.000,-625.000,-625.000
188.620999,-625.000,-625.000,-625.000,-625.000
188.720999,-625.000,-625.000,-625.000,-625.000
188.820999,-625.000,-625.000,-625.000,-625.000
188.920999,-625.000,-625.000,-625.000,-625.000
189.020999,-625.000,-625.000,-625.000,-625.000
189.120999,-625.000,-625.000,-625.000,-625.000
189.220999,-625.000,-625.000,-625.000,-625.000
189.320999,-625.000,-625.000,-625.000,-625.000
189.537000,-625.000,-625.000,-625.000,-625.000
189.551973,-625.000,-625.000,-625.000,-625.000
189.620999,-625.000,-625.000,-625.000,-625.000
189.720999,-625.000,-625.000,-625.000,-625.000
189.820999,-625.000,-625.000,-625.000,-625.000
189.920999,-625.000,-625.000,-625.000,-625.000
190.020999,-625.000,-625.000,-625.000,-625.000
190.120999,-625.000,-625.000,-625.000,-625.000
190.220999,-625.000,-625.000,-625.000,-625.000
190.320999,-625.000,-625.000,-625.000,-625.000
190.537001,-625.000,-625.000,-625.000,-625.000
190.551974,-625.000,-625.000,-625.000,-625.000
190.620999,-625.000,-625.000,-625.000,-625.000
190.720999,-625.000,-625.000,-625.000,-625.000
190.820999,-625.000,-625.000,-625.000,-625.000
190.920999,-625.000,-625.000,-625.000,-625.000
191.020999,-625.000,-625.000,-625.000,-625.000
191.120999,-625.000,-625.000,-625.000,-625.000
191.220999,-625.000,-625.000,-625.000,-625.000
191.320999,-625.000,-625.000,-625.000,-625.000
191.537000,-625.000,-625.000,-625.000,-625.000
191.551974,-625.000,-625.000,-625.000,-625.000
191.620999,-625.000,-625.000,-625.000,-625.000
191.720999,-625.000,-625.000,-625.000,-625.000
191.820999,-625.000,-625.000,-625.000,-625.000
191.920999,-625.000,-625.000,-625.000,-625.000
192.020999,-625.000,-625.000,-625.000,-625.000
192.120999,-625.000,-625.000,-625.000,-625.000
192.220999,-625.000,-625.000,-625.000,-625.000
192.320999,-625.000,-625.000,-625.000,-625.000
192.536000,-625.000,-625.000,-625.000,-625.000
192.550974,-625.000,-625.000,-625.000,-625.000
192.620999,-625.000,-625.000,-625.000,-625.000
192.720999,-625.000,-625.000,-625.000,-625.000
192.820999,-625.000,-625.000,-625.000,-625.000
192.920999,-625.000,-625.000,-625.000,-625.000
193.020999,-625.000,-625.000,-625.000,-625.000
193.120999,-625.000,-625.000,-625.000,-625.000
193.220999,-625.000,-625.000,-625.000,-625.000
193.320999,-625.000,-625.000,-625.000,-625.000
193.537000,-625.000,-625.000,-625.000,-625.000
193.551974,-625.000,-625.000,-625.000,-625.000
193.620999,-625.000,-625.000,-625.000,-625.000
193.720999,-625.000,-625.000,-625.000,-625.000
193.820999,-625.000,-625.000,-625.000,-625.000
193.920999,-625.000,-625.000,-625.000,-625.000
194.020999,-625.000,-625.000,-625.000,-625.000
194.120999,-625.000,-625.000,-625.000,-625.000
194.220999,-625.000,-625.000,-625.000,-625.000
194.320999,-625.000,-625.000,-625.000,-625.000
194.536000,-625.000,-625.000,-625.000,-625.000
194.550974,-625.000,-625.000,-625.000,-625.000
194.620999,-625.000,-625.000,-625.000,-625.000
194.720999,-625.000,-625.000,-625.000,-625.000
194.820999,-625.000,-625.000,-625.000,-625.000
194.920999,-625.000,-625.000,-625.000,-625.000
195.020999,-625.000,-625.000,-625.000,-625.000
195.120999,-625.000,-625.000,-625.000,-625.000
195.220999,-625.000,-625.000,-625.000,-625.000
195.320999,-625.000,-625.000,-625.000,-625.000
195.537001,-625.000,-625.000,-625.000,-625.000
195.551973,-625.000,-625.000,-625.000,-625.000
195.620999,-625.000,-625.000,-625.000,-625.000
195.720999,-625.000,-625.000,-625.000,-625.000
195.820999,-625.000,-625.000,-625.000,-625.000
195.920999,-625.000,-625.000,-625.000,-625.000
196.020999,-625.000,-625.000,-625.000,-625.000
196.120999,-625.000,-625.000,-625.000,-625.000
196.220999,-625.000,-625.000,-625.000,-625.000
196.320999,-625.000,-625.000,-625.000,-625.000
196.537000,-625.000,-625.000,-625.000,-625.000
196.551974,-625.000,-625.000,-625.000,-625.000
196.620999,-625.000,-625.000,-625.000,-625.000
196.720999,-625.000,-625.000,-625.000,-625.000
196.820999,-625.000,-625.000,-625.000,-625.000
196.920999,-625.000,-625.000,-625.000,-625.000
197.020999,-625.000,-625.000,-625.000,-625.000
197.120999,-625.000,-625.000,-625.000,-625.000
197.220999,-625.000,-625.000,-625.000,-625.000
197.320999,-625.000,-625.000,-625.000,-625.000
197.536000,-625.000,-625.000,-625.000,-625.000
197.550974,-625.000,-625.000,-625.000,-625.000
197.620999,-625.000,-625.000,-625.000,-625.000
197.720999,-625.000,-625.000,-625.000,-625.000
197.820999,-625.000,-625.000,-625.000,-625.000
197.920999,-625.000,-625.000,-625.000,-625.000
198.020999,-625.000,-625.000,-625.000,-625.000
198.120999,-625.000,-625.000,-625.000,-625.000
198.220999,-625.000,-625.000,-625.000,-625.000
198.320999,-625.000,-625.000,-625.000,-625.000
198.537000,-625.000,-625.000,-625.000,-625.000
198.551974,-625.000,-625.000,-625.000,-625.000
198.620999,-625.000,-625.000,-625.000,-625.000
198.720999,-625.000,-625.000,-625.000,-625.000
198.820999,-625.000,-625.000,-625.000,-625.000
198.920999,-625.000,-625.000,-625.000,-625.000
199.020999,-625.000,-625.000,-625.000,-625.000
199.120999,-625.000,-625.000,-625.000,-625.000
199.220999,-625.000,-625.000,-625.000,-625.000
199.320999,-625.000,-625.000,-625.000,-625.000
199.537001,-625.000,-625.000,-625.000,-625.000
199.551974,-625.000,-625.000,-625.000,-625.000
199.620999,-625.000,-625.000,-625.000,-625.000
199.720999,-625.000,-625.000,-625.000,-625.000
199.820999,-625.000,-625.000,-625.000,-625.000
199.920999,-625.000,-625.000,-625.000,-625.000
200.020999,-625.000,-625.000,-625.000,-625.000
200.120999,-625.000,-625.000,-625.000,-625.000
200.220999,-625.000,-625.000,-625.000,-625.000
200.320999,-625.000,-625.000,-625.000,-625.000
200.537000,-625.000,-625.000,-625.000,-625.000
200.551974,-625.000,-625.000,-625.000,-625.000
200.620999,-625.000,-625.000,-625.000,-625.000
200.720999,-625.000,-625.000,-625.000,-625.000
200.820999,-625.000,-625.000,-625.000,-625.000
200.920999,-625.000,-625.000,-625.000,-625.000
201.020999,-625.000,-625.000,-625.000,-625.000
201.120999,-625.000,-625.000,-625.000,-625.000
201.220999,-625.000,-625.000,-625.000,-625.000
201.320999,-625.000,-625.000,-625.000,-625.000
201.537001,-625.000,-625.000,-625.000,-625.000
201.551974,-625.000,-625.000,-625.000,-625.000
201.620999,-625.000,-625.000,-625.000,-625.000
201.720999,-625.000,-625.000,-625.000,-625.000
201.820999,-625.000,-625.000,-625.000,-625.000
201.920999,-625.000,-625.000,-625.000,-625.000
202.020999,-625.000,-625.000,-625.000,-625.000
202.120999,-625.000,-625.000,-625.000,-625.000
202.220999,-625.000,-625.000,-625.000,-625.000
202.320999,-625.000,-625.000,-625.000,-625.000
202.537000,-625.000,-625.000,-625.000,-625.000
202.551974,-625.000,-625.000,-625.000,-625.000
202.620999,-625.000,-625.000,-625.000,-625.000
202.720999,-625.000,-625.000,-625.000,-625.000
202.820999,-625.000,-625.000,-625.000,-625.000
202.920999,-625.000,-625.000,-625.000,-625.000
203.020999,-625.000,-625.000,-625.000,-625.000
203.120999,-625.000,-625.000,-625.000,-625.000
203.220999,-625.000,-625.000,-625.000,-625.000
203.320999,-625.000,-625.000,-625.000,-625.000
203.537000,-625.000,-625.000,-625.000,-625.000
203.551974,-625.000,-625.000,-625.000,-625.000
203.620999,-625.000,-625.000,-625.000,-625.000
203.720999,-625.000,-625.000,-625.000,-625.000
203.820999,-625.000,-625.000,-625.000,-625.000
203.920999,-625.000,-625.000,-625.000,-625.000
204.020999,-625.000,-625.000,-625.000,-625.000
204.120999,-625.000,-625.000,-625.000,-625.000
204.220999,-625.000,-625.000,-625.000,-625.000
204.320999,-625.000,-625.000,-625.000,-625.000
204.537000,-625.000,-625.000,-625.000,-625.000
204.551974,-625.000,-625.000,-625.000,-625.000
204.620999,-625.000,-625.000,-625.000,-625.000
204.720999,-625.000,-625.000,-625.000,-625.000
204.820999,-625.000,-625.000,-625.000,-625.000
204.920999,-625.000,-625.000,-625.000,-625.000
205.020999,-625.000,-625.000,-625.000,-625.000
205.120999,-625.000,-625.000,-625.000,-625.000
205.220999,-625.000,-625.000,-625.000,-625.000
205.320999,-625.000,-625.000,-625.000,-625.000
205.536000,-625.000,-625.000,-625.000,-625.000
205.550973,-625.000,-625.000,-625.000,-625.000
205.620999,-625.000,-625.000,-625.000,-625.000
205.720999,-625.000,-625.000,-625.000,-625.000
205.820999,-625.000,-625.000,-625.000,-625.000
205.920999,-625.000,-625.000,-625.000,-625.000
206.020999,-625.000,-625.000,-625.000,-625.000
206.120999,-625.000,-625.000,-625.000,-625.000
206.220999,-625.000,-625.000,-625.000,-625.000
206.320999,-625.000,-625.000,-625.000,-625.000
206.537000,-625.000,-625.000,-625.000,-625.000
206.551974,-625.000,-625.000,-625.000,-625.000
206.620999,-625.000,-625.000,-625.000,-625.000
206.720999,-625.000,-625.000,-625.000,-625.000
206.820999,-625.000,-625.000,-625.000,-625.000
206.920999,-625.000,-625.000,-625.000,-625.000
207.020999,-625.000,-625.000,-625.000,-625.000
207.120999,-625.000,-625.000,-625.000,-625.000
207.220999,-625.000,-625.000,-625.000,-625.000
207.320999,-625.000,-625.000,-625.000,-625.000
207.537000,-625.000,-625.000,-625.000,-625.000
207.551974,-625.000,-625.000,-625.000,-625.000
207.620999,-625.000,-625.000,-625.000,-625.000
207.720999,-625.000,-625.000,-625.000,-625.000
207.820999,-625.000,-625.000,-625.000,-625.000
207.920999,-625.000,-625.000,-625.000,-625.000
208.020999,-625.000,-625.000,-625.000,-625.000
208.120999,-625.000,-625.000,-625.000,-625.000
208.220999,-625.000,-625.000,-625.000,-625.000
208.320999,-625.000,-625.000,-625.000,-625.000
208.537001,-625.000,-625.000,-625.000,-625.000
208.551974,-625.000,-625.000,-625.000,-625.000
208.620999,-625.000,-625.000,-625.000,-625.000
208.720999,-625.000,-625.000,-625.000,-625.000
208.820999,-625.000,-625.000,-625.000,-625.000
208.920999,-625.000,-625.000,-625.000,-625.000
209.020999,-625.000,-625.000,-625.000,-625.000
209.120999,-625.000,-625.000,-625.000,-625.000
209.220999,-625.000,-625.000,-625.000,-625.000
209.320999,-625.000,-625.000,-625.000,-625.000
209.537001,-625.000,-625.000,-625.000,-625.000
209.551974,-625.000,-625.000,-625.000,-625.000
209.620999,-625.000,-625.000,-625.000,-625.000
209.720999,-625.000,-625.000,-625.000,-625.000
209.820999,-625.000,-625.000,-625.000,-625.000
209.920999,-625.000,-625.000,-625.000,-625.000
210.020999,-625.000,-625.000,-625.000,-625.000
210.120999,-625.000,-625.000,-625.000,-625.000
210.220999,-625.000,-625.000,-625.000,-625.000
210.320999,-625.000,-625.000,-625.000,-625.000
210.536000,-625.000,-625.000,-625.000,-625.000
210.550974,-625.000,-625.000,-625.000,-625.000
210.620999,-625.000,-625.000,-625.000,-625.000
210.720999,-625.000,-625.000,-625.000,-625.000
210.820999,-625.000,-625.000,-625.000,-625.000
210.920999,-625.000,-625.000,-625.000,-625.000
211.020999,-625.000,-625.000,-625.000,-625.000
211.120999,-625.000,-625.000,-625.000,-625.000
211.220999,-625.000,-625.000,-625.000,-625.000
211.320999,-625.000,-625.000,-625.000,-625.000
211.537000,-625.000,-625.000,-625.000,-625.000
211.551974,-625.000,-625.000,-625.000,-625.000
211.620999,-625.000,-625.000,-625.000,-625.000
211.720999,-625.000,-625.000,-625.000,-625.000
211.820999,-625.000,-625.000,-625.000,-625.000
211.920999,-625.000,-625.000,-625.000,-625.000
212.020999,-625.000,-625.000,-625.000,-625.000
212.120999,-625.000,-625.000,-625.000,-625.000
212.220999,-625.000,-625.000,-625.000,-625.000
212.320999,-625.000,-625.000,-625.000,-625.000
212.537001,-625.000,-625.000,-625.000,-625.000
212.551974,-625.000,-625.000,-625.000,-625.000
212.620999,-625.000,-625.000,-625.000,-625.000
212.720999,-625.000,-625.000,-625.000,-625.000
212.820999,-625.000,-625.000,-625.000,-625.000
212.920999,-625.000,-625.000,-625.000,-625.000
213.020999,-625.000,-625.000,-625.000,-625.000
213.120999,-625.000,-625.000,-625.000,-625.000
213.220999,-625.000,-625.000,-625.000,-625.000
213.320999,-625.000,-625.000,-625.000,-625.000
213.537000,-625.000,-625.000,-625.000,-625.000
213.551974,-625.000,-625.000,-625.000,-625.000
213.620999,-625.000,-625.000,-625.000,-625.000
213.720999,-625.000,-625.000,-625.000,-625.000
213.820999,-625.000,-625.000,-625.000,-625.000
213.920999,-625.000,-625.000,-625.000,-625.000
214.020999,-625.000,-625.000,-625.000,-625.000
214.120999,-625.000,-625.000,-625.000,-625.000
214.220999,-625.000,-625.000,-625.000,-625.000
214.320999,-625.000,-625.000,-625.000,-625.000
214.537000,-625.000,-625.000,-625.000,-625.000
214.551974,-625.000,-625.000,-625.000,-625.000
214.620999,-625.000,-625.000,-625.000,-625.000
214.720999,-625.000,-625.000,-625.000,-625.000
214.820999,-625.000,-625.000,-625.000,-625.000
214.920999,-625.000,-625.000,-625.000,-625.000
215.020999,-625.000,-625.000,-625.000,-625.000
215.120999,-625.000,-625.000,-625.000,-625.000
215.220999,-625.000,-625.000,-625.000,-625.000
215.320999,-625.000,-625.000,-625.000,-625.000
215.537000,-625.000,-625.000,-625.000,-625.000
215.551974,-625.000,-625.000,-625.000,-625.000
215.620999,-625.000,-625.000,-625.000,-625.000
215.720999,-625.000,-625.000,-625.000,-625.000
215.820999,-625.000,-625.000,-625.000,-625.000
215.920999,-625.000,-625.000,-625.000,-625.000
216.020999,-625.000,-625.000,-625.000,-625.000
216.120999,-625.000,-625.000,-625.000,-625.000
216.220999,-625.000,-625.000,-625.000,-625.000
216.320999,-625.000,-625.000,-625.000,-625.000
216.537000,-625.000,-625.000,-625.000,-625.000
216.551974,-625.000,-625.000,-625.000,-625.000
216.620999,-625.000,-625.000,-625.000,-625.000
216.720999,-625.000,-625.000,-625.000,-625.000
216.820999,-625.000,-625.000,-625.000,-625.000
216.920999,-625.000,-625.000,-625.000,-625.000
217.020999,-625.000,-625.000,-625.000,-625.000
217.120999,-625.000,-625.000,-625.000,-625.000
217.220999,-625.000,-625.000,-625.000,-625.000
217.320999,-625.000,-625.000,-625.000,-625.000
217.550000,-625.000,-625.000,-625.000,-625.000
217.564973,-625.000,-625.000,-625.000,-625.000
217.620999,-625.000,-625.000,-625.000,-625.000
217.720999,-625.000,-625.000,-625.000,-625.000
217.820999,-625.000,-625.000,-625.000,-625.000
217.920999,-625.000,-625.000,-625.000,-625.000
218.020999,-625.000,-625.000,-625.000,-625.000
218.120999,-625.000,-625.000,-625.000,-625.000
218.220999,-625.000,-625.000,-625.000,-625.000
218.320999,-625.000,-625.000,-625.000,-625.000
218.536000,-625.000,-625.000,-625.000,-625.000
218.550974,-625.000,-625.000,-625.000,-625.000
218.620999,-625.000,-625.000,-625.000,-625.000
218.720999,-625.000,-625.000,-625.000,-625.000
218.820999,-625.000,-625.000,-625.000,-625.000
218.920999,-625.000,-625.000,-625.000,-625.000
219.020999,-625.000,-625.000,-625.000,-625.000
219.120999,-625.000,-625.000,-625.000,-625.000
219.220999,-625.000,-625.000,-625.000,-625.000
219.320999,-625.000,-625.000,-625.000,-625.000
219.537001,-625.000,-625.000,-625.000,-625.000
219.551974,-625.000,-625.000,-625.000,-625.000
219.620999,-625.000,-625.000,-625.000,-625.000
219.720999,-625.000,-625.000,-625.000,-625.000
219.820999,-625.000,-625.000,-625.000,-625.000
219.920999,-625.000,-625.000,-625.000,-625.000
220.020999,-625.000,-625.000,-625.000,-625.000
220.120999,-625.000,-625.000,-625.000,-625.000
220.220999,-625.000,-625.000,-625.000,-625.000
220.320999,-625.000,-625.000,-625.000,-625.000
220.537000,-625.000,-625.000,-625.000,-625.000
220.551973,-625.000,-625.000,-625.000,-625.000
220.620999,-625.000,-625.000,-625.000,-625.000
220.720999,-625.000,-625.000,-625.000,-625.000
220.820999,-625.000,-625.000,-625.000,-625.000
220.920999,-625.000,-625.000,-625.000,-625.000
221.020999,-625.000,-625.000,-625.000,-625.000
221.120999,-625.000,-625.000,-625.000,-625.000
221.220999,-625.000,-625.000,-625.000,-625.000
221.320999,-625.000,-625.000,-625.000,-625.000
221.537000,-625.000,-625.000,-625.000,-625.000
221.551974,-625.000,-625.000,-625.000,-625.000
221.620999,-625.000,-625.000,-625.000,-625.000
221.720999,-625.000,-625.000,-625.000,-625.000
221.820999,-625.000,-625.000,-625.000,-625.000
221.920999,-625.000,-625.000,-625.000,-625.000
222.020999,-625.000,-625.000,-625.000,-625.000
222.120999,-625.000,-625.000,-625.000,-625.000
222.220999,-625.000,-625.000,-625.000,-625.000
222.320999,-625.000,-625.000,-625.000,-625.000
222.537000,-625.000,-625.000,-625.000,-625.000
222.551974,-625.000,-625.000,-625.000,-625.000
222.620999,-625.000,-625.000,-625.000,-625.000
222.720999,-625.000,-625.000,-625.000,-625.000
222.820999,-625.000,-625.000,-625.000,-625.000
222.920999,-625.000,-625.000,-625.000,-625.000
223.020999,-625.000,-625.000,-625.000,-625.000
223.120999,-625.000,-625.000,-625.000,-625.000
223.220999,-625.000,-625.000,-625.000,-625.000
223.320999,-625.000,-625.000,-625.000,-625.000
223.536000,-625.000,-625.000,-625.000,-625.000
223.550974,-625.000,-625.000,-625.000,-625.000
223.620999,-625.000,-625.000,-625.000,-625.000
223.720999,-625.000,-625.000,-625.000,-625.000
223.820999,-625.000,-625.000,-625.000,-625.000
223.920999,-625.000,-625.000,-625.000,-625.000
224.020999,-625.000,-625.000,-625.000,-625.000
224.120999,-625.000,-625.000,-625.000,-625.000
224.220999,-625.000,-625.000,-625.000,-625.000
224.320999,-625.000,-625.000,-625.000,-625.000
224.537000,-625.000,-625.000,-625.000,-625.000
224.551974,-625.000,-625.000,-625.000,-625.000
224.620999,-625.000,-625.000,-625.000,-625.000
224.720999,-625.000,-625.000,-625.000,-625.000
224.820999,-625.000,-625.000,-625.000,-625.000
224.920999,-625.000,-625.000,-625.000,-625.000
225.020999,-625.000,-625.000,-625.000,-625.000
225.120999,-625.000,-625.000,-625.000,-625.000
225.220999,-625.000,-625.000,-625.000,-625.000
225.320999,-625.000,-625.000,-625.000,-625.000
225.537000,-625.000,-625.000,-625.000,-625.000
225.551974,-625.000,-625.000,-625.000,-625.000
225.620999,-625.000,-625.000,-625.000,-625.000
225.720999,-625.000,-625.000,-625.000,-625.000
225.820999,-625.000,-625.000,-625.000,-625.000
225.920999,-625.000,-625.000,-625.000,-625.000
226.020999,-625.000,-625.000,-625.000,-625.000
226.120999,-625.000,-625.000,-625.000,-625.000
226.220999,-625.000,-625.000,-625.000,-625.000
226.320999,-625.000,-625.000,-625.000,-625.000
226.537000,-625.000,-625.000,-625.000,-625.000
226.551974,-625.000,-625.000,-625.000,-625.000
226.620999,-625.000,-625.000,-625.000,-625.000
226.720999,-625.000,-625.000,-625.000,-625.000
226.820999,-625.000,-625.000,-625.000,-625.000
226.920999,-625.000,-625.000,-625.000,-625.000
227.020999,-625.000,-625.000,-625.000,-625.000
227.120999,-625.000,-625.000,-625.000,-625.000
227.220999,-625.000,-625.000,-625.000,-625.000
227.320999,-625.000,-625.000,-625.000,-625.000
227.537000,-625.000,-625.000,-625.000,-625.000
227.551974,-625.000,-625.000,-625.000,-625.000
227.620999,-625.000,-625.000,-625.000,-625.000
227.720999,-625.000,-625.000,-625.000,-625.000
227.820999,-625.000,-625.000,-625.000,-625.000
227.920999,-625.000,-625.000,-625.000,-625.000
228.020999,-625.000,-625.000,-625.000,-625.000
228.120999,-625.000,-625.000,-625.000,-625.000
228.220999,-625.000,-625.000,-625.000,-625.000
228.320999,-625.000,-625.000,-625.000,-625.000
228.537000,-625.000,-625.000,-625.000,-625.000
228.551973,-625.000,-625.000,-625.000,-625.000
228.620999,-625.000,-625.000,-625.000,-625.000
228.720999,-625.000,-625.000,-625.000,-625.000
228.820999,-625.000,-625.000,-625.000,-625.000
228.920999,-625.000,-625.000,-625.000,-625.000
229.020999,-625.000,-625.000,-625.000,-625.000
229.120999,-625.000,-625.000,-625.000,-625.000
229.220999,-625.000,-625.000,-625.000,-625.000
229.320999,-625.000,-625.000,-625.000,-625.000
229.537000,-625.000,-625.000,-625.000,-625.000
229.551973,-625.000,-625.000,-625.000,-625.000
229.620999,-625.000,-625.000,-625.000,-625.000
229.720999,-625.000,-625.000,-625.000,-625.000
229.820999,-625.000,-625.000,-625.000,-625.000
229.920999,-625.000,-625.000,-625.000,-625.000
230.020999,-625.000,-625.000,-625.000,-625.000
230.120999,-625.000,-625.000,-625.000,-625.000
230.220999,-625.000,-625.000,-625.000,-625.000
230.320999,-625.000,-625.000,-625.000,-625.000
230.537000,-625.000,-625.000,-625.000,-625.000
230.551974,-625.000,-625.000,-625.000,-625.000
230.620999,-625.000,-625.000,-625.000,-625.000
230.720999,-625.000,-625.000,-625.000,-625.000
230.820999,-625.000,-625.000,-625.000,-625.000
230.920999,-625.000,-625.000,-625.000,-625.000
231.020999,-625.000,-625.000,-625.000,-625.000
231.120999,-625.000,-625.000,-625.000,-625.000
231.220999,-625.000,-625.000,-625.000,-625.000
231.320999,-625.000,-625.000,-625.000,-625.000
231.536000,-625.000,-625.000,-625.000,-625.000
231.550974,-625.000,-625.000,-625.000,-625.000
231.620999,-625.000,-625.000,-625.000,-625.000
231.720999,-625.000,-625.000,-625.000,-625.000
231.820999,-625.000,-625.000,-625.000,-625.000
231.920999,-625.000,-625.000,-625.000,-625.000
232.020999,-625.000,-625.000,-625.000,-625.000
232.120999,-625.000,-625.000,-625.000,-625.000
232.220999,-625.000,-625.000,-625.000,-625.000
232.320999,-625.000,-625.000,-625.000,-625.000
232.537000,-625.000,-625.000,-625.000,-625.000
232.551973,-625.000,-625.000,-625.000,-625.000
232.620999,-625.000,-625.000,-625.000,-625.000
232.720999,-625.000,-625.000,-625.000,-625.000
232.820999,-625.000,-625.000,-625.000,-625.000
232.920999,-625.000,-625.000,-625.000,-625.000
233.020999,-625.000,-625.000,-625.000,-625.000
233.120999,-625.000,-625.000,-625.000,-625.000
233.220999,-625.000,-625.000,-625.000,-625.000
233.320999,-625.000,-625.000,-625.000,-625.000
233.537000,-625.000,-625.000,-625.000,-625.000
233.551974,-625.000,-625.000,-625.000,-625.000
233.620999,-625.000,-625.000,-625.000,-625.000
233.720999,-625.000,-625.000,-625.000,-625.000
233.820999,-625.000,-625.000,-625.000,-625.000
233.920999,-625.000,-625.000,-625.000,-625.000
234.020999,-625.000,-625.000,-625.000,-625.000
234.120999,-625.000,-625.000,-625.000,-625.000
234.220999,-625.000,-625.000,-625.000,-625.000
234.320999,-625.000,-625.000,-625.000,-625.000
234.537000,-625.000,-625.000,-625.000,-625.000
234.551974,-625.000,-625.000,-625.000,-625.000
234.620999,-625.000,-625.000,-625.000,-625.000
234.720999,-625.000,-625.000,-625.000,-625.000
234.820999,-625.000,-625.000,-625.000,-625.000
234.920999,-625.000,-625.000,-625.000,-625.000
235.020999,-625.000,-625.000,-625.000,-625.000
235.120999,-625.000,-625.000,-625.000,-625.000
235.220999,-625.000,-625.000,-625.000,-625.000
235.320999,-625.000,-625.000,-625.000,-625.000
235.537001,-625.000,-625.000,-625.000,-625.000
235.551973,-625.000,-625.000,-625.000,-625.000
235.620999,-625.000,-625.000,-625.000,-625.000
235.720999,-625.000,-625.000,-625.000,-625.000
235.820999,-625.000,-625.000,-625.000,-625.000
235.920999,-625.000,-625.000,-625.000,-625.000
236.020999,-625.000,-625.000,-625.000,-625.000
236.120999,-625.000,-625.000,-625.000,-625.000
236.220999,-625.000,-625.000,-625.000,-625.000
236.320999,-625.000,-625.000,-625.000,-625.000
236.536001,-625.000,-625.000,-625.000,-625.000
236.550974,-625.000,-625.000,-625.000,-625.000
236.620999,-625.000,-625.000,-625.000,-625.000
236.720999,-625.000,-625.000,-625.000,-625.000
236.820999,-625.000,-625.000,-625.000,-625.000
236.920999,-625.000,-625.000,-625.000,-625.000
237.020999,-625.000,-625.000,-625.000,-625.000
237.120999,-625.000,-625.000,-625.000,-625.000
237.220999,-625.000,-625.000,-625.000,-625.000
237.320999,-625.000,-625.000,-625.000,-625.000
237.537000,-625.000,-625.000,-625.000,-625.000
237.551974,-625.000,-625.000,-625.000,-625.000
237.620999,-625.000,-625.000,-625.000,-625.000
237.720999,-625.000,-625.000,-625.000,-625.000
237.820999,-625.000,-625.000,-625.000,-625.000
237.920999,-625.000,-625.000,-625.000,-625.000
238.020999,-625.000,-625.000,-625.000,-625.000
238.120999,-625.000,-625.000,-625.000,-625.000
238.220999,-625.000,-625.000,-625.000,-625.000
238.320999,-625.000,-625.000,-625.000,-625.000
238.537000,-625.000,-625.000,-625.000,-625.000
238.551974,-625.000,-625.000,-625.000,-625.000
238.620999,-625.000,-625.000,-625.000,-625.000
238.720999,-625.000,-625.000,-625.000,-625.000
238.820999,-625.000,-625.000,-625.000,-625.000
238.920999,-625.000,-625.000,-625.000,-625.000
239.020999,-625.000,-625.000,-625.000,-625.000
239.120999,-625.000,-625.000,-625.000,-625.000
239.220999,-625.000,-625.000,-625.000,-625.000
239.320999,-625.000,-625.000,-625.000,-625.000
239.537001,-625.000,-625.000,-625.000,-625.000
239.551974,-625.000,-625.000,-625.000,-625.000
239.620999,-625.000,-625.000,-625.000,-625.000
239.720999,-625.000,-625.000,-625.000,-625.000
239.820999,-625.000,-625.000,-625.000,-625.000
239.920999,-625.000,-625.000,-625.000,-625.000
240.020999,-625.000,-625.000,-625.000,-625.000
240.120999,-625.000,-625.000,-625.000,-625.000
240.220999,-625.000,-625.000,-625.000,-625.000
240.320999,-625.000,-625.000,-625.000,-625.000
240.537000,-625.000,-625.000,-625.000,-625.000
240.551974,-625.000,-625.000,-625.000,-625.000
240.620999,-625.000,-625.000,-625.000,-625.000
240.720999,-625.000,-625.000,-625.000,-625.000
240.820999,-625.000,-625.000,-625.000,-625.000
240.920999,-625.000,-625.000,-625.000,-625.000
241.020999,-625.000,-625.000,-625.000,-625.000
241.120999,-625.000,-625.000,-625.000,-625.000
241.220999,-625.000,-625.000,-625.000,-625.000
241.320999,-625.000,-625.000,-625.000,-625.000
241.537000,-625.000,-625.000,-625.000,-625.000
241.551974,-625.000,-625.000,-625.000,-625.000
241.620999,-625.000,-625.000,-625.000,-625.000
241.720999,-625.000,-625.000,-625.000,-625.000
241.820999,-625.000,-625.000,-625.000,-625.000
241.920999,-625.000,-625.000,-625.000,-625.000
242.020999,-625.000,-625.000,-625.000,-625.000
242.120999,-625.000,-625.000,-625.000,-625.000
242.220999,-625.000,-625.000,-625.000,-625.000
242.320999,-625.000,-625.000,-625.000,-625.000
242.537000,-625.000,-625.000,-625.000,-625.000
242.551974,-625.000,-625.000,-625.000,-625.000
242.620999,-625.000,-625.000,-625.000,-625.000
242.720999,-625.000,-625.000,-625.000,-625.000
242.820999,-625.000,-625.000,-625.000,-625.000
242.920999,-625.000,-625.000,-625.000,-625.000
243.020999,-625.000,-625.000,-625.000,-625.000
243.120999,-625.000,-625.000,-625.000,-625.000
243.220999,-625.000,-625.000,-625.000,-625.000
243.320999,-625.000,-625.000,-625.000,-625.000
243.537000,-625.000,-625.000,-625.000,-625.000
243.551974,-625.000,-625.000,-625.000,-625.000
243.620999,-625.000,-625.000,-625.000,-625.000
243.720999,-625.000,-625.000,-625.000,-625.000
243.820999,-625.000,-625.000,-625.000,-625.000
243.920999,-625.000,-625.000,-625.000,-625.000
244.020999,-625.000,-625.000,-625.000,-625.000
244.120999,-625.000,-625.000,-625.000,-625.000
244.220999,-625.000,-625.000,-625.000,-625.000
244.320999,-625.000,-625.000,-625.000,-625.000
244.536000,-625.000,-625.000,-625.000,-625.000
244.550974,-625.000,-625.000,-625.000,-625.000
244.620999,-625.000,-625.000,-625.000,-625.000
244.720999,-625.000,-625.000,-625.000,-625.000
244.820999,-625.000,-625.000,-625.000,-625.000
244.920999,-625.000,-625.000,-625.000,-625.000
245.020999,-625.000,-625.000,-625.000,-625.000
245.120999,-625.000,-625.000,-625.000,-625.000
245.220999,-625.000,-625.000,-625.000,-625.000
245.320999,-625.000,-625.000,-625.000,-625.000
245.537000,-625.000,-625.000,-625.000,-625.000
245.551974,-625.000,-625.000,-625.000,-625.000
245.620999,-625.000,-625.000,-625.000,-625.000
245.720999,-625.000,-625.000,-625.000,-625.000
245.820999,-625.000,-625.000,-625.000,-625.000
245.920999,-625.000,-625.000,-625.000,-625.000
246.020999,-625.000,-625.000,-625.000,-625.000
246.120999,-625.000,-625.000,-625.000,-625.000
246.220999,-625.000,-625.000,-625.000,-625.000
246.320999,-625.000,-625.000,-625.000,-625.000
246.537000,-625.000,-625.000,-625.000,-625.000
246.551974,-625.000,-625.000,-625.000,-625.000
246.620999,-625.000,-625.000,-625.000,-625.000
246.720999,-625.000,-625.000,-625.000,-625.000
246.820999,-625.000,-625.000,-625.000,-625.000
246.920999,-625.000,-625.000,-625.000,-625.000
247.020999,-625.000,-625.000,-625.000,-625.000
247.120999,-625.000,-625.000,-625.000,-625.000
247.220999,-625.000,-625.000,-625.000,-625.000
247.320999,-625.000,-625.000,-625.000,-625.000
247.537000,-625.000,-625.000,-625.000,-625.000
247.551974,-625.000,-625.000,-625.000,-625.000
247.620999,-625.000,-625.000,-625.000,-625.000
247.720999,-625.000,-625.000,-625.000,-625.000
247.820999,-625.000,-625.000,-625.000,-625.000
247.920999,-625.000,-625.000,-625.000,-625.000
248.020999,-625.000,-625.000,-625.000,-625.000
248.120999,-625.000,-625.000,-625.000,-625.000
248.220999,-625.000,-625.000,-625.000,-625.000
248.320999,-625.000,-625.000,-625.000,-625.000
248.537001,-625.000,-625.000,-625.000,-625.000
248.551973,-625.000,-625.000,-625.000,-625.000
248.620999,-625.000,-625.000,-625.000,-625.000
248.720999,-625.000,-625.000,-625.000,-625.000
248.820999,-625.000,-625.000,-625.000,-625.000
248.920999,-625.000,-625.000,-625.000,-625.000
249.020999,-625.000,-625.000,-625.000,-625.000
249.120999,-625.000,-625.000,-625.000,-625.000
249.220999,-625.000,-625.000,-625.000,-625.000
249.320999,-625.000,-625.000,-625.000,-625.000
249.536001,-625.000,-625.000,-625.000,-625.000
249.550974,-625.000,-625.000,-625.000,-625.000
249.620999,-625.000,-625.000,-625.000,-625.000
249.720999,-625.000,-625.000,-625.000,-625.000
249.820999,-625.000,-625.000,-625.000,-625.000
249.920999,-625.000,-625.000,-625.000,-625.000
250.020999,-625.000,-625.000,-625.000,-625.000
250.120999,-625.000,-625.000,-625.000,-625.000
250.220999,-625.000,-625.000,-625.000,-625.000
250.320999,-625.000,-625.000,-625.000,-625.000
250.537000,-625.000,-625.000,-625.000,-625.000
250.551974,-625.000,-625.000,-625.000,-625.000
250.620999,-625.000,-625.000,-625.000,-625.000
250.720999,-625.000,-625.000,-625.000,-625.000
250.820999,-625.000,-625.000,-625.000,-625.000
250.920999,-625.000,-625.000,-625.000,-625.000
251.020999,-625.000,-625.000,-625.000,-625.000
251.120999,-625.000,-625.000,-625.000,-625.000
251.220999,-625.000,-625.000,-625.000,-625.000
251.320999,-625.000,-625.000,-625.000,-625.000
251.537000,-625.000,-625.000,-625.000,-625.000
251.551974,-625.000,-625.000,-625.000,-625.000
251.620999,-625.000,-625.000,-625.000,-625.000
251.720999,-625.000,-625.000,-625.000,-625.000
251.820999,-625.000,-625.000,-625.000,-625.000
251.920999,-625.000,-625.000,-625.000,-625.000
252.020999,-625.000,-625.000,-625.000,-625.000
252.120999,-625.000,-625.000,-625.000,-625.000
252.220999,-625.000,-625.000,-625.000,-625.000
252.320999,-625.000,-625.000,-625.000,-625.000
252.537000,-625.000,-625.000,-625.000,-625.000
252.551973,-625.000,-625.000,-625.000,-625.000
252.620999,-625.000,-625.000,-625.000,-625.000
252.720999,-625.000,-625.000,-625.000,-625.000
252.820999,-625.000,-625.000,-625.000,-625.000
252.920999,-625.000,-625.000,-625.000,-625.000
253.020999,-625.000,-625.000,-625.000,-625.000
253.120999,-625.000,-625.000,-625.000,-625.000
253.220999,-625.000,-625.000,-625.000,-625.000
253.320999,-625.000,-625.000,-625.000,-625.000
253.537001,-625.000,-625.000,-625.000,-625.000
253.551974,-625.000,-625.000,-625.000,-625.000
253.620999,-625.000,-625.000,-625.000,-625.000
253.720999,-625.000,-625.000,-625.000,-625.000
253.820999,-625.000,-625.000,-625.000,-625.000
253.920999,-625.000,-625.000,-625.000,-625.000
254.020999,-625.000,-625.000,-625.000,-625.000
254.120999,-625.000,-625.000,-625.000,-625.000
254.220999,-625.000,-625.000,-625.000,-625.000
254.320999,-625.000,-625.000,-625.000,-625.000
254.537000,-625.000,-625.000,-625.000,-625.000
254.551974,-625.000,-625.000,-625.000,-625.000
254.620999,-625.000,-625.000,-625.000,-625.000
254.720999,-625.000,-625.000,-625.000,-625.000
254.820999,-625.000,-625.000,-625.000,-625.000
254.920999,-625.000,-625.000,-625.000,-625.000
255.020999,-625.000,-625.000,-625.000,-625.000
255.120999,-625.000,-625.000,-625.000,-625.000
255.220999,-625.000,-625.000,-625.000,-625.000
255.320999,-625.000,-625.000,-625.000,-625.000
255.537000,-625.000,-625.000,-625.000,-625.000
255.551974,-625.000,-625.000,-625.000,-625.000
255.620999,-625.000,-625.000,-625.000,-625.000
255.720999,-625.000,-625.000,-625.000,-625.000
255.820999,-625.000,-625.000,-625.000,-625.000
255.920999,-625.000,-625.000,-625.000,-625.000
256.020999,-625.000,-625.000,-625.000,-625.000
256.120999,-625.000,-625.000,-625.000,-625.000
256.220999,-625.000,-625.000,-625.000,-625.000
256.320999,-625.000,-625.000,-625.000,-625.000
256.537000,-625.000,-625.000,-625.000,-625.000
256.551973,-625.000,-625.000,-625.000,-625.000
256.620999,-625.000,-625.000,-625.000,-625.000
256.720999,-625.000,-625.000,-625.000,-625.000
256.820999,-625.000,-625.000,-625.000,-625.000
256.920999,-625.000,-625.000,-625.000,-625.000
257.020999,-625.000,-625.000,-625.000,-625.000
257.120999,-625.000,-625.000,-625.000,-625.000
257.220999,-625.000,-625.000,-625.000,-625.000
257.320999,-625.000,-625.000,-625.000,-625.000
257.536000,-625.000,-625.000,-625.000,-625.000
257.550973,-625.000,-625.000,-625.000,-625.000
257.620999,-625.000,-625.000,-625.000,-625.000
257.720999,-625.000,-625.000,-625.000,-625.000
257.820999,-625.000,-625.000,-625.000,-625.000
257.920999,-625.000,-625.000,-625.000,-625.000
258.020999,-625.000,-625.000,-625.000,-625.000
258.120999,-625.000,-625.000,-625.000,-625.000
258.220999,-625.000,-625.000,-625.000,-625.000
258.320999,-625.000,-625.000,-625.000,-625.000
258.537000,-625.000,-625.000,-625.000,-625.000
258.551974,-625.000,-625.000,-625.000,-625.000
258.620999,-625.000,-625.000,-625.000,-625.000
258.720999,-625.000,-625.000,-625.000,-625.000
258.820999,-625.000,-625.000,-625.000,-625.000
258.920999,-625.000,-625.000,-625.000,-625.000
259.020999,-625.000,-625.000,-625.000,-625.000
259.120999,-625.000,-625.000,-625.000,-625.000
259.220999,-625.000,-625.000,-625.000,-625.000
259.320999,-625.000,-625.000,-625.000,-625.000
259.537000,-625.000,-625.000,-625.000,-625.000
259.551974,-625.000,-625.000,-625.000,-625.000
259.620999,-625.000,-625.000,-625.000,-625.000
259.720999,-625.000,-625.000,-625.000,-625.000
259.820999,-625.000,-625.000,-625.000,-625.000
259.920999,-625.000,-625.000,-625.000,-625.000
260.020999,-625.000,-625.000,-625.000,-625.000
260.120999,-625.000,-625.000,-625.000,-625.000
260.220999,-625.000,-625.000,-625.000,-625.000
260.320999,-625.000,-625.000,-625.000,-625.000
260.537001,-625.000,-625.000,-625.000,-625.000
260.551974,-625.000,-625.000,-625.000,-625.000
260.620999,-625.000,-625.000,-625.000,-625.000
260.720999,-625.000,-625.000,-625.000,-625.000
260.820999,-625.000,-625.000,-625.000,-625.000
260.920999,-625.000,-625.000,-625.000,-625.000
261.020999,-625.000,-625.000,-625.000,-625.000
261.120999,-625.000,-625.000,-625.000,-625.000
261.220999,-625.000,-625.000,-625.000,-625.000
261.320999,-625.000,-625.000,-625.000,-625.000
261.537000,-625.000,-625.000,-625.000,-625.000
261.551974,-625.000,-625.000,-625.000,-625.000
261.620999,-625.000,-625.000,-625.000,-625.000
261.720999,-625.000,-625.000,-625.000,-625.000
261.820999,-625.000,-625.000,-625.000,-625.000
261.920999,-625.000,-625.000,-625.000,-625.000
262.020999,-625.000,-625.000,-625.000,-625.000
262.120999,-625.000,-625.000,-625.000,-625.000
262.220999,-625.000,-625.000,-625.000,-625.000
262.320999,-625.000,-625.000,-625.000,-625.000
262.537000,-625.000,-625.000,-625.000,-625.000
262.551974,-625.000,-625.000,-625.000,-625.000
262.620999,-625.000,-625.000,-625.000,-625.000
262.720999,-625.000,-625.000,-625.000,-625.000
262.820999,-625.000,-625.000,-625.000,-625.000
262.920999,-625.000,-625.000,-625.000,-625.000
263.020999,-625.000,-625.000,-625.000,-625.000
263.120999,-625.000,-625.000,-625.000,-625.000
263.220999,-625.000,-625.000,-625.000,-625.000
263.320999,-625.000,-625.000,-625.000,-625.000
263.537000,-625.000,-625.000,-625.000,-625.000
263.551973,-625.000,-625.000,-625.000,-625.000
263.620999,-625.000,-625.000,-625.000,-625.000
263.720999,-625.000,-625.000,-625.000,-625.000
263.820999,-625.000,-625.000,-625.000,-625.000
263.920999,-625.000,-625.000,-625.000,-625.000
264.020999,-625.000,-625.000,-625.000,-625.000
264.120999,-625.000,-625.000,-625.000,-625.000
264.220999,-625.000,-625.000,-625.000,-625.000
264.320999,-625.000,-625.000,-625.000,-625.000
264.537000,-625.000,-625.000,-625.000,-625.000
264.551974,-625.000,-625.000,-625.000,-625.000
264.620999,-625.000,-625.000,-625.000,-625.000
264.720999,-625.000,-625.000,-625.000,-625.000
264.820999,-625.000,-625.000,-625.000,-625.000
264.920999,-625.000,-625.000,-625.000,-625.000
265.020999,-625.000,-625.000,-625.000,-625.000
265.120999,-625.000,-625.000,-625.000,-625.000
265.220999,-625.000,-625.000,-625.000,-625.000
265.320999,-625.000,-625.000,-625.000,-625.000
265.537001,-625.000,-625.000,-625.000,-625.000
265.551974,-625.000,-625.000,-625.000,-625.000
265.620999,-625.000,-625.000,-625.000,-625.000
265.720999,-625.000,-625.000,-625.000,-625.000
265.820999,-625.000,-625.000,-625.000,-625.000
265.920999,-625.000,-625.000,-625.000,-625.000
266.020999,-625.000,-625.000,-625.000,-625.000
266.120999,-625.000,-625.000,-625.000,-625.000
266.220999,-625.000,-625.000,-625.000,-625.000
266.320999,-625.000,-625.000,-625.000,-625.000
266.537000,-625.000,-625.000,-625.000,-625.000
266.551974,-625.000,-625.000,-625.000,-625.000
266.620999,-625.000,-625.000,-625.000,-625.000
266.720999,-625.000,-625.000,-625.000,-625.000
266.820999,-625.000,-625.000,-625.000,-625.000
266.920999,-625.000,-625.000,-625.000,-625.000
267.020999,-625.000,-625.000,-625.000,-625.000
267.120999,-625.000,-625.000,-625.000,-625.000
267.220999,-625.000,-625.000,-625.000,-625.000
267.320999,-625.000,-625.000,-625.000,-625.000
267.537000,-625.000,-625.000,-625.000,-625.000
267.551974,-625.000,-625.000,-625.000,-625.000
267.620999,-625.000,-625.000,-625.000,-625.000
267.720999,-625.000,-625.000,-625.000,-625.000
267.820999,-625.000,-625.000,-625.000,-625.000
267.920999,-625.000,-625.000,-625.000,-625.000
268.020999,-625.000,-625.000,-625.000,-625.000
268.120999,-625.000,-625.000,-625.000,-625.000
268.220999,-625.000,-625.000,-625.000,-625.000
268.320999,-625.000,-625.000,-625.000,-625.000
268.537001,-625.000,-625.000,-625.000,-625.000
268.551974,-625.000,-625.000,-625.000,-625.000
268.620999,-625.000,-625.000,-625.000,-625.000
268.720999,-625.000,-625.000,-625.000,-625.000
268.820999,-625.000,-625.000,-625.000,-625.000
268.920999,-625.000,-625.000,-625.000,-625.000
269.020999,-625.000,-625.000,-625.000,-625.000
269.120999,-625.000,-625.000,-625.000,-625.000
269.220999,-625.000,-625.000,-625.000,-625.000
269.320999,-625.000,-625.000,-625.000,-625.000
269.537001,-625.000,-625.000,-625.000,-625.000
269.551974,-625.000,-625.000,-625.000,-625.000
269.620999,-625.000,-625.000,-625.000,-625.000
269.720999,-625.000,-625.000,-625.000,-625.000
269.820999,-625.000,-625.000,-625.000,-625.000
269.920999,-625.000,-625.000,-625.000,-625.000
270.020999,-625.000,-625.000,-625.000,-625.000
270.120999,-625.000,-625.000,-625.000,-625.000
270.220999,-625.000,-625.000,-625.000,-625.000
270.320999,-625.000,-625.000,-625.000,-625.000
270.536000,-625.000,-625.000,-625.000,-625.000
270.550974,-625.000,-625.000,-625.000,-625.000
270.620999,-625.000,-625.000,-625.000,-625.000
270.720999,-625.000,-625.000,-625.000,-625.000
270.820999,-625.000,-625.000,-625.000,-625.000
270.920999,-625.000,-625.000,-625.000,-625.000
271.020999,-625.000,-625.000,-625.000,-625.000
271.120999,-625.000,-625.000,-625.000,-625.000
271.220999,-625.000,-625.000,-625.000,-625.000
271.320999,-625.000,-625.000,-625.000,-625.000
271.537000,-625.000,-625.000,-625.000,-625.000
271.551974,-625.000,-625.000,-625.000,-625.000
271.620999,-625.000,-625.000,-625.000,-625.000
271.720999,-625.000,-625.000,-625.000,-625.000
271.820999,-625.000,-625.000,-625.000,-625.000
271.920999,-625.000,-625.000,-625.000,-625.000
272.020999,-625.000,-625.000,-625.000,-625.000
272.120999,-625.000,-625.000,-625.000,-625.000
272.220999,-625.000,-625.000,-625.000,-625.000
272.320999,-625.000,-625.000,-625.000,-625.000
272.537000,-625.000,-625.000,-625.000,-625.000
272.551974,-625.000,-625.000,-625.000,-625.000
272.620999,-625.000,-625.000,-625.000,-625.000
272.720999,-625.000,-625.000,-625.000,-625.000
272.820999,-625.000,-625.000,-625.000,-625.000
272.920999,-625.000,-625.000,-625.000,-625.000
273.020999,-625.000,-625.000,-625.000,-625.000
273.120999,-625.000,-625.000,-625.000,-625.000
273.220999,-625.000,-625.000,-625.000,-625.000
273.320999,-625.000,-625.000,-625.000,-625.000
273.537001,-625.000,-625.000,-625.000,-625.000
273.551974,-625.000,-625.000,-625.000,-625.000
273.620999,-625.000,-625.000,-625.000,-625.000
273.720999,-625.000,-625.000,-625.000,-625.000
273.820999,-625.000,-625.000,-625.000,-625.000
273.920999,-625.000,-625.000,-625.000,-625.000
274.020999,-625.000,-625.000,-625.000,-625.000
274.120999,-625.000,-625.000,-625.000,-625.000
274.220999,-625.000,-625.000,-625.000,-625.000
274.320999,-625.000,-625.000,-625.000,-625.000
274.537000,-625.000,-625.000,-625.000,-625.000
274.551973,-625.000,-625.000,-625.000,-625.000
274.620999,-625.000,-625.000,-625.000,-625.000
274.720999,-625.000,-625.000,-625.000,-625.000
274.820999,-625.000,-625.000,-625.000,-625.000
274.920999,-625.000,-625.000,-625.000,-625.000
275.020999,-625.000,-625.000,-625.000,-625.000
275.120999,-625.000,-625.000,-625.000,-625.000
275.220999,-625.000,-625.000,-625.000,-625.000
275.320999,-625.000,-625.000,-625.000,-625.000
275.536000,-625.000,-625.000,-625.000,-625.000
275.550974,-625.000,-625.000,-625.000,-625.000
275.620999,-625.000,-625.000,-625.000,-625.000
275.720999,-625.000,-625.000,-625.000,-625.000
275.820999,-625.000,-625.000,-625.000,-625.000
275.920999,-625.000,-625.000,-625.000,-625.000
276.020999,-625.000,-625.000,-625.000,-625.000
276.120999,-625.000,-625.000,-625.000,-625.000
276.220999,-625.000,-625.000,-625.000,-625.000
276.320999,-625.000,-625.000,-625.000,-625.000
276.537000,-625.000,-625.000,-625.000,-625.000
276.551974,-625.000,-625.000,-625.000,-625.000
276.620999,-625.000,-625.000,-625.000,-625.000
276.720999,-625.000,-625.000,-625.000,-625.000
276.820999,-625.000,-625.000,-625.000,-625.000
276.920999,-625.000,-625.000,-625.000,-625.000
277.020999,-625.000,-625.000,-625.000,-625.000
277.120999,-625.000,-625.000,-625.000,-625.000
277.220999,-625.000,-625.000,-625.000,-625.000
277.320999,-625.000,-625.000,-625.000,-625.000
277.537000,-625.000,-625.000,-625.000,-625.000
277.551974,-625.000,-625.000,-625.000,-625.000
277.620999,-625.000,-625.000,-625.000,-625.000
277.720999,-625.000,-625.000,-625.000,-625.000
277.820999,-625.000,-625.000,-625.000,-625.000
277.920999,-625.000,-625.000,-625.000,-625.000
278.020999,-625.000,-625.000,-625.000,-625.000
278.120999,-625.000,-625.000,-625.000,-625.000
278.220999,-625.000,-625.000,-625.000,-625.000
278.320999,-625.000,-625.000,-625.000,-625.000
278.537001,-625.000,-625.000,-625.000,-625.000
278.551974,-625.000,-625.000,-625.000,-625.000
278.620999,-625.000,-625.000,-625.000,-625.000
278.720999,-625.000,-625.000,-625.000,-625.000
278.820999,-625.000,-625.000,-625.000,-625.000
278.920999,-625.000,-625.000,-625.000,-625.000
279.020999,-625.000,-625.000,-625.000,-625.000
279.120999,-625.000,-625.000,-625.000,-625.000
279.220999,-625.000,-625.000,-625.000,-625.000
279.320999,-625.000,-625.000,-625.000,-625.000
279.537001,-625.000,-625.000,-625.000,-625.000
279.551974,-625.000,-625.000,-625.000,-625.000
279.620999,-625.000,-625.000,-625.000,-625.000
279.720999,-625.000,-625.000,-625.000,-625.000
279.820999,-625.000,-625.000,-625.000,-625.000
279.920999,-625.000,-625.000,-625.000,-625.000
280.020999,-625.000,-625.000,-625.000,-625.000
280.120999,-625.000,-625.000,-625.000,-625.000
280.220999,-625.000,-625.000,-625.000,-625.000
280.320999,-625.000,-625.000,-625.000,-625.000
280.537000,-625.000,-625.000,-625.000,-625.000
280.551974,-625.000,-625.000,-625.000,-625.000
280.620999,-625.000,-625.000,-625.000,-625.000
280.720999,-625.000,-625.000,-625.000,-625.000
280.820999,-625.000,-625.000,-625.000,-625.000
280.920999,-625.000,-625.000,-625.000,-625.000
281.020999,-625.000,-625.000,-625.000,-625.000
281.120999,-625.000,-625.000,-625.000,-625.000
281.220999,-625.000,-625.000,-625.000,-625.000
281.320999,-625.000,-625.000,-625.000,-625.000
281.537001,-625.000,-625.000,-625.000,-625.000
281.551974,-625.000,-625.000,-625.000,-625.000
281.620999,-625.000,-625.000,-625.000,-625.000
281.720999,-625.000,-625.000,-625.000,-625.000
281.820999,-625.000,-625.000,-625.000,-625.000
281.920999,-625.000,-625.000,-625.000,-625.000
282.020999,-625.000,-625.000,-625.000,-625.000
282.120999,-625.000,-625.000,-625.000,-625.000
282.220999,-625.000,-625.000,-625.000,-625.000
282.320999,-625.000,-625.000,-625.000,-625.000
282.537000,-625.000,-625.000,-625.000,-625.000
282.551974,-625.000,-625.000,-625.000,-625.000
282.620999,-625.000,-625.000,-625.000,-625.000
282.720999,-625.000,-625.000,-625.000,-625.000
282.820999,-625.000,-625.000,-625.000,-625.000
282.920999,-625.000,-625.000,-625.000,-625.000
283.020999,-625.000,-625.000,-625.000,-625.000
283.120999,-625.000,-625.000,-625.000,-625.000
283.220999,-625.000,-625.000,-625.000,-625.000
283.320999,-625.000,-625.000,-625.000,-625.000
283.536000,-625.000,-625.000,-625.000,-625.000
283.550974,-625.000,-625.000,-625.000,-625.000
283.620999,-625.000,-625.000,-625.000,-625.000
283.720999,-625.000,-625.000,-625.000,-625.000
283.820999,-625.000,-625.000,-625.000,-625.000
283.920999,-625.000,-625.000,-625.000,-625.000
284.020999,-625.000,-625.000,-625.000,-625.000
284.120999,-625.000,-625.000,-625.000,-625.000
284.220999,-625.000,-625.000,-625.000,-625.000
284.320999,-625.000,-625.000,-625.000,-625.000
284.537000,-625.000,-625.000,-625.000,-625.000
284.551974,-625.000,-625.000,-625.000,-625.000
284.620999,-625.000,-625.000,-625.000,-625.000
284.720999,-625.000,-625.000,-625.000,-625.000
284.820999,-625.000,-625.000,-625.000,-625.000
284.920999,-625.000,-625.000,-625.000,-625.000
285.020999,-625.000,-625.000,-625.000,-625.000
285.120999,-625.000,-625.000,-625.000,-625.000
285.220999,-625.000,-625.000,-625.000,-625.000
285.320999,-625.000,-625.000,-625.000,-625.000
