time_s,P1_high_psi,P2_high_psi,P3_high_psi,P4_high_psi
0.000000,-625.000,-625.000,-625.000,-625.000
0.208999,-625.000,-625.000,-625.000,-625.000
0.217192,-625.000,-625.000,-625.000,-625.000
0.225397,-625.000,-625.000,-625.000,-625.000
0.233602,-625.000,-625.000,-625.000,-625.000
0.241806,-625.000,-625.000,-625.000,-625.000
0.250010,-625.000,-625.000,-625.000,-625.000
0.258215,-625.000,-625.000,-625.000,-625.000
0.266420,-625.000,-625.000,-625.000,-625.000
0.274623,-625.000,-625.000,-625.000,-625.000
0.282827,-625.000,-625.000,-625.000,-625.000
0.491999,-625.000,-625.000,-625.000,-625.000
0.500193,-625.000,-625.000,-625.000,-625.000
0.508397,-625.000,-625.000,-625.000,-625.000
0.516602,-625.000,-625.000,-625.000,-625.000
0.524807,-625.000,-625.000,-625.000,-625.000
0.533013,-625.000,-625.000,-625.000,-625.000
0.541217,-625.000,-625.000,-625.000,-625.000
0.549422,-625.000,-625.000,-625.000,-625.000
0.557628,-625.000,-625.000,-625.000,-625.000
0.565832,-625.000,-625.000,-625.000,-625.000
0.773999,-625.000,-625.000,-625.000,-625.000
0.782191,-625.000,-625.000,-625.000,-625.000
0.790397,-625.000,-625.000,-625.000,-625.000
0.798602,-625.000,-625.000,-625.000,-625.000
0.806807,-625.000,-625.000,-625.000,-625.000
0.815010,-625.000,-625.000,-625.000,-625.000
0.823214,-625.000,-625.000,-625.000,-625.000
0.831418,-625.000,-625.000,-625.000,-625.000
0.839622,-625.000,-625.000,-625.000,-625.000
0.847826,-625.000,-625.000,-625.000,-625.000
1.056999,-625.000,-625.000,-625.000,-625.000
1.065192,-625.000,-625.000,-625.000,-625.000
1.073397,-625.000,-625.000,-625.000,-625.000
1.081601,-625.000,-625.000,-625.000,-625.000
1.089804,-625.000,-625.000,-625.000,-625.000
1.098006,-625.000,-625.000,-625.000,-625.000
1.106210,-625.000,-625.000,-625.000,-625.000
1.114415,-625.000,-625.000,-625.000,-625.000
1.122619,-625.000,-625.000,-625.000,-625.000
1.130824,-625.000,-625.000,-625.000,-625.000
1.340000,-625.000,-625.000,-625.000,-625.000
1.348191,-625.000,-625.000,-625.000,-625.000
1.356396,-625.000,-625.000,-625.000,-625.000
1.364600,-625.000,-625.000,-625.000,-625.000
1.372805,-625.000,-625.000,-625.000,-625.000
1.381008,-625.000,-625.000,-625.000,-625.000
1.389211,-625.000,-625.000,-625.000,-625.000
1.397417,-625.000,-625.000,-625.000,-625.000
1.405622,-625.000,-625.000,-625.000,-625.000
1.413826,-625.000,-625.000,-625.000,-625.000
1.622999,-625.000,-625.000,-625.000,-625.000
1.631192,-625.000,-625.000,-625.000,-625.000
1.639398,-625.000,-625.000,-625.000,-625.000
1.647603,-625.000,-625.000,-625.000,-625.000
1.655808,-625.000,-625.000,-625.000,-625.000
1.664011,-625.000,-625.000,-625.000,-625.000
1.672215,-625.000,-625.000,-625.000,-625.000
1.680419,-625.000,-625.000,-625.000,-625.000
1.688623,-625.000,-625.000,-625.000,-625.000
1.696828,-625.000,-625.000,-625.000,-625.000
1.905999,-625.000,-625.000,-625.000,-625.000
1.914192,-625.000,-625.000,-625.000,-625.000
1.922396,-625.000,-625.000,-625.000,-625.000
1.930601,-625.000,-625.000,-625.000,-625.000
1.938805,-625.000,-625.000,-625.000,-625.000
1.947009,-625.000,-625.000,-625.000,-625.000
1.955213,-625.000,-625.000,-625.000,-625.000
1.963419,-625.000,-625.000,-625.000,-625.000
1.971623,-625.000,-625.000,-625.000,-625.000
1.979826,-625.000,-625.000,-625.000,-625.000
2.187999,-625.000,-625.000,-625.000,-625.000
2.196190,-625.000,-625.000,-625.000,-625.000
2.204396,-625.000,-625.000,-625.000,-625.000
2.212601,-625.000,-625.000,-625.000,-625.000
2.220805,-625.000,-625.000,-625.000,-625.000
2.229009,-625.000,-625.000,-625.000,-625.000
2.237212,-625.000,-625.000,-625.000,-625.000
2.245417,-625.000,-625.000,-625.000,-625.000
2.253622,-625.000,-625.000,-625.000,-625.000
2.261826,-625.000,-625.000,-625.000,-625.000
2.470999,-625.000,-625.000,-625.000,-625.000
2.479191,-625.000,-625.000,-625.000,-625.000
2.487396,-625.000,-625.000,-625.000,-625.000
2.495600,-625.000,-625.000,-625.000,-625.000
2.503805,-625.000,-625.000,-625.000,-625.000
2.512009,-625.000,-625.000,-625.000,-625.000
2.520213,-625.000,-625.000,-625.000,-625.000
2.528418,-625.000,-625.000,-625.000,-625.000
2.536623,-625.000,-625.000,-625.000,-625.000
2.544826,-625.000,-625.000,-625.000,-625.000
2.753999,-625.000,-625.000,-625.000,-625.000
2.762192,-625.000,-625.000,-625.000,-625.000
2.770398,-625.000,-625.000,-625.000,-625.000
2.778604,-625.000,-625.000,-625.000,-625.000
2.786808,-625.000,-625.000,-625.000,-625.000
2.795011,-625.000,-625.000,-625.000,-625.000
2.803215,-625.000,-625.000,-625.000,-625.000
2.811420,-625.000,-625.000,-625.000,-625.000
2.819624,-625.000,-625.000,-625.000,-625.000
2.827830,-625.000,-625.000,-625.000,-625.000
3.036999,-625.000,-625.000,-625.000,-625.000
3.045192,-625.000,-625.000,-625.000,-625.000
3.053397,-625.000,-625.000,-625.000,-625.000
3.061602,-625.000,-625.000,-625.000,-625.000
3.069807,-625.000,-625.000,-625.000,-625.000
3.078010,-625.000,-625.000,-625.000,-625.000
3.086215,-625.000,-625.000,-625.000,-625.000
3.094420,-625.000,-625.000,-625.000,-625.000
3.102624,-625.000,-625.000,-625.000,-625.000
3.110829,-625.000,-625.000,-625.000,-625.000
3.319999,-625.000,-625.000,-625.000,-625.000
3.328193,-625.000,-625.000,-625.000,-625.000
3.336396,-625.000,-625.000,-625.000,-625.000
3.344600,-625.000,-625.000,-625.000,-625.000
3.352805,-625.000,-625.000,-625.000,-625.000
3.361010,-625.000,-625.000,-625.000,-625.000
3.369213,-625.000,-625.000,-625.000,-625.000
3.377416,-625.000,-625.000,-625.000,-625.000
3.385620,-625.000,-625.000,-625.000,-625.000
3.393825,-625.000,-625.000,-625.000,-625.000
3.602999,-625.000,-625.000,-625.000,-625.000
3.611193,-625.000,-625.000,-625.000,-625.000
3.619396,-625.000,-625.000,-625.000,-625.000
3.627600,-625.000,-625.000,-625.000,-625.000
3.635805,-625.000,-625.000,-625.000,-625.000
3.644009,-625.000,-625.000,-625.000,-625.000
3.652213,-625.000,-625.000,-625.000,-625.000
3.660418,-625.000,-625.000,-625.000,-625.000
3.668623,-625.000,-625.000,-625.000,-625.000
3.676826,-625.000,-625.000,-625.000,-625.000
3.885999,-625.000,-625.000,-625.000,-625.000
3.894191,-625.000,-625.000,-625.000,-625.000
3.902396,-625.000,-625.000,-625.000,-625.000
3.910600,-625.000,-625.000,-625.000,-625.000
3.918805,-625.000,-625.000,-625.000,-625.000
3.927009,-625.000,-625.000,-625.000,-625.000
3.935214,-625.000,-625.000,-625.000,-625.000
3.943420,-625.000,-625.000,-625.000,-625.000
3.951625,-625.000,-625.000,-625.000,-625.000
3.959829,-625.000,-625.000,-625.000,-625.000
4.168999,-625.000,-625.000,-625.000,-625.000
4.177193,-625.000,-625.000,-625.000,-625.000
4.185399,-625.000,-625.000,-625.000,-625.000
4.193603,-625.000,-625.000,-625.000,-625.000
4.201807,-625.000,-625.000,-625.000,-625.000
4.210011,-625.000,-625.000,-625.000,-625.000
4.218215,-625.000,-625.000,-625.000,-625.000
4.226419,-625.000,-625.000,-625.000,-625.000
4.234624,-625.000,-625.000,-625.000,-625.000
4.256998,-625.000,-625.000,-625.000,-625.000
4.465999,-625.000,-625.000,-625.000,-625.000
4.474193,-625.000,-625.000,-625.000,-625.000
4.556998,-625.000,-625.000,-625.000,-625.000
4.656998,-625.000,-625.000,-625.000,-625.000
4.756998,-625.000,-625.000,-625.000,-625.000
4.856998,-625.000,-625.000,-625.000,-625.000
4.956998,-625.000,-625.000,-625.000,-625.000
5.056998,-625.000,-625.000,-625.000,-625.000
5.156998,-625.000,-625.000,-625.000,-625.000
5.256998,-625.000,-625.000,-625.000,-625.000
5.465999,-625.000,-625.000,-625.000,-625.000
5.474191,-625.000,-625.000,-625.000,-625.000
5.556998,-625.000,-625.000,-625.000,-625.000
5.656998,-625.000,-625.000,-625.000,-625.000
5.756998,-625.000,-625.000,-625.000,-625.000
5.856998,-625.000,-625.000,-625.000,-625.000
5.956998,-625.000,-625.000,-625.000,-625.000
6.056998,-625.000,-625.000,-625.000,-625.000
6.156998,-625.000,-625.000,-625.000,-625.000
6.256998,-625.000,-625.000,-625.000,-625.000
6.465999,-625.000,-625.000,-625.000,-625.000
6.474192,-625.000,-625.000,-625.000,-625.000
6.556998,-625.000,-625.000,-625.000,-625.000
6.656998,-625.000,-625.000,-625.000,-625.000
6.756998,-625.000,-625.000,-625.000,-625.000
6.856998,-625.000,-625.000,-625.000,-625.000
6.956998,-625.000,-625.000,-625.000,-625.000
7.056998,-625.000,-625.000,-625.000,-625.000
7.156998,-625.000,-625.000,-625.000,-625.000
7.256998,-625.000,-625.000,-625.000,-625.000
7.465999,-625.000,-625.000,-625.000,-625.000
7.474192,-625.000,-625.000,-625.000,-625.000
7.556998,-625.000,-625.000,-625.000,-625.000
7.656998,-625.000,-625.000,-625.000,-625.000
7.756998,-625.000,-625.000,-625.000,-625.000
7.856998,-625.000,-625.000,-625.000,-625.000
7.956998,-625.000,-625.000,-625.000,-625.000
8.056998,-625.000,-625.000,-625.000,-625.000
8.156998,-625.000,-625.000,-625.000,-625.000
8.256998,-625.000,-625.000,-625.000,-625.000
8.466000,-625.000,-625.000,-625.000,-625.000
8.474191,-625.000,-625.000,-625.000,-625.000
8.556998,-625.000,-625.000,-625.000,-625.000
8.656998,-625.000,-625.000,-625.000,-625.000
8.756998,-625.000,-625.000,-625.000,-625.000
8.856998,-625.000,-625.000,-625.000,-625.000
8.956998,-625.000,-625.000,-625.000,-625.000
9.056998,-625.000,-625.000,-625.000,-625.000
9.156998,-625.000,-625.000,-625.000,-625.000
9.256998,-625.000,-625.000,-625.000,-625.000
9.465999,-625.000,-625.000,-625.000,-625.000
9.474193,-625.000,-625.000,-625.000,-625.000
9.556998,-625.000,-625.000,-625.000,-625.000
9.656998,-625.000,-625.000,-625.000,-625.000
9.756998,-625.000,-625.000,-625.000,-625.000
9.856998,-625.000,-625.000,-625.000,-625.000
9.956998,-625.000,-625.000,-625.000,-625.000
10.056998,-625.000,-625.000,-625.000,-625.000
10.156998,-625.000,-625.000,-625.000,-625.000
10.256998,-625.000,-625.000,-625.000,-625.000
10.465999,-625.000,-625.000,-625.000,-625.000
10.474192,-625.000,-625.000,-625.000,-625.000
10.556998,-625.000,-625.000,-625.000,-625.000
10.656998,-625.000,-625.000,-625.000,-625.000
10.756998,-625.000,-625.000,-625.000,-625.000
10.856998,-625.000,-625.000,-625.000,-625.000
10.956998,-625.000,-625.000,-625.000,-625.000
11.056998,-625.000,-625.000,-625.000,-625.000
11.156998,-625.000,-625.000,-625.000,-625.000
11.256998,-625.000,-625.000,-625.000,-625.000
11.465999,-625.000,-625.000,-625.000,-625.000
11.474192,-625.000,-625.000,-625.000,-625.000
11.556998,-625.000,-625.000,-625.000,-625.000
11.656998,-625.000,-625.000,-625.000,-625.000
11.756998,-625.000,-625.000,-625.000,-625.000
11.856998,-625.000,-625.000,-625.000,-625.000
11.956998,-625.000,-625.000,-625.000,-625.000
12.056998,-625.000,-625.000,-625.000,-625.000
12.156998,-625.000,-625.000,-625.000,-625.000
12.256998,-625.000,-625.000,-625.000,-625.000
12.465999,-625.000,-625.000,-625.000,-625.000
12.474191,-625.000,-625.000,-625.000,-625.000
12.556998,-625.000,-625.000,-625.000,-625.000
12.656998,-625.000,-625.000,-625.000,-625.000
12.756998,-625.000,-625.000,-625.000,-625.000
12.856998,-625.000,-625.000,-625.000,-625.000
12.956998,-625.000,-625.000,-625.000,-625.000
13.056998,-625.000,-625.000,-625.000,-625.000
13.156998,-625.000,-625.000,-625.000,-625.000
13.256998,-625.000,-625.000,-625.000,-625.000
13.465999,-625.000,-625.000,-625.000,-625.000
13.474193,-625.000,-625.000,-625.000,-625.000
13.556998,-625.000,-625.000,-625.000,-625.000
13.656998,-625.000,-625.000,-625.000,-625.000
13.756998,-625.000,-625.000,-625.000,-625.000
13.856998,-625.000,-625.000,-625.000,-625.000
13.956998,-625.000,-625.000,-625.000,-625.000
14.056998,-625.000,-625.000,-625.000,-625.000
14.156998,-625.000,-625.000,-625.000,-625.000
14.256998,-625.000,-625.000,-625.000,-625.000
14.465999,-625.000,-625.000,-625.000,-625.000
14.474193,-625.000,-625.000,-625.000,-625.000
14.556998,-625.000,-625.000,-625.000,-625.000
14.656998,-625.000,-625.000,-625.000,-625.000
14.756998,-625.000,-625.000,-625.000,-625.000
14.856998,-625.000,-625.000,-625.000,-625.000
14.956998,-625.000,-625.000,-625.000,-625.000
15.056998,-625.000,-625.000,-625.000,-625.000
15.156998,-625.000,-625.000,-625.000,-625.000
15.256998,-625.000,-625.000,-625.000,-625.000
15.465999,-625.000,-625.000,-625.000,-625.000
15.474192,-625.000,-625.000,-625.000,-625.000
15.556998,-625.000,-625.000,-625.000,-625.000
15.656998,-625.000,-625.000,-625.000,-625.000
15.756998,-625.000,-625.000,-625.000,-625.000
15.856998,-625.000,-625.000,-625.000,-625.000
15.956998,-625.000,-625.000,-625.000,-625.000
16.056998,-625.000,-625.000,-625.000,-625.000
16.156998,-625.000,-625.000,-625.000,-625.000
16.256998,-625.000,-625.000,-625.000,-625.000
16.465999,-625.000,-625.000,-625.000,-625.000
16.474191,-625.000,-625.000,-625.000,-625.000
16.556998,-625.000,-625.000,-625.000,-625.000
16.656998,-625.000,-625.000,-625.000,-625.000
16.756998,-625.000,-625.000,-625.000,-625.000
16.856998,-625.000,-625.000,-625.000,-625.000
16.956998,-625.000,-625.000,-625.000,-625.000
17.056998,-625.000,-625.000,-625.000,-625.000
17.156998,-625.000,-625.000,-625.000,-625.000
17.256998,-625.000,-625.000,-625.000,-625.000
17.466000,-625.000,-625.000,-625.000,-625.000
17.474191,-625.000,-625.000,-625.000,-625.000
17.556998,-625.000,-625.000,-625.000,-625.000
17.656998,-625.000,-625.000,-625.000,-625.000
17.756998,-625.000,-625.000,-625.000,-625.000
17.856998,-625.000,-625.000,-625.000,-625.000
17.956998,-625.000,-625.000,-625.000,-625.000
18.056998,-625.000,-625.000,-625.000,-625.000
18.156998,-625.000,-625.000,-625.000,-625.000
18.256998,-625.000,-625.000,-625.000,-625.000
18.465999,-625.000,-625.000,-625.000,-625.000
18.474192,-625.000,-625.000,-625.000,-625.000
18.556998,-625.000,-625.000,-625.000,-625.000
18.656998,-625.000,-625.000,-625.000,-625.000
18.756998,-625.000,-625.000,-625.000,-625.000
18.856998,-625.000,-625.000,-625.000,-625.000
18.956998,-625.000,-625.000,-625.000,-625.000
19.056998,-625.000,-625.000,-625.000,-625.000
19.156998,-625.000,-625.000,-625.000,-625.000
19.256998,-625.000,-625.000,-625.000,-625.000
19.465999,-625.000,-625.000,-625.000,-625.000
19.474192,-625.000,-625.000,-625.000,-625.000
19.556998,-625.000,-625.000,-625.000,-625.000
19.656998,-625.000,-625.000,-625.000,-625.000
19.756998,-625.000,-625.000,-625.000,-625.000
19.856998,-625.000,-625.000,-625.000,-625.000
19.956998,-625.000,-625.000,-625.000,-625.000
20.056998,-625.000,-625.000,-625.000,-625.000
20.156998,-625.000,-625.000,-625.000,-625.000
20.256998,-625.000,-625.000,-625.000,-625.000
20.466000,-625.000,-625.000,-625.000,-625.000
20.474191,-625.000,-625.000,-625.000,-625.000
20.556998,-625.000,-625.000,-625.000,-625.000
20.656998,-625.000,-625.000,-625.000,-625.000
20.756998,-625.000,-625.000,-625.000,-625.000
20.856998,-625.000,-625.000,-625.000,-625.000
20.956998,-625.000,-625.000,-625.000,-625.000
21.056998,-625.000,-625.000,-625.000,-625.000
21.156998,-625.000,-625.000,-625.000,-625.000
21.256998,-625.000,-625.000,-625.000,-625.000
21.465999,-625.000,-625.000,-625.000,-625.000
21.474193,-625.000,-625.000,-625.000,-625.000
21.556998,-625.000,-625.000,-625.000,-625.000
21.656998,-625.000,-625.000,-625.000,-625.000
21.756998,-625.000,-625.000,-625.000,-625.000
21.856998,-625.000,-625.000,-625.000,-625.000
21.956998,-625.000,-625.000,-625.000,-625.000
22.056998,-625.000,-625.000,-625.000,-625.000
22.156998,-625.000,-625.000,-625.000,-625.000
22.256998,-625.000,-625.000,-625.000,-625.000
22.465999,-625.000,-625.000,-625.000,-625.000
22.474193,-625.000,-625.000,-625.000,-625.000
22.556998,-625.000,-625.000,-625.000,-625.000
22.656998,-625.000,-625.000,-625.000,-625.000
22.756998,-625.000,-625.000,-625.000,-625.000
22.856998,-625.000,-625.000,-625.000,-625.000
22.956998,-625.000,-625.000,-625.000,-625.000
23.056998,-625.000,-625.000,-625.000,-625.000
23.156998,-625.000,-625.000,-625.000,-625.000
23.256998,-625.000,-625.000,-625.000,-625.000
23.465999,-625.000,-625.000,-625.000,-625.000
23.474192,-625.000,-625.000,-625.000,-625.000
23.556998,-625.000,-625.000,-625.000,-625.000
23.656998,-625.000,-625.000,-625.000,-625.000
23.756998,-625.000,-625.000,-625.000,-625.000
23.856998,-625.000,-625.000,-625.000,-625.000
23.956998,-625.000,-625.000,-625.000,-625.000
24.056998,-625.000,-625.000,-625.000,-625.000
24.156998,-625.000,-625.000,-625.000,-625.000
24.256998,-625.000,-625.000,-625.000,-625.000
24.466000,-625.000,-625.000,-625.000,-625.000
24.474193,-625.000,-625.000,-625.000,-625.000
24.556998,-625.000,-625.000,-625.000,-625.000
24.656998,-625.000,-625.000,-625.000,-625.000
24.756998,-625.000,-625.000,-625.000,-625.000
24.856998,-625.000,-625.000,-625.000,-625.000
24.956998,-625.000,-625.000,-625.000,-625.000
25.056998,-625.000,-625.000,-625.000,-625.000
25.156998,-625.000,-625.000,-625.000,-625.000
25.256998,-625.000,-625.000,-625.000,-625.000
25.466000,-625.000,-625.000,-625.000,-625.000
25.474192,-625.000,-625.000,-625.000,-625.000
25.556998,-625.000,-625.000,-625.000,-625.000
25.656998,-625.000,-625.000,-625.000,-625.000
25.756998,-625.000,-625.000,-625.000,-625.000
25.856998,-625.000,-625.000,-625.000,-625.000
25.956998,-625.000,-625.000,-625.000,-625.000
26.056998,-625.000,-625.000,-625.000,-625.000
26.156998,-625.000,-625.000,-625.000,-625.000
26.256998,-625.000,-625.000,-625.000,-625.000
26.466000,-625.000,-625.000,-625.000,-625.000
26.474191,-625.000,-625.000,-625.000,-625.000
26.556998,-625.000,-625.000,-625.000,-625.000
26.656998,-625.000,-625.000,-625.000,-625.000
26.756998,-625.000,-625.000,-625.000,-625.000
26.856998,-625.000,-625.000,-625.000,-625.000
26.956998,-625.000,-625.000,-625.000,-625.000
27.056998,-625.000,-625.000,-625.000,-625.000
27.156998,-625.000,-625.000,-625.000,-625.000
27.256998,-625.000,-625.000,-625.000,-625.000
27.466000,-625.000,-625.000,-625.000,-625.000
27.474191,-625.000,-625.000,-625.000,-625.000
27.556998,-625.000,-625.000,-625.000,-625.000
27.656998,-625.000,-625.000,-625.000,-625.000
27.756998,-625.000,-625.000,-625.000,-625.000
27.856998,-625.000,-625.000,-625.000,-625.000
27.956998,-625.000,-625.000,-625.000,-625.000
28.056998,-625.000,-625.000,-625.000,-625.000
28.156998,-625.000,-625.000,-625.000,-625.000
28.256998,-625.000,-625.000,-625.000,-625.000
28.466000,-625.000,-625.000,-625.000,-625.000
28.474193,-625.000,-625.000,-625.000,-625.000
28.556998,-625.000,-625.000,-625.000,-625.000
28.656998,-625.000,-625.000,-625.000,-625.000
28.756998,-625.000,-625.000,-625.000,-625.000
28.856998,-625.000,-625.000,-625.000,-625.000
28.956998,-625.000,-625.000,-625.000,-625.000
29.056998,-625.000,-625.000,-625.000,-625.000
29.156998,-625.000,-625.000,-625.000,-625.000
29.256998,-625.000,-625.000,-625.000,-625.000
29.465999,-625.000,-625.000,-625.000,-625.000
29.474191,-625.000,-625.000,-625.000,-625.000
29.556998,-625.000,-625.000,-625.000,-625.000
29.656998,-625.000,-625.000,-625.000,-625.000
29.756998,-625.000,-625.000,-625.000,-625.000
29.856998,-625.000,-625.000,-625.000,-625.000
29.956998,-625.000,-625.000,-625.000,-625.000
30.056998,-625.000,-625.000,-625.000,-625.000
30.156998,-625.000,-625.000,-625.000,-625.000
30.256998,-625.000,-625.000,-625.000,-625.000
30.466000,-625.000,-625.000,-625.000,-625.000
30.474191,-625.000,-625.000,-625.000,-625.000
30.556998,-625.000,-625.000,-625.000,-625.000
30.656998,-625.000,-625.000,-625.000,-625.000
30.756998,-625.000,-625.000,-625.000,-625.000
30.856998,-625.000,-625.000,-625.000,-625.000
30.956998,-625.000,-625.000,-625.000,-625.000
31.056998,-625.000,-625.000,-625.000,-625.000
31.156998,-625.000,-625.000,-625.000,-625.000
31.256998,-625.000,-625.000,-625.000,-625.000
31.465999,-625.000,-625.000,-625.000,-625.000
31.474193,-625.000,-625.000,-625.000,-625.000
31.556998,-625.000,-625.000,-625.000,-625.000
31.656998,-625.000,-625.000,-625.000,-625.000
31.756998,-625.000,-625.000,-625.000,-625.000
31.856998,-625.000,-625.000,-625.000,-625.000
31.956998,-625.000,-625.000,-625.000,-625.000
32.056998,-625.000,-625.000,-625.000,-625.000
32.156998,-625.000,-625.000,-625.000,-625.000
32.256998,-625.000,-625.000,-625.000,-625.000
32.466000,-625.000,-625.000,-625.000,-625.000
32.474192,-625.000,-625.000,-625.000,-625.000
32.556998,-625.000,-625.000,-625.000,-625.000
32.656998,-625.000,-625.000,-625.000,-625.000
32.756998,-625.000,-625.000,-625.000,-625.000
32.856998,-625.000,-625.000,-625.000,-625.000
32.956998,-625.000,-625.000,-625.000,-625.000
33.056998,-625.000,-625.000,-625.000,-625.000
33.156998,-625.000,-625.000,-625.000,-625.000
33.256998,-625.000,-625.000,-625.000,-625.000
33.465999,-625.000,-625.000,-625.000,-625.000
33.474191,-625.000,-625.000,-625.000,-625.000
33.556998,-625.000,-625.000,-625.000,-625.000
33.656998,-625.000,-625.000,-625.000,-625.000
33.756998,-625.000,-625.000,-625.000,-625.000
33.856998,-625.000,-625.000,-625.000,-625.000
33.956998,-625.000,-625.000,-625.000,-625.000
34.056998,-625.000,-625.000,-625.000,-625.000
34.156998,-625.000,-625.000,-625.000,-625.000
34.256998,-625.000,-625.000,-625.000,-625.000
34.466000,-625.000,-625.000,-625.000,-625.000
34.474191,-625.000,-625.000,-625.000,-625.000
34.556998,-625.000,-625.000,-625.000,-625.000
34.656998,-625.000,-625.000,-625.000,-625.000
34.756998,-625.000,-625.000,-625.000,-625.000
34.856998,-625.000,-625.000,-625.000,-625.000
34.956998,-625.000,-625.000,-625.000,-625.000
35.056998,-625.000,-625.000,-625.000,-625.000
35.156998,-625.000,-625.000,-625.000,-625.000
35.256998,-625.000,-625.000,-625.000,-625.000
35.465999,-625.000,-625.000,-625.000,-625.000
35.474192,-625.000,-625.000,-625.000,-625.000
35.556998,-625.000,-625.000,-625.000,-625.000
35.656998,-625.000,-625.000,-625.000,-625.000
35.756998,-625.000,-625.000,-625.000,-625.000
35.856998,-625.000,-625.000,-625.000,-625.000
35.956998,-625.000,-625.000,-625.000,-625.000
36.056998,-625.000,-625.000,-625.000,-625.000
36.156998,-625.000,-625.000,-625.000,-625.000
36.256998,-625.000,-625.000,-625.000,-625.000
36.466000,-625.000,-625.000,-625.000,-625.000
36.474192,-625.000,-625.000,-625.000,-625.000
36.556998,-625.000,-625.000,-625.000,-625.000
36.656998,-625.000,-625.000,-625.000,-625.000
36.756998,-625.000,-625.000,-625.000,-625.000
36.856998,-625.000,-625.000,-625.000,-625.000
36.956998,-625.000,-625.000,-625.000,-625.000
37.056998,-625.000,-625.000,-625.000,-625.000
37.156998,-625.000,-625.000,-625.000,-625.000
37.256998,-625.000,-625.000,-625.000,-625.000
37.465999,-625.000,-625.000,-625.000,-625.000
37.474191,-625.000,-625.000,-625.000,-625.000
37.556998,-625.000,-625.000,-625.000,-625.000
37.656998,-625.000,-625.000,-625.000,-625.000
37.756998,-625.000,-625.000,-625.000,-625.000
37.856998,-625.000,-625.000,-625.000,-625.000
37.956998,-625.000,-625.000,-625.000,-625.000
38.056998,-625.000,-625.000,-625.000,-625.000
38.156998,-625.000,-625.000,-625.000,-625.000
38.256998,-625.000,-625.000,-625.000,-625.000
38.465999,-625.000,-625.000,-625.000,-625.000
38.474191,-625.000,-625.000,-625.000,-625.000
38.556998,-625.000,-625.000,-625.000,-625.000
38.656998,-625.000,-625.000,-625.000,-625.000
38.756998,-625.000,-625.000,-625.000,-625.000
38.856998,-625.000,-625.000,-625.000,-625.000
38.956998,-625.000,-625.000,-625.000,-625.000
39.056998,-625.000,-625.000,-625.000,-625.000
39.156998,-625.000,-625.000,-625.000,-625.000
39.256998,-625.000,-625.000,-625.000,-625.000
39.465999,-625.000,-625.000,-625.000,-625.000
39.474193,-625.000,-625.000,-625.000,-625.000
39.556998,-625.000,-625.000,-625.000,-625.000
39.656998,-625.000,-625.000,-625.000,-625.000
39.756998,-625.000,-625.000,-625.000,-625.000
39.856998,-625.000,-625.000,-625.000,-625.000
39.956998,-625.000,-625.000,-625.000,-625.000
40.056998,-625.000,-625.000,-625.000,-625.000
40.156998,-625.000,-625.000,-625.000,-625.000
40.256998,-625.000,-625.000,-625.000,-625.000
40.465999,-625.000,-625.000,-625.000,-625.000
40.474193,-625.000,-625.000,-625.000,-625.000
40.556998,-625.000,-625.000,-625.000,-625.000
40.656998,-625.000,-625.000,-625.000,-625.000
40.756998,-625.000,-625.000,-625.000,-625.000
40.856998,-625.000,-625.000,-625.000,-625.000
40.956998,-625.000,-625.000,-625.000,-625.000
41.056998,-625.000,-625.000,-625.000,-625.000
41.156998,-625.000,-625.000,-625.000,-625.000
41.256998,-625.000,-625.000,-625.000,-625.000
41.465999,-625.000,-625.000,-625.000,-625.000
41.474191,-625.000,-625.000,-625.000,-625.000
41.556998,-625.000,-625.000,-625.000,-625.000
41.656998,-625.000,-625.000,-625.000,-625.000
41.756998,-625.000,-625.000,-625.000,-625.000
41.856998,-625.000,-625.000,-625.000,-625.000
41.956998,-625.000,-625.000,-625.000,-625.000
42.056998,-625.000,-625.000,-625.000,-625.000
42.156998,-625.000,-625.000,-625.000,-625.000
42.256998,-625.000,-625.000,-625.000,-625.000
42.465999,-625.000,-625.000,-625.000,-625.000
42.474191,-625.000,-625.000,-625.000,-625.000
42.556998,-625.000,-625.000,-625.000,-625.000
42.656998,-625.000,-625.000,-625.000,-625.000
42.756998,-625.000,-625.000,-625.000,-625.000
42.856998,-625.000,-625.000,-625.000,-625.000
42.956998,-625.000,-625.000,-625.000,-625.000
43.056998,-625.000,-625.000,-625.000,-625.000
43.156998,-625.000,-625.000,-625.000,-625.000
43.256998,-625.000,-625.000,-625.000,-625.000
43.466000,-625.000,-625.000,-625.000,-625.000
43.474193,-625.000,-625.000,-625.000,-625.000
43.556998,-625.000,-625.000,-625.000,-625.000
43.656998,-625.000,-625.000,-625.000,-625.000
43.756998,-625.000,-625.000,-625.000,-625.000
43.856998,-625.000,-625.000,-625.000,-625.000
43.956998,-625.000,-625.000,-625.000,-625.000
44.056998,-625.000,-625.000,-625.000,-625.000
44.156998,-625.000,-625.000,-625.000,-625.000
44.256998,-625.000,-625.000,-625.000,-625.000
44.465999,-625.000,-625.000,-625.000,-625.000
44.474192,-625.000,-625.000,-625.000,-625.000
44.556998,-625.000,-625.000,-625.000,-625.000
44.656998,-625.000,-625.000,-625.000,-625.000
44.756998,-625.000,-625.000,-625.000,-625.000
44.856998,-625.000,-625.000,-625.000,-625.000
44.956998,-625.000,-625.000,-625.000,-625.000
45.056998,-625.000,-625.000,-625.000,-625.000
45.156998,-625.000,-625.000,-625.000,-625.000
45.256998,-625.000,-625.000,-625.000,-625.000
45.465999,-625.000,-625.000,-625.000,-625.000
45.474191,-625.000,-625.000,-625.000,-625.000
45.556998,-625.000,-625.000,-625.000,-625.000
45.656998,-625.000,-625.000,-625.000,-625.000
45.756998,-625.000,-625.000,-625.000,-625.000
45.856998,-625.000,-625.000,-625.000,-625.000
45.956998,-625.000,-625.000,-625.000,-625.000
46.056998,-625.000,-625.000,-625.000,-625.000
46.156998,-625.000,-625.000,-625.000,-625.000
46.256998,-625.000,-625.000,-625.000,-625.000
46.465999,-625.000,-625.000,-625.000,-625.000
46.474191,-625.000,-625.000,-625.000,-625.000
46.556998,-625.000,-625.000,-625.000,-625.000
46.656998,-625.000,-625.000,-625.000,-625.000
46.756998,-625.000,-625.000,-625.000,-625.000
46.856998,-625.000,-625.000,-625.000,-625.000
46.956998,-625.000,-625.000,-625.000,-625.000
47.056998,-625.000,-625.000,-625.000,-625.000
47.156998,-625.000,-625.000,-625.000,-625.000
47.256998,-625.000,-625.000,-625.000,-625.000
47.465999,-625.000,-625.000,-625.000,-625.000
47.474193,-625.000,-625.000,-625.000,-625.000
47.556998,-625.000,-625.000,-625.000,-625.000
47.656998,-625.000,-625.000,-625.000,-625.000
47.756998,-625.000,-625.000,-625.000,-625.000
47.856998,-625.000,-625.000,-625.000,-625.000
47.956998,-625.000,-625.000,-625.000,-625.000
48.056998,-625.000,-625.000,-625.000,-625.000
48.156998,-625.000,-625.000,-625.000,-625.000
48.256998,-625.000,-625.000,-625.000,-625.000
48.465999,-625.000,-625.000,-625.000,-625.000
48.474193,-625.000,-625.000,-625.000,-625.000
48.556998,-625.000,-625.000,-625.000,-625.000
48.656998,-625.000,-625.000,-625.000,-625.000
48.756998,-625.000,-625.000,-625.000,-625.000
48.856998,-625.000,-625.000,-625.000,-625.000
48.956998,-625.000,-625.000,-625.000,-625.000
49.056998,-625.000,-625.000,-625.000,-625.000
49.156998,-625.000,-625.000,-625.000,-625.000
49.256998,-625.000,-625.000,-625.000,-625.000
49.465999,-625.000,-625.000,-625.000,-625.000
49.474191,-625.000,-625.000,-625.000,-625.000
49.556998,-625.000,-625.000,-625.000,-625.000
49.656998,-625.000,-625.000,-625.000,-625.000
49.756998,-625.000,-625.000,-625.000,-625.000
49.856998,-625.000,-625.000,-625.000,-625.000
49.956998,-625.000,-625.000,-625.000,-625.000
50.056998,-625.000,-625.000,-625.000,-625.000
50.156998,-625.000,-625.000,-625.000,-625.000
50.256998,-625.000,-625.000,-625.000,-625.000
50.465999,-625.000,-625.000,-625.000,-625.000
50.474193,-625.000,-625.000,-625.000,-625.000
50.556998,-625.000,-625.000,-625.000,-625.000
50.656998,-625.000,-625.000,-625.000,-625.000
50.756998,-625.000,-625.000,-625.000,-625.000
50.856998,-625.000,-625.000,-625.000,-625.000
50.956998,-625.000,-625.000,-625.000,-625.000
51.056998,-625.000,-625.000,-625.000,-625.000
51.156998,-625.000,-625.000,-625.000,-625.000
51.256998,-625.000,-625.000,-625.000,-625.000
51.466000,-625.000,-625.000,-625.000,-625.000
51.474193,-625.000,-625.000,-625.000,-625.000
51.556998,-625.000,-625.000,-625.000,-625.000
51.656998,-625.000,-625.000,-625.000,-625.000
51.756998,-625.000,-625.000,-625.000,-625.000
51.856998,-625.000,-625.000,-625.000,-625.000
51.956998,-625.000,-625.000,-625.000,-625.000
52.056998,-625.000,-625.000,-625.000,-625.000
52.156998,-625.000,-625.000,-625.000,-625.000
52.256998,-625.000,-625.000,-625.000,-625.000
52.466000,-625.000,-625.000,-625.000,-625.000
52.474193,-625.000,-625.000,-625.000,-625.000
52.556998,-625.000,-625.000,-625.000,-625.000
52.656998,-625.000,-625.000,-625.000,-625.000
52.756998,-625.000,-625.000,-625.000,-625.000
52.856998,-625.000,-625.000,-625.000,-625.000
52.956998,-625.000,-625.000,-625.000,-625.000
53.056998,-625.000,-625.000,-625.000,-625.000
53.156998,-625.000,-625.000,-625.000,-625.000
53.256998,-625.000,-625.000,-625.000,-625.000
53.465999,-625.000,-625.000,-625.000,-625.000
53.474191,-625.000,-625.000,-625.000,-625.000
53.556998,-625.000,-625.000,-625.000,-625.000
53.656998,-625.000,-625.000,-625.000,-625.000
53.756998,-625.000,-625.000,-625.000,-625.000
53.856998,-625.000,-625.000,-625.000,-625.000
53.956998,-625.000,-625.000,-625.000,-625.000
54.056998,-625.000,-625.000,-625.000,-625.000
54.156998,-625.000,-625.000,-625.000,-625.000
54.256998,-625.000,-625.000,-625.000,-625.000
54.466000,-625.000,-625.000,-625.000,-625.000
54.474192,-625.000,-625.000,-625.000,-625.000
54.556998,-625.000,-625.000,-625.000,-625.000
54.656998,-625.000,-625.000,-625.000,-625.000
54.756998,-625.000,-625.000,-625.000,-625.000
54.856998,-625.000,-625.000,-625.000,-625.000
54.956998,-625.000,-625.000,-625.000,-625.000
55.056998,-625.000,-625.000,-625.000,-625.000
55.156998,-625.000,-625.000,-625.000,-625.000
55.256998,-625.000,-625.000,-625.000,-625.000
55.466000,-625.000,-625.000,-625.000,-625.000
55.474191,-625.000,-625.000,-625.000,-625.000
55.556998,-625.000,-625.000,-625.000,-625.000
55.656998,-625.000,-625.000,-625.000,-625.000
55.756998,-625.000,-625.000,-625.000,-625.000
55.856998,-625.000,-625.000,-625.000,-625.000
55.956998,-625.000,-625.000,-625.000,-625.000
56.056998,-625.000,-625.000,-625.000,-625.000
56.156998,-625.000,-625.000,-625.000,-625.000
56.256998,-625.000,-625.000,-625.000,-625.000
56.465999,-625.000,-625.000,-625.000,-625.000
56.474191,-625.000,-625.000,-625.000,-625.000
56.556998,-625.000,-625.000,-625.000,-625.000
56.656998,-625.000,-625.000,-625.000,-625.000
56.756998,-625.000,-625.000,-625.000,-625.000
56.856998,-625.000,-625.000,-625.000,-625.000
56.956998,-625.000,-625.000,-625.000,-625.000
57.056998,-625.000,-625.000,-625.000,-625.000
57.156998,-625.000,-625.000,-625.000,-625.000
57.256998,-625.000,-625.000,-625.000,-625.000
57.465999,-625.000,-625.000,-625.000,-625.000
57.487688,-625.000,-625.000,-625.000,-625.000
57.556998,-625.000,-625.000,-625.000,-625.000
57.656998,-625.000,-625.000,-625.000,-625.000
57.756998,-625.000,-625.000,-625.000,-625.000
57.856998,-625.000,-625.000,-625.000,-625.000
57.956998,-625.000,-625.000,-625.000,-625.000
58.056998,-625.000,-625.000,-625.000,-625.000
58.156998,-625.000,-625.000,-625.000,-625.000
58.256998,-625.000,-625.000,-625.000,-625.000
58.465999,-625.000,-625.000,-625.000,-625.000
58.474191,-625.000,-625.000,-625.000,-625.000
58.556998,-625.000,-625.000,-625.000,-625.000
58.656998,-625.000,-625.000,-625.000,-625.000
58.756998,-625.000,-625.000,-625.000,-625.000
58.856998,-625.000,-625.000,-625.000,-625.000
58.956998,-625.000,-625.000,-625.000,-625.000
59.056998,-625.000,-625.000,-625.000,-625.000
59.156998,-625.000,-625.000,-625.000,-625.000
59.256998,-625.000,-625.000,-625.000,-625.000
59.465999,-625.000,-625.000,-625.000,-625.000
59.474192,-625.000,-625.000,-625.000,-625.000
59.556998,-625.000,-625.000,-625.000,-625.000
59.656998,-625.000,-625.000,-625.000,-625.000
59.756998,-625.000,-625.000,-625.000,-625.000
59.856998,-625.000,-625.000,-625.000,-625.000
59.956998,-625.000,-625.000,-625.000,-625.000
60.056998,-625.000,-625.000,-625.000,-625.000
60.156998,-625.000,-625.000,-625.000,-625.000
60.256998,-625.000,-625.000,-625.000,-625.000
60.465999,-625.000,-625.000,-625.000,-625.000
60.474193,-625.000,-625.000,-625.000,-625.000
60.556998,-625.000,-625.000,-625.000,-625.000
60.656998,-625.000,-625.000,-625.000,-625.000
60.756998,-625.000,-625.000,-625.000,-625.000
60.856998,-625.000,-625.000,-625.000,-625.000
60.956998,-625.000,-625.000,-625.000,-625.000
61.056998,-625.000,-625.000,-625.000,-625.000
61.156998,-625.000,-625.000,-625.000,-625.000
61.256998,-625.000,-625.000,-625.000,-625.000
61.465999,-625.000,-625.000,-625.000,-625.000
61.474191,-625.000,-625.000,-625.000,-625.000
61.556998,-625.000,-625.000,-625.000,-625.000
61.656998,-625.000,-625.000,-625.000,-625.000
61.756998,-625.000,-625.000,-625.000,-625.000
61.856998,-625.000,-625.000,-625.000,-625.000
61.956998,-625.000,-625.000,-625.000,-625.000
62.056998,-625.000,-625.000,-625.000,-625.000
62.156998,-625.000,-625.000,-625.000,-625.000
62.256998,-625.000,-625.000,-625.000,-625.000
62.465999,-625.000,-625.000,-625.000,-625.000
62.474191,-625.000,-625.000,-625.000,-625.000
62.556998,-625.000,-625.000,-625.000,-625.000
62.656998,-625.000,-625.000,-625.000,-625.000
62.756998,-625.000,-625.000,-625.000,-625.000
62.856998,-625.000,-625.000,-625.000,-625.000
62.956998,-625.000,-625.000,-625.000,-625.000
63.056998,-625.000,-625.000,-625.000,-625.000
63.156998,-625.000,-625.000,-625.000,-625.000
63.256998,-625.000,-625.000,-625.000,-625.000
63.466000,-625.000,-625.000,-625.000,-625.000
63.474191,-625.000,-625.000,-625.000,-625.000
63.556998,-625.000,-625.000,-625.000,-625.000
63.656998,-625.000,-625.000,-625.000,-625.000
63.756998,-625.000,-625.000,-625.000,-625.000
63.856998,-625.000,-625.000,-625.000,-625.000
63.956998,-625.000,-625.000,-625.000,-625.000
64.056998,-625.000,-625.000,-625.000,-625.000
64.156998,-625.000,-625.000,-625.000,-625.000
64.256998,-625.000,-625.000,-625.000,-625.000
64.466000,-625.000,-625.000,-625.000,-625.000
64.474193,-625.000,-625.000,-625.000,-625.000
64.556998,-625.000,-625.000,-625.000,-625.000
64.656998,-625.000,-625.000,-625.000,-625.000
64.756998,-625.000,-625.000,-625.000,-625.000
64.856998,-625.000,-625.000,-625.000,-625.000
64.956998,-625.000,-625.000,-625.000,-625.000
65.056998,-625.000,-625.000,-625.000,-625.000
65.156998,-625.000,-625.000,-625.000,-625.000
65.256998,-625.000,-625.000,-625.000,-625.000
65.465999,-625.000,-625.000,-625.000,-625.000
65.474191,-625.000,-625.000,-625.000,-625.000
65.556998,-625.000,-625.000,-625.000,-625.000
65.656998,-625.000,-625.000,-625.000,-625.000
65.756998,-625.000,-625.000,-625.000,-625.000
65.856998,-625.000,-625.000,-625.000,-625.000
65.956998,-625.000,-625.000,-625.000,-625.000
66.056998,-625.000,-625.000,-625.000,-625.000
66.156998,-625.000,-625.000,-625.000,-625.000
66.256998,-625.000,-625.000,-625.000,-625.000
66.465999,-625.000,-625.000,-625.000,-625.000
66.474191,-625.000,-625.000,-625.000,-625.000
66.556998,-625.000,-625.000,-625.000,-625.000
66.656998,-625.000,-625.000,-625.000,-625.000
66.756998,-625.000,-625.000,-625.000,-625.000
66.856998,-625.000,-625.000,-625.000,-625.000
66.956998,-625.000,-625.000,-625.000,-625.000
67.056998,-625.000,-625.000,-625.000,-625.000
67.156998,-625.000,-625.000,-625.000,-625.000
67.256998,-625.000,-625.000,-625.000,-625.000
67.465999,-625.000,-625.000,-625.000,-625.000
67.474191,-625.000,-625.000,-625.000,-625.000
67.556998,-625.000,-625.000,-625.000,-625.000
67.656998,-625.000,-625.000,-625.000,-625.000
67.756998,-625.000,-625.000,-625.000,-625.000
67.856998,-625.000,-625.000,-625.000,-625.000
67.956998,-625.000,-625.000,-625.000,-625.000
68.056998,-625.000,-625.000,-625.000,-625.000
68.156998,-625.000,-625.000,-625.000,-625.000
68.256998,-625.000,-625.000,-625.000,-625.000
68.466000,-625.000,-625.000,-625.000,-625.000
68.474191,-625.000,-625.000,-625.000,-625.000
68.556998,-625.000,-625.000,-625.000,-625.000
68.656998,-625.000,-625.000,-625.000,-625.000
68.756998,-625.000,-625.000,-625.000,-625.000
68.856998,-625.000,-625.000,-625.000,-625.000
68.956998,-625.000,-625.000,-625.000,-625.000
69.056998,-625.000,-625.000,-625.000,-625.000
69.156998,-625.000,-625.000,-625.000,-625.000
69.256998,-625.000,-625.000,-625.000,-625.000
69.465999,-625.000,-625.000,-625.000,-625.000
69.474191,-625.000,-625.000,-625.000,-625.000
69.556998,-625.000,-625.000,-625.000,-625.000
69.656998,-625.000,-625.000,-625.000,-625.000
69.756998,-625.000,-625.000,-625.000,-625.000
69.856998,-625.000,-625.000,-625.000,-625.000
69.956998,-625.000,-625.000,-625.000,-625.000
70.056998,-625.000,-625.000,-625.000,-625.000
70.156998,-625.000,-625.000,-625.000,-625.000
70.256998,-625.000,-625.000,-625.000,-625.000
70.465999,-625.000,-625.000,-625.000,-625.000
70.474193,-625.000,-625.000,-625.000,-625.000
70.556998,-625.000,-625.000,-625.000,-625.000
70.656998,-625.000,-625.000,-625.000,-625.000
70.756998,-625.000,-625.000,-625.000,-625.000
70.856998,-625.000,-625.000,-625.000,-625.000
70.956998,-625.000,-625.000,-625.000,-625.000
71.056998,-625.000,-625.000,-625.000,-625.000
71.156998,-625.000,-625.000,-625.000,-625.000
71.256998,-625.000,-625.000,-625.000,-625.000
71.465999,-625.000,-625.000,-625.000,-625.000
71.474191,-625.000,-625.000,-625.000,-625.000
71.556998,-625.000,-625.000,-625.000,-625.000
71.656998,-625.000,-625.000,-625.000,-625.000
71.756998,-625.000,-625.000,-625.000,-625.000
71.856998,-625.000,-625.000,-625.000,-625.000
71.956998,-625.000,-625.000,-625.000,-625.000
72.056998,-625.000,-625.000,-625.000,-625.000
72.156998,-625.000,-625.000,-625.000,-625.000
72.256998,-625.000,-625.000,-625.000,-625.000
72.466000,-625.000,-625.000,-625.000,-625.000
72.474192,-625.000,-625.000,-625.000,-625.000
72.556998,-625.000,-625.000,-625.000,-625.000
72.656998,-625.000,-625.000,-625.000,-625.000
72.756998,-625.000,-625.000,-625.000,-625.000
72.856998,-625.000,-625.000,-625.000,-625.000
72.956998,-625.000,-625.000,-625.000,-625.000
73.056998,-625.000,-625.000,-625.000,-625.000
73.156998,-625.000,-625.000,-625.000,-625.000
73.256998,-625.000,-625.000,-625.000,-625.000
73.466000,-625.000,-625.000,-625.000,-625.000
73.474191,-625.000,-625.000,-625.000,-625.000
73.556998,-625.000,-625.000,-625.000,-625.000
73.656998,-625.000,-625.000,-625.000,-625.000
73.756998,-625.000,-625.000,-625.000,-625.000
73.856998,-625.000,-625.000,-625.000,-625.000
73.956998,-625.000,-625.000,-625.000,-625.000
74.056998,-625.000,-625.000,-625.000,-625.000
74.156998,-625.000,-625.000,-625.000,-625.000
74.256998,-625.000,-625.000,-625.000,-625.000
74.465999,-625.000,-625.000,-625.000,-625.000
74.474192,-625.000,-625.000,-625.000,-625.000
74.556998,-625.000,-625.000,-625.000,-625.000
74.656998,-625.000,-625.000,-625.000,-625.000
74.756998,-625.000,-625.000,-625.000,-625.000
74.856998,-625.000,-625.000,-625.000,-625.000
74.956998,-625.000,-625.000,-625.000,-625.000
75.056998,-625.000,-625.000,-625.000,-625.000
75.156998,-625.000,-625.000,-625.000,-625.000
75.256998,-625.000,-625.000,-625.000,-625.000
75.465999,-625.000,-625.000,-625.000,-625.000
75.474192,-625.000,-625.000,-625.000,-625.000
75.556998,-625.000,-625.000,-625.000,-625.000
75.656998,-625.000,-625.000,-625.000,-625.000
75.756998,-625.000,-625.000,-625.000,-625.000
75.856998,-625.000,-625.000,-625.000,-625.000
75.956998,-625.000,-625.000,-625.000,-625.000
76.056998,-625.000,-625.000,-625.000,-625.000
76.156998,-625.000,-625.000,-625.000,-625.000
76.256998,-625.000,-625.000,-625.000,-625.000
76.466000,-625.000,-625.000,-625.000,-625.000
76.474191,-625.000,-625.000,-625.000,-625.000
76.556998,-625.000,-625.000,-625.000,-625.000
76.656998,-625.000,-625.000,-625.000,-625.000
76.756998,-625.000,-625.000,-625.000,-625.000
76.856998,-625.000,-625.000,-625.000,-625.000
76.956998,-625.000,-625.000,-625.000,-625.000
77.056998,-625.000,-625.000,-625.000,-625.000
77.156998,-625.000,-625.000,-625.000,-625.000
77.256998,-625.000,-625.000,-625.000,-625.000
77.465999,-625.000,-625.000,-625.000,-625.000
77.474193,-625.000,-625.000,-625.000,-625.000
77.556998,-625.000,-625.000,-625.000,-625.000
77.656998,-625.000,-625.000,-625.000,-625.000
77.756998,-625.000,-625.000,-625.000,-625.000
77.856998,-625.000,-625.000,-625.000,-625.000
77.956998,-625.000,-625.000,-625.000,-625.000
78.056998,-625.000,-625.000,-625.000,-625.000
78.156998,-625.000,-625.000,-625.000,-625.000
78.256998,-625.000,-625.000,-625.000,-625.000
78.465999,-625.000,-625.000,-625.000,-625.000
78.474191,-625.000,-625.000,-625.000,-625.000
78.556998,-625.000,-625.000,-625.000,-625.000
78.656998,-625.000,-625.000,-625.000,-625.000
78.756998,-625.000,-625.000,-625.000,-625.000
78.856998,-625.000,-625.000,-625.000,-625.000
78.956998,-625.000,-625.000,-625.000,-625.000
79.056998,-625.000,-625.000,-625.000,-625.000
79.156998,-625.000,-625.000,-625.000,-625.000
79.256998,-625.000,-625.000,-625.000,-625.000
79.465999,-625.000,-625.000,-625.000,-625.000
79.474191,-625.000,-625.000,-625.000,-625.000
79.556998,-625.000,-625.000,-625.000,-625.000
79.656998,-625.000,-625.000,-625.000,-625.000
79.756998,-625.000,-625.000,-625.000,-625.000
79.856998,-625.000,-625.000,-625.000,-625.000
79.956998,-625.000,-625.000,-625.000,-625.000
80.056998,-625.000,-625.000,-625.000,-625.000
80.156998,-625.000,-625.000,-625.000,-625.000
80.256998,-625.000,-625.000,-625.000,-625.000
80.466000,-625.000,-625.000,-625.000,-625.000
80.474191,-625.000,-625.000,-625.000,-625.000
80.556998,-625.000,-625.000,-625.000,-625.000
80.656998,-625.000,-625.000,-625.000,-625.000
80.756998,-625.000,-625.000,-625.000,-625.000
80.856998,-625.000,-625.000,-625.000,-625.000
80.956998,-625.000,-625.000,-625.000,-625.000
81.056998,-625.000,-625.000,-625.000,-625.000
81.156998,-625.000,-625.000,-625.000,-625.000
81.256998,-625.000,-625.000,-625.000,-625.000
81.465999,-625.000,-625.000,-625.000,-625.000
81.474191,-625.000,-625.000,-625.000,-625.000
81.556998,-625.000,-625.000,-625.000,-625.000
81.656998,-625.000,-625.000,-625.000,-625.000
81.756998,-625.000,-625.000,-625.000,-625.000
81.856998,-625.000,-625.000,-625.000,-625.000
81.956998,-625.000,-625.000,-625.000,-625.000
82.056998,-625.000,-625.000,-625.000,-625.000
82.156998,-625.000,-625.000,-625.000,-625.000
82.256998,-625.000,-625.000,-625.000,-625.000
82.465999,-625.000,-625.000,-625.000,-625.000
82.474193,-625.000,-625.000,-625.000,-625.000
82.556998,-625.000,-625.000,-625.000,-625.000
82.656998,-625.000,-625.000,-625.000,-625.000
82.756998,-625.000,-625.000,-625.000,-625.000
82.856998,-625.000,-625.000,-625.000,-625.000
82.956998,-625.000,-625.000,-625.000,-625.000
83.056998,-625.000,-625.000,-625.000,-625.000
83.156998,-625.000,-625.000,-625.000,-625.000
83.256998,-625.000,-625.000,-625.000,-625.000
83.465999,-625.000,-625.000,-625.000,-625.000
83.474192,-625.000,-625.000,-625.000,-625.000
83.556998,-625.000,-625.000,-625.000,-625.000
83.656998,-625.000,-625.000,-625.000,-625.000
83.756998,-625.000,-625.000,-625.000,-625.000
83.856998,-625.000,-625.000,-625.000,-625.000
83.956998,-625.000,-625.000,-625.000,-625.000
84.056998,-625.000,-625.000,-625.000,-625.000
84.156998,-625.000,-625.000,-625.000,-625.000
84.256998,-625.000,-625.000,-625.000,-625.000
84.465999,-625.000,-625.000,-625.000,-625.000
84.474191,-625.000,-625.000,-625.000,-625.000
84.556998,-625.000,-625.000,-625.000,-625.000
84.656998,-625.000,-625.000,-625.000,-625.000
84.756998,-625.000,-625.000,-625.000,-625.000
84.856998,-625.000,-625.000,-625.000,-625.000
84.956998,-625.000,-625.000,-625.000,-625.000
85.056998,-625.000,-625.000,-625.000,-625.000
85.156998,-625.000,-625.000,-625.000,-625.000
85.256998,-625.000,-625.000,-625.000,-625.000
85.465999,-625.000,-625.000,-625.000,-625.000
85.474193,-625.000,-625.000,-625.000,-625.000
85.556998,-625.000,-625.000,-625.000,-625.000
85.656998,-625.000,-625.000,-625.000,-625.000
85.756998,-625.000,-625.000,-625.000,-625.000
85.856998,-625.000,-625.000,-625.000,-625.000
85.956998,-625.000,-625.000,-625.000,-625.000
86.056998,-625.000,-625.000,-625.000,-625.000
86.156998,-625.000,-625.000,-625.000,-625.000
86.256998,-625.000,-625.000,-625.000,-625.000
86.465999,-625.000,-625.000,-625.000,-625.000
86.474193,-625.000,-625.000,-625.000,-625.000
86.556998,-625.000,-625.000,-625.000,-625.000
86.656998,-625.000,-625.000,-625.000,-625.000
86.756998,-625.000,-625.000,-625.000,-625.000
86.856998,-625.000,-625.000,-625.000,-625.000
86.956998,-625.000,-625.000,-625.000,-625.000
87.056998,-625.000,-625.000,-625.000,-625.000
87.156998,-625.000,-625.000,-625.000,-625.000
87.256998,-625.000,-625.000,-625.000,-625.000
87.465999,-625.000,-625.000,-625.000,-625.000
87.474190,-625.000,-625.000,-625.000,-625.000
87.556998,-625.000,-625.000,-625.000,-625.000
87.656998,-625.000,-625.000,-625.000,-625.000
87.756998,-625.000,-625.000,-625.000,-625.000
87.856998,-625.000,-625.000,-625.000,-625.000
87.956998,-625.000,-625.000,-625.000,-625.000
88.056998,-625.000,-625.000,-625.000,-625.000
88.156998,-625.000,-625.000,-625.000,-625.000
88.256998,-625.000,-625.000,-625.000,-625.000
88.465999,-625.000,-625.000,-625.000,-625.000
88.474191,-625.000,-625.000,-625.000,-625.000
88.556998,-625.000,-625.000,-625.000,-625.000
88.656998,-625.000,-625.000,-625.000,-625.000
88.756998,-625.000,-625.000,-625.000,-625.000
88.856998,-625.000,-625.000,-625.000,-625.000
88.956998,-625.000,-625.000,-625.000,-625.000
89.056998,-625.000,-625.000,-625.000,-625.000
89.156998,-625.000,-625.000,-625.000,-625.000
89.256998,-625.000,-625.000,-625.000,-625.000
89.466000,-625.000,-625.000,-625.000,-625.000
89.474191,-625.000,-625.000,-625.000,-625.000
89.556998,-625.000,-625.000,-625.000,-625.000
89.656998,-625.000,-625.000,-625.000,-625.000
89.756998,-625.000,-625.000,-625.000,-625.000
89.856998,-625.000,-625.000,-625.000,-625.000
89.956998,-625.000,-625.000,-625.000,-625.000
90.056998,-625.000,-625.000,-625.000,-625.000
90.156998,-625.000,-625.000,-625.000,-625.000
90.256998,-625.000,-625.000,-625.000,-625.000
90.465999,-625.000,-625.000,-625.000,-625.000
90.474192,-625.000,-625.000,-625.000,-625.000
90.556998,-625.000,-625.000,-625.000,-625.000
90.656998,-625.000,-625.000,-625.000,-625.000
90.756998,-625.000,-625.000,-625.000,-625.000
90.856998,-625.000,-625.000,-625.000,-625.000
90.956998,-625.000,-625.000,-625.000,-625.000
91.056998,-625.000,-625.000,-625.000,-625.000
91.156998,-625.000,-625.000,-625.000,-625.000
91.256998,-625.000,-625.000,-625.000,-625.000
91.465999,-625.000,-625.000,-625.000,-625.000
91.474193,-625.000,-625.000,-625.000,-625.000
91.556998,-625.000,-625.000,-625.000,-625.000
91.656998,-625.000,-625.000,-625.000,-625.000
91.756998,-625.000,-625.000,-625.000,-625.000
91.856998,-625.000,-625.000,-625.000,-625.000
91.956998,-625.000,-625.000,-625.000,-625.000
92.056998,-625.000,-625.000,-625.000,-625.000
92.156998,-625.000,-625.000,-625.000,-625.000
92.256998,-625.000,-625.000,-625.000,-625.000
92.465999,-625.000,-625.000,-625.000,-625.000
92.474193,-625.000,-625.000,-625.000,-625.000
92.556998,-625.000,-625.000,-625.000,-625.000
92.656998,-625.000,-625.000,-625.000,-625.000
92.756998,-625.000,-625.000,-625.000,-625.000
92.856998,-625.000,-625.000,-625.000,-625.000
92.956998,-625.000,-625.000,-625.000,-625.000
93.056998,-625.000,-625.000,-625.000,-625.000
93.156998,-625.000,-625.000,-625.000,-625.000
93.256998,-625.000,-625.000,-625.000,-625.000
93.465999,-625.000,-625.000,-625.000,-625.000
93.474192,-625.000,-625.000,-625.000,-625.000
93.556998,-625.000,-625.000,-625.000,-625.000
93.656998,-625.000,-625.000,-625.000,-625.000
93.756998,-625.000,-625.000,-625.000,-625.000
93.856998,-625.000,-625.000,-625.000,-625.000
93.956998,-625.000,-625.000,-625.000,-625.000
94.056998,-625.000,-625.000,-625.000,-625.000
94.156998,-625.000,-625.000,-625.000,-625.000
94.256998,-625.000,-625.000,-625.000,-625.000
94.465999,-625.000,-625.000,-625.000,-625.000
94.474193,-625.000,-625.000,-625.000,-625.000
94.556998,-625.000,-625.000,-625.000,-625.000
94.656998,-625.000,-625.000,-625.000,-625.000
94.756998,-625.000,-625.000,-625.000,-625.000
94.856998,-625.000,-625.000,-625.000,-625.000
94.956998,-625.000,-625.000,-625.000,-625.000
95.056998,-625.000,-625.000,-625.000,-625.000
95.156998,-625.000,-625.000,-625.000,-625.000
95.256998,-625.000,-625.000,-625.000,-625.000
95.465999,-625.000,-625.000,-625.000,-625.000
95.474193,-625.000,-625.000,-625.000,-625.000
95.556998,-625.000,-625.000,-625.000,-625.000
95.656998,-625.000,-625.000,-625.000,-625.000
95.756998,-625.000,-625.000,-625.000,-625.000
95.856998,-625.000,-625.000,-625.000,-625.000
95.956998,-625.000,-625.000,-625.000,-625.000
96.056998,-625.000,-625.000,-625.000,-625.000
96.156998,-625.000,-625.000,-625.000,-625.000
96.256998,-625.000,-625.000,-625.000,-625.000
96.465999,-625.000,-625.000,-625.000,-625.000
96.474193,-625.000,-625.000,-625.000,-625.000
96.556998,-625.000,-625.000,-625.000,-625.000
96.656998,-625.000,-625.000,-625.000,-625.000
96.756998,-625.000,-625.000,-625.000,-625.000
96.856998,-625.000,-625.000,-625.000,-625.000
96.956998,-625.000,-625.000,-625.000,-625.000
97.056998,-625.000,-625.000,-625.000,-625.000
97.156998,-625.000,-625.000,-625.000,-625.000
97.256998,-625.000,-625.000,-625.000,-625.000
97.465999,-625.000,-625.000,-625.000,-625.000
97.474193,-625.000,-625.000,-625.000,-625.000
97.556998,-625.000,-625.000,-625.000,-625.000
97.656998,-625.000,-625.000,-625.000,-625.000
97.756998,-625.000,-625.000,-625.000,-625.000
97.856998,-625.000,-625.000,-625.000,-625.000
97.956998,-625.000,-625.000,-625.000,-625.000
98.056998,-625.000,-625.000,-625.000,-625.000
98.156998,-625.000,-625.000,-625.000,-625.000
98.256998,-625.000,-625.000,-625.000,-625.000
98.466000,-625.000,-625.000,-625.000,-625.000
98.474192,-625.000,-625.000,-625.000,-625.000
98.556998,-625.000,-625.000,-625.000,-625.000
98.656998,-625.000,-625.000,-625.000,-625.000
98.756998,-625.000,-625.000,-625.000,-625.000
98.856998,-625.000,-625.000,-625.000,-625.000
98.956998,-625.000,-625.000,-625.000,-625.000
99.056998,-625.000,-625.000,-625.000,-625.000
99.156998,-625.000,-625.000,-625.000,-625.000
99.256998,-625.000,-625.000,-625.000,-625.000
99.465999,-625.000,-625.000,-625.000,-625.000
99.474192,-625.000,-625.000,-625.000,-625.000
99.556998,-625.000,-625.000,-625.000,-625.000
99.656998,-625.000,-625.000,-625.000,-625.000
99.756998,-625.000,-625.000,-625.000,-625.000
99.856998,-625.000,-625.000,-625.000,-625.000
99.956998,-625.000,-625.000,-625.000,-625.000
100.056998,-625.000,-625.000,-625.000,-625.000
100.156998,-625.000,-625.000,-625.000,-625.000
100.256998,-625.000,-625.000,-625.000,-625.000
100.465999,-625.000,-625.000,-625.000,-625.000
100.474193,-625.000,-625.000,-625.000,-625.000
100.556998,-625.000,-625.000,-625.000,-625.000
100.656998,-625.000,-625.000,-625.000,-625.000
100.756998,-625.000,-625.000,-625.000,-625.000
100.856998,-625.000,-625.000,-625.000,-625.000
100.956998,-625.000,-625.000,-625.000,-625.000
101.056998,-625.000,-625.000,-625.000,-625.000
101.156998,-625.000,-625.000,-625.000,-625.000
101.256998,-625.000,-625.000,-625.000,-625.000
101.465999,-625.000,-625.000,-625.000,-625.000
101.474190,-625.000,-625.000,-625.000,-625.000
101.556998,-625.000,-625.000,-625.000,-625.000
101.656998,-625.000,-625.000,-625.000,-625.000
101.756998,-625.000,-625.000,-625.000,-625.000
101.856998,-625.000,-625.000,-625.000,-625.000
101.956998,-625.000,-625.000,-625.000,-625.000
102.056998,-625.000,-625.000,-625.000,-625.000
102.156998,-625.000,-625.000,-625.000,-625.000
102.256998,-625.000,-625.000,-625.000,-625.000
102.465999,-625.000,-625.000,-625.000,-625.000
102.474192,-625.000,-625.000,-625.000,-625.000
102.556998,-625.000,-625.000,-625.000,-625.000
102.656998,-625.000,-625.000,-625.000,-625.000
102.756998,-625.000,-625.000,-625.000,-625.000
102.856998,-625.000,-625.000,-625.000,-625.000
102.956998,-625.000,-625.000,-625.000,-625.000
103.056998,-625.000,-625.000,-625.000,-625.000
103.156998,-625.000,-625.000,-625.000,-625.000
103.256998,-625.000,-625.000,-625.000,-625.000
103.465999,-625.000,-625.000,-625.000,-625.000
103.474192,-625.000,-625.000,-625.000,-625.000
103.556998,-625.000,-625.000,-625.000,-625.000
103.656998,-625.000,-625.000,-625.000,-625.000
103.756998,-625.000,-625.000,-625.000,-625.000
103.856998,-625.000,-625.000,-625.000,-625.000
103.956998,-625.000,-625.000,-625.000,-625.000
104.056998,-625.000,-625.000,-625.000,-625.000
104.156998,-625.000,-625.000,-625.000,-625.000
104.256998,-625.000,-625.000,-625.000,-625.000
104.465999,-625.000,-625.000,-625.000,-625.000
104.474193,-625.000,-625.000,-625.000,-625.000
104.556998,-625.000,-625.000,-625.000,-625.000
104.656998,-625.000,-625.000,-625.000,-625.000
104.756998,-625.000,-625.000,-625.000,-625.000
104.856998,-625.000,-625.000,-625.000,-625.000
104.956998,-625.000,-625.000,-625.000,-625.000
105.056998,-625.000,-625.000,-625.000,-625.000
105.156998,-625.000,-625.000,-625.000,-625.000
105.256998,-625.000,-625.000,-625.000,-625.000
105.465999,-625.000,-625.000,-625.000,-625.000
105.474191,-625.000,-625.000,-625.000,-625.000
105.556998,-625.000,-625.000,-625.000,-625.000
105.656998,-625.000,-625.000,-625.000,-625.000
105.756998,-625.000,-625.000,-625.000,-625.000
105.856998,-625.000,-625.000,-625.000,-625.000
105.956998,-625.000,-625.000,-625.000,-625.000
106.056998,-625.000,-625.000,-625.000,-625.000
106.156998,-625.000,-625.000,-625.000,-625.000
106.256998,-625.000,-625.000,-625.000,-625.000
106.465999,-625.000,-625.000,-625.000,-625.000
106.474190,-625.000,-625.000,-625.000,-625.000
106.556998,-625.000,-625.000,-625.000,-625.000
106.656998,-625.000,-625.000,-625.000,-625.000
106.756998,-625.000,-625.000,-625.000,-625.000
106.856998,-625.000,-625.000,-625.000,-625.000
106.956998,-625.000,-625.000,-625.000,-625.000
107.056998,-625.000,-625.000,-625.000,-625.000
107.156998,-625.000,-625.000,-625.000,-625.000
107.256998,-625.000,-625.000,-625.000,-625.000
107.465999,-625.000,-625.000,-625.000,-625.000
107.474191,-625.000,-625.000,-625.000,-625.000
107.556998,-625.000,-625.000,-625.000,-625.000
107.656998,-625.000,-625.000,-625.000,-625.000
107.756998,-625.000,-625.000,-625.000,-625.000
107.856998,-625.000,-625.000,-625.000,-625.000
107.956998,-625.000,-625.000,-625.000,-625.000
108.056998,-625.000,-625.000,-625.000,-625.000
108.156998,-625.000,-625.000,-625.000,-625.000
108.256998,-625.000,-625.000,-625.000,-625.000
108.465999,-625.000,-625.000,-625.000,-625.000
108.474191,-625.000,-625.000,-625.000,-625.000
108.556998,-625.000,-625.000,-625.000,-625.000
108.656998,-625.000,-625.000,-625.000,-625.000
108.756998,-625.000,-625.000,-625.000,-625.000
108.856998,-625.000,-625.000,-625.000,-625.000
108.956998,-625.000,-625.000,-625.000,-625.000
109.056998,-625.000,-625.000,-625.000,-625.000
109.156998,-625.000,-625.000,-625.000,-625.000
109.256998,-625.000,-625.000,-625.000,-625.000
109.465999,-625.000,-625.000,-625.000,-625.000
109.474190,-625.000,-625.000,-625.000,-625.000
109.556998,-625.000,-625.000,-625.000,-625.000
109.656998,-625.000,-625.000,-625.000,-625.000
109.756998,-625.000,-625.000,-625.000,-625.000
109.856998,-625.000,-625.000,-625.000,-625.000
109.956998,-625.000,-625.000,-625.000,-625.000
110.056998,-625.000,-625.000,-625.000,-625.000
110.156998,-625.000,-625.000,-625.000,-625.000
110.256998,-625.000,-625.000,-625.000,-625.000
110.465999,-625.000,-625.000,-625.000,-625.000
110.474193,-625.000,-625.000,-625.000,-625.000
110.556998,-625.000,-625.000,-625.000,-625.000
110.656998,-625.000,-625.000,-625.000,-625.000
110.756998,-625.000,-625.000,-625.000,-625.000
110.856998,-625.000,-625.000,-625.000,-625.000
110.956998,-625.000,-625.000,-625.000,-625.000
111.056998,-625.000,-625.000,-625.000,-625.000
111.156998,-625.000,-625.000,-625.000,-625.000
111.256998,-625.000,-625.000,-625.000,-625.000
111.465999,-625.000,-625.000,-625.000,-625.000
111.474190,-625.000,-625.000,-625.000,-625.000
111.556998,-625.000,-625.000,-625.000,-625.000
111.656998,-625.000,-625.000,-625.000,-625.000
111.756998,-625.000,-625.000,-625.000,-625.000
111.856998,-625.000,-625.000,-625.000,-625.000
111.956998,-625.000,-625.000,-625.000,-625.000
112.056998,-625.000,-625.000,-625.000,-625.000
112.156998,-625.000,-625.000,-625.000,-625.000
112.256998,-625.000,-625.000,-625.000,-625.000
112.466000,-625.000,-625.000,-625.000,-625.000
112.474191,-625.000,-625.000,-625.000,-625.000
112.556998,-625.000,-625.000,-625.000,-625.000
112.656998,-625.000,-625.000,-625.000,-625.000
112.756998,-625.000,-625.000,-625.000,-625.000
112.856998,-625.000,-625.000,-625.000,-625.000
112.956998,-625.000,-625.000,-625.000,-625.000
113.056998,-625.000,-625.000,-625.000,-625.000
113.156998,-625.000,-625.000,-625.000,-625.000
113.256998,-625.000,-625.000,-625.000,-625.000
113.465999,-625.000,-625.000,-625.000,-625.000
113.474190,-625.000,-625.000,-625.000,-625.000
113.556998,-625.000,-625.000,-625.000,-625.000
113.656998,-625.000,-625.000,-625.000,-625.000
113.756998,-625.000,-625.000,-625.000,-625.000
113.856998,-625.000,-625.000,-625.000,-625.000
113.956998,-625.000,-625.000,-625.000,-625.000
114.056998,-625.000,-625.000,-625.000,-625.000
114.156998,-625.000,-625.000,-625.000,-625.000
114.256998,-625.000,-625.000,-625.000,-625.000
114.465999,-625.000,-625.000,-625.000,-625.000
114.474190,-625.000,-625.000,-625.000,-625.000
114.556998,-625.000,-625.000,-625.000,-625.000
114.656998,-625.000,-625.000,-625.000,-625.000
114.756998,-625.000,-625.000,-625.000,-625.000
114.856998,-625.000,-625.000,-625.000,-625.000
114.956998,-625.000,-625.000,-625.000,-625.000
115.056998,-625.000,-625.000,-625.000,-625.000
115.156998,-625.000,-625.000,-625.000,-625.000
115.256998,-625.000,-625.000,-625.000,-625.000
115.465999,-625.000,-625.000,-625.000,-625.000
115.474190,-625.000,-625.000,-625.000,-625.000
115.556998,-625.000,-625.000,-625.000,-625.000
115.656998,-625.000,-625.000,-625.000,-625.000
115.756998,-625.000,-625.000,-625.000,-625.000
115.856998,-625.000,-625.000,-625.000,-625.000
115.956998,-625.000,-625.000,-625.000,-625.000
116.056998,-625.000,-625.000,-625.000,-625.000
116.156998,-625.000,-625.000,-625.000,-625.000
116.256998,-625.000,-625.000,-625.000,-625.000
116.465999,-625.000,-625.000,-625.000,-625.000
116.474191,-625.000,-625.000,-625.000,-625.000
116.556998,-625.000,-625.000,-625.000,-625.000
116.656998,-625.000,-625.000,-625.000,-625.000
116.756998,-625.000,-625.000,-625.000,-625.000
116.856998,-625.000,-625.000,-625.000,-625.000
116.956998,-625.000,-625.000,-625.000,-625.000
117.056998,-625.000,-625.000,-625.000,-625.000
117.156998,-625.000,-625.000,-625.000,-625.000
117.256998,-625.000,-625.000,-625.000,-625.000
117.466000,-625.000,-625.000,-625.000,-625.000
117.474191,-625.000,-625.000,-625.000,-625.000
117.556998,-625.000,-625.000,-625.000,-625.000
117.656998,-625.000,-625.000,-625.000,-625.000
117.756998,-625.000,-625.000,-625.000,-625.000
117.856998,-625.000,-625.000,-625.000,-625.000
117.956998,-625.000,-625.000,-625.000,-625.000
118.056998,-625.000,-625.000,-625.000,-625.000
118.156998,-625.000,-625.000,-625.000,-625.000
118.256998,-625.000,-625.000,-625.000,-625.000
118.465999,-625.000,-625.000,-625.000,-625.000
118.474191,-625.000,-625.000,-625.000,-625.000
118.556998,-625.000,-625.000,-625.000,-625.000
118.656998,-625.000,-625.000,-625.000,-625.000
118.756998,-625.000,-625.000,-625.000,-625.000
118.856998,-625.000,-625.000,-625.000,-625.000
118.956998,-625.000,-625.000,-625.000,-625.000
119.056998,-625.000,-625.000,-625.000,-625.000
119.156998,-625.000,-625.000,-625.000,-625.000
119.256998,-625.000,-625.000,-625.000,-625.000
119.466000,-625.000,-625.000,-625.000,-625.000
119.474192,-625.000,-625.000,-625.000,-625.000
119.556998,-625.000,-625.000,-625.000,-625.000
119.656998,-625.000,-625.000,-625.000,-625.000
119.756998,-625.000,-625.000,-625.000,-625.000
119.856998,-625.000,-625.000,-625.000,-625.000
119.956998,-625.000,-625.000,-625.000,-625.000
120.056998,-625.000,-625.000,-625.000,-625.000
120.156998,-625.000,-625.000,-625.000,-625.000
120.256998,-625.000,-625.000,-625.000,-625.000
120.465999,-625.000,-625.000,-625.000,-625.000
120.474193,-625.000,-625.000,-625.000,-625.000
120.556998,-625.000,-625.000,-625.000,-625.000
120.656998,-625.000,-625.000,-625.000,-625.000
120.756998,-625.000,-625.000,-625.000,-625.000
120.856998,-625.000,-625.000,-625.000,-625.000
120.956998,-625.000,-625.000,-625.000,-625.000
121.056998,-625.000,-625.000,-625.000,-625.000
121.156998,-625.000,-625.000,-625.000,-625.000
121.256998,-625.000,-625.000,-625.000,-625.000
121.465999,-625.000,-625.000,-625.000,-625.000
121.474191,-625.000,-625.000,-625.000,-625.000
121.556998,-625.000,-625.000,-625.000,-625.000
121.656998,-625.000,-625.000,-625.000,-625.000
121.756998,-625.000,-625.000,-625.000,-625.000
121.856998,-625.000,-625.000,-625.000,-625.000
121.956998,-625.000,-625.000,-625.000,-625.000
122.056998,-625.000,-625.000,-625.000,-625.000
122.156998,-625.000,-625.000,-625.000,-625.000
122.256998,-625.000,-625.000,-625.000,-625.000
122.465999,-625.000,-625.000,-625.000,-625.000
122.474191,-625.000,-625.000,-625.000,-625.000
122.556998,-625.000,-625.000,-625.000,-625.000
122.656998,-625.000,-625.000,-625.000,-625.000
122.756998,-625.000,-625.000,-625.000,-625.000
122.856998,-625.000,-625.000,-625.000,-625.000
122.956998,-625.000,-625.000,-625.000,-625.000
123.056998,-625.000,-625.000,-625.000,-625.000
123.156998,-625.000,-625.000,-625.000,-625.000
123.256998,-625.000,-625.000,-625.000,-625.000
123.465999,-625.000,-625.000,-625.000,-625.000
123.474193,-625.000,-625.000,-625.000,-625.000
123.556998,-625.000,-625.000,-625.000,-625.000
123.656998,-625.000,-625.000,-625.000,-625.000
123.756998,-625.000,-625.000,-625.000,-625.000
123.856998,-625.000,-625.000,-625.000,-625.000
123.956998,-625.000,-625.000,-625.000,-625.000
124.056998,-625.000,-625.000,-625.000,-625.000
124.156998,-625.000,-625.000,-625.000,-625.000
124.256998,-625.000,-625.000,-625.000,-625.000
124.466000,-625.000,-625.000,-625.000,-625.000
124.474192,-625.000,-625.000,-625.000,-625.000
124.556998,-625.000,-625.000,-625.000,-625.000
124.656998,-625.000,-625.000,-625.000,-625.000
124.756998,-625.000,-625.000,-625.000,-625.000
124.856998,-625.000,-625.000,-625.000,-625.000
124.956998,-625.000,-625.000,-625.000,-625.000
125.056998,-625.000,-625.000,-625.000,-625.000
125.156998,-625.000,-625.000,-625.000,-625.000
125.256998,-625.000,-625.000,-625.000,-625.000
125.466000,-625.000,-625.000,-625.000,-625.000
125.474190,-625.000,-625.000,-625.000,-625.000
125.556998,-625.000,-625.000,-625.000,-625.000
125.656998,-625.000,-625.000,-625.000,-625.000
125.756998,-625.000,-625.000,-625.000,-625.000
125.856998,-625.000,-625.000,-625.000,-625.000
125.956998,-625.000,-625.000,-625.000,-625.000
126.056998,-625.000,-625.000,-625.000,-625.000
126.156998,-625.000,-625.000,-625.000,-625.000
126.256998,-625.000,-625.000,-625.000,-625.000
126.465999,-625.000,-625.000,-625.000,-625.000
126.474193,-625.000,-625.000,-625.000,-625.000
126.556998,-625.000,-625.000,-625.000,-625.000
126.656998,-625.000,-625.000,-625.000,-625.000
126.756998,-625.000,-625.000,-625.000,-625.000
126.856998,-625.000,-625.000,-625.000,-625.000
126.956998,-625.000,-625.000,-625.000,-625.000
127.056998,-625.000,-625.000,-625.000,-625.000
127.156998,-625.000,-625.000,-625.000,-625.000
127.256998,-625.000,-625.000,-625.000,-625.000
127.466000,-625.000,-625.000,-625.000,-625.000
127.474192,-625.000,-625.000,-625.000,-625.000
127.556998,-625.000,-625.000,-625.000,-625.000
127.656998,-625.000,-625.000,-625.000,-625.000
127.756998,-625.000,-625.000,-625.000,-625.000
127.856998,-625.000,-625.000,-625.000,-625.000
127.956998,-625.000,-625.000,-625.000,-625.000
128.056998,-625.000,-625.000,-625.000,-625.000
128.156998,-625.000,-625.000,-625.000,-625.000
128.256998,-625.000,-625.000,-625.000,-625.000
128.465999,-625.000,-625.000,-625.000,-625.000
128.474192,-625.000,-625.000,-625.000,-625.000
128.556998,-625.000,-625.000,-625.000,-625.000
128.656998,-625.000,-625.000,-625.000,-625.000
128.756998,-625.000,-625.000,-625.000,-625.000
128.856998,-625.000,-625.000,-625.000,-625.000
128.956998,-625.000,-625.000,-625.000,-625.000
129.056998,-625.000,-625.000,-625.000,-625.000
129.156998,-625.000,-625.000,-625.000,-625.000
129.256998,-625.000,-625.000,-625.000,-625.000
129.465999,-625.000,-625.000,-625.000,-625.000
129.474192,-625.000,-625.000,-625.000,-625.000
129.556998,-625.000,-625.000,-625.000,-625.000
129.656998,-625.000,-625.000,-625.000,-625.000
129.756998,-625.000,-625.000,-625.000,-625.000
129.856998,-625.000,-625.000,-625.000,-625.000
129.956998,-625.000,-625.000,-625.000,-625.000
130.056998,-625.000,-625.000,-625.000,-625.000
130.156998,-625.000,-625.000,-625.000,-625.000
130.256998,-625.000,-625.000,-625.000,-625.000
130.465999,-625.000,-625.000,-625.000,-625.000
130.474190,-625.000,-625.000,-625.000,-625.000
130.556998,-625.000,-625.000,-625.000,-625.000
130.656998,-625.000,-625.000,-625.000,-625.000
130.756998,-625.000,-625.000,-625.000,-625.000
130.856998,-625.000,-625.000,-625.000,-625.000
130.956998,-625.000,-625.000,-625.000,-625.000
131.056998,-625.000,-625.000,-625.000,-625.000
131.156998,-625.000,-625.000,-625.000,-625.000
131.256998,-625.000,-625.000,-625.000,-625.000
131.465999,-625.000,-625.000,-625.000,-625.000
131.474191,-625.000,-625.000,-625.000,-625.000
131.556998,-625.000,-625.000,-625.000,-625.000
131.656998,-625.000,-625.000,-625.000,-625.000
131.756998,-625.000,-625.000,-625.000,-625.000
131.856998,-625.000,-625.000,-625.000,-625.000
131.956998,-625.000,-625.000,-625.000,-625.000
132.056998,-625.000,-625.000,-625.000,-625.000
132.156998,-625.000,-625.000,-625.000,-625.000
132.256998,-625.000,-625.000,-625.000,-625.000
132.466000,-625.000,-625.000,-625.000,-625.000
132.474191,-625.000,-625.000,-625.000,-625.000
132.556998,-625.000,-625.000,-625.000,-625.000
132.656998,-625.000,-625.000,-625.000,-625.000
132.756998,-625.000,-625.000,-625.000,-625.000
132.856998,-625.000,-625.000,-625.000,-625.000
132.956998,-625.000,-625.000,-625.000,-625.000
133.056998,-625.000,-625.000,-625.000,-625.000
133.156998,-625.000,-625.000,-625.000,-625.000
133.256998,-625.000,-625.000,-625.000,-625.000
133.465999,-625.000,-625.000,-625.000,-625.000
133.474190,-625.000,-625.000,-625.000,-625.000
133.556998,-625.000,-625.000,-625.000,-625.000
133.656998,-625.000,-625.000,-625.000,-625.000
133.756998,-625.000,-625.000,-625.000,-625.000
133.856998,-625.000,-625.000,-625.000,-625.000
133.956998,-625.000,-625.000,-625.000,-625.000
134.056998,-625.000,-625.000,-625.000,-625.000
134.156998,-625.000,-625.000,-625.000,-625.000
134.256998,-625.000,-625.000,-625.000,-625.000
134.465999,-625.000,-625.000,-625.000,-625.000
134.474191,-625.000,-625.000,-625.000,-625.000
134.556998,-625.000,-625.000,-625.000,-625.000
134.656998,-625.000,-625.000,-625.000,-625.000
134.756998,-625.000,-625.000,-625.000,-625.000
134.856998,-625.000,-625.000,-625.000,-625.000
134.956998,-625.000,-625.000,-625.000,-625.000
135.056998,-625.000,-625.000,-625.000,-625.000
135.156998,-625.000,-625.000,-625.000,-625.000
135.256998,-625.000,-625.000,-625.000,-625.000
135.466000,-625.000,-625.000,-625.000,-625.000
135.474192,-625.000,-625.000,-625.000,-625.000
135.556998,-625.000,-625.000,-625.000,-625.000
135.656998,-625.000,-625.000,-625.000,-625.000
135.756998,-625.000,-625.000,-625.000,-625.000
135.856998,-625.000,-625.000,-625.000,-625.000
135.956998,-625.000,-625.000,-625.000,-625.000
136.056998,-625.000,-625.000,-625.000,-625.000
136.156998,-625.000,-625.000,-625.000,-625.000
136.256998,-625.000,-625.000,-625.000,-625.000
136.465999,-625.000,-625.000,-625.000,-625.000
136.474191,-625.000,-625.000,-625.000,-625.000
136.556998,-625.000,-625.000,-625.000,-625.000
136.656998,-625.000,-625.000,-625.000,-625.000
136.756998,-625.000,-625.000,-625.000,-625.000
136.856998,-625.000,-625.000,-625.000,-625.000
136.956998,-625.000,-625.000,-625.000,-625.000
137.056998,-625.000,-625.000,-625.000,-625.000
137.156998,-625.000,-625.000,-625.000,-625.000
137.256998,-625.000,-625.000,-625.000,-625.000
137.466000,-625.000,-625.000,-625.000,-625.000
137.474192,-625.000,-625.000,-625.000,-625.000
137.556998,-625.000,-625.000,-625.000,-625.000
137.656998,-625.000,-625.000,-625.000,-625.000
137.756998,-625.000,-625.000,-625.000,-625.000
137.856998,-625.000,-625.000,-625.000,-625.000
137.956998,-625.000,-625.000,-625.000,-625.000
138.056998,-625.000,-625.000,-625.000,-625.000
138.156998,-625.000,-625.000,-625.000,-625.000
138.256998,-625.000,-625.000,-625.000,-625.000
138.465999,-625.000,-625.000,-625.000,-625.000
138.474192,-625.000,-625.000,-625.000,-625.000
138.556998,-625.000,-625.000,-625.000,-625.000
138.656998,-625.000,-625.000,-625.000,-625.000
138.756998,-625.000,-625.000,-625.000,-625.000
138.856998,-625.000,-625.000,-625.000,-625.000
138.956998,-625.000,-625.000,-625.000,-625.000
139.056998,-625.000,-625.000,-625.000,-625.000
139.156998,-625.000,-625.000,-625.000,-625.000
139.256998,-625.000,-625.000,-625.000,-625.000
139.465999,-625.000,-625.000,-625.000,-625.000
139.474193,-625.000,-625.000,-625.000,-625.000
139.556998,-625.000,-625.000,-625.000,-625.000
139.656998,-625.000,-625.000,-625.000,-625.000
139.756998,-625.000,-625.000,-625.000,-625.000
139.856998,-625.000,-625.000,-625.000,-625.000
139.956998,-625.000,-625.000,-625.000,-625.000
140.056998,-625.000,-625.000,-625.000,-625.000
140.156998,-625.000,-625.000,-625.000,-625.000
140.256998,-625.000,-625.000,-625.000,-625.000
140.465999,-625.000,-625.000,-625.000,-625.000
140.474191,-625.000,-625.000,-625.000,-625.000
140.556998,-625.000,-625.000,-625.000,-625.000
140.656998,-625.000,-625.000,-625.000,-625.000
140.756998,-625.000,-625.000,-625.000,-625.000
140.856998,-625.000,-625.000,-625.000,-625.000
140.956998,-625.000,-625.000,-625.000,-625.000
141.056998,-625.000,-625.000,-625.000,-625.000
141.156998,-625.000,-625.000,-625.000,-625.000
141.256998,-625.000,-625.000,-625.000,-625.000
141.465999,-625.000,-625.000,-625.000,-625.000
141.474191,-625.000,-625.000,-625.000,-625.000
141.556998,-625.000,-625.000,-625.000,-625.000
141.656998,-625.000,-625.000,-625.000,-625.000
141.756998,-625.000,-625.000,-625.000,-625.000
141.856998,-625.000,-625.000,-625.000,-625.000
141.956998,-625.000,-625.000,-625.000,-625.000
142.056998,-625.000,-625.000,-625.000,-625.000
142.156998,-625.000,-625.000,-625.000,-625.000
142.256998,-625.000,-625.000,-625.000,-625.000
142.465999,-625.000,-625.000,-625.000,-625.000
142.474193,-625.000,-625.000,-625.000,-625.000
142.556998,-625.000,-625.000,-625.000,-625.000
142.656998,-625.000,-625.000,-625.000,-625.000
142.756998,-625.000,-625.000,-625.000,-625.000
142.856998,-625.000,-625.000,-625.000,-625.000
142.956998,-625.000,-625.000,-625.000,-625.000
143.056998,-625.000,-625.000,-625.000,-625.000
143.156998,-625.000,-625.000,-625.000,-625.000
143.256998,-625.000,-625.000,-625.000,-625.000
143.465999,-625.000,-625.000,-625.000,-625.000
143.474193,-625.000,-625.000,-625.000,-625.000
143.556998,-625.000,-625.000,-625.000,-625.000
143.656998,-625.000,-625.000,-625.000,-625.000
143.756998,-625.000,-625.000,-625.000,-625.000
143.856998,-625.000,-625.000,-625.000,-625.000
143.956998,-625.000,-625.000,-625.000,-625.000
144.056998,-625.000,-625.000,-625.000,-625.000
144.156998,-625.000,-625.000,-625.000,-625.000
144.256998,-625.000,-625.000,-625.000,-625.000
144.465999,-625.000,-625.000,-625.000,-625.000
144.474193,-625.000,-625.000,-625.000,-625.000
144.556998,-625.000,-625.000,-625.000,-625.000
144.656998,-625.000,-625.000,-625.000,-625.000
144.756998,-625.000,-625.000,-625.000,-625.000
144.856998,-625.000,-625.000,-625.000,-625.000
144.956998,-625.000,-625.000,-625.000,-625.000
145.056998,-625.000,-625.000,-625.000,-625.000
145.156998,-625.000,-625.000,-625.000,-625.000
145.256998,-625.000,-625.000,-625.000,-625.000
145.465999,-625.000,-625.000,-625.000,-625.000
145.474192,-625.000,-625.000,-625.000,-625.000
145.556998,-625.000,-625.000,-625.000,-625.000
145.656998,-625.000,-625.000,-625.000,-625.000
145.756998,-625.000,-625.000,-625.000,-625.000
145.856998,-625.000,-625.000,-625.000,-625.000
145.956998,-625.000,-625.000,-625.000,-625.000
146.056998,-625.000,-625.000,-625.000,-625.000
146.156998,-625.000,-625.000,-625.000,-625.000
146.256998,-625.000,-625.000,-625.000,-625.000
146.466000,-625.000,-625.000,-625.000,-625.000
146.474192,-625.000,-625.000,-625.000,-625.000
146.556998,-625.000,-625.000,-625.000,-625.000
146.656998,-625.000,-625.000,-625.000,-625.000
146.756998,-625.000,-625.000,-625.000,-625.000
146.856998,-625.000,-625.000,-625.000,-625.000
146.956998,-625.000,-625.000,-625.000,-625.000
147.056998,-625.000,-625.000,-625.000,-625.000
147.156998,-625.000,-625.000,-625.000,-625.000
147.256998,-625.000,-625.000,-625.000,-625.000
147.466000,-625.000,-625.000,-625.000,-625.000
147.474190,-625.000,-625.000,-625.000,-625.000
147.556998,-625.000,-625.000,-625.000,-625.000
147.656998,-625.000,-625.000,-625.000,-625.000
147.756998,-625.000,-625.000,-625.000,-625.000
147.856998,-625.000,-625.000,-625.000,-625.000
147.956998,-625.000,-625.000,-625.000,-625.000
148.056998,-625.000,-625.000,-625.000,-625.000
148.156998,-625.000,-625.000,-625.000,-625.000
148.256998,-625.000,-625.000,-625.000,-625.000
148.466000,-625.000,-625.000,-625.000,-625.000
148.474191,-625.000,-625.000,-625.000,-625.000
148.556998,-625.000,-625.000,-625.000,-625.000
148.656998,-625.000,-625.000,-625.000,-625.000
148.756998,-625.000,-625.000,-625.000,-625.000
148.856998,-625.000,-625.000,-625.000,-625.000
148.956998,-625.000,-625.000,-625.000,-625.000
149.056998,-625.000,-625.000,-625.000,-625.000
149.156998,-625.000,-625.000,-625.000,-625.000
149.256998,-625.000,-625.000,-625.000,-625.000
149.465999,-625.000,-625.000,-625.000,-625.000
149.474190,-625.000,-625.000,-625.000,-625.000
149.556998,-625.000,-625.000,-625.000,-625.000
149.656998,-625.000,-625.000,-625.000,-625.000
149.756998,-625.000,-625.000,-625.000,-625.000
149.856998,-625.000,-625.000,-625.000,-625.000
149.956998,-625.000,-625.000,-625.000,-625.000
150.056998,-625.000,-625.000,-625.000,-625.000
150.156998,-625.000,-625.000,-625.000,-625.000
150.256998,-625.000,-625.000,-625.000,-625.000
150.466000,-625.000,-625.000,-625.000,-625.000
150.474192,-625.000,-625.000,-625.000,-625.000
150.556998,-625.000,-625.000,-625.000,-625.000
150.656998,-625.000,-625.000,-625.000,-625.000
150.756998,-625.000,-625.000,-625.000,-625.000
150.856998,-625.000,-625.000,-625.000,-625.000
150.956998,-625.000,-625.000,-625.000,-625.000
151.056998,-625.000,-625.000,-625.000,-625.000
151.156998,-625.000,-625.000,-625.000,-625.000
151.256998,-625.000,-625.000,-625.000,-625.000
151.465999,-625.000,-625.000,-625.000,-625.000
151.474192,-625.000,-625.000,-625.000,-625.000
151.556998,-625.000,-625.000,-625.000,-625.000
151.656998,-625.000,-625.000,-625.000,-625.000
151.756998,-625.000,-625.000,-625.000,-625.000
151.856998,-625.000,-625.000,-625.000,-625.000
151.956998,-625.000,-625.000,-625.000,-625.000
152.056998,-625.000,-625.000,-625.000,-625.000
152.156998,-625.000,-625.000,-625.000,-625.000
152.256998,-625.000,-625.000,-625.000,-625.000
152.465999,-625.000,-625.000,-625.000,-625.000
152.474193,-625.000,-625.000,-625.000,-625.000
152.556998,-625.000,-625.000,-625.000,-625.000
152.656998,-625.000,-625.000,-625.000,-625.000
152.756998,-625.000,-625.000,-625.000,-625.000
152.856998,-625.000,-625.000,-625.000,-625.000
152.956998,-625.000,-625.000,-625.000,-625.000
153.056998,-625.000,-625.000,-625.000,-625.000
153.156998,-625.000,-625.000,-625.000,-625.000
153.256998,-625.000,-625.000,-625.000,-625.000
153.465999,-625.000,-625.000,-625.000,-625.000
153.474191,-625.000,-625.000,-625.000,-625.000
153.556998,-625.000,-625.000,-625.000,-625.000
153.656998,-625.000,-625.000,-625.000,-625.000
153.756998,-625.000,-625.000,-625.000,-625.000
153.856998,-625.000,-625.000,-625.000,-625.000
153.956998,-625.000,-625.000,-625.000,-625.000
154.056998,-625.000,-625.000,-625.000,-625.000
154.156998,-625.000,-625.000,-625.000,-625.000
154.256998,-625.000,-625.000,-625.000,-625.000
154.465999,-625.000,-625.000,-625.000,-625.000
154.474192,-625.000,-625.000,-625.000,-625.000
154.556998,-625.000,-625.000,-625.000,-625.000
154.656998,-625.000,-625.000,-625.000,-625.000
154.756998,-625.000,-625.000,-625.000,-625.000
154.856998,-625.000,-625.000,-625.000,-625.000
154.956998,-625.000,-625.000,-625.000,-625.000
155.056998,-625.000,-625.000,-625.000,-625.000
155.156998,-625.000,-625.000,-625.000,-625.000
155.256998,-625.000,-625.000,-625.000,-625.000
155.465999,-625.000,-625.000,-625.000,-625.000
155.474192,-625.000,-625.000,-625.000,-625.000
155.556998,-625.000,-625.000,-625.000,-625.000
155.656998,-625.000,-625.000,-625.000,-625.000
155.756998,-625.000,-625.000,-625.000,-625.000
155.856998,-625.000,-625.000,-625.000,-625.000
155.956998,-625.000,-625.000,-625.000,-625.000
156.056998,-625.000,-625.000,-625.000,-625.000
156.156998,-625.000,-625.000,-625.000,-625.000
156.256998,-625.000,-625.000,-625.000,-625.000
156.465999,-625.000,-625.000,-625.000,-625.000
156.474191,-625.000,-625.000,-625.000,-625.000
156.556998,-625.000,-625.000,-625.000,-625.000
156.656998,-625.000,-625.000,-625.000,-625.000
156.756998,-625.000,-625.000,-625.000,-625.000
156.856998,-625.000,-625.000,-625.000,-625.000
156.956998,-625.000,-625.000,-625.000,-625.000
157.056998,-625.000,-625.000,-625.000,-625.000
157.156998,-625.000,-625.000,-625.000,-625.000
157.256998,-625.000,-625.000,-625.000,-625.000
157.465999,-625.000,-625.000,-625.000,-625.000
157.474190,-625.000,-625.000,-625.000,-625.000
157.556998,-625.000,-625.000,-625.000,-625.000
157.656998,-625.000,-625.000,-625.000,-625.000
157.756998,-625.000,-625.000,-625.000,-625.000
157.856998,-625.000,-625.000,-625.000,-625.000
157.956998,-625.000,-625.000,-625.000,-625.000
158.056998,-625.000,-625.000,-625.000,-625.000
158.156998,-625.000,-625.000,-625.000,-625.000
158.256998,-625.000,-625.000,-625.000,-625.000
158.465999,-625.000,-625.000,-625.000,-625.000
158.474192,-625.000,-625.000,-625.000,-625.000
158.556998,-625.000,-625.000,-625.000,-625.000
158.656998,-625.000,-625.000,-625.000,-625.000
158.756998,-625.000,-625.000,-625.000,-625.000
158.856998,-625.000,-625.000,-625.000,-625.000
158.956998,-625.000,-625.000,-625.000,-625.000
159.056998,-625.000,-625.000,-625.000,-625.000
159.156998,-625.000,-625.000,-625.000,-625.000
159.256998,-625.000,-625.000,-625.000,-625.000
159.466000,-625.000,-625.000,-625.000,-625.000
159.474192,-625.000,-625.000,-625.000,-625.000
159.556998,-625.000,-625.000,-625.000,-625.000
159.656998,-625.000,-625.000,-625.000,-625.000
159.756998,-625.000,-625.000,-625.000,-625.000
159.856998,-625.000,-625.000,-625.000,-625.000
159.956998,-625.000,-625.000,-625.000,-625.000
160.056998,-625.000,-625.000,-625.000,-625.000
160.156998,-625.000,-625.000,-625.000,-625.000
160.256998,-625.000,-625.000,-625.000,-625.000
160.466000,-625.000,-625.000,-625.000,-625.000
160.474191,-625.000,-625.000,-625.000,-625.000
160.556998,-625.000,-625.000,-625.000,-625.000
160.656998,-625.000,-625.000,-625.000,-625.000
160.756998,-625.000,-625.000,-625.000,-625.000
160.856998,-625.000,-625.000,-625.000,-625.000
160.956998,-625.000,-625.000,-625.000,-625.000
161.056998,-625.000,-625.000,-625.000,-625.000
161.156998,-625.000,-625.000,-625.000,-625.000
161.256998,-625.000,-625.000,-625.000,-625.000
161.465999,-625.000,-625.000,-625.000,-625.000
161.474193,-625.000,-625.000,-625.000,-625.000
161.556998,-625.000,-625.000,-625.000,-625.000
161.656998,-625.000,-625.000,-625.000,-625.000
161.756998,-625.000,-625.000,-625.000,-625.000
161.856998,-625.000,-625.000,-625.000,-625.000
161.956998,-625.000,-625.000,-625.000,-625.000
162.056998,-625.000,-625.000,-625.000,-625.000
162.156998,-625.000,-625.000,-625.000,-625.000
162.256998,-625.000,-625.000,-625.000,-625.000
162.466000,-625.000,-625.000,-625.000,-625.000
162.474191,-625.000,-625.000,-625.000,-625.000
162.556998,-625.000,-625.000,-625.000,-625.000
162.656998,-625.000,-625.000,-625.000,-625.000
162.756998,-625.000,-625.000,-625.000,-625.000
162.856998,-625.000,-625.000,-625.000,-625.000
162.956998,-625.000,-625.000,-625.000,-625.000
163.056998,-625.000,-625.000,-625.000,-625.000
163.156998,-625.000,-625.000,-625.000,-625.000
163.256998,-625.000,-625.000,-625.000,-625.000
163.465999,-625.000,-625.000,-625.000,-625.000
163.474191,-625.000,-625.000,-625.000,-625.000
163.556998,-625.000,-625.000,-625.000,-625.000
163.656998,-625.000,-625.000,-625.000,-625.000
163.756998,-625.000,-625.000,-625.000,-625.000
163.856998,-625.000,-625.000,-625.000,-625.000
163.956998,-625.000,-625.000,-625.000,-625.000
164.056998,-625.000,-625.000,-625.000,-625.000
164.156998,-625.000,-625.000,-625.000,-625.000
164.256998,-625.000,-625.000,-625.000,-625.000
164.465999,-625.000,-625.000,-625.000,-625.000
164.474192,-625.000,-625.000,-625.000,-625.000
164.556998,-625.000,-625.000,-625.000,-625.000
164.656998,-625.000,-625.000,-625.000,-625.000
164.756998,-625.000,-625.000,-625.000,-625.000
164.856998,-625.000,-625.000,-625.000,-625.000
164.956998,-625.000,-625.000,-625.000,-625.000
165.056998,-625.000,-625.000,-625.000,-625.000
165.156998,-625.000,-625.000,-625.000,-625.000
165.256998,-625.000,-625.000,-625.000,-625.000
165.465999,-625.000,-625.000,-625.000,-625.000
165.474193,-625.000,-625.000,-625.000,-625.000
165.556998,-625.000,-625.000,-625.000,-625.000
165.656998,-625.000,-625.000,-625.000,-625.000
165.756998,-625.000,-625.000,-625.000,-625.000
165.856998,-625.000,-625.000,-625.000,-625.000
165.956998,-625.000,-625.000,-625.000,-625.000
166.056998,-625.000,-625.000,-625.000,-625.000
166.156998,-625.000,-625.000,-625.000,-625.000
166.256998,-625.000,-625.000,-625.000,-625.000
166.465999,-625.000,-625.000,-625.000,-625.000
166.474191,-625.000,-625.000,-625.000,-625.000
166.556998,-625.000,-625.000,-625.000,-625.000
166.656998,-625.000,-625.000,-625.000,-625.000
166.756998,-625.000,-625.000,-625.000,-625.000
166.856998,-625.000,-625.000,-625.000,-625.000
166.956998,-625.000,-625.000,-625.000,-625.000
167.056998,-625.000,-625.000,-625.000,-625.000
167.156998,-625.000,-625.000,-625.000,-625.000
167.256998,-625.000,-625.000,-625.000,-625.000
167.465999,-625.000,-625.000,-625.000,-625.000
167.474191,-625.000,-625.000,-625.000,-625.000
167.556998,-625.000,-625.000,-625.000,-625.000
167.656998,-625.000,-625.000,-625.000,-625.000
167.756998,-625.000,-625.000,-625.000,-625.000
167.856998,-625.000,-625.000,-625.000,-625.000
167.956998,-625.000,-625.000,-625.000,-625.000
168.056998,-625.000,-625.000,-625.000,-625.000
168.156998,-625.000,-625.000,-625.000,-625.000
168.256998,-625.000,-625.000,-625.000,-625.000
168.466000,-625.000,-625.000,-625.000,-625.000
168.474191,-625.000,-625.000,-625.000,-625.000
168.556998,-625.000,-625.000,-625.000,-625.000
168.656998,-625.000,-625.000,-625.000,-625.000
168.756998,-625.000,-625.000,-625.000,-625.000
168.856998,-625.000,-625.000,-625.000,-625.000
168.956998,-625.000,-625.000,-625.000,-625.000
169.056998,-625.000,-625.000,-625.000,-625.000
169.156998,-625.000,-625.000,-625.000,-625.000
169.256998,-625.000,-625.000,-625.000,-625.000
169.466000,-625.000,-625.000,-625.000,-625.000
169.474192,-625.000,-625.000,-625.000,-625.000
169.556998,-625.000,-625.000,-625.000,-625.000
169.656998,-625.000,-625.000,-625.000,-625.000
169.756998,-625.000,-625.000,-625.000,-625.000
169.856998,-625.000,-625.000,-625.000,-625.000
169.956998,-625.000,-625.000,-625.000,-625.000
170.056998,-625.000,-625.000,-625.000,-625.000
170.156998,-625.000,-625.000,-625.000,-625.000
170.256998,-625.000,-625.000,-625.000,-625.000
170.465999,-625.000,-625.000,-625.000,-625.000
170.474191,-625.000,-625.000,-625.000,-625.000
170.556998,-625.000,-625.000,-625.000,-625.000
170.656998,-625.000,-625.000,-625.000,-625.000
170.756998,-625.000,-625.000,-625.000,-625.000
170.856998,-625.000,-625.000,-625.000,-625.000
170.956998,-625.000,-625.000,-625.000,-625.000
171.056998,-625.000,-625.000,-625.000,-625.000
171.156998,-625.000,-625.000,-625.000,-625.000
171.256998,-625.000,-625.000,-625.000,-625.000
171.466000,-625.000,-625.000,-625.000,-625.000
171.474191,-625.000,-625.000,-625.000,-625.000
171.556998,-625.000,-625.000,-625.000,-625.000
171.656998,-625.000,-625.000,-625.000,-625.000
171.756998,-625.000,-625.000,-625.000,-625.000
171.856998,-625.000,-625.000,-625.000,-625.000
171.956998,-625.000,-625.000,-625.000,-625.000
172.056998,-625.000,-625.000,-625.000,-625.000
172.156998,-625.000,-625.000,-625.000,-625.000
172.256998,-625.000,-625.000,-625.000,-625.000
172.466000,-625.000,-625.000,-625.000,-625.000
172.474192,-625.000,-625.000,-625.000,-625.000
172.556998,-625.000,-625.000,-625.000,-625.000
172.656998,-625.000,-625.000,-625.000,-625.000
172.756998,-625.000,-625.000,-625.000,-625.000
172.856998,-625.000,-625.000,-625.000,-625.000
172.956998,-625.000,-625.000,-625.000,-625.000
173.056998,-625.000,-625.000,-625.000,-625.000
173.156998,-625.000,-625.000,-625.000,-625.000
173.256998,-625.000,-625.000,-625.000,-625.000
173.466000,-625.000,-625.000,-625.000,-625.000
173.474192,-625.000,-625.000,-625.000,-625.000
173.556998,-625.000,-625.000,-625.000,-625.000
173.656998,-625.000,-625.000,-625.000,-625.000
173.756998,-625.000,-625.000,-625.000,-625.000
173.856998,-625.000,-625.000,-625.000,-625.000
173.956998,-625.000,-625.000,-625.000,-625.000
174.056998,-625.000,-625.000,-625.000,-625.000
174.156998,-625.000,-625.000,-625.000,-625.000
174.256998,-625.000,-625.000,-625.000,-625.000
174.465999,-625.000,-625.000,-625.000,-625.000
174.474190,-625.000,-625.000,-625.000,-625.000
174.556998,-625.000,-625.000,-625.000,-625.000
174.656998,-625.000,-625.000,-625.000,-625.000
174.756998,-625.000,-625.000,-625.000,-625.000
174.856998,-625.000,-625.000,-625.000,-625.000
174.956998,-625.000,-625.000,-625.000,-625.000
175.056998,-625.000,-625.000,-625.000,-625.000
175.156998,-625.000,-625.000,-625.000,-625.000
175.256998,-625.000,-625.000,-625.000,-625.000
175.466000,-625.000,-625.000,-625.000,-625.000
175.474192,-625.000,-625.000,-625.000,-625.000
175.556998,-625.000,-625.000,-625.000,-625.000
175.656998,-625.000,-625.000,-625.000,-625.000
175.756998,-625.000,-625.000,-625.000,-625.000
175.856998,-625.000,-625.000,-625.000,-625.000
175.956998,-625.000,-625.000,-625.000,-625.000
176.056998,-625.000,-625.000,-625.000,-625.000
176.156998,-625.000,-625.000,-625.000,-625.000
176.256998,-625.000,-625.000,-625.000,-625.000
176.465999,-625.000,-625.000,-625.000,-625.000
176.474191,-625.000,-625.000,-625.000,-625.000
176.556998,-625.000,-625.000,-625.000,-625.000
176.656998,-625.000,-625.000,-625.000,-625.000
176.756998,-625.000,-625.000,-625.000,-625.000
176.856998,-625.000,-625.000,-625.000,-625.000
176.956998,-625.000,-625.000,-625.000,-625.000
177.056998,-625.000,-625.000,-625.000,-625.000
177.156998,-625.000,-625.000,-625.000,-625.000
177.256998,-625.000,-625.000,-625.000,-625.000
177.465999,-625.000,-625.000,-625.000,-625.000
177.474192,-625.000,-625.000,-625.000,-625.000
177.556998,-625.000,-625.000,-625.000,-625.000
177.656998,-625.000,-625.000,-625.000,-625.000
177.756998,-625.000,-625.000,-625.000,-625.000
177.856998,-625.000,-625.000,-625.000,-625.000
177.956998,-625.000,-625.000,-625.000,-625.000
178.056998,-625.000,-625.000,-625.000,-625.000
178.156998,-625.000,-625.000,-625.000,-625.000
178.256998,-625.000,-625.000,-625.000,-625.000
178.465999,-625.000,-625.000,-625.000,-625.000
178.474191,-625.000,-625.000,-625.000,-625.000
178.556998,-625.000,-625.000,-625.000,-625.000
178.656998,-625.000,-625.000,-625.000,-625.000
178.756998,-625.000,-625.000,-625.000,-625.000
178.856998,-625.000,-625.000,-625.000,-625.000
178.956998,-625.000,-625.000,-625.000,-625.000
179.056998,-625.000,-625.000,-625.000,-625.000
179.156998,-625.000,-625.000,-625.000,-625.000
179.256998,-625.000,-625.000,-625.000,-625.000
179.465999,-625.000,-625.000,-625.000,-625.000
179.474191,-625.000,-625.000,-625.000,-625.000
179.556998,-625.000,-625.000,-625.000,-625.000
179.656998,-625.000,-625.000,-625.000,-625.000
179.756998,-625.000,-625.000,-625.000,-625.000
179.856998,-625.000,-625.000,-625.000,-625.000
179.956998,-625.000,-625.000,-625.000,-625.000
180.056998,-625.000,-625.000,-625.000,-625.000
180.156998,-625.000,-625.000,-625.000,-625.000
180.256998,-625.000,-625.000,-625.000,-625.000
180.465999,-625.000,-625.000,-625.000,-625.000
180.474192,-625.000,-625.000,-625.000,-625.000
180.556998,-625.000,-625.000,-625.000,-625.000
180.656998,-625.000,-625.000,-625.000,-625.000
180.756998,-625.000,-625.000,-625.000,-625.000
180.856998,-625.000,-625.000,-625.000,-625.000
180.956998,-625.000,-625.000,-625.000,-625.000
181.056998,-625.000,-625.000,-625.000,-625.000
181.156998,-625.000,-625.000,-625.000,-625.000
181.256998,-625.000,-625.000,-625.000,-625.000
181.465999,-625.000,-625.000,-625.000,-625.000
181.474192,-625.000,-625.000,-625.000,-625.000
181.556998,-625.000,-625.000,-625.000,-625.000
181.656998,-625.000,-625.000,-625.000,-625.000
181.756998,-625.000,-625.000,-625.000,-625.000
181.856998,-625.000,-625.000,-625.000,-625.000
181.956998,-625.000,-625.000,-625.000,-625.000
182.056998,-625.000,-625.000,-625.000,-625.000
182.156998,-625.000,-625.000,-625.000,-625.000
182.256998,-625.000,-625.000,-625.000,-625.000
182.465999,-625.000,-625.000,-625.000,-625.000
182.474190,-625.000,-625.000,-625.000,-625.000
182.556998,-625.000,-625.000,-625.000,-625.000
182.656998,-625.000,-625.000,-625.000,-625.000
182.756998,-625.000,-625.000,-625.000,-625.000
182.856998,-625.000,-625.000,-625.000,-625.000
182.956998,-625.000,-625.000,-625.000,-625.000
183.056998,-625.000,-625.000,-625.000,-625.000
183.156998,-625.000,-625.000,-625.000,-625.000
183.256998,-625.000,-625.000,-625.000,-625.000
183.465999,-625.000,-625.000,-625.000,-625.000
183.474192,-625.000,-625.000,-625.000,-625.000
183.556998,-625.000,-625.000,-625.000,-625.000
183.656998,-625.000,-625.000,-625.000,-625.000
183.756998,-625.000,-625.000,-625.000,-625.000
183.856998,-625.000,-625.000,-625.000,-625.000
183.956998,-625.000,-625.000,-625.000,-625.000
184.056998,-625.000,-625.000,-625.000,-625.000
184.156998,-625.000,-625.000,-625.000,-625.000
184.256998,-625.000,-625.000,-625.000,-625.000
184.466000,-625.000,-625.000,-625.000,-625.000
184.474191,-625.000,-625.000,-625.000,-625.000
184.556998,-625.000,-625.000,-625.000,-625.000
184.656998,-625.000,-625.000,-625.000,-625.000
184.756998,-625.000,-625.000,-625.000,-625.000
184.856998,-625.000,-625.000,-625.000,-625.000
184.956998,-625.000,-625.000,-625.000,-625.000
185.056998,-625.000,-625.000,-625.000,-625.000
185.156998,-625.000,-625.000,-625.000,-625.000
185.256998,-625.000,-625.000,-625.000,-625.000
185.465999,-625.000,-625.000,-625.000,-625.000
185.474192,-625.000,-625.000,-625.000,-625.000
185.556998,-625.000,-625.000,-625.000,-625.000
185.656998,-625.000,-625.000,-625.000,-625.000
185.756998,-625.000,-625.000,-625.000,-625.000
185.856998,-625.000,-625.000,-625.000,-625.000
185.956998,-625.000,-625.000,-625.000,-625.000
186.056998,-625.000,-625.000,-625.000,-625.000
186.156998,-625.000,-625.000,-625.000,-625.000
186.256998,-625.000,-625.000,-625.000,-625.000
186.465999,-625.000,-625.000,-625.000,-625.000
186.474191,-625.000,-625.000,-625.000,-625.000
186.556998,-625.000,-625.000,-625.000,-625.000
186.656998,-625.000,-625.000,-625.000,-625.000
186.756998,-625.000,-625.000,-625.000,-625.000
186.856998,-625.000,-625.000,-625.000,-625.000
186.956998,-625.000,-625.000,-625.000,-625.000
187.056998,-625.000,-625.000,-625.000,-625.000
187.156998,-625.000,-625.000,-625.000,-625.000
187.256998,-625.000,-625.000,-625.000,-625.000
187.465999,-625.000,-625.000,-625.000,-625.000
187.474192,-625.000,-625.000,-625.000,-625.000
187.556998,-625.000,-625.000,-625.000,-625.000
187.656998,-625.000,-625.000,-625.000,-625.000
187.756998,-625.000,-625.000,-625.000,-625.000
187.856998,-625.000,-625.000,-625.000,-625.000
187.956998,-625.000,-625.000,-625.000,-625.000
188.056998,-625.000,-625.000,-625.000,-625.000
188.156998,-625.000,-625.000,-625.000,-625.000
188.256998,-625.000,-625.000,-625.000,-625.000
188.465999,-625.000,-625.000,-625.000,-625.000
188.474193,-625.000,-625.000,-625.000,-625.000
188.556998,-625.000,-625.000,-625.000,-625.000
188.656998,-625.000,-625.000,-625.000,-625.000
188.756998,-625.000,-625.000,-625.000,-625.000
188.856998,-625.000,-625.000,-625.000,-625.000
188.956998,-625.000,-625.000,-625.000,-625.000
189.056998,-625.000,-625.000,-625.000,-625.000
189.156998,-625.000,-625.000,-625.000,-625.000
189.256998,-625.000,-625.000,-625.000,-625.000
189.466000,-625.000,-625.000,-625.000,-625.000
189.474190,-625.000,-625.000,-625.000,-625.000
189.556998,-625.000,-625.000,-625.000,-625.000
189.656998,-625.000,-625.000,-625.000,-625.000
189.756998,-625.000,-625.000,-625.000,-625.000
189.856998,-625.000,-625.000,-625.000,-625.000
189.956998,-625.000,-625.000,-625.000,-625.000
190.056998,-625.000,-625.000,-625.000,-625.000
190.156998,-625.000,-625.000,-625.000,-625.000
190.256998,-625.000,-625.000,-625.000,-625.000
190.465999,-625.000,-625.000,-625.000,-625.000
190.474192,-625.000,-625.000,-625.000,-625.000
190.556998,-625.000,-625.000,-625.000,-625.000
190.656998,-625.000,-625.000,-625.000,-625.000
190.756998,-625.000,-625.000,-625.000,-625.000
190.856998,-625.000,-625.000,-625.000,-625.000
190.956998,-625.000,-625.000,-625.000,-625.000
191.056998,-625.000,-625.000,-625.000,-625.000
191.156998,-625.000,-625.000,-625.000,-625.000
191.256998,-625.000,-625.000,-625.000,-625.000
191.465999,-625.000,-625.000,-625.000,-625.000
191.474190,-625.000,-625.000,-625.000,-625.000
191.556998,-625.000,-625.000,-625.000,-625.000
191.656998,-625.000,-625.000,-625.000,-625.000
191.756998,-625.000,-625.000,-625.000,-625.000
191.856998,-625.000,-625.000,-625.000,-625.000
191.956998,-625.000,-625.000,-625.000,-625.000
192.056998,-625.000,-625.000,-625.000,-625.000
192.156998,-625.000,-625.000,-625.000,-625.000
192.256998,-625.000,-625.000,-625.000,-625.000
192.465999,-625.000,-625.000,-625.000,-625.000
192.474192,-625.000,-625.000,-625.000,-625.000
192.556998,-625.000,-625.000,-625.000,-625.000
192.656998,-625.000,-625.000,-625.000,-625.000
192.756998,-625.000,-625.000,-625.000,-625.000
192.856998,-625.000,-625.000,-625.000,-625.000
192.956998,-625.000,-625.000,-625.000,-625.000
193.056998,-625.000,-625.000,-625.000,-625.000
193.156998,-625.000,-625.000,-625.000,-625.000
193.256998,-625.000,-625.000,-625.000,-625.000
193.465999,-625.000,-625.000,-625.000,-625.000
193.474191,-625.000,-625.000,-625.000,-625.000
193.556998,-625.000,-625.000,-625.000,-625.000
193.656998,-625.000,-625.000,-625.000,-625.000
193.756998,-625.000,-625.000,-625.000,-625.000
193.856998,-625.000,-625.000,-625.000,-625.000
193.956998,-625.000,-625.000,-625.000,-625.000
194.056998,-625.000,-625.000,-625.000,-625.000
194.156998,-625.000,-625.000,-625.000,-625.000
194.256998,-625.000,-625.000,-625.000,-625.000
194.465999,-625.000,-625.000,-625.000,-625.000
194.474192,-625.000,-625.000,-625.000,-625.000
194.556998,-625.000,-625.000,-625.000,-625.000
194.656998,-625.000,-625.000,-625.000,-625.000
194.756998,-625.000,-625.000,-625.000,-625.000
194.856998,-625.000,-625.000,-625.000,-625.000
194.956998,-625.000,-625.000,-625.000,-625.000
195.056998,-625.000,-625.000,-625.000,-625.000
195.156998,-625.000,-625.000,-625.000,-625.000
195.256998,-625.000,-625.000,-625.000,-625.000
195.466000,-625.000,-625.000,-625.000,-625.000
195.474192,-625.000,-625.000,-625.000,-625.000
195.556998,-625.000,-625.000,-625.000,-625.000
195.656998,-625.000,-625.000,-625.000,-625.000
195.756998,-625.000,-625.000,-625.000,-625.000
195.856998,-625.000,-625.000,-625.000,-625.000
195.956998,-625.000,-625.000,-625.000,-625.000
196.056998,-625.000,-625.000,-625.000,-625.000
196.156998,-625.000,-625.000,-625.000,-625.000
196.256998,-625.000,-625.000,-625.000,-625.000
196.465999,-625.000,-625.000,-625.000,-625.000
196.474193,-625.000,-625.000,-625.000,-625.000
196.556998,-625.000,-625.000,-625.000,-625.000
196.656998,-625.000,-625.000,-625.000,-625.000
196.756998,-625.000,-625.000,-625.000,-625.000
196.856998,-625.000,-625.000,-625.000,-625.000
196.956998,-625.000,-625.000,-625.000,-625.000
197.056998,-625.000,-625.000,-625.000,-625.000
197.156998,-625.000,-625.000,-625.000,-625.000
197.256998,-625.000,-625.000,-625.000,-625.000
197.466000,-625.000,-625.000,-625.000,-625.000
197.474192,-625.000,-625.000,-625.000,-625.000
197.556998,-625.000,-625.000,-625.000,-625.000
197.656998,-625.000,-625.000,-625.000,-625.000
197.756998,-625.000,-625.000,-625.000,-625.000
197.856998,-625.000,-625.000,-625.000,-625.000
197.956998,-625.000,-625.000,-625.000,-625.000
198.056998,-625.000,-625.000,-625.000,-625.000
198.156998,-625.000,-625.000,-625.000,-625.000
198.256998,-625.000,-625.000,-625.000,-625.000
198.466000,-625.000,-625.000,-625.000,-625.000
198.474192,-625.000,-625.000,-625.000,-625.000
198.556998,-625.000,-625.000,-625.000,-625.000
198.656998,-625.000,-625.000,-625.000,-625.000
198.756998,-625.000,-625.000,-625.000,-625.000
198.856998,-625.000,-625.000,-625.000,-625.000
198.956998,-625.000,-625.000,-625.000,-625.000
199.056998,-625.000,-625.000,-625.000,-625.000
199.156998,-625.000,-625.000,-625.000,-625.000
199.256998,-625.000,-625.000,-625.000,-625.000
199.465999,-625.000,-625.000,-625.000,-625.000
199.474191,-625.000,-625.000,-625.000,-625.000
199.556998,-625.000,-625.000,-625.000,-625.000
199.656998,-625.000,-625.000,-625.000,-625.000
199.756998,-625.000,-625.000,-625.000,-625.000
199.856998,-625.000,-625.000,-625.000,-625.000
199.956998,-625.000,-625.000,-625.000,-625.000
200.056998,-625.000,-625.000,-625.000,-625.000
200.156998,-625.000,-625.000,-625.000,-625.000
200.256998,-625.000,-625.000,-625.000,-625.000
200.465999,-625.000,-625.000,-625.000,-625.000
200.474191,-625.000,-625.000,-625.000,-625.000
200.556998,-625.000,-625.000,-625.000,-625.000
200.656998,-625.000,-625.000,-625.000,-625.000
200.756998,-625.000,-625.000,-625.000,-625.000
200.856998,-625.000,-625.000,-625.000,-625.000
200.956998,-625.000,-625.000,-625.000,-625.000
201.056998,-625.000,-625.000,-625.000,-625.000
201.156998,-625.000,-625.000,-625.000,-625.000
201.256998,-625.000,-625.000,-625.000,-625.000
201.465999,-625.000,-625.000,-625.000,-625.000
201.474193,-625.000,-625.000,-625.000,-625.000
201.556998,-625.000,-625.000,-625.000,-625.000
201.656998,-625.000,-625.000,-625.000,-625.000
201.756998,-625.000,-625.000,-625.000,-625.000
201.856998,-625.000,-625.000,-625.000,-625.000
201.956998,-625.000,-625.000,-625.000,-625.000
202.056998,-625.000,-625.000,-625.000,-625.000
202.156998,-625.000,-625.000,-625.000,-625.000
202.256998,-625.000,-625.000,-625.000,-625.000
202.466000,-625.000,-625.000,-625.000,-625.000
202.474192,-625.000,-625.000,-625.000,-625.000
202.556998,-625.000,-625.000,-625.000,-625.000
202.656998,-625.000,-625.000,-625.000,-625.000
202.756998,-625.000,-625.000,-625.000,-625.000
202.856998,-625.000,-625.000,-625.000,-625.000
202.956998,-625.000,-625.000,-625.000,-625.000
203.056998,-625.000,-625.000,-625.000,-625.000
203.156998,-625.000,-625.000,-625.000,-625.000
203.256998,-625.000,-625.000,-625.000,-625.000
203.465999,-625.000,-625.000,-625.000,-625.000
203.474190,-625.000,-625.000,-625.000,-625.000
203.556998,-625.000,-625.000,-625.000,-625.000
203.656998,-625.000,-625.000,-625.000,-625.000
203.756998,-625.000,-625.000,-625.000,-625.000
203.856998,-625.000,-625.000,-625.000,-625.000
203.956998,-625.000,-625.000,-625.000,-625.000
204.056998,-625.000,-625.000,-625.000,-625.000
204.156998,-625.000,-625.000,-625.000,-625.000
204.256998,-625.000,-625.000,-625.000,-625.000
204.465999,-625.000,-625.000,-625.000,-625.000
204.474193,-625.000,-625.000,-625.000,-625.000
204.556998,-625.000,-625.000,-625.000,-625.000
204.656998,-625.000,-625.000,-625.000,-625.000
204.756998,-625.000,-625.000,-625.000,-625.000
204.856998,-625.000,-625.000,-625.000,-625.000
204.956998,-625.000,-625.000,-625.000,-625.000
205.056998,-625.000,-625.000,-625.000,-625.000
205.156998,-625.000,-625.000,-625.000,-625.000
205.256998,-625.000,-625.000,-625.000,-625.000
205.466000,-625.000,-625.000,-625.000,-625.000
205.474191,-625.000,-625.000,-625.000,-625.000
205.556998,-625.000,-625.000,-625.000,-625.000
205.656998,-625.000,-625.000,-625.000,-625.000
205.756998,-625.000,-625.000,-625.000,-625.000
205.856998,-625.000,-625.000,-625.000,-625.000
205.956998,-625.000,-625.000,-625.000,-625.000
206.056998,-625.000,-625.000,-625.000,-625.000
206.156998,-625.000,-625.000,-625.000,-625.000
206.256998,-625.000,-625.000,-625.000,-625.000
206.466000,-625.000,-625.000,-625.000,-625.000
206.474191,-625.000,-625.000,-625.000,-625.000
206.556998,-625.000,-625.000,-625.000,-625.000
206.656998,-625.000,-625.000,-625.000,-625.000
206.756998,-625.000,-625.000,-625.000,-625.000
206.856998,-625.000,-625.000,-625.000,-625.000
206.956998,-625.000,-625.000,-625.000,-625.000
207.056998,-625.000,-625.000,-625.000,-625.000
207.156998,-625.000,-625.000,-625.000,-625.000
207.256998,-625.000,-625.000,-625.000,-625.000
207.465999,-625.000,-625.000,-625.000,-625.000
207.474192,-625.000,-625.000,-625.000,-625.000
207.556998,-625.000,-625.000,-625.000,-625.000
207.656998,-625.000,-625.000,-625.000,-625.000
207.756998,-625.000,-625.000,-625.000,-625.000
207.856998,-625.000,-625.000,-625.000,-625.000
207.956998,-625.000,-625.000,-625.000,-625.000
208.056998,-625.000,-625.000,-625.000,-625.000
208.156998,-625.000,-625.000,-625.000,-625.000
208.256998,-625.000,-625.000,-625.000,-625.000
208.465999,-625.000,-625.000,-625.000,-625.000
208.474190,-625.000,-625.000,-625.000,-625.000
208.556998,-625.000,-625.000,-625.000,-625.000
208.656998,-625.000,-625.000,-625.000,-625.000
208.756998,-625.000,-625.000,-625.000,-625.000
208.856998,-625.000,-625.000,-625.000,-625.000
208.956998,-625.000,-625.000,-625.000,-625.000
209.056998,-625.000,-625.000,-625.000,-625.000
209.156998,-625.000,-625.000,-625.000,-625.000
209.256998,-625.000,-625.000,-625.000,-625.000
209.465999,-625.000,-625.000,-625.000,-625.000
209.474193,-625.000,-625.000,-625.000,-625.000
209.556998,-625.000,-625.000,-625.000,-625.000
209.656998,-625.000,-625.000,-625.000,-625.000
209.756998,-625.000,-625.000,-625.000,-625.000
209.856998,-625.000,-625.000,-625.000,-625.000
209.956998,-625.000,-625.000,-625.000,-625.000
210.056998,-625.000,-625.000,-625.000,-625.000
210.156998,-625.000,-625.000,-625.000,-625.000
210.256998,-625.000,-625.000,-625.000,-625.000
210.466000,-625.000,-625.000,-625.000,-625.000
210.474191,-625.000,-625.000,-625.000,-625.000
210.556998,-625.000,-625.000,-625.000,-625.000
210.656998,-625.000,-625.000,-625.000,-625.000
210.756998,-625.000,-625.000,-625.000,-625.000
210.856998,-625.000,-625.000,-625.000,-625.000
210.956998,-625.000,-625.000,-625.000,-625.000
211.056998,-625.000,-625.000,-625.000,-625.000
211.156998,-625.000,-625.000,-625.000,-625.000
211.256998,-625.000,-625.000,-625.000,-625.000
211.465999,-625.000,-625.000,-625.000,-625.000
211.474190,-625.000,-625.000,-625.000,-625.000
211.556998,-625.000,-625.000,-625.000,-625.000
211.656998,-625.000,-625.000,-625.000,-625.000
211.756998,-625.000,-625.000,-625.000,-625.000
211.856998,-625.000,-625.000,-625.000,-625.000
211.956998,-625.000,-625.000,-625.000,-625.000
212.056998,-625.000,-625.000,-625.000,-625.000
212.156998,-625.000,-625.000,-625.000,-625.000
212.256998,-625.000,-625.000,-625.000,-625.000
212.465999,-625.000,-625.000,-625.000,-625.000
212.474191,-625.000,-625.000,-625.000,-625.000
212.556998,-625.000,-625.000,-625.000,-625.000
212.656998,-625.000,-625.000,-625.000,-625.000
212.756998,-625.000,-625.000,-625.000,-625.000
212.856998,-625.000,-625.000,-625.000,-625.000
212.956998,-625.000,-625.000,-625.000,-625.000
213.056998,-625.000,-625.000,-625.000,-625.000
213.156998,-625.000,-625.000,-625.000,-625.000
213.256998,-625.000,-625.000,-625.000,-625.000
213.466000,-625.000,-625.000,-625.000,-625.000
213.474190,-625.000,-625.000,-625.000,-625.000
213.556998,-625.000,-625.000,-625.000,-625.000
213.656998,-625.000,-625.000,-625.000,-625.000
213.756998,-625.000,-625.000,-625.000,-625.000
213.856998,-625.000,-625.000,-625.000,-625.000
213.956998,-625.000,-625.000,-625.000,-625.000
214.056998,-625.000,-625.000,-625.000,-625.000
214.156998,-625.000,-625.000,-625.000,-625.000
214.256998,-625.000,-625.000,-625.000,-625.000
214.465999,-625.000,-625.000,-625.000,-625.000
214.474192,-625.000,-625.000,-625.000,-625.000
214.556998,-625.000,-625.000,-625.000,-625.000
214.656998,-625.000,-625.000,-625.000,-625.000
214.756998,-625.000,-625.000,-625.000,-625.000
214.856998,-625.000,-625.000,-625.000,-625.000
214.956998,-625.000,-625.000,-625.000,-625.000
215.056998,-625.000,-625.000,-625.000,-625.000
215.156998,-625.000,-625.000,-625.000,-625.000
215.256998,-625.000,-625.000,-625.000,-625.000
215.465999,-625.000,-625.000,-625.000,-625.000
215.474191,-625.000,-625.000,-625.000,-625.000
215.556998,-625.000,-625.000,-625.000,-625.000
215.656998,-625.000,-625.000,-625.000,-625.000
215.756998,-625.000,-625.000,-625.000,-625.000
215.856998,-625.000,-625.000,-625.000,-625.000
215.956998,-625.000,-625.000,-625.000,-625.000
216.056998,-625.000,-625.000,-625.000,-625.000
216.156998,-625.000,-625.000,-625.000,-625.000
216.256998,-625.000,-625.000,-625.000,-625.000
216.469999,-625.000,-625.000,-625.000,-625.000
216.478190,-625.000,-625.000,-625.000,-625.000
216.556998,-625.000,-625.000,-625.000,-625.000
216.656998,-625.000,-625.000,-625.000,-625.000
216.756998,-625.000,-625.000,-625.000,-625.000
216.856998,-625.000,-625.000,-625.000,-625.000
216.956998,-625.000,-625.000,-625.000,-625.000
217.056998,-625.000,-625.000,-625.000,-625.000
217.156998,-625.000,-625.000,-625.000,-625.000
217.256998,-625.000,-625.000,-625.000,-625.000
217.465999,-625.000,-625.000,-625.000,-625.000
217.474191,-625.000,-625.000,-625.000,-625.000
217.556998,-625.000,-625.000,-625.000,-625.000
217.656998,-625.000,-625.000,-625.000,-625.000
217.756998,-625.000,-625.000,-625.000,-625.000
217.856998,-625.000,-625.000,-625.000,-625.000
217.956998,-625.000,-625.000,-625.000,-625.000
218.056998,-625.000,-625.000,-625.000,-625.000
218.156998,-625.000,-625.000,-625.000,-625.000
218.256998,-625.000,-625.000,-625.000,-625.000
218.465999,-625.000,-625.000,-625.000,-625.000
218.474191,-625.000,-625.000,-625.000,-625.000
218.556998,-625.000,-625.000,-625.000,-625.000
218.656998,-625.000,-625.000,-625.000,-625.000
218.756998,-625.000,-625.000,-625.000,-625.000
218.856998,-625.000,-625.000,-625.000,-625.000
218.956998,-625.000,-625.000,-625.000,-625.000
219.056998,-625.000,-625.000,-625.000,-625.000
219.156998,-625.000,-625.000,-625.000,-625.000
219.256998,-625.000,-625.000,-625.000,-625.000
219.465999,-625.000,-625.000,-625.000,-625.000
219.474192,-625.000,-625.000,-625.000,-625.000
219.556998,-625.000,-625.000,-625.000,-625.000
219.656998,-625.000,-625.000,-625.000,-625.000
219.756998,-625.000,-625.000,-625.000,-625.000
219.856998,-625.000,-625.000,-625.000,-625.000
219.956998,-625.000,-625.000,-625.000,-625.000
220.056998,-625.000,-625.000,-625.000,-625.000
220.156998,-625.000,-625.000,-625.000,-625.000
220.256998,-625.000,-625.000,-625.000,-625.000
220.466000,-625.000,-625.000,-625.000,-625.000
220.474191,-625.000,-625.000,-625.000,-625.000
220.556998,-625.000,-625.000,-625.000,-625.000
220.656998,-625.000,-625.000,-625.000,-625.000
220.756998,-625.000,-625.000,-625.000,-625.000
220.856998,-625.000,-625.000,-625.000,-625.000
220.956998,-625.000,-625.000,-625.000,-625.000
221.056998,-625.000,-625.000,-625.000,-625.000
221.156998,-625.000,-625.000,-625.000,-625.000
221.256998,-625.000,-625.000,-625.000,-625.000
221.465999,-625.000,-625.000,-625.000,-625.000
221.474191,-625.000,-625.000,-625.000,-625.000
221.556998,-625.000,-625.000,-625.000,-625.000
221.656998,-625.000,-625.000,-625.000,-625.000
221.756998,-625.000,-625.000,-625.000,-625.000
221.856998,-625.000,-625.000,-625.000,-625.000
221.956998,-625.000,-625.000,-625.000,-625.000
222.056998,-625.000,-625.000,-625.000,-625.000
222.156998,-625.000,-625.000,-625.000,-625.000
222.256998,-625.000,-625.000,-625.000,-625.000
222.465999,-625.000,-625.000,-625.000,-625.000
222.474191,-625.000,-625.000,-625.000,-625.000
222.556998,-625.000,-625.000,-625.000,-625.000
222.656998,-625.000,-625.000,-625.000,-625.000
222.756998,-625.000,-625.000,-625.000,-625.000
222.856998,-625.000,-625.000,-625.000,-625.000
222.956998,-625.000,-625.000,-625.000,-625.000
223.056998,-625.000,-625.000,-625.000,-625.000
223.156998,-625.000,-625.000,-625.000,-625.000
223.256998,-625.000,-625.000,-625.000,-625.000
223.466000,-625.000,-625.000,-625.000,-625.000
223.474190,-625.000,-625.000,-625.000,-625.000
223.556998,-625.000,-625.000,-625.000,-625.000
223.656998,-625.000,-625.000,-625.000,-625.000
223.756998,-625.000,-625.000,-625.000,-625.000
223.856998,-625.000,-625.000,-625.000,-625.000
223.956998,-625.000,-625.000,-625.000,-625.000
224.056998,-625.000,-625.000,-625.000,-625.000
224.156998,-625.000,-625.000,-625.000,-625.000
224.256998,-625.000,-625.000,-625.000,-625.000
224.466000,-625.000,-625.000,-625.000,-625.000
224.474191,-625.000,-625.000,-625.000,-625.000
224.556998,-625.000,-625.000,-625.000,-625.000
224.656998,-625.000,-625.000,-625.000,-625.000
224.756998,-625.000,-625.000,-625.000,-625.000
224.856998,-625.000,-625.000,-625.000,-625.000
224.956998,-625.000,-625.000,-625.000,-625.000
225.056998,-625.000,-625.000,-625.000,-625.000
225.156998,-625.000,-625.000,-625.000,-625.000
225.256998,-625.000,-625.000,-625.000,-625.000
225.466000,-625.000,-625.000,-625.000,-625.000
225.474191,-625.000,-625.000,-625.000,-625.000
225.556998,-625.000,-625.000,-625.000,-625.000
225.656998,-625.000,-625.000,-625.000,-625.000
225.756998,-625.000,-625.000,-625.000,-625.000
225.856998,-625.000,-625.000,-625.000,-625.000
225.956998,-625.000,-625.000,-625.000,-625.000
226.056998,-625.000,-625.000,-625.000,-625.000
226.156998,-625.000,-625.000,-625.000,-625.000
226.256998,-625.000,-625.000,-625.000,-625.000
226.465999,-625.000,-625.000,-625.000,-625.000
226.474191,-625.000,-625.000,-625.000,-625.000
226.556998,-625.000,-625.000,-625.000,-625.000
226.656998,-625.000,-625.000,-625.000,-625.000
226.756998,-625.000,-625.000,-625.000,-625.000
226.856998,-625.000,-625.000,-625.000,-625.000
226.956998,-625.000,-625.000,-625.000,-625.000
227.056998,-625.000,-625.000,-625.000,-625.000
227.156998,-625.000,-625.000,-625.000,-625.000
227.256998,-625.000,-625.000,-625.000,-625.000
227.466000,-625.000,-625.000,-625.000,-625.000
227.474192,-625.000,-625.000,-625.000,-625.000
227.556998,-625.000,-625.000,-625.000,-625.000
227.656998,-625.000,-625.000,-625.000,-625.000
227.756998,-625.000,-625.000,-625.000,-625.000
227.856998,-625.000,-625.000,-625.000,-625.000
227.956998,-625.000,-625.000,-625.000,-625.000
228.056998,-625.000,-625.000,-625.000,-625.000
228.156998,-625.000,-625.000,-625.000,-625.000
228.256998,-625.000,-625.000,-625.000,-625.000
228.465999,-625.000,-625.000,-625.000,-625.000
228.474190,-625.000,-625.000,-625.000,-625.000
228.556998,-625.000,-625.000,-625.000,-625.000
228.656998,-625.000,-625.000,-625.000,-625.000
228.756998,-625.000,-625.000,-625.000,-625.000
228.856998,-625.000,-625.000,-625.000,-625.000
228.956998,-625.000,-625.000,-625.000,-625.000
229.056998,-625.000,-625.000,-625.000,-625.000
229.156998,-625.000,-625.000,-625.000,-625.000
229.256998,-625.000,-625.000,-625.000,-625.000
229.466000,-625.000,-625.000,-625.000,-625.000
229.474190,-625.000,-625.000,-625.000,-625.000
229.556998,-625.000,-625.000,-625.000,-625.000
229.656998,-625.000,-625.000,-625.000,-625.000
229.756998,-625.000,-625.000,-625.000,-625.000
229.856998,-625.000,-625.000,-625.000,-625.000
229.956998,-625.000,-625.000,-625.000,-625.000
230.056998,-625.000,-625.000,-625.000,-625.000
230.156998,-625.000,-625.000,-625.000,-625.000
230.256998,-625.000,-625.000,-625.000,-625.000
230.465999,-625.000,-625.000,-625.000,-625.000
230.474191,-625.000,-625.000,-625.000,-625.000
230.556998,-625.000,-625.000,-625.000,-625.000
230.656998,-625.000,-625.000,-625.000,-625.000
230.756998,-625.000,-625.000,-625.000,-625.000
230.856998,-625.000,-625.000,-625.000,-625.000
230.956998,-625.000,-625.000,-625.000,-625.000
231.056998,-625.000,-625.000,-625.000,-625.000
231.156998,-625.000,-625.000,-625.000,-625.000
231.256998,-625.000,-625.000,-625.000,-625.000
231.466000,-625.000,-625.000,-625.000,-625.000
231.474192,-625.000,-625.000,-625.000,-625.000
231.556998,-625.000,-625.000,-625.000,-625.000
231.656998,-625.000,-625.000,-625.000,-625.000
231.756998,-625.000,-625.000,-625.000,-625.000
231.856998,-625.000,-625.000,-625.000,-625.000
231.956998,-625.000,-625.000,-625.000,-625.000
232.056998,-625.000,-625.000,-625.000,-625.000
232.156998,-625.000,-625.000,-625.000,-625.000
232.256998,-625.000,-625.000,-625.000,-625.000
232.466000,-625.000,-625.000,-625.000,-625.000
232.474190,-625.000,-625.000,-625.000,-625.000
232.556998,-625.000,-625.000,-625.000,-625.000
232.656998,-625.000,-625.000,-625.000,-625.000
232.756998,-625.000,-625.000,-625.000,-625.000
232.856998,-625.000,-625.000,-625.000,-625.000
232.956998,-625.000,-625.000,-625.000,-625.000
233.056998,-625.000,-625.000,-625.000,-625.000
233.156998,-625.000,-625.000,-625.000,-625.000
233.256998,-625.000,-625.000,-625.000,-625.000
233.466000,-625.000,-625.000,-625.000,-625.000
233.474190,-625.000,-625.000,-625.000,-625.000
233.556998,-625.000,-625.000,-625.000,-625.000
233.656998,-625.000,-625.000,-625.000,-625.000
233.756998,-625.000,-625.000,-625.000,-625.000
233.856998,-625.000,-625.000,-625.000,-625.000
233.956998,-625.000,-625.000,-625.000,-625.000
234.056998,-625.000,-625.000,-625.000,-625.000
234.156998,-625.000,-625.000,-625.000,-625.000
234.256998,-625.000,-625.000,-625.000,-625.000
234.465999,-625.000,-625.000,-625.000,-625.000
234.474191,-625.000,-625.000,-625.000,-625.000
234.556998,-625.000,-625.000,-625.000,-625.000
234.656998,-625.000,-625.000,-625.000,-625.000
234.756998,-625.000,-625.000,-625.000,-625.000
234.856998,-625.000,-625.000,-625.000,-625.000
234.956998,-625.000,-625.000,-625.000,-625.000
235.056998,-625.000,-625.000,-625.000,-625.000
235.156998,-625.000,-625.000,-625.000,-625.000
235.256998,-625.000,-625.000,-625.000,-625.000
235.465999,-625.000,-625.000,-625.000,-625.000
235.474190,-625.000,-625.000,-625.000,-625.000
235.556998,-625.000,-625.000,-625.000,-625.000
235.656998,-625.000,-625.000,-625.000,-625.000
235.756998,-625.000,-625.000,-625.000,-625.000
235.856998,-625.000,-625.000,-625.000,-625.000
235.956998,-625.000,-625.000,-625.000,-625.000
236.056998,-625.000,-625.000,-625.000,-625.000
236.156998,-625.000,-625.000,-625.000,-625.000
236.256998,-625.000,-625.000,-625.000,-625.000
236.466000,-625.000,-625.000,-625.000,-625.000
236.474191,-625.000,-625.000,-625.000,-625.000
236.556998,-625.000,-625.000,-625.000,-625.000
236.656998,-625.000,-625.000,-625.000,-625.000
236.756998,-625.000,-625.000,-625.000,-625.000
236.856998,-625.000,-625.000,-625.000,-625.000
236.956998,-625.000,-625.000,-625.000,-625.000
237.056998,-625.000,-625.000,-625.000,-625.000
237.156998,-625.000,-625.000,-625.000,-625.000
237.256998,-625.000,-625.000,-625.000,-625.000
237.465999,-625.000,-625.000,-625.000,-625.000
237.474192,-625.000,-625.000,-625.000,-625.000
237.556998,-625.000,-625.000,-625.000,-625.000
237.656998,-625.000,-625.000,-625.000,-625.000
237.756998,-625.000,-625.000,-625.000,-625.000
237.856998,-625.000,-625.000,-625.000,-625.000
237.956998,-625.000,-625.000,-625.000,-625.000
238.056998,-625.000,-625.000,-625.000,-625.000
238.156998,-625.000,-625.000,-625.000,-625.000
238.256998,-625.000,-625.000,-625.000,-625.000
238.466000,-625.000,-625.000,-625.000,-625.000
238.474191,-625.000,-625.000,-625.000,-625.000
238.556998,-625.000,-625.000,-625.000,-625.000
238.656998,-625.000,-625.000,-625.000,-625.000
238.756998,-625.000,-625.000,-625.000,-625.000
238.856998,-625.000,-625.000,-625.000,-625.000
238.956998,-625.000,-625.000,-625.000,-625.000
239.056998,-625.000,-625.000,-625.000,-625.000
239.156998,-625.000,-625.000,-625.000,-625.000
239.256998,-625.000,-625.000,-625.000,-625.000
239.465999,-625.000,-625.000,-625.000,-625.000
239.474192,-625.000,-625.000,-625.000,-625.000
239.556998,-625.000,-625.000,-625.000,-625.000
239.656998,-625.000,-625.000,-625.000,-625.000
239.756998,-625.000,-625.000,-625.000,-625.000
239.856998,-625.000,-625.000,-625.000,-625.000
239.956998,-625.000,-625.000,-625.000,-625.000
240.056998,-625.000,-625.000,-625.000,-625.000
240.156998,-625.000,-625.000,-625.000,-625.000
240.256998,-625.000,-625.000,-625.000,-625.000
240.465999,-625.000,-625.000,-625.000,-625.000
240.474193,-625.000,-625.000,-625.000,-625.000
240.556998,-625.000,-625.000,-625.000,-625.000
240.656998,-625.000,-625.000,-625.000,-625.000
240.756998,-625.000,-625.000,-625.000,-625.000
240.856998,-625.000,-625.000,-625.000,-625.000
240.956998,-625.000,-625.000,-625.000,-625.000
241.056998,-625.000,-625.000,-625.000,-625.000
241.156998,-625.000,-625.000,-625.000,-625.000
241.256998,-625.000,-625.000,-625.000,-625.000
241.466000,-625.000,-625.000,-625.000,-625.000
241.474192,-625.000,-625.000,-625.000,-625.000
241.556998,-625.000,-625.000,-625.000,-625.000
241.656998,-625.000,-625.000,-625.000,-625.000
241.756998,-625.000,-625.000,-625.000,-625.000
241.856998,-625.000,-625.000,-625.000,-625.000
241.956998,-625.000,-625.000,-625.000,-625.000
242.056998,-625.000,-625.000,-625.000,-625.000
242.156998,-625.000,-625.000,-625.000,-625.000
242.256998,-625.000,-625.000,-625.000,-625.000
242.465999,-625.000,-625.000,-625.000,-625.000
242.474192,-625.000,-625.000,-625.000,-625.000
242.556998,-625.000,-625.000,-625.000,-625.000
242.656998,-625.000,-625.000,-625.000,-625.000
242.756998,-625.000,-625.000,-625.000,-625.000
242.856998,-625.000,-625.000,-625.000,-625.000
242.956998,-625.000,-625.000,-625.000,-625.000
243.056998,-625.000,-625.000,-625.000,-625.000
243.156998,-625.000,-625.000,-625.000,-625.000
243.256998,-625.000,-625.000,-625.000,-625.000
243.465999,-625.000,-625.000,-625.000,-625.000
243.474190,-625.000,-625.000,-625.000,-625.000
243.556998,-625.000,-625.000,-625.000,-625.000
243.656998,-625.000,-625.000,-625.000,-625.000
243.756998,-625.000,-625.000,-625.000,-625.000
243.856998,-625.000,-625.000,-625.000,-625.000
243.956998,-625.000,-625.000,-625.000,-625.000
244.056998,-625.000,-625.000,-625.000,-625.000
244.156998,-625.000,-625.000,-625.000,-625.000
244.256998,-625.000,-625.000,-625.000,-625.000
244.465999,-625.000,-625.000,-625.000,-625.000
244.474192,-625.000,-625.000,-625.000,-625.000
244.556998,-625.000,-625.000,-625.000,-625.000
244.656998,-625.000,-625.000,-625.000,-625.000
244.756998,-625.000,-625.000,-625.000,-625.000
244.856998,-625.000,-625.000,-625.000,-625.000
244.956998,-625.000,-625.000,-625.000,-625.000
245.056998,-625.000,-625.000,-625.000,-625.000
245.156998,-625.000,-625.000,-625.000,-625.000
245.256998,-625.000,-625.000,-625.000,-625.000
245.466000,-625.000,-625.000,-625.000,-625.000
245.474191,-625.000,-625.000,-625.000,-625.000
245.556998,-625.000,-625.000,-625.000,-625.000
245.656998,-625.000,-625.000,-625.000,-625.000
245.756998,-625.000,-625.000,-625.000,-625.000
245.856998,-625.000,-625.000,-625.000,-625.000
245.956998,-625.000,-625.000,-625.000,-625.000
246.056998,-625.000,-625.000,-625.000,-625.000
246.156998,-625.000,-625.000,-625.000,-625.000
246.256998,-625.000,-625.000,-625.000,-625.000
246.466000,-625.000,-625.000,-625.000,-625.000
246.474190,-625.000,-625.000,-625.000,-625.000
246.556998,-625.000,-625.000,-625.000,-625.000
246.656998,-625.000,-625.000,-625.000,-625.000
246.756998,-625.000,-625.000,-625.000,-625.000
246.856998,-625.000,-625.000,-625.000,-625.000
246.956998,-625.000,-625.000,-625.000,-625.000
247.056998,-625.000,-625.000,-625.000,-625.000
247.156998,-625.000,-625.000,-625.000,-625.000
247.256998,-625.000,-625.000,-625.000,-625.000
247.466000,-625.000,-625.000,-625.000,-625.000
247.474192,-625.000,-625.000,-625.000,-625.000
247.556998,-625.000,-625.000,-625.000,-625.000
247.656998,-625.000,-625.000,-625.000,-625.000
247.756998,-625.000,-625.000,-625.000,-625.000
247.856998,-625.000,-625.000,-625.000,-625.000
247.956998,-625.000,-625.000,-625.000,-625.000
248.056998,-625.000,-625.000,-625.000,-625.000
248.156998,-625.000,-625.000,-625.000,-625.000
248.256998,-625.000,-625.000,-625.000,-625.000
248.465999,-625.000,-625.000,-625.000,-625.000
248.474191,-625.000,-625.000,-625.000,-625.000
248.556998,-625.000,-625.000,-625.000,-625.000
248.656998,-625.000,-625.000,-625.000,-625.000
248.756998,-625.000,-625.000,-625.000,-625.000
248.856998,-625.000,-625.000,-625.000,-625.000
248.956998,-625.000,-625.000,-625.000,-625.000
249.056998,-625.000,-625.000,-625.000,-625.000
249.156998,-625.000,-625.000,-625.000,-625.000
249.256998,-625.000,-625.000,-625.000,-625.000
249.466000,-625.000,-625.000,-625.000,-625.000
249.474191,-625.000,-625.000,-625.000,-625.000
249.556998,-625.000,-625.000,-625.000,-625.000
249.656998,-625.000,-625.000,-625.000,-625.000
249.756998,-625.000,-625.000,-625.000,-625.000
249.856998,-625.000,-625.000,-625.000,-625.000
249.956998,-625.000,-625.000,-625.000,-625.000
250.056998,-625.000,-625.000,-625.000,-625.000
250.156998,-625.000,-625.000,-625.000,-625.000
250.256998,-625.000,-625.000,-625.000,-625.000
250.466000,-625.000,-625.000,-625.000,-625.000
250.474191,-625.000,-625.000,-625.000,-625.000
250.556998,-625.000,-625.000,-625.000,-625.000
250.656998,-625.000,-625.000,-625.000,-625.000
250.756998,-625.000,-625.000,-625.000,-625.000
250.856998,-625.000,-625.000,-625.000,-625.000
250.956998,-625.000,-625.000,-625.000,-625.000
251.056998,-625.000,-625.000,-625.000,-625.000
251.156998,-625.000,-625.000,-625.000,-625.000
251.256998,-625.000,-625.000,-625.000,-625.000
251.465999,-625.000,-625.000,-625.000,-625.000
251.474191,-625.000,-625.000,-625.000,-625.000
251.556998,-625.000,-625.000,-625.000,-625.000
251.656998,-625.000,-625.000,-625.000,-625.000
251.756998,-625.000,-625.000,-625.000,-625.000
251.856998,-625.000,-625.000,-625.000,-625.000
251.956998,-625.000,-625.000,-625.000,-625.000
252.056998,-625.000,-625.000,-625.000,-625.000
252.156998,-625.000,-625.000,-625.000,-625.000
252.256998,-625.000,-625.000,-625.000,-625.000
252.466000,-625.000,-625.000,-625.000,-625.000
252.474191,-625.000,-625.000,-625.000,-625.000
252.556998,-625.000,-625.000,-625.000,-625.000
252.656998,-625.000,-625.000,-625.000,-625.000
252.756998,-625.000,-625.000,-625.000,-625.000
252.856998,-625.000,-625.000,-625.000,-625.000
252.956998,-625.000,-625.000,-625.000,-625.000
253.056998,-625.000,-625.000,-625.000,-625.000
253.156998,-625.000,-625.000,-625.000,-625.000
253.256998,-625.000,-625.000,-625.000,-625.000
253.465999,-625.000,-625.000,-625.000,-625.000
253.474190,-625.000,-625.000,-625.000,-625.000
253.556998,-625.000,-625.000,-625.000,-625.000
253.656998,-625.000,-625.000,-625.000,-625.000
253.756998,-625.000,-625.000,-625.000,-625.000
253.856998,-625.000,-625.000,-625.000,-625.000
253.956998,-625.000,-625.000,-625.000,-625.000
254.056998,-625.000,-625.000,-625.000,-625.000
254.156998,-625.000,-625.000,-625.000,-625.000
254.256998,-625.000,-625.000,-625.000,-625.000
254.466000,-625.000,-625.000,-625.000,-625.000
254.474192,-625.000,-625.000,-625.000,-625.000
254.556998,-625.000,-625.000,-625.000,-625.000
254.656998,-625.000,-625.000,-625.000,-625.000
254.756998,-625.000,-625.000,-625.000,-625.000
254.856998,-625.000,-625.000,-625.000,-625.000
254.956998,-625.000,-625.000,-625.000,-625.000
255.056998,-625.000,-625.000,-625.000,-625.000
255.156998,-625.000,-625.000,-625.000,-625.000
255.256998,-625.000,-625.000,-625.000,-625.000
255.465999,-625.000,-625.000,-625.000,-625.000
255.474191,-625.000,-625.000,-625.000,-625.000
255.556998,-625.000,-625.000,-625.000,-625.000
255.656998,-625.000,-625.000,-625.000,-625.000
255.756998,-625.000,-625.000,-625.000,-625.000
255.856998,-625.000,-625.000,-625.000,-625.000
255.956998,-625.000,-625.000,-625.000,-625.000
256.056998,-625.000,-625.000,-625.000,-625.000
256.156998,-625.000,-625.000,-625.000,-625.000
256.256998,-625.000,-625.000,-625.000,-625.000
256.465999,-625.000,-625.000,-625.000,-625.000
256.474193,-625.000,-625.000,-625.000,-625.000
256.556998,-625.000,-625.000,-625.000,-625.000
256.656998,-625.000,-625.000,-625.000,-625.000
256.756998,-625.000,-625.000,-625.000,-625.000
256.856998,-625.000,-625.000,-625.000,-625.000
256.956998,-625.000,-625.000,-625.000,-625.000
257.056998,-625.000,-625.000,-625.000,-625.000
257.156998,-625.000,-625.000,-625.000,-625.000
257.256998,-625.000,-625.000,-625.000,-625.000
257.465999,-625.000,-625.000,-625.000,-625.000
257.474191,-625.000,-625.000,-625.000,-625.000
257.556998,-625.000,-625.000,-625.000,-625.000
257.656998,-625.000,-625.000,-625.000,-625.000
257.756998,-625.000,-625.000,-625.000,-625.000
257.856998,-625.000,-625.000,-625.000,-625.000
257.956998,-625.000,-625.000,-625.000,-625.000
258.056998,-625.000,-625.000,-625.000,-625.000
258.156998,-625.000,-625.000,-625.000,-625.000
258.256998,-625.000,-625.000,-625.000,-625.000
258.465999,-625.000,-625.000,-625.000,-625.000
258.474192,-625.000,-625.000,-625.000,-625.000
258.556998,-625.000,-625.000,-625.000,-625.000
258.656998,-625.000,-625.000,-625.000,-625.000
258.756998,-625.000,-625.000,-625.000,-625.000
258.856998,-625.000,-625.000,-625.000,-625.000
258.956998,-625.000,-625.000,-625.000,-625.000
259.056998,-625.000,-625.000,-625.000,-625.000
259.156998,-625.000,-625.000,-625.000,-625.000
259.256998,-625.000,-625.000,-625.000,-625.000
259.466000,-625.000,-625.000,-625.000,-625.000
259.474192,-625.000,-625.000,-625.000,-625.000
259.556998,-625.000,-625.000,-625.000,-625.000
259.656998,-625.000,-625.000,-625.000,-625.000
259.756998,-625.000,-625.000,-625.000,-625.000
259.856998,-625.000,-625.000,-625.000,-625.000
259.956998,-625.000,-625.000,-625.000,-625.000
260.056998,-625.000,-625.000,-625.000,-625.000
260.156998,-625.000,-625.000,-625.000,-625.000
260.256998,-625.000,-625.000,-625.000,-625.000
260.465999,-625.000,-625.000,-625.000,-625.000
260.474190,-625.000,-625.000,-625.000,-625.000
260.556998,-625.000,-625.000,-625.000,-625.000
260.656998,-625.000,-625.000,-625.000,-625.000
260.756998,-625.000,-625.000,-625.000,-625.000
260.856998,-625.000,-625.000,-625.000,-625.000
260.956998,-625.000,-625.000,-625.000,-625.000
261.056998,-625.000,-625.000,-625.000,-625.000
261.156998,-625.000,-625.000,-625.000,-625.000
261.256998,-625.000,-625.000,-625.000,-625.000
261.465999,-625.000,-625.000,-625.000,-625.000
261.474193,-625.000,-625.000,-625.000,-625.000
261.556998,-625.000,-625.000,-625.000,-625.000
