time_s,P1_high_psi,P2_high_psi,P3_high_psi,P4_high_psi
0.000000,-57.795,-57.795,-58.030,-57.795
0.215001,-57.561,-57.795,-58.030,-57.795
0.229974,-57.561,-57.795,-57.795,-58.030
0.244960,-57.561,-57.561,-58.030,-58.030
0.259946,-57.561,-57.795,-57.795,-57.795
0.274932,-57.795,-57.795,-57.795,-57.795
0.289918,-57.795,-58.030,-58.030,-57.795
0.304904,-57.561,-57.795,-57.795,-57.795
0.319890,-57.795,-57.561,-58.030,-58.030
0.334876,-57.795,-57.795,-58.030,-58.030
0.349862,-57.561,-57.561,-57.795,-57.795
0.565000,-57.561,-57.795,-57.795,-58.030
0.579974,-57.561,-57.795,-57.795,-58.030
0.594960,-57.561,-57.795,-57.795,-58.030
0.609946,-57.561,-57.795,-57.795,-57.795
0.624932,-57.561,-57.795,-57.795,-57.795
0.639918,-57.561,-58.030,-57.795,-58.030
0.654904,-57.795,-57.795,-58.030,-57.795
0.669890,-57.561,-57.795,-57.795,-58.030
0.684876,-57.561,-57.795,-57.795,-57.795
0.699862,-57.561,-58.030,-57.795,-58.030
0.915000,-57.561,-58.030,-57.795,-58.030
0.929974,-57.795,-57.795,-57.795,-58.030
0.944960,-57.561,-57.795,-58.030,-58.030
0.959946,-57.795,-57.795,-57.561,-57.795
0.974932,-57.795,-58.030,-57.795,-57.795
0.989918,-57.561,-57.795,-57.795,-58.030
1.004904,-57.561,-58.030,-57.795,-57.795
1.019890,-57.561,-57.795,-58.030,-58.030
1.034876,-57.561,-57.795,-57.795,-57.795
1.049862,-57.561,-57.561,-57.795,-57.795
1.265000,-57.561,-57.795,-58.030,-58.030
1.279974,-57.561,-57.795,-57.795,-58.030
1.294960,-57.795,-57.795,-57.795,-57.795
1.309946,-57.795,-57.795,-57.795,-58.030
1.324932,-57.561,-57.795,-57.795,-58.030
1.339918,-57.561,-57.795,-57.795,-58.030
1.354904,-57.795,-57.561,-58.030,-57.795
1.369890,-57.561,-58.030,-57.795,-58.030
1.384876,-57.561,-58.030,-57.561,-57.795
1.399862,-57.561,-57.795,-57.795,-57.795
1.615000,-57.795,-57.795,-57.795,-58.030
1.629974,-57.561,-57.795,-58.030,-58.030
1.644960,-57.561,-57.795,-57.795,-58.030
1.659946,-57.561,-57.795,-57.795,-58.030
1.674932,-57.561,-57.795,-57.795,-57.795
1.689918,-57.561,-57.795,-57.795,-57.795
1.704904,-57.561,-57.795,-57.795,-57.795
1.719890,-57.561,-57.795,-58.030,-57.795
1.734876,-57.561,-57.795,-57.795,-58.030
1.749862,-57.561,-57.795,-57.795,-58.030
1.965000,-57.795,-57.795,-57.795,-58.030
1.979974,-57.326,-57.795,-57.795,-58.030
1.994960,-57.561,-57.795,-57.795,-58.030
2.009946,-57.561,-57.795,-57.795,-57.795
2.024932,-57.561,-57.795,-57.795,-57.795
2.039918,-57.795,-57.795,-57.561,-57.795
2.054904,-57.561,-57.561,-58.030,-57.795
2.069890,-57.326,-57.795,-57.561,-58.030
2.084876,-57.795,-58.030,-57.795,-57.795
2.099862,-57.561,-57.561,-57.795,-57.795
2.315000,-57.795,-58.030,-57.795,-57.795
2.329974,-57.326,-57.795,-58.030,-57.795
2.344960,-57.561,-57.795,-58.030,-58.030
2.359946,-57.795,-57.795,-57.795,-57.795
2.374932,-57.795,-58.030,-57.795,-58.030
2.389918,-57.326,-58.030,-57.795,-57.795
2.404904,-57.795,-58.030,-57.795,-58.030
2.419890,-57.561,-57.795,-57.795,-58.030
2.434876,-57.795,-57.795,-57.795,-58.030
2.449862,-57.795,-57.795,-58.030,-58.030
2.665000,-57.795,-57.795,-57.795,-58.030
2.679974,-57.795,-57.795,-57.795,-57.795
2.694960,-57.561,-57.795,-57.795,-57.795
2.709946,-57.561,-57.795,-57.795,-58.030
2.724932,-57.561,-57.795,-57.795,-57.795
2.739918,-57.561,-57.795,-57.795,-57.795
2.754904,-57.561,-57.795,-58.030,-58.030
2.769890,-57.561,-57.561,-57.795,-57.795
2.784876,-57.561,-58.030,-57.795,-58.030
2.799862,-57.561,-57.795,-58.030,-57.795
3.015000,-57.795,-57.795,-57.795,-57.795
3.029974,-57.561,-57.561,-57.795,-57.795
3.044960,-57.795,-58.030,-57.795,-58.030
3.059946,-57.561,-57.795,-57.795,-58.030
3.074932,-57.795,-57.795,-58.030,-58.030
3.089918,-57.561,-57.795,-58.030,-58.030
3.104904,-57.561,-57.795,-58.030,-57.795
3.119890,-57.561,-57.795,-57.795,-57.795
3.134876,-57.795,-58.030,-58.030,-57.795
3.149862,-57.326,-57.795,-58.030,-58.030
3.365000,-57.795,-57.795,-57.795,-58.030
3.379974,-57.561,-57.795,-58.030,-57.795
3.394960,-57.561,-57.795,-57.561,-58.030
3.409946,-57.561,-58.030,-57.795,-58.030
3.424932,-57.561,-57.795,-57.795,-57.795
3.439918,-57.326,-57.795,-57.795,-57.795
3.454904,-57.561,-57.795,-57.795,-57.795
3.469890,-57.561,-57.795,-57.795,-57.795
3.484876,-57.561,-57.795,-57.795,-57.795
3.499862,-57.561,-57.795,-57.795,-57.795
3.715000,-57.561,-57.795,-57.795,-57.795
3.729974,-57.561,-57.795,-57.795,-57.795
3.744960,-57.561,-58.030,-57.795,-58.030
3.759946,-57.561,-57.561,-57.795,-58.030
3.774932,-57.561,-57.795,-57.795,-58.030
3.789917,-57.561,-57.795,-57.795,-58.030
3.804903,-57.561,-57.795,-57.795,-58.030
3.819889,-57.795,-57.795,-58.030,-57.795
3.834875,-57.561,-57.795,-57.795,-58.030
3.849861,-57.561,-57.795,-58.030,-58.030
4.065000,-57.795,-57.795,-57.795,-58.030
4.079974,-57.326,-57.795,-57.795,-58.030
4.094960,-57.795,-57.795,-57.795,-57.795
4.109946,-57.561,-57.795,-57.795,-57.795
4.124932,-57.795,-57.561,-58.030,-57.795
4.139918,-57.561,-57.795,-57.795,-57.795
4.154904,-57.561,-57.795,-58.030,-57.795
4.169890,-57.561,-57.795,-57.561,-57.795
4.184876,-57.561,-57.795,-57.795,-57.795
4.199862,-57.561,-57.795,-58.030,-58.030
4.415000,-57.326,-57.795,-57.795,-57.795
4.429974,-57.561,-58.030,-58.030,-57.795
4.444960,-57.561,-57.795,-57.795,-58.030
4.459946,-57.561,-57.795,-57.795,-58.030
4.474932,-57.561,-57.795,-57.795,-57.795
4.489918,-57.561,-57.795,-57.561,-57.795
4.504904,-57.561,-57.795,-57.795,-57.795
4.519890,-57.561,-58.030,-57.561,-58.030
4.534876,-57.561,-57.795,-58.030,-57.795
4.549862,-57.561,-57.795,-57.795,-58.030
4.765000,-57.561,-57.795,-57.795,-57.795
4.779974,-57.561,-58.030,-58.030,-57.795
4.794960,-57.561,-57.795,-57.795,-57.795
4.809946,-57.561,-57.795,-57.795,-58.264
4.824932,-57.561,-57.795,-58.030,-58.030
4.839918,-57.795,-57.795,-57.795,-58.030
4.854904,-57.795,-57.795,-57.795,-58.030
4.869890,-57.561,-57.795,-58.030,-57.795
4.884876,-57.561,-58.030,-57.795,-58.030
4.899862,-57.561,-57.795,-58.030,-57.795
5.115000,-57.561,-57.795,-57.795,-57.795
5.129974,-57.561,-57.795,-57.795,-58.030
5.144960,-57.795,-57.795,-57.795,-57.795
5.159946,-57.561,-57.795,-58.030,-58.030
5.174932,-57.561,-57.795,-57.795,-57.795
5.189918,-57.561,-57.795,-57.795,-58.030
5.204904,-57.561,-57.795,-57.795,-58.030
5.219890,-57.561,-58.030,-57.795,-57.795
5.234876,-57.561,-57.795,-58.030,-58.030
5.304999,-57.561,-57.561,-57.795,-58.030
5.520000,-57.561,-57.795,-57.795,-57.795
5.534974,-57.561,-57.795,-58.030,-57.795
5.604999,-57.561,-57.795,-57.795,-57.795
5.704999,-57.561,-57.561,-58.030,-58.030
5.804999,-57.795,-57.561,-58.030,-58.030
5.904999,-57.561,-58.030,-57.795,-58.030
6.004999,-57.561,-57.795,-57.795,-58.030
6.104999,-57.561,-57.795,-57.795,-57.795
6.204999,-57.561,-57.795,-58.030,-58.030
6.304999,-57.561,-57.795,-57.795,-58.030
6.521000,-57.326,-57.795,-58.030,-58.030
6.535974,-57.561,-57.561,-57.795,-58.030
6.604999,-57.561,-57.795,-58.030,-58.030
6.704999,-57.326,-57.795,-58.030,-57.795
6.804999,-57.561,-57.795,-57.795,-57.795
6.904999,-57.561,-58.030,-58.030,-58.030
7.004999,-57.561,-58.030,-57.795,-58.030
7.104999,-57.561,-57.795,-58.030,-58.030
7.204999,-57.561,-57.795,-58.030,-57.795
7.304999,-57.795,-57.795,-57.795,-57.795
7.521001,-57.561,-57.795,-57.795,-58.030
7.535974,-57.795,-57.795,-57.795,-58.030
7.604999,-57.561,-57.795,-58.030,-57.795
7.704999,-57.561,-57.795,-57.795,-58.030
7.804999,-57.561,-57.795,-57.561,-57.795
7.904999,-57.561,-57.795,-58.030,-58.030
8.004999,-57.795,-57.795,-57.561,-57.795
8.104999,-57.561,-57.561,-57.795,-58.030
8.204999,-57.561,-57.795,-57.795,-57.795
8.304999,-57.561,-58.030,-57.795,-57.795
8.521001,-57.561,-57.795,-57.795,-58.030
8.535974,-57.561,-57.795,-57.795,-58.030
8.604999,-57.561,-58.030,-58.030,-58.030
8.704999,-57.795,-57.795,-57.795,-57.795
8.804999,-57.561,-57.795,-57.795,-58.030
8.904999,-57.561,-57.795,-57.795,-58.264
9.004999,-57.561,-57.561,-57.795,-58.030
9.104999,-57.561,-58.030,-57.795,-58.030
9.204999,-57.561,-57.795,-58.030,-58.030
9.304999,-57.795,-57.795,-58.030,-58.030
9.521000,-57.561,-57.795,-57.795,-58.264
9.535974,-57.561,-57.795,-57.795,-58.030
9.604999,-57.561,-57.795,-57.795,-57.795
9.704999,-57.561,-57.795,-57.795,-57.795
9.804999,-57.561,-57.795,-57.795,-57.795
9.904999,-57.561,-58.030,-57.795,-58.030
10.004999,-57.795,-57.795,-57.795,-57.795
10.104999,-57.561,-57.795,-58.030,-58.030
10.204999,-57.561,-57.795,-58.030,-58.030
10.304999,-57.795,-57.795,-57.795,-57.795
10.521001,-57.561,-57.795,-58.030,-57.795
10.535974,-57.561,-57.795,-57.795,-58.030
10.604999,-57.795,-57.795,-58.030,-57.795
10.704999,-57.795,-57.561,-57.795,-57.795
10.804999,-57.561,-57.795,-58.030,-58.030
10.904999,-57.561,-57.795,-57.795,-58.030
11.004999,-57.561,-57.795,-57.795,-58.030
11.104999,-57.561,-57.795,-57.795,-58.030
11.204999,-57.795,-57.795,-57.795,-58.030
11.304999,-57.561,-57.795,-57.795,-57.795
11.521001,-57.561,-57.795,-57.795,-58.030
11.535974,-57.561,-57.561,-57.795,-57.795
11.604999,-57.561,-57.795,-57.795,-57.795
11.704999,-57.561,-57.795,-57.795,-57.795
11.804999,-57.561,-57.795,-57.795,-58.030
11.904999,-57.795,-57.795,-57.795,-58.030
12.004999,-57.561,-58.030,-58.030,-58.030
12.104999,-57.561,-57.795,-58.030,-57.795
12.204999,-57.795,-57.795,-57.795,-58.030
12.304999,-57.795,-57.795,-58.030,-58.030
12.521001,-57.561,-57.795,-57.795,-58.030
12.535974,-57.561,-57.795,-57.795,-57.795
12.604999,-57.561,-57.795,-58.030,-58.030
12.704999,-57.561,-57.795,-58.030,-58.030
12.804999,-57.795,-58.030,-57.795,-57.795
12.904999,-57.561,-57.795,-57.795,-58.030
13.004999,-57.561,-57.795,-58.030,-57.795
13.104999,-57.561,-57.795,-57.795,-58.030
13.204999,-57.561,-57.795,-58.030,-57.795
13.304999,-57.326,-57.795,-57.795,-58.030
13.520001,-57.561,-57.795,-57.795,-57.795
13.534974,-57.561,-57.795,-57.795,-57.795
13.604999,-57.561,-57.795,-57.795,-58.030
13.704999,-57.561,-57.795,-57.795,-58.264
13.804999,-57.561,-57.795,-57.795,-58.030
13.904999,-57.561,-57.795,-57.795,-58.030
14.004999,-57.795,-57.795,-57.795,-58.030
14.104999,-57.326,-57.795,-57.795,-57.795
14.204999,-57.561,-58.030,-57.795,-58.030
14.304999,-57.561,-57.795,-58.030,-57.795
14.521000,-57.561,-57.795,-57.795,-58.030
14.535974,-57.561,-57.795,-57.795,-58.030
14.604999,-57.561,-57.795,-57.795,-57.795
14.704999,-57.795,-57.795,-57.795,-57.795
14.804999,-57.561,-57.795,-58.030,-58.030
14.904999,-57.561,-57.795,-58.030,-58.030
15.004999,-57.561,-57.795,-57.795,-57.795
15.104999,-57.795,-58.030,-57.795,-58.030
15.204999,-57.561,-58.030,-57.795,-58.030
15.304999,-57.561,-57.795,-58.030,-57.795
15.521001,-57.326,-57.795,-57.795,-58.264
15.535974,-57.561,-57.795,-57.795,-57.795
15.604999,-57.326,-57.795,-57.795,-58.030
15.704999,-57.561,-57.795,-57.795,-57.795
15.804999,-57.561,-57.561,-58.030,-58.030
15.904999,-57.561,-58.030,-57.795,-57.795
16.004999,-57.561,-57.795,-58.030,-58.030
16.104999,-57.561,-57.795,-58.030,-58.030
16.204999,-57.561,-57.795,-57.795,-58.030
16.304999,-57.795,-57.561,-57.795,-57.795
16.521001,-57.795,-58.030,-57.795,-58.030
16.535974,-57.795,-57.795,-58.030,-58.030
16.604999,-57.561,-57.795,-58.030,-57.795
16.704999,-57.326,-57.795,-58.030,-58.030
16.804999,-57.795,-58.030,-57.795,-58.030
16.904999,-57.561,-57.795,-57.795,-58.030
17.004999,-57.561,-57.795,-57.795,-57.795
17.104999,-57.326,-57.561,-57.795,-57.561
17.204999,-57.561,-57.795,-58.030,-58.030
17.304999,-57.561,-57.795,-58.030,-58.030
17.521000,-57.326,-57.795,-57.561,-58.030
17.535974,-57.561,-57.795,-57.795,-58.030
17.604999,-57.326,-57.795,-58.030,-58.030
17.704999,-57.561,-57.795,-57.795,-58.030
17.804999,-57.561,-57.795,-58.030,-58.030
17.904999,-57.561,-57.795,-57.795,-58.030
18.004999,-57.561,-57.795,-57.795,-57.795
18.104999,-57.561,-57.795,-57.795,-57.795
18.204999,-57.795,-57.795,-57.795,-57.795
18.304999,-57.561,-57.795,-58.030,-57.795
18.520000,-57.795,-57.795,-58.030,-58.030
18.534974,-57.561,-57.795,-58.030,-58.030
18.604999,-57.561,-57.795,-57.795,-58.030
18.704999,-57.561,-58.030,-58.030,-58.030
18.804999,-57.326,-57.795,-58.030,-58.030
18.904999,-57.561,-57.795,-58.030,-58.030
19.004999,-57.561,-57.795,-58.030,-58.030
19.104999,-57.561,-57.795,-57.795,-58.030
19.204999,-57.561,-57.795,-58.030,-57.795
19.304999,-57.561,-57.795,-58.030,-58.030
19.521001,-57.326,-58.030,-57.795,-58.030
19.535974,-57.795,-57.795,-57.795,-58.264
19.604999,-57.561,-57.795,-58.030,-58.030
19.704999,-57.561,-57.795,-58.030,-58.030
19.804999,-57.795,-58.030,-57.795,-57.795
19.904999,-57.795,-57.795,-57.795,-57.795
20.004999,-57.561,-57.795,-57.795,-58.030
20.104999,-57.561,-57.795,-57.795,-58.030
20.204999,-57.326,-57.795,-58.030,-58.264
20.304999,-57.561,-57.795,-58.030,-58.030
20.521001,-57.561,-57.795,-57.795,-58.030
20.535974,-57.561,-57.795,-58.030,-58.030
20.604999,-57.561,-57.795,-57.795,-58.030
20.704999,-57.561,-57.795,-58.030,-57.795
20.804999,-57.561,-57.795,-58.030,-58.030
20.904999,-57.561,-57.795,-57.795,-57.795
21.004999,-57.561,-57.795,-57.795,-58.030
21.104999,-57.561,-57.795,-57.795,-58.030
21.204999,-57.561,-57.795,-58.030,-58.030
21.304999,-57.561,-57.795,-57.795,-58.030
21.521000,-57.561,-57.795,-57.795,-58.030
21.535974,-57.561,-57.795,-58.030,-58.030
21.604999,-57.561,-58.030,-57.795,-58.030
21.704999,-57.326,-57.795,-57.795,-57.795
21.804999,-57.561,-57.795,-57.795,-58.030
21.904999,-57.326,-57.795,-57.795,-58.030
22.004999,-57.561,-57.795,-57.795,-58.030
22.104999,-57.561,-57.795,-57.795,-57.561
22.204999,-57.795,-57.795,-57.795,-57.795
22.304999,-57.795,-57.795,-57.795,-58.030
22.521001,-57.561,-57.795,-57.795,-58.030
22.535974,-57.561,-57.795,-57.795,-57.795
22.604999,-57.561,-58.030,-57.795,-57.795
22.704999,-57.561,-57.561,-57.795,-58.264
22.804999,-57.795,-57.795,-57.561,-57.795
22.904999,-57.561,-58.030,-58.030,-58.264
23.004999,-57.561,-57.795,-57.795,-57.795
23.104999,-57.561,-57.795,-58.030,-57.795
23.204999,-57.561,-57.795,-57.795,-58.030
23.304999,-57.561,-58.030,-57.795,-57.795
23.521000,-57.561,-57.795,-57.795,-58.030
23.535974,-57.561,-57.795,-58.030,-58.030
23.604999,-57.561,-57.795,-57.795,-58.030
23.704999,-57.561,-57.795,-57.795,-58.030
23.804999,-57.561,-57.795,-58.030,-58.030
23.904999,-57.561,-57.561,-58.030,-58.030
24.004999,-57.561,-57.795,-58.030,-57.795
24.104999,-57.561,-57.795,-57.795,-58.030
24.204999,-57.561,-57.795,-57.795,-58.030
24.304999,-57.561,-58.030,-57.795,-57.795
24.521001,-57.561,-57.795,-58.030,-58.030
24.535974,-57.561,-58.030,-57.795,-58.030
24.604999,-57.561,-57.795,-57.795,-58.030
24.704999,-57.561,-57.795,-57.795,-58.030
24.804999,-57.561,-57.795,-58.030,-58.030
24.904999,-57.795,-57.795,-57.795,-57.795
25.004999,-57.561,-57.795,-57.795,-58.030
25.104999,-57.795,-57.795,-57.795,-58.030
25.204999,-57.561,-57.795,-57.795,-58.030
25.304999,-57.561,-57.795,-57.795,-58.030
25.521000,-57.561,-57.795,-57.795,-57.795
25.535974,-57.561,-57.795,-57.561,-57.795
25.604999,-57.561,-57.795,-57.795,-57.795
25.704999,-57.561,-57.795,-57.795,-58.030
25.804999,-57.561,-57.795,-57.795,-58.030
25.904999,-57.561,-57.561,-57.795,-57.795
26.004999,-57.561,-57.795,-57.795,-58.030
26.104999,-57.561,-57.795,-57.795,-58.030
26.204999,-57.561,-58.030,-57.795,-58.030
26.304999,-57.561,-57.795,-57.795,-57.795
26.520000,-57.795,-57.795,-57.795,-57.795
26.534974,-57.795,-57.795,-57.795,-58.030
26.604999,-57.561,-57.795,-57.795,-57.795
26.704999,-57.561,-57.795,-58.030,-57.795
26.804999,-57.561,-57.795,-57.795,-58.030
26.904999,-57.795,-57.795,-57.795,-58.030
27.004999,-57.561,-58.030,-57.795,-57.795
27.104999,-57.561,-57.795,-57.795,-57.795
27.204999,-57.561,-57.795,-57.795,-58.030
27.304999,-57.561,-57.561,-57.795,-58.030
27.521000,-57.561,-57.795,-57.795,-58.030
27.535974,-57.795,-57.795,-57.561,-57.795
27.604999,-57.561,-57.795,-57.795,-58.030
27.704999,-57.561,-57.795,-57.795,-57.795
27.804999,-57.561,-57.795,-57.795,-57.795
27.904999,-57.561,-58.030,-57.795,-57.795
28.004999,-57.795,-57.795,-58.030,-57.795
28.104999,-57.326,-57.795,-58.030,-58.030
28.204999,-57.561,-57.795,-57.795,-58.030
28.304999,-57.561,-57.795,-57.795,-58.030
28.521000,-57.326,-57.795,-57.795,-57.795
28.535974,-57.561,-57.795,-57.795,-57.795
28.604999,-57.795,-57.795,-57.795,-58.030
28.704999,-57.561,-57.795,-57.795,-58.030
28.804999,-57.561,-57.795,-57.795,-58.030
28.904999,-57.561,-57.795,-58.030,-57.795
29.004999,-57.561,-57.795,-58.030,-57.795
29.104999,-57.326,-57.795,-58.030,-57.795
29.204999,-57.326,-57.795,-57.561,-57.795
29.304999,-57.561,-58.030,-58.030,-58.030
29.521000,-57.326,-57.795,-58.030,-57.795
29.535974,-57.561,-58.030,-57.795,-57.795
29.604999,-57.561,-57.795,-57.795,-58.030
29.704999,-57.561,-57.795,-57.795,-58.030
29.804999,-57.561,-57.795,-58.030,-58.030
29.904999,-57.561,-57.795,-57.795,-57.795
30.004999,-57.561,-57.795,-57.795,-58.030
30.104999,-57.561,-57.795,-57.795,-57.795
30.204999,-57.561,-57.795,-57.795,-57.795
30.304999,-57.561,-57.795,-57.795,-58.030
30.521001,-57.561,-58.030,-57.795,-57.795
30.535974,-57.561,-57.795,-57.795,-57.795
30.604999,-57.561,-57.795,-58.030,-58.030
30.704999,-57.561,-57.561,-57.795,-58.030
30.804999,-57.561,-57.795,-58.030,-58.030
30.904999,-57.561,-58.030,-58.030,-57.795
31.004999,-57.561,-57.795,-57.795,-58.030
31.104999,-57.561,-57.795,-57.795,-57.795
31.204999,-57.561,-58.030,-57.795,-58.030
31.304999,-57.561,-57.795,-57.795,-58.030
31.520000,-57.561,-57.795,-57.795,-58.030
31.534974,-57.561,-57.795,-57.795,-58.030
31.604999,-57.561,-57.795,-58.030,-58.264
31.704999,-57.561,-57.561,-57.795,-58.030
31.804999,-57.795,-57.795,-57.795,-58.030
31.904999,-57.561,-57.795,-57.795,-57.795
32.004999,-57.561,-57.795,-57.795,-57.795
32.104999,-57.561,-57.561,-57.795,-57.795
32.204999,-57.795,-57.795,-57.795,-58.030
32.304999,-57.795,-57.795,-57.795,-58.030
32.521001,-57.561,-57.795,-58.030,-58.030
32.535974,-57.326,-57.795,-58.030,-58.030
32.604999,-57.561,-58.030,-57.795,-57.795
32.704999,-57.561,-58.030,-57.795,-57.795
32.804999,-57.326,-57.795,-57.795,-57.795
32.904999,-57.561,-57.795,-57.795,-57.795
33.004999,-57.561,-57.795,-58.030,-58.030
33.104999,-57.561,-58.030,-57.795,-57.795
33.204999,-57.561,-57.795,-57.795,-58.030
33.304999,-57.561,-57.795,-57.795,-58.030
33.521000,-57.561,-58.030,-57.795,-58.030
33.535974,-57.561,-58.030,-58.030,-58.030
33.604999,-57.561,-58.030,-57.795,-57.795
33.704999,-57.561,-57.795,-57.795,-57.795
33.804999,-57.561,-57.795,-57.795,-57.795
33.904999,-57.561,-57.795,-58.030,-58.030
34.004999,-57.795,-57.795,-57.795,-58.030
34.104999,-57.561,-57.795,-57.795,-58.030
34.204999,-57.561,-57.795,-57.795,-58.030
34.304999,-57.561,-57.795,-57.795,-57.795
34.521000,-57.561,-57.561,-57.795,-58.030
34.535974,-57.326,-57.561,-57.795,-57.795
34.604999,-57.561,-57.795,-57.795,-57.795
34.704999,-57.326,-57.795,-57.795,-57.795
34.804999,-57.561,-57.795,-58.030,-57.795
34.904999,-57.561,-57.795,-57.795,-58.030
35.004999,-57.795,-57.795,-57.795,-57.795
35.104999,-57.561,-57.795,-57.795,-58.030
35.204999,-57.561,-57.795,-58.030,-57.795
35.304999,-57.561,-57.795,-57.561,-57.795
35.521000,-57.795,-57.561,-58.030,-58.030
35.535974,-57.561,-58.030,-57.795,-57.795
35.604999,-57.561,-58.030,-58.030,-57.795
35.704999,-57.795,-57.795,-58.030,-58.030
35.804999,-57.561,-57.795,-57.795,-57.795
35.904999,-57.795,-57.795,-57.795,-58.030
36.004999,-57.561,-57.795,-57.795,-57.795
36.104999,-57.561,-57.795,-57.795,-58.030
36.204999,-57.561,-57.795,-57.795,-57.795
36.304999,-57.561,-57.795,-57.561,-58.030
36.521000,-57.561,-57.795,-58.030,-57.795
36.535974,-57.561,-57.795,-57.795,-57.795
36.604999,-57.326,-57.795,-58.030,-57.795
36.704999,-57.561,-57.561,-57.795,-58.030
36.804999,-57.795,-57.795,-57.561,-58.030
36.904999,-57.326,-57.795,-57.795,-57.795
37.004999,-57.561,-57.795,-57.795,-58.030
37.104999,-57.561,-57.795,-57.795,-58.030
37.204999,-57.561,-57.561,-57.795,-57.795
37.304999,-57.561,-58.030,-57.795,-57.795
37.521000,-57.561,-57.795,-57.795,-58.030
37.535974,-57.561,-57.795,-58.030,-57.795
37.604999,-57.561,-57.795,-58.030,-57.795
37.704999,-57.561,-57.795,-58.030,-57.795
37.804999,-57.561,-57.795,-57.795,-57.795
37.904999,-57.561,-57.795,-57.795,-58.030
38.004999,-57.561,-57.795,-57.795,-57.795
38.104999,-57.326,-57.795,-57.795,-57.795
38.204999,-57.326,-57.795,-58.030,-58.030
38.304999,-57.326,-57.795,-58.030,-58.030
38.521000,-57.561,-57.795,-57.795,-57.795
38.535974,-57.326,-57.795,-57.795,-58.030
38.604999,-57.561,-57.795,-58.030,-57.795
38.704999,-57.561,-57.795,-57.795,-57.795
38.804999,-57.561,-57.795,-57.795,-58.030
38.904999,-57.561,-57.795,-57.795,-58.030
39.004999,-57.561,-57.795,-57.795,-58.030
39.104999,-57.561,-57.795,-57.795,-58.030
39.204999,-57.561,-57.795,-57.795,-58.030
39.304999,-57.561,-57.795,-58.030,-58.030
39.520000,-57.561,-57.795,-57.795,-57.795
39.534974,-57.326,-57.795,-57.795,-58.030
39.604999,-57.795,-57.795,-58.030,-58.030
39.704999,-57.561,-57.561,-58.030,-58.030
39.804999,-57.561,-57.795,-57.795,-57.795
39.904999,-57.561,-57.795,-58.030,-58.030
40.004999,-57.561,-57.795,-57.795,-58.030
40.104999,-57.561,-58.030,-57.795,-58.030
40.204999,-57.561,-57.795,-57.795,-57.795
40.304999,-57.326,-57.795,-57.561,-58.030
40.521000,-57.561,-57.795,-57.795,-58.030
40.535974,-57.561,-57.561,-57.795,-58.030
40.604999,-57.561,-57.795,-57.795,-58.030
40.704999,-57.561,-58.030,-57.795,-57.795
40.804999,-57.561,-57.795,-57.795,-58.030
40.904999,-57.795,-57.795,-57.795,-57.795
41.004999,-57.561,-57.795,-57.795,-58.030
41.104999,-57.561,-58.030,-58.030,-58.030
41.204999,-57.561,-57.795,-57.795,-58.030
41.304999,-57.561,-57.795,-57.795,-57.795
41.521000,-57.561,-58.030,-57.795,-58.030
41.535974,-57.561,-57.795,-57.795,-58.030
41.604999,-57.561,-57.795,-57.795,-57.795
41.704999,-57.561,-57.795,-57.795,-58.030
41.804999,-57.795,-57.795,-57.795,-58.030
41.904999,-57.561,-57.795,-57.795,-58.030
42.004999,-57.561,-58.030,-58.030,-57.795
42.104999,-57.326,-58.030,-57.795,-57.795
42.204999,-57.561,-57.795,-57.795,-58.030
42.304999,-57.561,-57.795,-57.795,-57.795
42.521000,-57.561,-57.795,-58.030,-58.030
42.535974,-57.561,-57.561,-57.795,-58.030
42.604999,-57.795,-57.795,-58.030,-57.795
42.704999,-57.795,-57.795,-58.030,-58.030
42.804999,-57.561,-57.795,-57.795,-57.795
42.904999,-57.561,-57.795,-57.795,-57.795
43.004999,-57.561,-57.795,-58.030,-58.030
43.104999,-57.561,-57.795,-57.795,-57.795
43.204999,-57.561,-57.795,-57.795,-58.030
43.304999,-57.795,-57.795,-57.795,-57.795
43.521000,-57.561,-57.795,-57.795,-57.795
43.535974,-57.561,-57.795,-57.795,-58.030
43.604999,-57.561,-57.795,-57.795,-58.030
43.704999,-57.561,-57.795,-57.795,-57.795
43.804999,-57.326,-58.030,-57.561,-57.795
43.904999,-57.561,-57.795,-57.795,-57.795
44.004999,-57.561,-57.795,-57.795,-58.030
44.104999,-57.795,-57.795,-57.795,-58.030
44.204999,-57.561,-57.795,-57.795,-58.030
44.304999,-57.561,-57.795,-58.030,-57.795
44.520000,-57.561,-57.561,-57.795,-57.795
44.534974,-57.561,-57.561,-57.795,-58.030
44.604999,-57.561,-57.795,-57.795,-57.795
44.704999,-57.561,-57.795,-57.795,-58.030
44.804999,-57.561,-57.795,-58.030,-58.030
44.904999,-57.561,-57.795,-57.795,-58.030
45.004999,-57.561,-57.795,-57.795,-58.030
45.104999,-57.561,-57.795,-58.030,-58.030
45.204999,-57.561,-57.795,-57.795,-58.030
45.304999,-57.561,-57.795,-57.795,-58.030
45.521001,-57.561,-57.795,-58.030,-57.795
45.535974,-57.561,-57.795,-57.795,-58.030
45.604999,-57.561,-57.795,-57.795,-57.795
45.704999,-57.561,-58.030,-57.795,-58.030
45.804999,-57.561,-57.795,-57.561,-58.030
45.904999,-57.561,-57.795,-57.795,-58.030
46.004999,-57.326,-57.795,-57.795,-58.030
46.104999,-57.326,-57.795,-57.795,-57.795
46.204999,-57.561,-57.561,-57.795,-57.795
46.304999,-57.561,-57.795,-57.795,-58.030
46.521000,-57.326,-57.561,-58.030,-57.795
46.535974,-57.561,-57.795,-57.795,-58.030
46.604999,-57.561,-58.030,-57.795,-57.795
46.704999,-57.795,-57.561,-57.795,-57.795
46.804999,-57.561,-57.795,-58.030,-58.030
46.904999,-57.561,-57.795,-57.795,-58.030
47.004999,-57.326,-57.561,-57.795,-57.795
47.104999,-57.326,-57.795,-57.795,-57.795
47.204999,-57.795,-57.561,-57.561,-58.030
47.304999,-57.561,-57.561,-57.795,-57.795
47.521000,-57.561,-57.795,-58.030,-58.030
47.535974,-57.561,-57.795,-58.030,-57.795
47.604999,-57.561,-58.030,-57.795,-57.795
47.704999,-57.561,-58.030,-57.795,-58.030
47.804999,-57.561,-57.795,-57.795,-58.030
47.904999,-57.561,-57.795,-57.795,-58.030
48.004999,-57.561,-57.795,-57.795,-58.030
48.104999,-57.795,-57.795,-57.795,-57.795
48.204999,-57.561,-58.030,-57.795,-57.795
48.304999,-57.561,-57.561,-57.795,-58.030
48.521000,-57.561,-57.795,-57.795,-57.795
48.535974,-57.561,-57.795,-58.030,-58.030
48.604999,-57.561,-57.561,-57.795,-58.030
48.704999,-57.326,-57.795,-57.561,-58.030
48.804999,-57.326,-57.795,-57.795,-57.795
48.904999,-57.561,-57.795,-57.795,-57.795
49.004999,-57.561,-57.795,-57.795,-58.030
49.104999,-57.561,-57.795,-57.795,-58.030
49.204999,-57.561,-57.795,-58.030,-57.795
49.304999,-57.561,-57.795,-57.795,-58.030
49.521000,-57.561,-57.795,-58.030,-58.030
49.535974,-57.326,-57.795,-57.561,-58.030
49.604999,-57.561,-57.795,-57.795,-58.030
49.704999,-57.561,-57.795,-58.030,-58.030
49.804999,-57.561,-57.795,-57.795,-58.030
49.904999,-57.561,-57.795,-58.030,-58.030
50.004999,-57.561,-57.795,-57.561,-57.795
50.104999,-57.561,-57.561,-57.795,-57.795
50.204999,-57.561,-57.795,-57.795,-58.030
50.304999,-57.561,-57.795,-57.795,-58.030
50.521000,-57.795,-58.030,-57.795,-58.030
50.535974,-57.561,-57.795,-57.795,-57.795
50.604999,-57.795,-57.795,-57.795,-58.030
50.704999,-57.561,-57.561,-58.030,-58.030
50.804999,-57.561,-57.561,-57.795,-57.795
50.904999,-57.561,-57.795,-57.795,-57.795
51.004999,-57.561,-57.795,-57.795,-57.795
51.104999,-57.561,-57.795,-57.795,-58.030
51.204999,-57.561,-57.795,-58.030,-58.030
51.304999,-57.561,-57.795,-57.795,-57.795
51.521001,-57.561,-57.795,-57.795,-57.795
51.535974,-57.326,-57.795,-57.795,-58.030
51.604999,-57.561,-57.795,-57.795,-57.795
51.704999,-57.561,-57.795,-58.030,-58.030
51.804999,-57.561,-57.795,-57.561,-58.030
51.904999,-57.561,-57.561,-57.795,-58.030
52.004999,-57.561,-57.795,-57.795,-58.030
52.104999,-57.561,-57.795,-57.795,-58.030
52.204999,-57.326,-57.795,-57.795,-57.795
52.304999,-57.561,-57.795,-57.795,-58.030
52.520000,-57.561,-57.561,-57.795,-58.030
52.534974,-57.561,-57.795,-58.030,-58.030
52.604999,-57.795,-57.795,-58.030,-58.030
52.704999,-57.326,-57.795,-57.795,-58.030
52.804999,-57.561,-57.795,-57.561,-57.795
52.904999,-57.326,-57.795,-57.795,-57.795
53.004999,-57.561,-57.561,-57.561,-58.030
53.104999,-57.561,-57.795,-58.030,-57.795
53.204999,-57.561,-57.795,-58.030,-57.795
53.304999,-57.561,-57.795,-57.795,-57.795
53.521000,-57.561,-57.795,-57.795,-58.030
53.535974,-57.561,-57.561,-57.795,-57.795
53.604999,-57.326,-57.561,-57.795,-57.795
53.704999,-57.561,-57.795,-57.795,-58.030
53.804999,-57.561,-57.561,-57.795,-58.030
53.904999,-57.561,-57.795,-58.030,-58.030
54.004999,-57.561,-57.561,-57.795,-57.795
54.104999,-57.561,-57.795,-57.795,-57.795
54.204999,-57.561,-57.795,-58.030,-58.030
54.304999,-57.561,-57.795,-58.030,-58.030
54.521001,-57.561,-57.795,-57.795,-57.795
54.535974,-57.561,-57.795,-57.795,-58.030
54.604999,-57.795,-57.795,-58.030,-58.030
54.704999,-57.561,-57.795,-57.795,-57.795
54.804999,-57.326,-57.795,-57.795,-57.795
54.904999,-57.561,-57.795,-57.795,-58.030
55.004999,-57.795,-57.795,-57.795,-58.030
55.104999,-57.561,-57.795,-58.030,-58.030
55.204999,-57.561,-57.795,-57.795,-58.030
55.304999,-57.795,-57.795,-57.795,-58.030
55.521000,-57.561,-57.795,-57.795,-58.030
55.535974,-57.795,-57.795,-57.795,-58.030
55.604999,-57.561,-57.795,-57.795,-57.795
55.704999,-57.561,-57.795,-57.795,-57.795
55.804999,-57.795,-57.795,-58.030,-57.795
55.904999,-57.795,-57.795,-58.030,-57.795
56.004999,-57.561,-57.795,-57.795,-57.795
56.104999,-57.561,-57.795,-57.795,-57.795
56.204999,-57.561,-57.795,-58.030,-57.795
56.304999,-57.561,-57.795,-57.795,-58.030
56.521000,-57.326,-57.561,-58.030,-57.795
56.535974,-57.561,-57.795,-57.795,-58.030
56.604999,-57.561,-57.795,-57.795,-57.795
56.704999,-57.561,-57.561,-58.030,-58.030
56.804999,-57.326,-57.795,-57.795,-58.030
56.904999,-57.561,-57.795,-57.561,-58.030
57.004999,-57.561,-57.795,-57.795,-57.795
57.104999,-57.561,-57.795,-58.030,-58.030
57.204999,-57.326,-57.795,-57.795,-58.030
57.304999,-57.795,-57.795,-57.561,-58.030
57.520000,-57.561,-58.030,-57.795,-58.030
57.534974,-57.561,-57.795,-57.795,-57.795
57.604999,-57.795,-57.795,-57.795,-58.030
57.704999,-57.326,-57.561,-58.030,-58.030
57.804999,-57.561,-57.795,-57.795,-57.795
57.904999,-57.561,-57.561,-57.795,-57.795
58.004999,-57.326,-57.795,-57.795,-58.030
58.104999,-57.561,-57.561,-58.030,-58.030
58.204999,-57.561,-57.795,-57.795,-58.030
58.304999,-57.561,-57.561,-57.795,-58.030
58.521001,-57.561,-57.795,-58.030,-58.030
58.549611,-57.795,-57.795,-57.795,-57.795
58.604999,-57.561,-58.030,-57.795,-58.030
58.704999,-57.561,-57.795,-57.795,-57.795
58.804999,-57.326,-57.795,-58.030,-58.030
58.904999,-57.561,-57.795,-57.795,-58.030
59.004999,-57.561,-57.795,-57.795,-57.795
59.104999,-57.561,-57.795,-57.795,-58.030
59.204999,-57.561,-57.561,-57.795,-58.030
59.304999,-57.561,-57.795,-58.030,-57.795
59.521000,-57.561,-57.795,-57.795,-58.030
59.535974,-57.561,-57.795,-57.795,-58.030
59.604999,-57.561,-57.561,-58.030,-57.795
59.704999,-57.326,-57.795,-57.795,-58.030
59.804999,-57.561,-57.795,-57.795,-57.795
59.904999,-57.795,-58.030,-58.030,-57.795
60.004999,-57.326,-57.795,-57.795,-58.030
60.104999,-57.561,-58.030,-57.795,-58.030
60.204999,-57.561,-57.795,-58.030,-57.795
60.304999,-57.561,-57.795,-58.030,-58.030
60.521000,-57.561,-57.795,-58.030,-58.030
60.535974,-57.561,-57.795,-58.030,-58.030
60.604999,-57.561,-57.795,-57.795,-57.795
60.704999,-57.561,-58.030,-57.795,-58.264
60.804999,-57.326,-57.795,-57.795,-58.030
60.904999,-57.326,-57.795,-58.030,-57.795
61.004999,-57.561,-57.795,-57.795,-57.795
61.104999,-57.561,-57.561,-58.030,-58.264
61.204999,-57.561,-57.795,-58.030,-57.795
61.304999,-57.326,-57.795,-57.795,-58.030
61.521000,-57.561,-57.795,-58.030,-58.030
61.535974,-57.561,-57.795,-57.795,-57.795
61.604999,-57.561,-57.795,-57.561,-57.795
61.704999,-57.561,-57.795,-57.795,-57.795
61.804999,-57.561,-57.795,-57.795,-58.030
61.904999,-57.795,-57.795,-57.795,-58.030
62.004999,-57.561,-57.795,-57.795,-58.030
62.104999,-57.326,-57.795,-57.795,-58.030
62.204999,-57.561,-57.795,-57.795,-57.795
62.304999,-57.561,-57.561,-58.030,-58.030
62.521000,-57.561,-57.795,-57.795,-58.030
62.535974,-57.795,-57.795,-57.561,-57.795
62.604999,-57.561,-58.030,-58.264,-57.795
62.704999,-57.795,-57.795,-57.795,-57.795
62.804999,-57.561,-57.795,-57.795,-57.795
62.904999,-57.561,-57.795,-57.795,-58.030
63.004999,-57.561,-57.795,-57.795,-57.795
63.104999,-57.561,-58.030,-58.030,-58.030
63.204999,-57.561,-58.030,-57.795,-57.795
63.304999,-57.326,-57.795,-58.030,-58.030
63.521000,-57.561,-57.795,-58.030,-58.030
63.535974,-57.795,-57.795,-58.030,-58.030
63.604999,-57.326,-58.030,-57.795,-58.030
63.704999,-57.561,-57.795,-57.795,-57.795
63.804999,-57.795,-57.795,-57.795,-58.030
63.904999,-57.795,-57.561,-57.561,-58.030
64.004999,-57.326,-57.795,-57.795,-57.795
64.104999,-57.561,-57.795,-58.030,-58.030
64.204999,-57.561,-58.030,-58.030,-57.561
64.304999,-57.561,-57.795,-57.795,-57.795
64.521000,-57.561,-57.795,-57.795,-57.795
64.535974,-57.561,-57.795,-57.795,-58.030
64.604999,-57.561,-57.795,-57.795,-58.030
64.704999,-57.561,-57.795,-57.795,-57.795
64.804999,-57.561,-57.795,-57.795,-58.030
64.904999,-57.561,-57.795,-57.795,-58.030
65.004999,-57.561,-58.030,-57.795,-58.030
65.104999,-57.326,-57.795,-58.030,-58.030
65.204999,-57.561,-57.795,-57.795,-57.795
65.304999,-57.561,-57.795,-57.795,-58.030
65.520000,-57.561,-57.795,-57.795,-57.795
65.534974,-57.561,-57.795,-57.795,-58.030
65.604999,-57.561,-57.795,-58.030,-58.030
65.704999,-57.561,-57.795,-58.030,-57.795
65.804999,-57.326,-57.795,-58.030,-58.030
65.904999,-57.561,-57.795,-57.795,-57.795
66.004999,-57.561,-57.795,-57.795,-58.030
66.104999,-57.561,-57.795,-58.030,-58.030
66.204999,-57.561,-57.561,-58.030,-57.795
66.304999,-57.561,-57.795,-58.030,-58.030
66.521000,-57.561,-57.795,-57.795,-57.795
66.535974,-57.561,-57.795,-57.795,-58.030
66.604999,-57.326,-57.795,-57.795,-58.030
66.704999,-57.795,-57.561,-57.795,-58.030
66.804999,-57.561,-57.795,-57.795,-57.795
66.904999,-57.561,-57.795,-57.795,-57.795
67.004999,-57.561,-57.795,-57.795,-57.795
67.104999,-57.326,-57.795,-58.030,-58.030
67.204999,-57.326,-57.795,-58.030,-58.030
67.304999,-57.561,-57.795,-57.561,-58.030
67.521000,-57.561,-57.561,-57.795,-57.795
67.535974,-57.561,-57.795,-57.795,-57.795
67.604999,-57.561,-57.795,-57.795,-57.795
67.704999,-57.561,-57.795,-57.795,-58.030
67.804999,-57.795,-57.561,-57.795,-58.030
67.904999,-57.326,-57.795,-57.795,-58.030
68.004999,-57.561,-57.795,-57.795,-58.030
68.104999,-57.561,-58.030,-57.795,-57.795
68.204999,-57.326,-58.030,-57.795,-58.030
68.304999,-57.561,-57.795,-57.795,-58.030
68.521000,-57.561,-57.561,-57.795,-58.030
68.535974,-57.561,-57.561,-57.795,-58.030
68.604999,-57.561,-57.561,-58.030,-57.795
68.704999,-57.561,-57.795,-57.795,-58.030
68.804999,-57.561,-57.561,-57.795,-58.030
68.904999,-57.561,-57.561,-57.795,-58.030
69.004999,-57.561,-57.561,-57.795,-58.030
69.104999,-57.561,-57.795,-57.561,-58.030
69.204999,-57.561,-57.795,-57.795,-57.795
69.304999,-57.561,-57.326,-58.030,-58.030
69.521000,-57.561,-57.561,-57.795,-57.795
69.535974,-57.561,-57.795,-57.795,-58.030
69.604999,-57.561,-57.795,-57.795,-58.030
69.704999,-57.561,-57.795,-57.795,-58.030
69.804999,-57.326,-57.795,-57.795,-58.030
69.904999,-57.561,-57.561,-57.795,-58.030
70.004999,-57.561,-57.795,-57.795,-57.795
70.104999,-57.561,-57.561,-57.561,-58.030
70.204999,-57.795,-57.561,-57.561,-58.030
70.304999,-57.795,-57.795,-57.795,-57.795
70.520000,-57.561,-57.795,-58.030,-58.030
70.534974,-57.326,-57.561,-58.030,-58.030
70.604999,-57.795,-57.795,-57.795,-58.030
70.704999,-57.326,-57.795,-57.795,-57.795
70.804999,-57.561,-57.795,-57.795,-58.030
70.904999,-57.561,-57.561,-58.030,-57.795
71.004999,-57.561,-57.561,-57.795,-58.030
71.104999,-57.795,-57.795,-57.795,-57.795
71.204999,-57.795,-57.561,-57.795,-57.795
71.304999,-57.561,-57.795,-58.030,-58.030
71.521000,-57.561,-57.795,-57.795,-58.030
71.535974,-57.561,-57.795,-57.795,-58.030
71.604999,-57.561,-57.795,-57.795,-58.030
71.704999,-57.561,-57.795,-58.030,-57.795
71.804999,-57.561,-57.795,-57.795,-57.795
71.904999,-57.326,-57.795,-57.795,-57.795
72.004999,-57.561,-57.795,-58.030,-58.030
72.104999,-57.561,-57.561,-57.795,-58.030
72.204999,-57.561,-57.561,-57.795,-58.030
72.304999,-57.326,-57.795,-57.795,-58.030
72.521001,-57.561,-57.795,-57.795,-58.030
72.535974,-57.561,-58.030,-57.795,-58.030
72.604999,-57.561,-57.795,-57.795,-58.030
72.704999,-57.561,-57.795,-57.795,-57.795
72.804999,-57.326,-57.795,-57.795,-57.795
72.904999,-57.561,-57.795,-58.030,-58.030
73.004999,-57.795,-57.795,-57.795,-57.795
73.104999,-57.561,-57.795,-57.795,-58.030
73.204999,-57.561,-57.795,-57.795,-58.030
73.304999,-57.561,-57.561,-57.795,-58.030
73.521000,-57.561,-57.795,-57.795,-57.795
73.535974,-57.561,-57.561,-57.795,-57.795
73.604999,-57.561,-57.795,-57.795,-58.030
73.704999,-57.561,-57.561,-57.795,-58.030
73.804999,-57.561,-57.561,-57.795,-58.030
73.904999,-57.561,-57.561,-57.561,-58.030
74.004999,-57.326,-57.561,-57.795,-57.795
74.104999,-57.561,-57.561,-57.795,-58.030
74.204999,-57.561,-57.561,-57.795,-58.030
74.304999,-57.561,-57.795,-57.795,-58.030
74.521000,-57.561,-57.795,-57.795,-57.795
74.535974,-57.561,-57.795,-57.795,-58.030
74.604999,-57.561,-57.795,-57.795,-57.795
74.704999,-57.561,-57.561,-57.795,-58.030
74.804999,-57.561,-57.795,-57.795,-58.030
74.904999,-57.561,-57.795,-57.795,-58.030
75.004999,-57.561,-57.561,-58.030,-57.795
75.104999,-57.795,-57.795,-58.030,-57.795
75.204999,-57.561,-57.795,-58.030,-58.030
75.304999,-57.561,-58.030,-57.795,-57.795
75.521000,-57.561,-57.795,-57.795,-58.030
75.535974,-57.561,-57.795,-57.795,-57.795
75.604999,-57.326,-57.795,-57.795,-57.795
75.704999,-57.561,-57.795,-58.030,-57.795
75.804999,-57.561,-57.561,-57.561,-58.030
75.904999,-57.561,-57.561,-57.795,-58.030
76.004999,-57.561,-57.561,-57.795,-57.795
76.104999,-57.326,-57.561,-57.795,-58.030
76.204999,-57.561,-57.561,-57.795,-57.795
76.304999,-57.561,-57.795,-57.795,-58.030
76.521000,-57.561,-57.795,-57.795,-57.795
76.535974,-57.561,-57.561,-57.795,-57.795
76.604999,-57.561,-57.795,-57.795,-58.030
76.704999,-57.561,-57.795,-57.795,-58.030
76.804999,-57.561,-57.795,-57.795,-58.030
76.904999,-57.326,-57.795,-58.030,-58.030
77.004999,-57.561,-57.561,-57.795,-57.795
77.104999,-57.561,-57.795,-57.795,-57.795
77.204999,-57.561,-57.795,-57.795,-57.795
77.304999,-57.561,-57.795,-57.795,-58.030
77.521000,-57.561,-57.795,-58.030,-58.030
77.535974,-57.561,-57.795,-58.030,-58.030
77.604999,-57.561,-57.795,-57.795,-57.795
77.704999,-57.561,-57.561,-57.795,-57.795
77.804999,-57.561,-57.795,-57.795,-58.030
77.904999,-57.326,-57.795,-57.795,-57.795
78.004999,-57.561,-57.795,-57.795,-57.795
78.104999,-57.561,-57.561,-57.795,-58.030
78.204999,-57.561,-57.795,-58.030,-58.030
78.304999,-57.561,-57.795,-57.795,-57.795
78.520001,-57.561,-57.795,-58.030,-57.795
78.534974,-57.326,-57.795,-57.795,-58.030
78.604999,-57.561,-57.795,-57.795,-58.030
78.704999,-57.795,-57.795,-57.795,-58.030
78.804999,-57.561,-57.795,-57.795,-58.030
78.904999,-57.561,-57.795,-58.030,-57.795
79.004999,-57.561,-57.795,-57.795,-57.795
79.104999,-57.561,-57.795,-57.795,-57.795
79.204999,-57.561,-57.795,-58.030,-58.030
79.304999,-57.795,-57.795,-57.561,-58.030
79.521000,-57.561,-57.561,-58.030,-58.030
79.535974,-57.561,-57.795,-57.795,-57.561
79.604999,-57.561,-57.795,-57.795,-58.030
79.704999,-57.326,-57.795,-57.795,-57.795
79.804999,-57.561,-57.795,-57.795,-57.795
79.904999,-57.561,-57.795,-57.795,-58.030
80.004999,-57.561,-57.795,-58.030,-57.795
80.104999,-57.561,-57.795,-57.795,-57.795
80.204999,-57.561,-57.795,-57.795,-58.030
80.304999,-57.561,-57.795,-57.795,-57.795
80.521001,-57.326,-57.795,-58.030,-57.795
80.535974,-57.561,-57.795,-58.030,-57.795
80.604999,-57.795,-57.795,-57.795,-58.030
80.704999,-57.561,-57.795,-57.795,-57.795
80.804999,-57.561,-57.795,-57.795,-58.030
80.904999,-57.326,-57.795,-57.795,-57.795
81.004999,-57.561,-57.795,-57.795,-58.030
81.104999,-57.561,-57.795,-57.795,-58.030
81.204999,-57.561,-58.030,-57.795,-57.561
81.304999,-57.561,-57.795,-57.795,-58.030
81.521000,-57.561,-57.795,-57.795,-58.030
81.535974,-57.561,-57.795,-57.795,-57.795
81.604999,-57.561,-57.795,-57.795,-58.030
81.704999,-57.561,-57.795,-58.030,-57.795
81.804999,-57.561,-57.795,-57.795,-58.030
81.904999,-57.561,-57.795,-57.795,-58.264
82.004999,-57.561,-57.795,-57.795,-58.030
82.104999,-57.326,-57.561,-57.795,-57.795
82.204999,-57.561,-57.795,-57.795,-58.030
82.304999,-57.795,-57.561,-57.795,-58.030
82.521000,-57.561,-57.795,-57.795,-58.030
82.535974,-57.561,-57.795,-58.030,-58.030
82.604999,-57.326,-57.795,-57.795,-57.795
82.704999,-57.561,-57.561,-57.795,-58.030
82.804999,-57.561,-57.795,-57.795,-57.795
82.904999,-57.561,-57.795,-57.795,-58.030
83.004999,-57.561,-57.561,-57.795,-58.030
83.104999,-57.561,-57.795,-57.795,-58.030
83.204999,-57.795,-57.795,-57.795,-58.030
83.304999,-57.795,-57.561,-58.030,-58.030
83.520000,-57.561,-57.795,-57.795,-57.795
83.534974,-57.561,-57.795,-57.795,-58.030
83.604999,-57.561,-57.795,-57.795,-58.030
83.704999,-57.561,-57.795,-58.030,-57.795
83.804999,-57.795,-57.561,-58.030,-57.795
83.904999,-57.561,-57.795,-58.030,-57.795
84.004999,-57.561,-57.795,-58.030,-58.030
84.104999,-57.561,-57.795,-57.795,-58.030
84.204999,-57.561,-57.795,-57.795,-57.795
84.304999,-57.561,-57.795,-57.795,-58.030
84.521000,-57.561,-57.561,-57.795,-57.795
84.535974,-57.561,-58.030,-58.030,-58.030
84.604999,-57.795,-57.795,-57.795,-58.030
84.704999,-57.561,-57.795,-57.795,-57.795
84.804999,-57.326,-58.030,-57.795,-57.795
84.904999,-57.561,-57.795,-57.795,-57.795
85.004999,-57.326,-57.795,-57.795,-57.795
85.104999,-57.561,-57.795,-57.795,-58.030
85.204999,-57.561,-57.795,-57.795,-58.030
85.304999,-57.561,-57.561,-57.795,-57.795
85.521000,-57.561,-57.795,-57.795,-57.795
85.535974,-57.326,-57.795,-58.030,-57.795
85.604999,-57.561,-58.030,-57.795,-58.030
85.704999,-57.326,-57.795,-57.795,-58.030
85.804999,-57.561,-57.795,-57.795,-57.795
85.904999,-57.326,-57.795,-58.030,-58.030
86.004999,-57.561,-57.795,-57.795,-57.795
86.104999,-57.561,-57.795,-58.030,-57.561
86.204999,-57.561,-58.030,-57.795,-58.030
86.304999,-57.561,-57.795,-57.795,-57.795
86.521000,-57.561,-57.561,-57.795,-58.030
86.535974,-57.561,-57.795,-57.795,-58.030
86.604999,-57.795,-57.795,-57.795,-58.030
86.704999,-57.326,-57.795,-57.795,-58.030
86.804999,-57.561,-57.561,-57.795,-58.030
86.904999,-57.795,-57.795,-57.795,-58.030
87.004999,-57.561,-58.030,-57.795,-58.030
87.104999,-57.561,-57.795,-57.795,-58.030
87.204999,-57.561,-57.561,-57.795,-58.030
87.304999,-57.326,-58.030,-57.795,-57.795
87.521000,-57.326,-57.795,-57.795,-57.795
87.535974,-57.561,-57.795,-57.795,-57.795
87.604999,-57.561,-57.561,-57.795,-58.030
87.704999,-57.561,-57.795,-58.030,-57.795
87.804999,-57.795,-57.795,-57.795,-57.795
87.904999,-57.561,-57.561,-57.795,-58.030
88.004999,-57.561,-57.795,-57.795,-58.030
88.104999,-57.561,-57.795,-57.795,-57.795
88.204999,-57.561,-57.795,-57.795,-58.030
88.304999,-57.326,-57.561,-57.795,-58.030
88.521001,-57.561,-57.795,-57.795,-57.795
88.535974,-57.561,-57.561,-57.795,-58.030
88.604999,-57.795,-57.326,-57.795,-58.030
88.704999,-57.326,-57.561,-57.795,-58.030
88.804999,-57.561,-57.326,-58.030,-57.795
88.904999,-57.561,-57.561,-58.030,-58.030
89.004999,-57.326,-57.561,-57.795,-58.030
89.104999,-57.561,-57.326,-57.795,-58.030
89.204999,-57.795,-57.561,-57.795,-58.030
89.304999,-57.561,-57.561,-57.795,-58.030
89.521000,-57.561,-57.326,-58.030,-58.030
89.535974,-57.561,-57.561,-57.795,-58.030
89.604999,-57.561,-57.561,-57.795,-57.795
89.704999,-57.561,-57.561,-57.795,-57.795
89.804999,-57.561,-57.326,-57.795,-58.030
89.904999,-57.561,-57.326,-57.795,-58.030
90.004999,-57.561,-57.326,-57.795,-58.030
90.104999,-57.561,-57.561,-58.030,-58.030
90.204999,-57.561,-57.326,-57.795,-58.030
90.304999,-57.561,-57.326,-57.795,-58.030
90.521000,-57.561,-57.326,-57.795,-58.030
90.535974,-57.561,-57.326,-57.795,-57.795
90.604999,-57.561,-57.561,-57.795,-58.030
90.704999,-57.326,-57.561,-58.030,-57.795
90.804999,-57.561,-57.561,-57.795,-58.030
90.904999,-57.326,-57.795,-58.030,-57.795
91.004999,-57.561,-57.561,-57.795,-58.030
91.104999,-57.561,-57.326,-58.030,-57.795
91.204999,-57.561,-57.561,-57.795,-58.264
91.304999,-57.561,-57.561,-57.795,-58.030
91.520000,-57.326,-57.561,-57.795,-57.795
91.534974,-57.561,-57.326,-57.795,-57.795
91.604999,-57.561,-57.561,-57.795,-58.030
91.704999,-57.561,-57.561,-58.030,-58.030
91.804999,-57.561,-57.561,-57.795,-57.795
91.904999,-57.561,-57.326,-57.795,-57.795
92.004999,-57.795,-57.561,-57.795,-57.795
92.104999,-57.561,-57.561,-57.795,-57.795
92.204999,-57.326,-57.561,-58.030,-57.795
92.304999,-57.561,-57.561,-57.795,-57.795
92.521000,-57.561,-57.326,-57.795,-57.795
92.535974,-57.561,-57.561,-57.795,-57.795
92.604999,-57.561,-57.561,-57.795,-57.795
92.704999,-57.561,-57.795,-57.795,-57.795
92.804999,-57.561,-57.326,-58.030,-58.030
92.904999,-57.561,-57.561,-57.795,-58.030
93.004999,-57.326,-57.561,-57.795,-57.795
93.104999,-57.561,-57.561,-57.795,-58.030
93.204999,-57.561,-57.561,-57.795,-58.030
93.304999,-57.326,-57.561,-57.795,-57.795
93.521000,-57.326,-57.326,-57.561,-57.795
93.535974,-57.561,-57.561,-57.795,-58.030
93.604999,-57.561,-57.561,-57.795,-58.030
93.704999,-57.561,-57.326,-57.795,-58.030
93.804999,-57.795,-57.326,-57.795,-58.030
93.904999,-57.326,-57.561,-58.030,-58.030
94.004999,-57.561,-57.326,-57.795,-57.795
94.104999,-57.561,-57.561,-57.795,-58.030
94.204999,-57.561,-57.326,-57.795,-58.030
94.304999,-57.561,-57.561,-57.795,-58.030
94.521000,-57.561,-57.561,-57.795,-57.795
94.535974,-57.561,-57.326,-58.030,-58.030
94.604999,-57.561,-57.561,-57.795,-58.030
94.704999,-57.561,-57.561,-58.030,-58.030
94.804999,-57.561,-57.561,-57.795,-58.030
94.904999,-57.561,-57.561,-58.030,-58.030
95.004999,-57.561,-57.326,-57.795,-58.030
95.104999,-57.561,-57.561,-58.030,-57.795
95.204999,-57.561,-57.561,-57.795,-58.030
95.304999,-57.561,-57.326,-58.030,-58.030
95.521000,-57.561,-57.561,-57.795,-58.030
95.535974,-57.326,-57.561,-57.795,-58.030
95.604999,-57.326,-57.326,-57.795,-58.030
95.704999,-57.561,-57.561,-57.795,-58.030
95.804999,-57.561,-57.561,-57.795,-57.795
95.904999,-57.326,-57.561,-57.795,-58.030
96.004999,-57.561,-57.561,-57.795,-58.030
96.104999,-57.326,-57.326,-57.795,-58.030
96.204999,-57.561,-57.561,-57.795,-58.030
96.304999,-57.561,-57.561,-58.030,-57.795
96.520000,-57.561,-57.326,-57.795,-58.030
96.534974,-57.326,-57.561,-58.030,-58.030
96.604999,-57.561,-57.561,-57.795,-57.795
96.704999,-57.561,-57.561,-57.795,-58.030
96.804999,-57.561,-57.326,-57.795,-58.030
96.904999,-57.561,-57.561,-57.795,-57.795
97.004999,-57.561,-57.561,-57.795,-58.030
97.104999,-57.561,-57.326,-57.795,-58.030
97.204999,-57.561,-57.561,-58.030,-57.795
97.304999,-57.561,-57.561,-57.795,-58.030
97.521000,-57.561,-57.326,-58.030,-57.795
97.535974,-57.561,-57.326,-58.030,-57.795
97.604999,-57.561,-57.561,-57.795,-58.030
97.704999,-57.561,-57.326,-57.795,-58.030
97.804999,-57.326,-57.561,-57.795,-58.030
97.904999,-57.326,-57.326,-57.795,-58.030
98.004999,-57.561,-57.561,-57.795,-58.030
98.104999,-57.795,-57.561,-58.030,-57.795
98.204999,-57.561,-57.561,-57.795,-57.795
98.304999,-57.561,-57.326,-57.795,-58.030
98.521001,-57.561,-57.326,-57.795,-57.795
98.535974,-57.326,-57.326,-57.795,-58.030
98.604999,-57.561,-57.326,-57.795,-57.795
98.704999,-57.561,-57.326,-57.795,-58.030
98.804999,-57.561,-57.326,-57.795,-58.030
98.904999,-57.326,-57.561,-58.030,-58.030
99.004999,-57.561,-57.561,-57.795,-58.030
99.104999,-57.561,-57.326,-57.795,-58.030
99.204999,-57.561,-57.326,-57.795,-58.030
99.304999,-57.561,-57.561,-57.795,-57.795
99.521000,-57.561,-57.561,-58.030,-57.795
99.535974,-57.795,-57.326,-57.795,-57.795
99.604999,-57.561,-57.561,-58.030,-57.795
99.704999,-57.326,-57.561,-58.030,-57.795
99.804999,-57.561,-57.326,-58.030,-58.030
99.904999,-57.326,-57.326,-57.795,-58.030
100.004999,-57.326,-57.561,-57.561,-58.030
100.104999,-57.561,-57.561,-57.561,-58.030
100.204999,-57.561,-57.561,-58.030,-58.264
100.304999,-57.561,-57.561,-57.561,-57.795
100.521000,-57.561,-57.561,-57.795,-57.795
100.535974,-57.326,-57.561,-58.030,-57.795
100.604999,-57.326,-57.326,-57.795,-57.795
100.704999,-57.561,-57.326,-58.030,-58.030
100.804999,-57.561,-57.326,-57.795,-57.795
100.904999,-57.561,-57.561,-58.030,-57.795
101.004999,-57.561,-57.561,-57.795,-58.030
101.104999,-57.795,-57.561,-57.795,-57.795
101.204999,-57.561,-57.326,-58.030,-57.795
101.304999,-57.326,-57.326,-58.030,-57.795
101.521000,-57.326,-57.561,-58.030,-58.030
101.535974,-57.561,-57.561,-58.030,-58.030
101.604999,-57.561,-57.561,-58.030,-57.795
101.704999,-57.561,-57.561,-57.795,-58.030
101.804999,-57.561,-57.561,-58.030,-58.030
101.904999,-57.561,-57.561,-57.795,-58.030
102.004999,-57.561,-57.561,-57.795,-58.030
102.104999,-57.561,-57.561,-58.030,-58.030
102.204999,-57.561,-57.326,-57.795,-58.030
102.304999,-57.561,-57.326,-57.795,-58.030
102.521001,-57.561,-57.561,-57.795,-57.795
102.535974,-57.561,-57.561,-57.795,-58.030
102.604999,-57.561,-57.326,-57.795,-57.795
102.704999,-57.326,-57.561,-57.795,-58.030
102.804999,-57.561,-57.326,-57.795,-58.030
102.904999,-57.561,-57.561,-58.030,-58.030
103.004999,-57.561,-57.326,-57.795,-57.795
103.104999,-57.326,-57.561,-57.795,-57.795
103.204999,-57.326,-57.561,-57.795,-58.030
103.304999,-57.561,-57.561,-58.030,-58.030
103.521001,-57.561,-57.561,-57.795,-58.030
103.535974,-57.561,-57.326,-58.030,-57.795
103.604999,-57.561,-57.561,-58.030,-58.030
103.704999,-57.561,-57.561,-58.030,-57.795
103.804999,-57.561,-57.561,-57.795,-58.030
103.904999,-57.561,-57.561,-57.795,-57.795
104.004999,-57.326,-57.561,-57.561,-58.030
104.104999,-57.561,-57.561,-57.795,-57.795
104.204999,-57.795,-57.561,-57.795,-58.030
104.304999,-57.561,-57.561,-57.795,-58.030
104.520000,-57.795,-57.561,-57.795,-57.795
104.534974,-57.561,-57.561,-57.795,-57.795
104.604999,-57.326,-57.561,-57.795,-58.030
104.704999,-57.795,-57.561,-58.030,-57.795
104.804999,-57.561,-57.561,-58.030,-58.030
104.904999,-57.326,-57.561,-57.795,-58.030
105.004999,-57.326,-57.561,-57.795,-58.030
105.104999,-57.561,-57.561,-57.795,-58.030
105.204999,-57.561,-57.795,-57.795,-57.795
105.304999,-57.326,-57.561,-57.795,-58.030
105.521000,-57.561,-57.561,-58.030,-58.030
105.535974,-57.561,-57.326,-58.030,-57.795
105.604999,-57.561,-57.561,-57.795,-58.030
105.704999,-57.561,-57.326,-57.795,-58.030
105.804999,-57.561,-57.326,-57.795,-58.030
105.904999,-57.561,-57.561,-58.030,-57.795
106.004999,-57.561,-57.561,-58.030,-58.030
106.104999,-57.561,-57.561,-57.795,-58.030
106.204999,-57.561,-57.795,-57.795,-58.030
106.304999,-57.326,-57.561,-57.795,-57.795
106.521001,-57.561,-57.326,-57.795,-58.030
106.535974,-57.326,-57.561,-57.795,-57.795
106.604999,-57.561,-57.326,-57.795,-57.795
106.704999,-57.561,-57.561,-57.795,-57.795
106.804999,-57.326,-57.561,-58.030,-58.030
106.904999,-57.561,-57.561,-58.030,-57.795
107.004999,-57.561,-57.561,-57.795,-58.030
107.104999,-57.326,-57.326,-58.030,-57.795
107.204999,-57.561,-57.326,-57.561,-58.030
107.304999,-57.561,-57.326,-57.795,-58.030
107.521000,-57.561,-57.561,-57.795,-57.795
107.535974,-57.561,-57.561,-57.795,-57.795
107.604999,-57.561,-57.326,-58.030,-58.030
107.704999,-57.561,-57.326,-57.795,-57.795
107.804999,-57.795,-57.561,-58.030,-58.030
107.904999,-57.561,-57.561,-57.795,-58.030
108.004999,-57.326,-57.561,-58.030,-57.795
108.104999,-57.561,-57.561,-57.795,-58.030
108.204999,-57.561,-57.326,-57.795,-57.795
108.304999,-57.561,-57.561,-57.561,-58.030
108.521000,-57.561,-57.561,-57.795,-57.795
108.535974,-57.561,-57.326,-57.795,-58.030
108.604999,-57.326,-57.561,-57.795,-58.264
108.704999,-57.561,-57.561,-57.795,-57.795
108.804999,-57.561,-57.561,-58.030,-58.030
108.904999,-57.561,-57.326,-57.561,-58.030
109.004999,-57.561,-57.561,-57.795,-58.030
109.104999,-57.561,-57.326,-57.795,-58.030
109.204999,-57.326,-57.561,-57.795,-58.030
109.304999,-57.561,-57.561,-58.030,-57.795
109.520001,-57.561,-57.326,-57.795,-58.030
109.534974,-57.326,-57.326,-57.795,-58.030
109.604999,-57.561,-57.561,-57.795,-58.030
109.704999,-57.561,-57.326,-57.795,-58.030
109.804999,-57.561,-57.561,-57.795,-57.795
109.904999,-57.561,-57.561,-58.030,-57.795
110.004999,-57.561,-57.561,-57.795,-58.030
110.104999,-57.326,-57.561,-57.795,-58.030
110.204999,-57.326,-57.561,-57.795,-58.030
110.304999,-57.561,-57.561,-57.795,-57.795
110.521000,-57.561,-57.326,-57.795,-58.030
110.535974,-57.561,-57.561,-57.795,-57.795
110.604999,-57.561,-57.561,-58.030,-58.030
110.704999,-57.561,-57.326,-57.795,-57.795
110.804999,-57.561,-57.561,-58.030,-58.030
110.904999,-57.561,-57.326,-58.030,-57.795
111.004999,-57.561,-57.561,-57.795,-58.030
111.104999,-57.561,-57.561,-57.795,-58.030
111.204999,-57.561,-57.561,-57.795,-58.030
111.304999,-57.326,-57.561,-57.795,-57.795
111.521000,-57.795,-57.561,-58.030,-58.030
111.535974,-57.561,-57.561,-57.795,-58.030
111.604999,-57.795,-57.561,-57.795,-58.030
111.704999,-57.561,-57.561,-57.561,-58.030
111.804999,-57.561,-57.561,-57.795,-58.030
111.904999,-57.561,-57.561,-58.030,-58.030
112.004999,-57.561,-57.326,-58.030,-58.030
112.104999,-57.561,-57.561,-58.030,-58.030
112.204999,-57.561,-57.326,-57.795,-58.030
112.304999,-57.561,-57.561,-57.795,-57.795
112.521000,-57.561,-57.561,-57.795,-57.795
112.535974,-57.561,-57.561,-57.795,-58.030
112.604999,-57.561,-57.561,-57.795,-57.795
112.704999,-57.561,-57.326,-57.795,-58.030
112.804999,-57.561,-57.561,-57.795,-57.795
112.904999,-57.326,-57.561,-57.795,-58.264
113.004999,-57.561,-57.561,-57.795,-58.030
113.104999,-57.561,-57.326,-57.795,-58.030
113.204999,-57.326,-57.561,-57.795,-58.030
113.304999,-57.326,-57.326,-57.795,-57.795
113.521000,-57.561,-57.561,-58.030,-58.030
113.535974,-57.561,-57.326,-58.030,-57.795
113.604999,-57.561,-57.561,-57.795,-57.795
113.704999,-57.561,-57.561,-57.795,-58.030
113.804999,-57.561,-57.326,-57.795,-57.795
113.904999,-57.326,-57.561,-58.030,-57.795
114.004999,-57.795,-57.561,-57.795,-57.795
114.104999,-57.326,-57.326,-57.795,-58.030
114.204999,-57.326,-57.561,-58.030,-57.795
114.304999,-57.561,-57.326,-58.030,-57.795
114.521001,-57.326,-57.326,-57.795,-57.795
114.535974,-57.326,-57.561,-57.795,-58.030
114.604999,-57.561,-57.326,-57.795,-58.030
114.704999,-57.561,-57.326,-57.795,-57.795
114.804999,-57.561,-57.561,-58.030,-58.030
114.904999,-57.561,-57.561,-57.795,-58.030
115.004999,-57.561,-57.326,-57.795,-57.795
115.104999,-57.561,-57.561,-58.030,-58.030
115.204999,-57.561,-57.561,-58.030,-57.795
115.304999,-57.561,-57.561,-58.030,-57.795
115.521000,-57.561,-57.326,-57.795,-57.795
115.535974,-57.561,-57.561,-57.795,-58.030
115.604999,-57.561,-57.326,-57.795,-58.030
115.704999,-57.561,-57.561,-57.795,-57.795
115.804999,-57.795,-57.561,-58.030,-57.795
115.904999,-57.561,-57.561,-57.795,-58.030
116.004999,-57.561,-57.561,-57.561,-58.030
116.104999,-57.561,-57.326,-57.795,-58.030
116.204999,-57.326,-57.561,-57.795,-58.030
116.304999,-57.326,-57.561,-57.795,-58.030
116.521001,-57.561,-57.561,-57.795,-58.030
116.535974,-57.326,-57.326,-57.795,-58.030
116.604999,-57.561,-57.561,-57.795,-58.030
116.704999,-57.561,-57.561,-57.795,-57.561
116.804999,-57.561,-57.326,-57.795,-57.795
116.904999,-57.561,-57.561,-57.795,-58.030
117.004999,-57.561,-57.561,-57.795,-57.795
117.104999,-57.561,-57.326,-57.795,-57.795
117.204999,-57.561,-57.561,-57.795,-57.795
117.304999,-57.795,-57.326,-58.030,-58.030
117.520000,-57.561,-57.561,-58.030,-58.030
117.534974,-57.561,-57.561,-58.030,-57.795
117.604999,-57.561,-57.561,-57.795,-58.030
117.704999,-57.561,-57.561,-57.795,-58.030
117.804999,-57.561,-57.561,-58.030,-57.795
117.904999,-57.561,-57.326,-57.795,-58.030
118.004999,-57.561,-57.561,-57.795,-57.795
118.104999,-57.561,-57.561,-57.795,-58.030
118.204999,-57.561,-57.561,-57.561,-57.795
118.304999,-57.561,-57.561,-57.795,-57.795
118.521000,-57.326,-57.326,-57.795,-58.030
118.535974,-57.561,-57.561,-57.795,-58.030
118.604999,-57.561,-57.326,-57.795,-58.030
118.704999,-57.561,-57.326,-57.795,-58.030
118.804999,-57.326,-57.561,-57.795,-57.795
118.904999,-57.561,-57.326,-57.795,-57.795
119.004999,-57.561,-57.092,-57.795,-58.030
119.104999,-57.561,-57.561,-57.795,-57.795
119.204999,-57.561,-57.326,-57.795,-58.030
119.304999,-57.561,-57.561,-57.795,-58.264
119.521000,-57.795,-57.326,-57.561,-58.030
119.535974,-57.795,-57.561,-58.030,-58.030
119.604999,-57.561,-57.561,-57.795,-57.795
119.704999,-57.561,-57.326,-57.795,-57.795
119.804999,-57.561,-57.561,-57.561,-58.030
119.904999,-57.326,-57.561,-57.561,-57.795
120.004999,-57.326,-57.326,-58.030,-58.030
120.104999,-57.561,-57.326,-57.795,-57.795
120.204999,-57.561,-57.561,-58.030,-58.264
120.304999,-57.795,-57.326,-58.030,-57.795
120.521001,-57.561,-57.326,-57.795,-58.030
120.535974,-57.561,-57.561,-58.030,-58.030
120.604999,-57.561,-57.561,-57.795,-58.030
120.704999,-57.561,-57.326,-57.795,-58.030
120.804999,-57.326,-57.561,-57.795,-58.030
120.904999,-57.561,-57.561,-58.030,-57.795
121.004999,-57.561,-57.561,-57.795,-57.795
121.104999,-57.326,-57.561,-58.030,-57.795
121.204999,-57.326,-57.326,-57.795,-58.030
121.304999,-57.326,-57.326,-58.030,-58.030
121.521000,-57.326,-57.561,-57.795,-58.030
121.535974,-57.326,-57.326,-58.030,-57.795
121.604999,-57.561,-57.561,-58.030,-57.795
121.704999,-57.561,-57.561,-57.795,-57.795
121.804999,-57.561,-57.326,-57.795,-58.030
121.904999,-57.561,-57.326,-57.795,-58.030
122.004999,-57.326,-57.561,-57.795,-57.795
122.104999,-57.561,-57.326,-57.795,-58.030
122.204999,-57.326,-57.561,-57.795,-57.795
122.304999,-57.561,-57.561,-57.561,-58.030
122.520001,-57.561,-57.561,-57.795,-57.795
122.534974,-57.561,-57.561,-57.795,-58.030
122.604999,-57.561,-57.561,-57.795,-58.030
122.704999,-57.561,-57.326,-58.030,-57.795
122.804999,-57.561,-57.561,-57.795,-57.795
122.904999,-57.561,-57.561,-58.030,-58.030
123.004999,-57.795,-57.326,-58.030,-58.030
123.104999,-57.326,-57.795,-57.795,-57.795
123.204999,-57.561,-57.326,-58.030,-57.795
123.304999,-57.561,-57.561,-58.030,-58.030
123.521000,-57.795,-57.326,-57.795,-58.030
123.535974,-57.326,-57.561,-57.795,-57.795
123.604999,-57.326,-57.326,-58.030,-57.795
123.704999,-57.561,-57.561,-58.030,-58.030
123.804999,-57.561,-57.326,-58.030,-58.030
123.904999,-57.561,-57.561,-57.795,-58.264
124.004999,-57.561,-57.092,-58.030,-57.561
124.104999,-57.561,-57.561,-57.795,-57.795
124.204999,-57.795,-57.561,-58.030,-57.795
124.304999,-57.561,-57.561,-57.795,-58.030
124.521001,-57.561,-57.326,-57.561,-58.030
124.535974,-57.326,-57.561,-57.561,-58.030
124.604999,-57.561,-57.326,-57.795,-58.030
124.704999,-57.561,-57.561,-57.795,-58.264
124.804999,-57.326,-57.561,-58.030,-57.795
124.904999,-57.561,-57.326,-58.030,-58.030
125.004999,-57.561,-57.561,-57.795,-57.795
125.104999,-57.561,-57.561,-58.030,-58.030
125.204999,-57.561,-57.326,-57.795,-57.795
125.304999,-57.326,-57.326,-57.795,-58.030
125.521000,-57.326,-57.561,-57.795,-57.795
125.535974,-57.561,-57.326,-57.795,-57.795
125.604999,-57.326,-57.326,-58.030,-58.030
125.704999,-57.326,-57.561,-57.795,-58.264
125.804999,-57.561,-57.326,-57.795,-58.264
125.904999,-57.561,-57.326,-57.795,-58.030
126.004999,-57.561,-57.326,-58.030,-58.030
126.104999,-57.561,-57.326,-57.795,-58.030
126.204999,-57.561,-57.561,-58.030,-58.030
126.304999,-57.561,-57.561,-57.795,-58.030
126.521001,-57.561,-57.561,-57.795,-57.795
126.535974,-57.561,-57.326,-57.795,-58.030
126.604999,-57.326,-57.326,-57.795,-58.030
126.704999,-57.561,-57.326,-58.030,-58.030
126.804999,-57.795,-57.561,-57.795,-58.030
126.904999,-57.561,-57.326,-57.795,-57.795
127.004999,-57.561,-57.561,-57.795,-57.795
127.104999,-57.326,-57.092,-58.030,-58.030
127.204999,-57.561,-57.326,-57.795,-58.030
127.304999,-57.561,-57.326,-58.030,-58.030
127.521000,-57.326,-57.561,-57.795,-58.030
127.535974,-57.561,-57.561,-57.795,-58.030
127.604999,-57.561,-57.326,-57.795,-58.030
127.704999,-57.561,-57.561,-57.795,-58.030
127.804999,-57.561,-57.326,-58.030,-58.030
127.904999,-57.561,-57.326,-57.561,-58.030
128.004999,-57.561,-57.326,-57.795,-57.795
128.104999,-57.561,-57.326,-58.030,-58.030
128.204999,-57.561,-57.326,-57.795,-58.030
128.304999,-57.561,-57.326,-57.795,-58.030
128.521001,-57.561,-57.326,-57.795,-58.030
128.535974,-57.561,-57.326,-57.795,-58.030
128.604999,-57.561,-57.561,-57.795,-58.030
128.704999,-57.326,-57.092,-57.795,-58.030
128.804999,-57.326,-57.326,-57.795,-58.030
128.904999,-57.561,-57.561,-57.795,-58.030
129.004999,-57.561,-57.561,-58.030,-58.030
129.104999,-57.561,-57.326,-57.795,-58.030
129.204999,-57.326,-57.561,-57.795,-58.030
129.304999,-57.326,-57.561,-57.795,-58.030
129.521001,-57.561,-57.326,-57.795,-58.030
129.535974,-57.561,-57.561,-57.795,-57.795
129.604999,-57.561,-57.326,-58.030,-58.030
129.704999,-57.561,-57.326,-57.795,-57.795
129.804999,-57.795,-57.561,-57.795,-58.264
129.904999,-57.561,-57.326,-57.795,-58.030
130.004999,-57.561,-57.326,-58.030,-57.795
130.104999,-57.561,-57.326,-57.561,-58.030
130.204999,-57.561,-57.561,-58.030,-58.030
130.304999,-57.561,-57.561,-57.795,-58.030
130.520000,-57.326,-57.326,-57.795,-58.030
130.534974,-57.561,-57.561,-57.795,-57.795
130.604999,-57.561,-57.561,-58.030,-58.030
130.704999,-57.561,-57.795,-57.795,-57.795
130.804999,-57.561,-57.561,-58.030,-57.795
130.904999,-57.561,-57.561,-57.795,-58.030
131.004999,-57.561,-57.092,-57.795,-58.030
131.104999,-57.561,-57.326,-58.030,-58.030
131.204999,-57.561,-57.561,-58.030,-58.030
131.304999,-57.326,-57.326,-58.030,-58.030
131.521000,-57.561,-57.561,-57.795,-58.030
131.535974,-57.561,-57.561,-57.795,-58.030
131.604999,-57.561,-57.561,-57.795,-57.795
131.704999,-57.561,-57.561,-57.795,-58.030
131.804999,-57.561,-57.326,-57.795,-58.030
131.904999,-57.326,-57.561,-57.795,-57.795
132.004999,-57.561,-57.561,-57.561,-58.030
132.104999,-57.561,-57.326,-57.795,-57.795
132.204999,-57.561,-57.561,-57.795,-57.795
132.304999,-57.795,-57.561,-57.795,-58.030
132.521001,-57.795,-57.561,-57.795,-58.030
132.535974,-57.561,-57.561,-57.795,-57.795
132.604999,-57.561,-57.561,-57.795,-57.795
132.704999,-57.561,-57.326,-57.795,-58.030
132.804999,-57.561,-57.326,-57.795,-58.030
132.904999,-57.561,-57.326,-57.795,-58.030
133.004999,-57.561,-57.326,-57.795,-57.795
133.104999,-57.795,-57.561,-57.795,-58.030
133.204999,-57.561,-57.561,-57.795,-57.795
133.304999,-57.561,-57.561,-57.795,-58.030
133.521000,-57.561,-57.326,-57.795,-58.030
133.535974,-57.326,-57.326,-57.795,-58.030
133.604999,-57.561,-57.561,-57.795,-58.030
133.704999,-57.326,-57.561,-57.795,-58.030
133.804999,-57.561,-57.561,-58.030,-58.030
133.904999,-57.561,-57.561,-57.795,-58.030
134.004999,-57.561,-57.326,-57.795,-58.030
134.104999,-57.561,-57.326,-58.030,-58.030
134.204999,-57.561,-57.561,-58.030,-58.030
134.304999,-57.795,-57.561,-57.795,-58.030
134.521001,-57.561,-57.561,-58.030,-57.795
134.535974,-57.561,-57.326,-57.561,-57.795
134.604999,-57.326,-57.326,-57.795,-57.795
134.704999,-57.326,-57.561,-58.030,-58.030
134.804999,-57.326,-57.561,-57.795,-58.264
134.904999,-57.561,-57.561,-58.030,-57.795
135.004999,-57.561,-57.561,-57.795,-57.795
135.104999,-57.326,-57.561,-57.795,-58.030
135.204999,-57.326,-57.326,-57.795,-58.264
135.304999,-57.561,-57.561,-57.795,-58.030
135.520000,-57.326,-57.561,-57.795,-57.795
135.534974,-57.326,-57.561,-57.795,-57.795
135.604999,-57.561,-57.326,-58.030,-58.030
135.704999,-57.561,-57.326,-58.030,-57.795
135.804999,-57.326,-57.561,-57.795,-57.795
135.904999,-57.561,-57.561,-57.795,-57.795
136.004999,-57.326,-57.561,-58.030,-57.795
136.104999,-57.561,-57.326,-57.795,-57.795
136.204999,-57.561,-57.326,-58.030,-58.030
136.304999,-57.561,-57.561,-57.795,-58.030
136.521001,-57.561,-57.561,-58.030,-58.030
136.535974,-57.561,-57.326,-58.030,-58.030
136.604999,-57.326,-57.561,-57.795,-58.030
136.704999,-57.561,-57.326,-57.795,-58.030
136.804999,-57.326,-57.561,-57.795,-58.030
136.904999,-57.326,-57.326,-57.795,-58.030
137.004999,-57.561,-57.326,-57.795,-58.030
137.104999,-57.326,-57.326,-57.795,-58.030
137.204999,-57.795,-57.326,-58.030,-58.030
137.304999,-57.561,-57.326,-58.030,-58.030
137.521000,-57.326,-57.326,-58.030,-57.795
137.535974,-57.561,-57.561,-58.030,-57.795
137.604999,-57.326,-57.326,-57.795,-58.030
137.704999,-57.561,-57.561,-57.561,-57.795
137.804999,-57.795,-57.326,-57.795,-57.795
137.904999,-57.561,-57.326,-57.795,-58.030
138.004999,-57.561,-57.092,-57.795,-58.030
138.104999,-57.561,-57.561,-57.795,-58.030
138.204999,-57.561,-57.561,-57.795,-57.795
138.304999,-57.326,-57.326,-57.795,-57.795
138.521000,-57.561,-57.561,-57.795,-58.030
138.535974,-57.561,-57.561,-57.795,-58.030
138.604999,-57.326,-57.326,-58.030,-58.030
138.704999,-57.561,-57.561,-57.795,-58.030
138.804999,-57.561,-57.326,-58.030,-58.030
138.904999,-57.326,-57.326,-57.795,-57.795
139.004999,-57.561,-57.561,-57.795,-58.030
139.104999,-57.561,-57.561,-58.030,-58.030
139.204999,-57.561,-57.326,-58.030,-58.030
139.304999,-57.561,-57.326,-57.795,-57.795
139.521001,-57.561,-57.326,-57.795,-57.795
139.535974,-57.561,-57.561,-57.795,-58.030
139.604999,-57.795,-57.795,-57.795,-57.795
139.704999,-57.561,-57.326,-58.030,-58.030
139.804999,-57.561,-57.561,-57.795,-57.795
139.904999,-57.561,-57.326,-57.795,-58.030
140.004999,-57.561,-57.561,-57.795,-58.030
140.104999,-57.561,-57.561,-57.795,-58.030
140.204999,-57.561,-57.561,-57.795,-58.030
140.304999,-57.561,-57.326,-57.795,-58.030
140.521001,-57.326,-57.326,-58.030,-57.795
140.535974,-57.561,-57.326,-57.795,-58.030
140.604999,-57.326,-57.326,-57.795,-58.030
140.704999,-57.561,-57.561,-57.795,-58.030
140.804999,-57.326,-57.326,-57.795,-57.795
140.904999,-57.561,-57.326,-57.795,-58.030
141.004999,-57.561,-57.561,-57.795,-58.030
141.104999,-57.561,-57.326,-57.795,-58.030
141.204999,-57.561,-57.326,-57.795,-58.030
141.304999,-57.561,-57.326,-57.795,-58.030
141.521000,-57.561,-57.561,-57.561,-58.030
141.535974,-57.561,-57.561,-57.795,-58.030
141.604999,-57.326,-57.561,-58.030,-58.030
141.704999,-57.561,-57.326,-57.795,-58.030
141.804999,-57.561,-57.795,-58.030,-58.030
141.904999,-57.561,-57.561,-57.561,-58.030
142.004999,-57.326,-57.326,-57.795,-58.264
142.104999,-57.561,-57.561,-57.795,-58.030
142.204999,-57.561,-57.561,-57.795,-58.030
142.304999,-57.326,-57.561,-57.795,-58.030
142.521000,-57.561,-57.561,-57.795,-57.795
142.535974,-57.326,-57.326,-57.561,-58.030
142.604999,-57.561,-57.326,-57.561,-58.030
142.704999,-57.561,-57.561,-57.795,-57.795
142.804999,-57.561,-57.326,-58.030,-58.030
142.904999,-57.561,-57.326,-57.795,-58.030
143.004999,-57.561,-57.326,-57.561,-57.795
143.104999,-57.326,-57.561,-58.030,-58.030
143.204999,-57.561,-57.561,-57.795,-58.030
143.304999,-57.561,-57.326,-57.795,-58.264
143.520000,-57.561,-57.561,-57.795,-58.030
143.534974,-57.561,-57.326,-57.795,-58.030
143.604999,-57.326,-57.326,-58.030,-58.030
143.704999,-57.561,-57.326,-57.795,-58.030
143.804999,-57.326,-57.561,-57.795,-57.795
143.904999,-57.795,-57.326,-58.030,-58.030
144.004999,-57.561,-57.561,-57.795,-58.030
144.104999,-57.561,-57.561,-57.561,-57.795
144.204999,-57.561,-57.326,-57.795,-57.795
144.304999,-57.561,-57.561,-57.795,-57.795
144.521000,-57.561,-57.326,-57.795,-58.030
144.535974,-57.326,-57.326,-57.795,-58.030
144.604999,-57.561,-57.561,-58.030,-58.030
144.704999,-57.326,-57.561,-57.795,-58.030
144.804999,-57.795,-57.326,-58.030,-57.795
144.904999,-57.561,-57.561,-57.795,-58.030
145.004999,-57.561,-57.561,-57.795,-58.030
145.104999,-57.561,-57.795,-57.795,-58.030
145.204999,-57.561,-57.326,-57.795,-58.030
145.304999,-57.326,-57.326,-57.795,-57.795
145.521000,-57.561,-57.326,-57.795,-58.030
145.535974,-57.326,-57.326,-58.030,-58.030
145.604999,-57.326,-57.326,-57.795,-58.030
145.704999,-57.326,-57.561,-57.795,-57.795
145.804999,-57.561,-57.561,-58.030,-58.030
145.904999,-57.561,-57.326,-57.795,-57.795
146.004999,-57.561,-57.326,-57.795,-58.030
146.104999,-57.561,-57.561,-57.561,-57.795
146.204999,-57.561,-57.561,-58.030,-58.030
146.304999,-57.561,-57.561,-57.561,-58.030
146.521000,-57.561,-57.326,-58.030,-58.030
146.535974,-57.561,-57.326,-58.030,-58.030
146.604999,-57.326,-57.326,-57.795,-58.030
146.704999,-57.561,-57.326,-57.795,-57.795
146.804999,-57.326,-57.326,-58.030,-57.795
146.904999,-57.795,-57.326,-58.030,-58.030
147.004999,-57.561,-57.561,-57.795,-58.030
147.104999,-57.561,-57.326,-57.795,-58.030
147.204999,-57.561,-57.326,-57.795,-58.030
147.304999,-57.561,-57.561,-57.795,-58.030
147.521001,-57.326,-57.561,-57.795,-58.030
147.535974,-57.561,-57.326,-57.795,-58.030
147.604999,-57.561,-57.326,-57.795,-57.795
147.704999,-57.561,-57.326,-57.795,-58.030
147.804999,-57.326,-57.561,-57.795,-58.030
147.904999,-57.561,-57.561,-57.795,-58.030
148.004999,-57.795,-57.326,-58.030,-58.030
148.104999,-57.561,-57.561,-57.795,-58.030
148.204999,-57.561,-57.561,-58.030,-58.030
148.304999,-57.326,-57.326,-57.795,-58.030
148.520000,-57.561,-57.326,-57.795,-58.030
148.534974,-57.561,-57.326,-57.795,-58.030
148.604999,-57.561,-57.561,-58.030,-57.795
148.704999,-57.561,-57.326,-58.030,-58.030
148.804999,-57.561,-57.326,-57.795,-58.030
148.904999,-57.561,-57.326,-57.795,-58.030
149.004999,-57.561,-57.326,-57.795,-57.795
149.104999,-57.561,-57.561,-58.030,-57.795
149.204999,-57.561,-57.561,-57.795,-58.264
149.304999,-57.561,-57.561,-57.795,-58.030
149.521000,-57.326,-57.561,-58.030,-58.030
149.535974,-57.795,-57.561,-57.795,-58.030
149.604999,-57.326,-57.326,-58.030,-58.030
149.704999,-57.561,-57.561,-57.795,-58.030
149.804999,-57.561,-57.326,-58.030,-58.030
149.904999,-57.561,-57.561,-57.795,-57.795
150.004999,-57.326,-57.326,-57.795,-57.795
150.104999,-57.561,-57.561,-58.030,-57.795
150.204999,-57.561,-57.561,-57.795,-58.030
150.304999,-57.561,-57.561,-57.795,-58.030
150.521000,-57.795,-57.326,-57.795,-57.795
150.535974,-57.561,-57.561,-58.030,-58.030
150.604999,-57.561,-57.561,-58.030,-58.030
150.704999,-57.326,-57.561,-57.795,-58.030
150.804999,-57.561,-57.561,-58.030,-58.030
150.904999,-57.326,-57.326,-57.795,-58.030
151.004999,-57.561,-57.561,-57.795,-58.030
151.104999,-57.561,-57.561,-57.795,-57.795
151.204999,-57.561,-57.561,-57.795,-58.030
151.304999,-57.561,-57.561,-57.795,-57.795
151.521000,-57.561,-57.561,-58.030,-58.264
151.535974,-57.561,-57.326,-57.795,-58.030
151.604999,-57.326,-57.326,-57.795,-58.030
151.704999,-57.561,-57.326,-57.795,-58.030
151.804999,-57.561,-57.561,-57.795,-58.030
151.904999,-57.561,-57.326,-58.030,-58.030
152.004999,-57.561,-57.561,-57.795,-57.795
152.104999,-57.561,-57.326,-57.795,-58.030
152.204999,-57.561,-57.326,-58.030,-58.030
152.304999,-57.561,-57.561,-58.030,-58.030
152.521000,-57.326,-57.561,-57.795,-57.795
152.535974,-57.561,-57.326,-58.030,-58.030
152.604999,-57.561,-57.561,-57.795,-57.795
152.704999,-57.561,-57.561,-57.795,-58.030
152.804999,-57.326,-57.326,-57.795,-58.030
152.904999,-57.326,-57.561,-57.795,-57.795
153.004999,-57.561,-57.326,-57.795,-58.030
153.104999,-57.561,-57.326,-57.795,-57.795
153.204999,-57.561,-57.326,-57.795,-58.030
153.304999,-57.326,-57.561,-57.795,-57.795
153.521000,-57.561,-57.561,-57.795,-57.795
153.535974,-57.326,-57.561,-58.030,-57.795
153.604999,-57.561,-57.326,-57.795,-57.795
153.704999,-57.561,-57.561,-57.561,-58.030
153.804999,-57.561,-57.326,-57.795,-58.030
153.904999,-57.561,-57.561,-57.795,-58.030
154.004999,-57.795,-57.326,-57.795,-58.030
154.104999,-57.561,-57.561,-57.795,-58.030
154.204999,-57.561,-57.561,-57.795,-57.795
154.304999,-57.561,-57.561,-58.030,-58.030
154.521000,-57.561,-57.326,-57.795,-58.030
154.535974,-57.561,-57.561,-57.795,-58.030
154.604999,-57.326,-57.561,-57.795,-58.030
154.704999,-57.561,-57.561,-57.795,-58.030
154.804999,-57.561,-57.326,-57.795,-57.795
154.904999,-57.795,-57.561,-57.795,-58.030
155.004999,-57.561,-57.561,-57.795,-58.030
155.104999,-57.561,-57.561,-57.795,-58.264
155.204999,-57.326,-57.561,-58.030,-57.795
155.304999,-57.561,-57.561,-58.030,-57.795
155.521000,-57.561,-57.561,-57.795,-58.030
155.535974,-57.326,-57.561,-57.795,-58.030
155.604999,-57.561,-57.326,-57.795,-57.561
155.704999,-57.561,-57.561,-57.795,-58.030
155.804999,-57.561,-57.326,-58.030,-57.795
155.904999,-57.795,-57.326,-57.795,-57.795
156.004999,-57.326,-57.561,-58.030,-57.795
156.104999,-57.561,-57.326,-57.795,-58.030
156.204999,-57.561,-57.326,-58.030,-58.030
156.304999,-57.795,-57.561,-57.795,-58.030
156.520000,-57.561,-57.326,-58.030,-57.795
156.534974,-57.561,-57.561,-58.030,-58.030
156.604999,-57.561,-57.326,-58.030,-57.795
156.704999,-57.561,-57.326,-57.795,-58.030
156.804999,-57.561,-57.326,-57.795,-58.264
156.904999,-57.561,-57.326,-58.030,-58.030
157.004999,-57.561,-57.561,-57.795,-58.030
157.104999,-57.561,-57.561,-57.795,-58.030
157.204999,-57.561,-57.561,-58.030,-57.795
157.304999,-57.561,-57.092,-57.795,-58.030
157.521000,-57.561,-57.561,-57.795,-58.030
157.535974,-57.561,-57.561,-58.030,-57.795
157.604999,-57.326,-57.561,-57.795,-57.795
157.704999,-57.561,-57.795,-58.030,-58.264
157.804999,-57.326,-57.561,-57.795,-58.030
157.904999,-57.561,-57.561,-57.795,-57.795
158.004999,-57.561,-57.326,-57.561,-57.795
158.104999,-57.561,-57.326,-57.795,-57.795
158.204999,-57.561,-57.326,-57.795,-58.030
158.304999,-57.561,-57.326,-58.030,-58.030
158.521001,-57.561,-57.326,-58.030,-58.030
158.535974,-57.561,-57.561,-57.795,-57.795
158.604999,-57.561,-57.326,-58.030,-58.030
158.704999,-57.561,-57.326,-58.030,-58.030
158.804999,-57.795,-57.561,-57.795,-57.795
158.904999,-57.561,-57.326,-58.264,-58.030
159.004999,-57.326,-57.561,-57.795,-57.795
159.104999,-57.561,-57.561,-57.795,-58.030
159.204999,-57.561,-57.561,-58.030,-58.030
159.304999,-57.561,-57.561,-57.795,-58.030
159.521000,-57.561,-57.326,-58.030,-57.795
159.535974,-57.561,-57.561,-57.561,-58.264
159.604999,-57.326,-57.561,-58.030,-58.030
159.704999,-57.561,-57.795,-57.795,-58.030
159.804999,-57.326,-57.326,-57.795,-58.030
159.904999,-57.326,-57.561,-57.561,-57.795
160.004999,-57.561,-57.326,-57.795,-57.795
160.104999,-57.561,-57.561,-57.795,-58.030
160.204999,-57.561,-57.561,-57.795,-58.030
160.304999,-57.561,-57.326,-57.561,-58.030
160.521000,-57.561,-57.561,-57.795,-58.030
160.535974,-57.561,-57.561,-57.795,-58.030
160.604999,-57.561,-57.561,-58.030,-58.030
160.704999,-57.561,-57.326,-57.795,-58.030
160.804999,-57.795,-57.561,-57.795,-58.030
160.904999,-57.561,-57.561,-57.795,-57.795
161.004999,-57.561,-57.326,-57.561,-58.030
161.104999,-57.561,-57.561,-57.795,-58.030
161.204999,-57.795,-57.561,-57.561,-58.030
161.304999,-57.561,-57.326,-57.795,-57.561
161.520000,-57.326,-57.561,-58.030,-58.030
161.534974,-57.561,-57.561,-57.795,-57.795
161.604999,-57.561,-57.561,-57.795,-58.030
161.704999,-57.561,-57.326,-57.795,-58.030
161.804999,-57.561,-57.561,-57.795,-58.030
161.904999,-57.326,-57.561,-57.795,-57.795
162.004999,-57.326,-57.326,-57.795,-58.030
162.104999,-57.561,-57.326,-57.795,-57.795
162.204999,-57.561,-57.561,-57.795,-58.030
162.304999,-57.561,-57.326,-57.795,-58.030
162.521000,-57.561,-57.561,-57.795,-57.795
162.535974,-57.561,-57.561,-58.030,-58.030
162.604999,-57.326,-57.561,-58.030,-58.030
162.704999,-57.561,-57.561,-57.795,-58.030
162.804999,-57.561,-57.561,-57.795,-58.030
162.904999,-57.561,-57.092,-58.030,-58.030
163.004999,-57.561,-57.561,-57.795,-57.795
163.104999,-57.561,-57.326,-58.030,-58.030
163.204999,-57.561,-57.326,-57.795,-57.795
163.304999,-57.561,-57.561,-57.795,-57.795
163.521001,-57.561,-57.561,-57.795,-57.795
163.535974,-57.561,-57.561,-58.030,-58.030
163.604999,-57.561,-57.561,-57.795,-57.795
163.704999,-57.561,-57.561,-57.795,-57.795
163.804999,-57.561,-57.561,-58.030,-57.795
163.904999,-57.326,-57.561,-58.030,-57.795
164.004999,-57.561,-57.326,-58.030,-57.795
164.104999,-57.561,-57.326,-57.561,-57.795
164.204999,-57.561,-57.326,-57.561,-58.030
164.304999,-57.326,-57.795,-57.795,-58.030
164.521000,-57.326,-57.326,-57.795,-58.030
164.535974,-57.326,-57.561,-57.795,-58.030
164.604999,-57.795,-57.326,-57.795,-58.264
164.704999,-57.795,-57.561,-57.795,-58.030
164.804999,-57.561,-57.326,-57.795,-58.264
164.904999,-57.326,-57.561,-57.795,-57.795
165.004999,-57.795,-57.561,-57.795,-57.795
165.104999,-57.561,-57.326,-58.030,-58.030
165.204999,-57.326,-57.561,-57.795,-58.030
165.304999,-57.561,-57.795,-57.795,-58.030
165.521000,-57.561,-57.561,-57.795,-58.264
165.535974,-57.561,-57.326,-58.030,-58.030
165.604999,-57.561,-57.326,-57.795,-58.030
165.704999,-57.561,-57.795,-58.030,-58.030
165.804999,-57.561,-57.561,-57.795,-58.264
165.904999,-57.326,-57.326,-57.561,-57.795
166.004999,-57.561,-57.561,-57.795,-58.030
166.104999,-57.561,-57.561,-57.795,-58.030
166.204999,-57.561,-57.561,-57.795,-58.030
166.304999,-57.326,-57.561,-57.795,-58.264
166.521000,-57.561,-57.561,-57.795,-57.795
166.535974,-57.561,-57.326,-57.795,-58.030
166.604999,-57.326,-57.561,-57.795,-58.030
166.704999,-57.561,-57.561,-57.795,-58.030
166.804999,-57.795,-57.561,-57.795,-58.030
166.904999,-57.561,-57.326,-57.795,-58.030
167.004999,-57.561,-57.561,-58.030,-58.030
167.104999,-57.561,-57.561,-57.795,-58.030
167.204999,-57.561,-57.326,-57.795,-58.030
167.304999,-57.326,-57.326,-57.795,-58.030
167.521000,-57.561,-57.326,-58.030,-57.795
167.535974,-57.561,-57.326,-57.795,-58.030
167.604999,-57.561,-57.561,-57.795,-57.795
167.704999,-57.561,-57.326,-57.795,-57.795
167.804999,-57.561,-57.326,-57.795,-58.030
167.904999,-57.561,-57.561,-57.795,-58.030
168.004999,-57.561,-57.561,-57.795,-57.795
168.104999,-57.326,-57.561,-58.264,-58.030
168.204999,-57.561,-57.326,-58.030,-58.030
168.304999,-57.561,-57.326,-57.795,-58.030
168.521001,-57.326,-57.561,-57.795,-58.030
168.535974,-57.561,-57.326,-58.030,-57.795
168.604999,-57.795,-57.561,-57.795,-58.030
168.704999,-57.561,-57.561,-57.795,-58.030
168.804999,-57.561,-57.561,-58.030,-57.795
168.904999,-57.561,-57.326,-57.795,-57.795
169.004999,-57.326,-57.326,-57.795,-58.030
169.104999,-57.561,-57.326,-57.795,-58.030
169.204999,-57.561,-57.561,-57.795,-57.795
169.304999,-57.326,-57.561,-58.030,-58.030
169.520000,-57.561,-57.326,-57.795,-58.030
169.534974,-57.561,-57.326,-57.795,-58.030
169.604999,-57.561,-57.561,-57.561,-58.030
169.704999,-57.561,-57.561,-58.030,-57.795
169.804999,-57.795,-57.561,-57.795,-58.030
169.904999,-57.561,-57.561,-57.795,-57.795
170.004999,-57.326,-57.561,-57.795,-57.795
170.104999,-57.561,-57.326,-57.795,-58.030
170.204999,-57.795,-57.326,-58.030,-58.030
170.304999,-57.326,-57.561,-57.795,-58.264
170.521000,-57.561,-57.326,-58.030,-58.030
170.535974,-57.561,-57.561,-57.795,-58.030
170.604999,-57.326,-57.326,-58.030,-57.795
170.704999,-57.561,-57.326,-57.795,-57.795
170.804999,-57.326,-57.561,-58.030,-58.030
170.904999,-57.561,-57.561,-58.030,-57.795
171.004999,-57.326,-57.561,-58.030,-58.030
171.104999,-57.561,-57.561,-57.795,-58.030
171.204999,-57.326,-57.326,-58.030,-58.030
171.304999,-57.561,-57.326,-57.795,-58.030
171.521000,-57.561,-57.326,-57.795,-58.030
171.535974,-57.561,-57.561,-58.030,-58.264
171.604999,-57.326,-57.561,-57.795,-57.795
171.704999,-57.326,-57.326,-58.030,-58.030
171.804999,-57.561,-57.326,-57.795,-58.030
171.904999,-57.561,-57.326,-57.795,-58.030
172.004999,-57.795,-57.326,-57.795,-58.030
172.104999,-57.326,-57.326,-57.561,-58.030
172.204999,-57.561,-57.561,-57.795,-57.795
172.304999,-57.561,-57.326,-57.795,-58.030
172.521000,-57.561,-57.092,-57.795,-58.030
172.535974,-57.561,-57.092,-57.795,-58.030
172.604999,-57.326,-57.326,-58.030,-57.795
172.704999,-57.561,-57.561,-58.030,-57.795
172.804999,-57.561,-57.326,-57.561,-58.030
172.904999,-57.561,-57.561,-57.795,-57.795
173.004999,-57.326,-57.326,-57.795,-58.030
173.104999,-57.561,-57.561,-57.795,-57.795
173.204999,-57.326,-57.561,-58.030,-58.030
173.304999,-57.561,-57.561,-57.795,-58.264
173.521001,-57.561,-57.326,-57.561,-57.795
173.535974,-57.561,-57.326,-57.795,-57.795
173.604999,-57.326,-57.326,-58.030,-58.030
173.704999,-57.795,-57.561,-57.795,-58.030
173.804999,-57.561,-57.561,-58.030,-58.030
173.904999,-57.561,-57.326,-58.030,-58.030
174.004999,-57.561,-57.561,-57.795,-57.795
174.104999,-57.326,-57.326,-57.795,-57.795
174.204999,-57.561,-57.561,-57.795,-58.030
174.304999,-57.561,-57.326,-58.030,-57.795
174.520001,-57.561,-57.326,-58.030,-58.030
174.534974,-57.561,-57.561,-57.795,-58.030
174.604999,-57.561,-57.561,-57.795,-57.795
174.704999,-57.092,-57.561,-57.795,-57.795
174.804999,-57.561,-57.561,-58.030,-58.030
174.904999,-57.561,-57.326,-57.561,-58.030
175.004999,-57.561,-57.326,-57.795,-58.264
175.104999,-57.326,-57.326,-57.795,-58.030
175.204999,-57.561,-57.326,-57.795,-58.030
175.304999,-57.326,-57.326,-58.030,-57.795
175.521000,-57.326,-57.326,-58.030,-57.795
175.535974,-57.326,-57.561,-57.795,-58.030
175.604999,-57.561,-57.326,-57.795,-58.030
175.704999,-57.561,-57.561,-57.795,-58.264
175.804999,-57.326,-57.561,-57.795,-57.795
175.904999,-57.561,-57.326,-57.795,-58.030
176.004999,-57.561,-57.561,-57.795,-57.795
176.104999,-57.561,-57.326,-57.795,-57.795
176.204999,-57.326,-57.561,-57.795,-58.030
176.304999,-57.561,-57.326,-57.795,-57.795
176.521001,-57.326,-57.326,-57.561,-58.030
176.535974,-57.561,-57.561,-57.561,-58.030
176.604999,-57.326,-57.326,-57.795,-58.030
176.704999,-57.561,-57.561,-57.795,-57.795
176.804999,-57.326,-57.561,-58.030,-58.030
176.904999,-57.326,-57.326,-58.030,-58.030
177.004999,-57.561,-57.561,-57.795,-57.795
177.104999,-57.561,-57.561,-57.795,-57.795
177.204999,-57.561,-57.561,-58.030,-58.030
177.304999,-57.561,-57.561,-58.030,-58.030
177.521000,-57.561,-57.561,-57.795,-58.030
177.535974,-57.326,-57.326,-57.795,-57.795
177.604999,-57.326,-57.561,-58.030,-57.795
177.704999,-57.561,-57.561,-57.795,-57.795
177.804999,-57.326,-57.561,-57.795,-58.030
177.904999,-57.561,-57.561,-57.795,-58.030
178.004999,-57.561,-57.561,-57.795,-58.030
178.104999,-57.561,-57.561,-57.795,-57.795
178.204999,-57.326,-57.795,-57.795,-57.795
178.304999,-57.561,-57.326,-57.795,-58.030
178.521000,-57.561,-57.561,-58.030,-57.795
178.535974,-57.561,-57.561,-57.795,-57.795
178.604999,-57.326,-57.561,-57.795,-58.030
178.704999,-57.092,-57.326,-57.795,-58.030
178.804999,-57.561,-57.326,-57.795,-57.795
178.904999,-57.561,-57.561,-58.030,-57.795
179.004999,-57.561,-57.561,-57.795,-58.030
179.104999,-57.326,-57.561,-57.795,-57.795
179.204999,-57.326,-57.561,-57.795,-57.795
179.304999,-57.561,-57.326,-57.795,-58.030
179.521001,-57.561,-57.326,-58.030,-58.030
179.535974,-57.326,-57.326,-57.795,-58.030
179.604999,-57.561,-57.326,-57.795,-58.030
179.704999,-57.561,-57.326,-57.795,-57.795
179.804999,-57.561,-57.561,-58.030,-58.030
179.904999,-57.561,-57.561,-57.795,-57.795
180.004999,-57.561,-57.561,-57.795,-57.795
180.104999,-57.561,-57.561,-57.795,-58.030
180.204999,-57.326,-57.326,-58.030,-58.030
180.304999,-57.561,-57.561,-57.561,-58.264
180.521000,-57.326,-57.561,-57.795,-58.030
180.535974,-57.326,-57.561,-57.795,-57.795
180.604999,-57.561,-57.561,-57.795,-58.030
180.704999,-57.561,-57.561,-57.795,-58.030
180.804999,-57.326,-57.326,-58.030,-57.795
180.904999,-57.326,-57.326,-58.030,-58.030
181.004999,-57.561,-57.326,-57.795,-58.030
181.104999,-57.326,-57.561,-57.795,-58.030
181.204999,-57.561,-57.326,-57.795,-57.795
181.304999,-57.561,-57.561,-57.795,-58.030
181.521001,-57.561,-57.326,-58.030,-58.030
181.535974,-57.561,-57.092,-58.030,-58.030
181.604999,-57.561,-57.795,-57.795,-57.795
181.704999,-57.561,-57.326,-57.795,-57.795
181.804999,-57.561,-57.561,-57.795,-57.795
181.904999,-57.561,-57.326,-58.030,-57.795
182.004999,-57.561,-57.561,-57.795,-58.030
182.104999,-57.326,-57.326,-58.030,-57.795
182.204999,-57.326,-57.561,-57.795,-57.795
182.304999,-57.561,-57.561,-57.795,-57.795
182.520001,-57.561,-57.561,-57.795,-58.030
182.534974,-57.326,-57.561,-58.030,-58.030
182.604999,-57.561,-57.326,-57.795,-58.030
182.704999,-57.561,-57.561,-57.795,-58.030
182.804999,-57.561,-57.326,-57.795,-58.030
182.904999,-57.326,-57.326,-58.030,-58.030
183.004999,-57.326,-57.326,-57.795,-58.030
183.104999,-57.561,-57.326,-57.795,-57.795
183.204999,-57.795,-57.326,-57.795,-58.030
183.304999,-57.326,-57.561,-57.795,-57.795
183.521000,-57.326,-57.561,-57.795,-57.795
183.535974,-57.561,-57.326,-58.030,-58.030
183.604999,-57.326,-57.326,-58.030,-58.030
183.704999,-57.561,-57.326,-57.795,-58.030
183.804999,-57.561,-57.326,-57.795,-58.030
183.904999,-57.795,-57.561,-57.795,-58.030
184.004999,-57.561,-57.561,-57.795,-58.030
184.104999,-57.561,-57.092,-58.030,-57.795
184.204999,-57.561,-57.326,-57.795,-58.030
184.304999,-57.561,-57.561,-58.030,-58.030
184.521001,-57.326,-57.326,-58.030,-58.030
184.535974,-57.561,-57.561,-57.561,-58.030
184.604999,-57.561,-57.561,-58.264,-57.795
184.704999,-57.326,-57.326,-57.795,-57.795
184.804999,-57.561,-57.561,-57.795,-58.030
184.904999,-57.561,-57.561,-58.030,-58.264
185.004999,-57.561,-57.561,-57.795,-57.795
185.104999,-57.326,-57.326,-58.030,-57.795
185.204999,-57.561,-57.561,-57.561,-58.030
185.304999,-57.561,-57.326,-57.795,-57.795
185.521000,-57.561,-57.561,-57.795,-58.030
185.535974,-57.326,-57.326,-57.795,-58.030
185.604999,-57.326,-57.326,-58.030,-58.030
185.704999,-57.561,-57.561,-58.030,-58.030
185.804999,-57.561,-57.561,-58.030,-58.030
185.904999,-57.561,-57.561,-58.030,-57.795
186.004999,-57.561,-57.326,-57.795,-57.795
186.104999,-57.326,-57.326,-57.795,-57.795
186.204999,-57.326,-57.326,-57.795,-58.030
186.304999,-57.561,-57.561,-57.795,-58.030
186.521001,-57.561,-57.326,-57.795,-58.030
186.535974,-57.326,-57.326,-57.795,-58.030
186.604999,-57.326,-57.561,-57.795,-58.264
186.704999,-57.326,-57.561,-57.795,-57.795
186.804999,-57.561,-57.326,-57.795,-57.795
186.904999,-57.326,-57.561,-57.795,-57.795
187.004999,-57.561,-57.561,-58.030,-58.030
187.104999,-57.326,-57.561,-57.795,-57.795
187.204999,-57.561,-57.326,-57.795,-58.030
187.304999,-57.561,-57.561,-57.795,-58.030
187.520000,-57.561,-57.326,-57.795,-57.795
187.534974,-57.561,-57.561,-57.795,-58.030
187.604999,-57.561,-57.561,-57.795,-58.030
187.704999,-57.561,-57.326,-58.030,-58.030
187.804999,-57.326,-57.561,-57.795,-58.030
187.904999,-57.561,-57.326,-57.795,-57.795
188.004999,-57.561,-57.326,-57.795,-57.795
188.104999,-57.561,-57.326,-57.795,-57.795
188.204999,-57.561,-57.326,-57.795,-58.030
188.304999,-57.561,-57.326,-57.795,-57.795
188.521000,-57.326,-57.561,-57.795,-58.030
188.535974,-57.561,-57.326,-57.795,-57.795
188.604999,-57.561,-57.561,-57.795,-57.795
188.704999,-57.561,-57.561,-57.795,-57.795
188.804999,-57.561,-57.561,-57.795,-58.030
188.904999,-57.795,-57.326,-58.030,-58.030
189.004999,-57.326,-57.326,-57.795,-58.030
189.104999,-57.561,-57.561,-57.795,-58.030
189.204999,-57.561,-57.326,-57.795,-58.030
189.304999,-57.326,-57.561,-58.264,-58.030
189.521000,-57.561,-57.326,-57.795,-57.795
189.535974,-57.326,-57.561,-58.030,-58.030
189.604999,-57.326,-57.326,-57.795,-58.030
189.704999,-57.561,-57.561,-57.795,-57.795
189.804999,-57.326,-57.561,-57.795,-58.264
189.904999,-57.326,-57.561,-57.795,-57.795
190.004999,-57.561,-57.561,-57.795,-58.030
190.104999,-57.561,-57.561,-58.030,-58.030
190.204999,-57.561,-57.561,-57.795,-58.264
190.304999,-57.561,-57.561,-57.795,-58.030
190.521000,-57.326,-57.326,-58.030,-57.795
190.535974,-57.561,-57.561,-57.795,-58.030
190.604999,-57.326,-57.326,-57.795,-57.795
190.704999,-57.795,-57.561,-57.795,-58.030
190.804999,-57.561,-57.561,-57.795,-58.030
190.904999,-57.561,-57.561,-58.030,-58.030
191.004999,-57.561,-57.326,-57.561,-58.030
191.104999,-57.561,-57.561,-57.795,-58.264
191.204999,-57.326,-57.561,-58.030,-58.030
191.304999,-57.561,-57.561,-58.030,-58.030
191.521000,-57.561,-57.326,-57.795,-58.030
191.535974,-57.561,-57.561,-57.795,-58.030
191.604999,-57.561,-57.795,-57.795,-58.030
191.704999,-57.326,-57.561,-57.795,-58.030
191.804999,-57.561,-57.561,-57.561,-58.030
191.904999,-57.326,-57.326,-57.795,-58.030
192.004999,-57.326,-57.092,-57.561,-58.030
192.104999,-57.561,-57.326,-57.795,-58.030
192.204999,-57.561,-57.326,-57.795,-57.795
192.304999,-57.561,-57.326,-57.795,-58.030
192.521001,-57.326,-57.561,-57.795,-58.030
192.535974,-57.561,-57.561,-57.795,-58.030
192.604999,-57.326,-57.561,-58.030,-58.030
192.704999,-57.561,-57.561,-57.795,-58.030
192.804999,-57.561,-57.326,-57.795,-58.030
192.904999,-57.561,-57.326,-57.795,-58.030
193.004999,-57.561,-57.561,-57.561,-58.030
193.104999,-57.561,-57.561,-57.795,-57.795
193.204999,-57.326,-57.326,-57.561,-58.030
193.304999,-57.561,-57.326,-57.795,-58.030
193.521000,-57.326,-57.561,-57.795,-58.030
193.535974,-57.326,-57.561,-57.795,-58.030
193.604999,-57.561,-57.326,-57.795,-58.030
193.704999,-57.561,-57.326,-58.030,-57.795
193.804999,-57.561,-57.561,-57.795,-58.030
193.904999,-57.561,-57.561,-57.795,-58.030
194.004999,-57.561,-57.561,-57.795,-58.030
194.104999,-57.326,-57.326,-57.795,-57.795
194.204999,-57.561,-57.561,-58.030,-57.795
194.304999,-57.561,-57.326,-57.795,-58.030
194.521001,-57.561,-57.092,-57.795,-58.030
194.535974,-57.326,-57.561,-57.795,-58.030
194.604999,-57.561,-57.561,-57.795,-58.030
194.704999,-57.561,-57.561,-57.795,-58.030
194.804999,-57.326,-57.561,-57.795,-58.030
194.904999,-57.561,-57.326,-57.795,-58.030
195.004999,-57.561,-57.326,-57.795,-58.030
195.104999,-57.326,-57.326,-57.795,-58.030
195.204999,-57.561,-57.561,-57.795,-58.030
195.304999,-57.561,-57.326,-57.795,-58.030
195.520000,-57.561,-57.561,-58.030,-57.795
195.534974,-57.561,-57.561,-57.795,-58.030
195.604999,-57.326,-57.326,-57.795,-58.030
195.704999,-57.561,-57.561,-58.030,-57.795
195.804999,-57.561,-57.326,-57.795,-58.030
195.904999,-57.561,-57.561,-57.795,-58.030
196.004999,-57.326,-57.561,-57.795,-58.030
196.104999,-57.561,-57.561,-57.795,-58.030
196.204999,-57.326,-57.326,-57.795,-57.795
196.304999,-57.326,-57.326,-58.030,-58.030
196.521000,-57.326,-57.561,-58.030,-58.030
196.535974,-57.326,-57.561,-58.030,-58.030
196.604999,-57.326,-57.326,-57.795,-58.030
196.704999,-57.561,-57.561,-57.795,-58.030
196.804999,-57.326,-57.326,-57.795,-58.030
196.904999,-57.561,-57.561,-57.795,-57.795
197.004999,-57.561,-57.326,-58.030,-57.795
197.104999,-57.561,-57.561,-57.561,-58.264
197.204999,-57.795,-57.326,-58.030,-58.030
197.304999,-57.326,-57.326,-58.030,-58.030
197.521000,-57.326,-57.561,-57.795,-58.030
197.535974,-57.561,-57.561,-57.795,-58.030
197.604999,-57.561,-57.561,-57.795,-58.030
197.704999,-57.561,-57.326,-58.030,-58.030
197.804999,-57.795,-57.326,-57.795,-58.030
197.904999,-57.561,-57.326,-58.030,-58.030
198.004999,-57.561,-57.561,-57.795,-58.030
198.104999,-57.561,-57.561,-57.795,-58.030
198.204999,-57.561,-57.326,-57.795,-58.264
198.304999,-57.561,-57.561,-57.795,-57.795
198.521000,-57.326,-57.561,-57.795,-58.030
198.535974,-57.795,-57.561,-57.561,-58.030
198.604999,-57.561,-57.326,-58.030,-58.030
198.704999,-57.561,-57.326,-58.030,-58.030
198.804999,-57.561,-57.326,-57.795,-58.030
198.904999,-57.561,-57.561,-57.795,-57.795
199.004999,-57.561,-57.561,-58.030,-58.030
199.104999,-57.561,-57.561,-57.795,-57.795
199.204999,-57.326,-57.326,-57.795,-58.030
199.304999,-57.326,-57.561,-57.795,-58.030
199.521000,-57.561,-57.561,-57.795,-58.030
199.535974,-57.326,-57.561,-57.795,-58.030
199.604999,-57.561,-57.326,-57.561,-58.030
199.704999,-57.326,-57.561,-58.030,-57.795
199.804999,-57.561,-57.561,-57.795,-57.795
199.904999,-57.561,-57.326,-57.795,-57.795
200.004999,-57.561,-57.326,-57.795,-58.030
200.104999,-57.561,-57.326,-57.795,-58.264
200.204999,-57.561,-57.561,-57.795,-58.030
200.304999,-57.561,-57.561,-57.795,-58.030
200.520000,-57.561,-57.326,-57.795,-58.030
200.534974,-57.561,-57.326,-57.795,-58.030
200.604999,-57.561,-57.561,-57.795,-58.030
200.704999,-57.561,-57.326,-58.030,-58.264
200.804999,-57.326,-57.561,-58.030,-57.795
200.904999,-57.561,-57.326,-58.030,-58.030
201.004999,-57.561,-57.795,-58.264,-58.030
201.104999,-57.326,-57.326,-58.030,-58.030
201.204999,-57.561,-57.561,-58.030,-58.030
201.304999,-57.561,-57.326,-58.030,-57.795
201.521000,-57.561,-57.326,-57.795,-58.030
201.535974,-57.561,-57.561,-57.795,-58.030
201.604999,-57.326,-57.326,-57.795,-57.795
201.704999,-57.561,-57.561,-58.030,-58.030
201.804999,-57.795,-57.561,-58.030,-57.795
201.904999,-57.561,-57.561,-57.795,-57.795
202.004999,-57.326,-57.326,-58.030,-58.030
202.104999,-57.326,-57.326,-57.795,-58.030
202.204999,-57.561,-57.561,-57.795,-58.030
202.304999,-57.561,-57.561,-57.795,-57.795
202.521001,-57.561,-57.326,-57.795,-57.795
202.535974,-57.326,-57.561,-57.795,-58.030
202.604999,-57.561,-57.326,-57.795,-58.030
202.704999,-57.561,-57.561,-57.795,-57.795
202.804999,-57.561,-57.561,-57.795,-57.795
202.904999,-57.561,-57.561,-57.795,-58.030
203.004999,-57.561,-57.561,-58.030,-58.030
203.104999,-57.326,-57.561,-57.795,-58.030
203.204999,-57.561,-57.326,-57.561,-57.795
203.304999,-57.561,-57.561,-57.795,-58.030
203.521000,-57.326,-57.795,-58.030,-58.030
203.535974,-57.326,-57.326,-57.795,-58.030
203.604999,-57.561,-57.326,-57.795,-57.795
203.704999,-57.561,-57.561,-57.795,-58.030
203.804999,-57.561,-57.561,-57.795,-58.030
203.904999,-57.561,-57.561,-58.030,-58.030
204.004999,-57.326,-57.326,-58.030,-57.795
204.104999,-57.561,-57.326,-58.030,-58.030
204.204999,-57.326,-57.561,-57.795,-57.795
204.304999,-57.561,-57.326,-57.795,-57.795
204.521000,-57.326,-57.561,-58.030,-57.795
204.535974,-57.561,-57.326,-58.030,-58.030
204.604999,-57.561,-57.561,-57.795,-58.030
204.704999,-57.561,-57.561,-57.795,-58.030
204.804999,-57.561,-57.326,-57.795,-57.795
204.904999,-57.561,-57.561,-58.030,-57.795
205.004999,-57.561,-57.561,-57.795,-58.030
205.104999,-57.326,-57.326,-57.795,-57.795
205.204999,-57.326,-57.326,-57.795,-58.030
205.304999,-57.561,-57.561,-58.030,-58.030
205.521000,-57.326,-57.561,-57.795,-58.030
205.535974,-57.561,-57.561,-57.795,-58.030
205.604999,-57.561,-57.326,-58.030,-58.030
205.704999,-57.561,-57.326,-57.795,-57.795
205.804999,-57.326,-57.326,-57.795,-58.264
205.904999,-57.561,-57.326,-57.561,-58.264
206.004999,-57.561,-57.561,-57.795,-58.030
206.104999,-57.795,-57.326,-57.795,-58.030
206.204999,-57.326,-57.561,-57.795,-58.030
206.304999,-57.561,-57.561,-58.264,-58.030
206.521001,-57.561,-57.326,-57.795,-58.030
206.535974,-57.561,-57.561,-58.030,-58.030
206.604999,-57.326,-57.561,-57.795,-58.030
206.704999,-57.561,-57.561,-57.795,-58.264
206.804999,-57.326,-57.561,-57.561,-57.795
206.904999,-57.561,-57.561,-57.795,-57.795
207.004999,-57.326,-57.326,-57.561,-58.030
207.104999,-57.326,-57.561,-57.795,-58.030
207.204999,-57.561,-57.326,-57.795,-58.030
207.304999,-57.326,-57.326,-58.030,-57.795
207.521001,-57.561,-57.561,-57.795,-57.561
207.535974,-57.561,-57.326,-57.795,-58.030
207.604999,-57.561,-57.561,-57.795,-57.795
207.704999,-57.326,-57.326,-58.030,-58.030
207.804999,-57.561,-57.326,-58.030,-57.795
207.904999,-57.326,-57.561,-57.795,-57.795
208.004999,-57.561,-57.326,-58.030,-58.030
208.104999,-57.561,-57.561,-57.795,-58.030
208.204999,-57.326,-57.561,-57.795,-57.795
208.304999,-57.561,-57.326,-58.030,-58.030
208.520000,-57.561,-57.561,-57.795,-58.030
208.534974,-57.326,-57.326,-58.030,-58.030
208.604999,-57.561,-57.561,-57.795,-58.030
208.704999,-57.561,-57.561,-57.795,-58.030
208.804999,-57.561,-57.795,-58.030,-57.795
208.904999,-57.561,-57.561,-57.795,-57.795
209.004999,-57.326,-57.326,-57.795,-58.030
209.104999,-57.561,-57.561,-57.795,-58.030
209.204999,-57.561,-57.326,-57.795,-57.795
209.304999,-57.561,-57.561,-57.795,-58.030
209.521000,-57.561,-57.561,-57.795,-57.795
209.535974,-57.795,-57.561,-58.030,-57.795
209.604999,-57.561,-57.561,-57.795,-57.795
209.704999,-57.561,-57.561,-57.795,-58.030
209.804999,-57.326,-57.561,-57.795,-58.030
209.904999,-57.561,-57.561,-57.795,-57.795
210.004999,-57.561,-57.326,-58.030,-57.795
210.104999,-57.092,-57.561,-57.795,-58.030
210.204999,-57.561,-57.561,-58.030,-58.264
210.304999,-57.561,-57.561,-58.030,-57.795
210.521001,-57.561,-57.326,-57.795,-58.030
210.535974,-57.561,-57.326,-58.030,-58.264
210.604999,-57.561,-57.326,-57.795,-58.030
210.704999,-57.561,-57.561,-57.795,-57.795
210.804999,-57.326,-57.092,-57.561,-57.795
210.904999,-57.561,-57.326,-58.030,-58.030
211.004999,-57.561,-57.561,-57.795,-58.030
211.104999,-57.561,-57.326,-57.795,-58.030
211.204999,-57.561,-57.561,-57.561,-58.030
211.304999,-57.561,-57.326,-57.795,-58.030
211.521001,-57.561,-57.561,-57.795,-57.795
211.535974,-57.561,-57.561,-57.795,-58.030
211.604999,-57.561,-57.561,-58.030,-58.030
211.704999,-57.326,-57.561,-57.795,-57.795
211.804999,-57.326,-57.561,-58.030,-58.030
211.904999,-57.561,-57.561,-57.795,-58.264
212.004999,-57.561,-57.561,-57.795,-58.030
212.104999,-57.326,-57.561,-57.795,-57.795
212.204999,-57.326,-57.561,-57.795,-58.030
212.304999,-57.561,-57.326,-57.795,-57.795
212.521000,-57.561,-57.326,-58.030,-57.561
212.535974,-57.561,-57.326,-58.030,-57.795
212.604999,-57.561,-57.561,-58.030,-58.030
212.704999,-57.326,-57.561,-57.795,-57.795
212.804999,-57.561,-57.326,-57.795,-58.030
212.904999,-57.795,-57.326,-57.795,-57.795
213.004999,-57.326,-57.561,-57.795,-58.030
213.104999,-57.561,-57.561,-57.795,-58.030
213.204999,-57.561,-57.795,-57.795,-58.030
213.304999,-57.561,-57.561,-57.795,-58.030
213.520000,-57.326,-57.561,-57.795,-58.030
213.534974,-57.326,-57.561,-58.030,-58.030
213.604999,-57.561,-57.561,-57.795,-58.030
213.704999,-57.326,-57.561,-57.795,-58.030
213.804999,-57.561,-57.561,-57.795,-57.795
213.904999,-57.326,-57.561,-57.795,-58.030
214.004999,-57.561,-57.561,-57.795,-57.795
214.104999,-57.561,-57.561,-58.030,-57.795
214.204999,-57.561,-57.561,-57.795,-57.795
214.304999,-57.561,-57.561,-57.795,-58.030
214.521000,-57.326,-57.561,-58.030,-58.030
214.535974,-57.561,-57.561,-57.795,-58.030
214.604999,-57.561,-57.561,-58.030,-57.795
214.704999,-57.561,-57.561,-57.795,-57.795
214.804999,-57.561,-57.561,-57.795,-58.030
214.904999,-57.561,-57.561,-57.795,-58.030
215.004999,-57.326,-57.561,-58.030,-57.795
215.104999,-57.561,-57.561,-57.795,-58.030
215.204999,-57.561,-57.326,-57.795,-58.030
215.304999,-57.326,-57.561,-57.795,-58.030
215.521000,-57.561,-57.326,-57.795,-58.030
215.535974,-57.561,-57.326,-57.795,-58.030
215.604999,-57.561,-57.561,-57.795,-57.795
215.704999,-57.561,-57.326,-57.795,-58.264
215.804999,-57.561,-57.561,-57.795,-58.030
215.904999,-57.795,-57.561,-57.795,-57.795
216.004999,-57.326,-57.561,-57.795,-58.030
216.104999,-57.561,-57.561,-57.795,-58.030
216.204999,-57.561,-57.561,-57.795,-58.030
216.304999,-57.561,-57.561,-57.795,-57.795
216.521000,-57.561,-57.561,-58.030,-57.795
216.535974,-57.561,-57.561,-57.795,-58.030
216.604999,-57.561,-57.561,-58.030,-58.030
216.704999,-57.326,-57.561,-57.795,-58.030
216.804999,-57.561,-57.326,-57.795,-57.795
216.904999,-57.561,-57.561,-57.795,-58.030
217.004999,-57.561,-57.561,-58.030,-58.030
217.104999,-57.561,-57.561,-58.030,-57.795
217.204999,-57.326,-57.326,-57.795,-58.030
217.304999,-57.561,-57.561,-58.030,-57.795
217.528000,-57.561,-57.326,-58.030,-57.561
217.542974,-57.561,-57.561,-57.795,-58.030
217.604999,-57.561,-57.326,-58.030,-57.795
217.704999,-57.561,-57.561,-57.795,-58.030
217.804999,-57.561,-57.561,-57.795,-58.030
217.904999,-57.561,-57.561,-57.795,-58.030
218.004999,-57.561,-57.326,-58.030,-58.030
218.104999,-57.561,-57.561,-58.030,-57.795
218.204999,-57.561,-57.561,-58.030,-58.030
218.304999,-57.561,-57.326,-58.030,-58.030
218.521001,-57.561,-57.561,-57.795,-58.030
218.535974,-57.561,-57.561,-58.030,-58.030
218.604999,-57.561,-57.326,-58.030,-57.795
218.704999,-57.561,-57.561,-57.795,-57.795
218.804999,-57.561,-57.561,-58.030,-58.030
218.904999,-57.561,-57.561,-58.030,-58.030
219.004999,-57.561,-57.326,-57.795,-58.030
219.104999,-57.561,-57.561,-57.795,-57.795
219.204999,-57.561,-57.561,-58.030,-58.030
219.304999,-57.561,-57.561,-58.030,-58.030
219.521000,-57.561,-57.326,-57.795,-58.030
219.535974,-57.561,-57.561,-57.795,-58.030
219.604999,-57.561,-57.326,-58.030,-58.030
219.704999,-57.561,-57.561,-58.030,-57.795
219.804999,-57.561,-57.561,-58.030,-57.795
219.904999,-57.561,-57.561,-57.795,-58.030
220.004999,-57.326,-57.561,-57.795,-57.795
220.104999,-57.561,-57.561,-57.795,-58.030
220.204999,-57.326,-57.326,-57.795,-58.030
220.304999,-57.561,-57.561,-58.030,-58.030
220.521001,-57.561,-57.561,-57.795,-58.030
220.535974,-57.326,-57.326,-57.795,-57.795
220.604999,-57.561,-57.561,-57.795,-58.264
220.704999,-57.326,-57.326,-57.795,-58.030
220.804999,-57.561,-57.561,-57.795,-57.795
220.904999,-57.561,-57.561,-57.795,-57.795
221.004999,-57.561,-57.561,-57.795,-58.030
221.104999,-57.561,-57.561,-57.795,-57.795
221.204999,-57.326,-57.561,-57.795,-58.030
221.304999,-57.326,-57.326,-58.030,-58.030
221.520000,-57.561,-57.561,-57.795,-58.030
221.534974,-57.561,-57.561,-58.030,-58.030
221.604999,-57.561,-57.561,-58.030,-58.030
221.704999,-57.561,-57.561,-57.795,-58.030
221.804999,-57.561,-57.326,-57.561,-57.795
221.904999,-57.561,-57.561,-57.795,-58.030
222.004999,-57.561,-57.561,-58.030,-58.030
222.104999,-57.561,-57.326,-57.795,-58.030
222.204999,-57.561,-57.561,-58.030,-57.795
222.304999,-57.561,-57.561,-58.030,-58.030
222.521000,-57.561,-57.561,-57.795,-58.030
222.535974,-57.561,-57.561,-58.030,-58.030
222.604999,-57.561,-57.092,-57.795,-58.030
222.704999,-57.561,-57.561,-57.795,-57.795
222.804999,-57.795,-57.561,-57.795,-58.030
222.904999,-57.326,-57.561,-57.795,-58.030
223.004999,-57.561,-57.326,-57.795,-58.030
223.104999,-57.326,-57.561,-57.795,-58.030
223.204999,-57.561,-57.561,-58.030,-57.795
223.304999,-57.561,-57.561,-57.795,-57.795
223.521000,-57.326,-57.561,-57.795,-58.030
223.535974,-57.795,-57.561,-57.795,-58.030
223.604999,-57.561,-57.561,-57.795,-58.030
223.704999,-57.795,-57.326,-57.795,-58.264
223.804999,-57.561,-57.326,-58.030,-57.795
223.904999,-57.561,-57.561,-57.795,-58.030
224.004999,-57.561,-57.326,-58.030,-58.030
224.104999,-57.561,-57.326,-58.030,-57.795
224.204999,-57.561,-57.326,-57.795,-58.030
224.304999,-57.561,-57.561,-57.795,-58.030
224.521001,-57.561,-57.795,-57.795,-58.030
224.535974,-57.561,-57.561,-58.030,-58.030
224.604999,-57.561,-57.561,-57.795,-57.795
224.704999,-57.326,-57.561,-58.030,-58.030
224.804999,-57.561,-57.561,-57.795,-58.264
224.904999,-57.561,-57.561,-58.030,-58.030
225.004999,-57.561,-57.326,-57.795,-57.795
225.104999,-57.561,-57.326,-58.030,-58.030
225.204999,-57.326,-57.561,-57.795,-58.030
225.304999,-57.561,-57.561,-57.795,-58.264
225.521000,-57.795,-57.326,-58.030,-58.030
225.535974,-57.561,-57.561,-58.030,-58.030
225.604999,-57.561,-57.326,-57.795,-58.030
225.704999,-57.561,-57.326,-57.795,-58.030
225.804999,-57.326,-57.561,-58.030,-57.795
225.904999,-57.561,-57.561,-57.795,-58.264
226.004999,-57.561,-57.326,-57.795,-58.030
226.104999,-57.561,-57.561,-58.030,-57.795
226.204999,-57.561,-57.326,-57.795,-57.795
226.304999,-57.326,-57.326,-58.030,-57.795
226.520000,-57.561,-57.561,-57.795,-57.795
226.534974,-57.561,-57.326,-57.795,-57.795
226.604999,-57.326,-57.561,-58.030,-58.030
226.704999,-57.326,-57.561,-57.795,-57.795
226.804999,-57.561,-57.326,-57.795,-58.030
226.904999,-57.561,-57.326,-58.030,-58.030
227.004999,-57.561,-57.326,-57.795,-58.030
227.104999,-57.326,-57.326,-58.030,-58.264
227.204999,-57.561,-57.561,-57.795,-58.030
227.304999,-57.326,-57.326,-57.795,-58.030
227.521000,-57.561,-57.561,-58.030,-58.030
227.535974,-57.561,-57.561,-57.795,-58.030
227.604999,-57.561,-57.561,-57.795,-58.030
227.704999,-57.561,-57.326,-57.795,-58.030
227.804999,-57.561,-57.326,-57.795,-58.264
227.904999,-57.561,-57.326,-57.795,-58.030
228.004999,-57.561,-57.561,-57.795,-58.264
228.104999,-57.561,-57.561,-58.030,-58.030
228.204999,-57.561,-57.326,-57.795,-58.030
228.304999,-57.561,-57.326,-57.795,-58.030
228.521001,-57.561,-57.561,-58.030,-58.030
228.535974,-57.561,-57.326,-58.030,-58.030
228.604999,-57.561,-57.561,-58.030,-58.030
228.704999,-57.561,-57.326,-58.030,-57.795
228.804999,-57.561,-57.561,-58.030,-58.030
228.904999,-57.795,-57.326,-58.030,-57.795
229.004999,-57.326,-57.326,-58.030,-58.030
229.104999,-57.561,-57.326,-58.030,-57.795
229.204999,-57.326,-57.326,-58.030,-58.264
229.304999,-57.326,-57.326,-57.795,-57.795
229.521000,-57.795,-57.326,-57.795,-58.030
229.535974,-57.561,-57.326,-58.030,-57.795
229.604999,-57.561,-57.561,-58.030,-58.030
229.704999,-57.561,-57.326,-57.795,-58.030
229.804999,-57.326,-57.326,-58.030,-58.030
229.904999,-57.561,-57.561,-58.030,-58.030
230.004999,-57.326,-57.326,-57.795,-58.030
230.104999,-57.326,-57.326,-58.264,-58.030
230.204999,-57.326,-57.326,-58.030,-58.030
230.304999,-57.326,-57.326,-58.030,-58.030
230.521001,-57.561,-57.326,-58.030,-57.795
230.535974,-57.561,-57.092,-57.795,-58.030
230.604999,-57.561,-57.561,-57.795,-57.795
230.704999,-57.561,-57.561,-57.795,-57.795
230.804999,-57.561,-57.326,-57.795,-58.030
230.904999,-57.326,-57.326,-57.795,-57.795
231.004999,-57.561,-57.326,-57.795,-58.264
231.104999,-57.326,-57.326,-57.795,-57.795
231.204999,-57.561,-57.561,-57.561,-58.030
231.304999,-57.561,-57.326,-58.030,-58.030
231.521000,-57.561,-57.326,-58.030,-58.030
231.535974,-57.561,-57.326,-58.030,-58.030
231.604999,-57.561,-57.326,-57.795,-57.795
231.704999,-57.561,-57.561,-57.795,-58.030
231.804999,-57.326,-57.326,-57.795,-58.030
231.904999,-57.561,-57.326,-57.795,-57.795
232.004999,-57.561,-57.326,-57.795,-58.030
232.104999,-57.561,-57.326,-58.030,-58.030
232.204999,-57.326,-57.326,-57.795,-58.030
232.304999,-57.561,-57.326,-58.030,-58.030
232.521001,-57.561,-57.561,-57.561,-58.030
232.535974,-57.561,-57.326,-57.795,-58.030
232.604999,-57.561,-57.092,-58.030,-57.795
232.704999,-57.795,-57.326,-57.795,-58.030
232.804999,-57.561,-57.326,-57.795,-58.030
232.904999,-57.561,-57.092,-57.795,-57.795
233.004999,-57.561,-57.326,-57.795,-57.795
233.104999,-57.326,-57.326,-57.795,-57.795
233.204999,-57.795,-57.326,-57.795,-57.795
233.304999,-57.326,-57.561,-57.795,-58.030
233.521001,-57.326,-57.326,-58.030,-57.795
233.535974,-57.561,-57.326,-58.030,-58.030
233.604999,-57.561,-57.561,-58.030,-58.030
233.704999,-57.561,-57.326,-57.795,-57.795
233.804999,-57.561,-57.326,-58.030,-58.030
233.904999,-57.561,-57.326,-58.030,-58.030
234.004999,-57.326,-57.326,-57.795,-58.030
234.104999,-57.326,-57.326,-57.795,-58.030
234.204999,-57.561,-57.326,-57.795,-58.030
234.304999,-57.326,-57.561,-57.795,-58.030
234.520000,-57.326,-57.326,-58.030,-58.030
234.534974,-57.561,-57.326,-58.030,-58.030
234.604999,-57.561,-57.326,-58.030,-58.030
234.704999,-57.561,-57.326,-57.795,-58.030
234.804999,-57.326,-57.561,-58.030,-58.030
234.904999,-57.326,-57.561,-57.795,-58.030
235.004999,-57.561,-57.092,-58.030,-58.264
235.104999,-57.561,-57.561,-57.795,-58.030
235.204999,-57.326,-57.561,-57.795,-57.795
235.304999,-57.326,-57.561,-57.795,-57.795
235.521000,-57.561,-57.326,-57.795,-58.030
235.535974,-57.561,-57.561,-58.030,-58.030
235.604999,-57.326,-57.326,-57.795,-57.795
235.704999,-57.326,-57.326,-57.795,-58.030
235.804999,-57.561,-57.326,-57.795,-57.795
235.904999,-57.326,-57.561,-57.795,-58.030
236.004999,-57.326,-57.326,-58.030,-58.030
236.104999,-57.561,-57.092,-58.030,-57.795
236.204999,-57.326,-57.561,-57.795,-58.030
236.304999,-57.561,-57.326,-57.795,-58.030
236.521001,-57.561,-57.326,-57.795,-57.795
236.535974,-57.561,-57.326,-57.795,-58.030
236.604999,-57.561,-57.092,-57.795,-58.030
236.704999,-57.561,-57.326,-57.795,-58.030
236.804999,-57.561,-57.561,-57.795,-58.030
236.904999,-57.561,-57.561,-58.030,-58.030
237.004999,-57.326,-57.326,-57.795,-58.030
237.104999,-57.561,-57.326,-58.030,-58.030
237.204999,-57.561,-57.561,-57.795,-58.030
237.304999,-57.561,-57.326,-58.030,-57.795
237.521001,-57.326,-57.326,-57.795,-58.030
237.535974,-57.326,-57.561,-58.030,-57.795
237.604999,-57.561,-57.326,-57.795,-58.030
237.704999,-57.561,-57.326,-57.795,-58.030
237.804999,-57.561,-57.561,-57.795,-57.795
237.904999,-57.326,-57.561,-57.795,-57.795
238.004999,-57.561,-57.326,-58.030,-58.030
238.104999,-57.326,-57.326,-58.030,-57.795
238.204999,-57.326,-57.561,-57.795,-58.030
238.304999,-57.326,-57.561,-58.030,-57.795
238.521001,-57.561,-57.326,-58.030,-57.795
238.535974,-57.561,-57.326,-57.561,-58.264
238.604999,-57.561,-57.326,-57.795,-58.030
238.704999,-57.561,-57.092,-57.795,-58.030
238.804999,-57.326,-57.561,-58.030,-57.795
238.904999,-57.561,-57.561,-58.030,-58.030
239.004999,-57.561,-57.326,-57.795,-58.030
239.104999,-57.326,-57.561,-57.795,-58.030
239.204999,-57.326,-57.561,-58.030,-58.030
239.304999,-57.561,-57.561,-57.795,-57.795
239.520000,-57.326,-57.561,-58.030,-58.030
239.534974,-57.561,-57.326,-58.030,-58.264
239.604999,-57.561,-57.326,-57.795,-58.264
239.704999,-57.326,-57.326,-58.030,-57.795
239.804999,-57.561,-57.561,-58.030,-58.030
239.904999,-57.561,-57.326,-58.030,-58.030
240.004999,-57.561,-57.326,-58.030,-58.030
240.104999,-57.561,-57.326,-58.030,-58.030
240.204999,-57.561,-57.326,-57.795,-58.030
240.304999,-57.326,-57.561,-57.795,-57.795
240.521001,-57.561,-57.326,-58.030,-58.030
240.535974,-57.326,-57.326,-57.795,-57.795
240.604999,-57.561,-57.326,-57.795,-58.030
240.704999,-57.561,-57.326,-57.795,-57.795
240.804999,-57.561,-57.561,-58.030,-58.030
240.904999,-57.561,-57.326,-58.030,-58.030
241.004999,-57.326,-57.326,-58.030,-58.030
241.104999,-57.326,-57.326,-58.030,-58.030
241.204999,-57.561,-57.326,-57.795,-57.795
241.304999,-57.561,-57.561,-58.030,-57.795
241.521000,-57.561,-57.326,-57.795,-58.030
241.535974,-57.561,-57.326,-58.030,-58.030
241.604999,-57.561,-57.326,-57.795,-58.030
241.704999,-57.561,-57.561,-57.795,-58.030
241.804999,-57.561,-57.561,-58.030,-58.030
241.904999,-57.326,-57.326,-58.030,-58.030
242.004999,-57.561,-57.326,-58.030,-58.030
242.104999,-57.561,-57.326,-57.795,-57.795
242.204999,-57.561,-57.561,-57.795,-58.030
242.304999,-57.561,-57.561,-57.795,-57.795
242.521000,-57.326,-57.561,-57.795,-58.030
242.535974,-57.561,-57.561,-58.030,-58.030
242.604999,-57.561,-57.326,-57.795,-57.795
242.704999,-57.561,-57.092,-57.795,-58.030
242.804999,-57.561,-57.561,-57.795,-58.030
242.904999,-57.561,-57.561,-57.795,-58.030
243.004999,-57.561,-57.326,-58.030,-57.795
243.104999,-57.561,-57.326,-57.795,-58.030
243.204999,-57.326,-57.561,-58.030,-58.030
243.304999,-57.561,-57.326,-57.795,-58.030
243.521001,-57.326,-57.561,-58.030,-57.795
243.535974,-57.561,-57.326,-57.795,-58.030
243.604999,-57.561,-57.326,-57.795,-58.030
243.704999,-57.561,-57.326,-57.795,-58.030
243.804999,-57.795,-57.326,-58.030,-58.030
243.904999,-57.561,-57.561,-57.795,-57.795
244.004999,-57.561,-57.561,-57.795,-58.030
244.104999,-57.561,-57.326,-57.795,-58.030
244.204999,-57.561,-57.561,-57.795,-57.795
244.304999,-57.326,-57.561,-57.795,-57.795
244.521001,-57.795,-57.326,-57.795,-57.795
244.535974,-57.561,-57.561,-57.795,-57.795
244.604999,-57.561,-57.326,-58.030,-58.030
244.704999,-57.561,-57.561,-57.795,-58.264
244.804999,-57.561,-57.326,-58.030,-58.030
244.904999,-57.561,-57.561,-57.795,-58.030
245.004999,-57.326,-57.326,-57.795,-58.030
245.104999,-57.561,-57.326,-57.795,-58.030
245.204999,-57.561,-57.326,-58.030,-58.030
245.304999,-57.561,-57.561,-57.795,-58.030
245.521000,-57.326,-57.326,-57.795,-58.030
245.535974,-57.561,-57.326,-57.795,-58.030
245.604999,-57.561,-57.561,-57.795,-58.030
245.704999,-57.092,-57.326,-58.030,-58.030
245.804999,-57.326,-57.561,-57.795,-57.795
245.904999,-57.561,-57.561,-57.795,-58.030
246.004999,-57.561,-57.561,-57.795,-57.795
246.104999,-57.326,-57.561,-58.030,-57.795
246.204999,-57.795,-57.326,-58.030,-58.264
246.304999,-57.326,-57.326,-57.795,-57.795
246.521000,-57.326,-57.326,-57.795,-58.030
246.535974,-57.326,-57.326,-57.795,-58.030
246.604999,-57.326,-57.326,-57.795,-58.030
246.704999,-57.561,-57.326,-57.561,-58.030
246.804999,-57.561,-57.326,-58.030,-58.030
246.904999,-57.326,-57.561,-57.795,-58.030
247.004999,-57.326,-57.326,-57.795,-57.795
247.104999,-57.795,-57.326,-57.795,-58.030
247.204999,-57.326,-57.326,-57.795,-58.264
247.304999,-57.561,-57.326,-58.030,-58.030
247.520000,-57.561,-57.561,-57.795,-57.795
247.534974,-57.326,-57.326,-58.030,-58.030
247.604999,-57.561,-57.561,-57.795,-58.264
247.704999,-57.561,-57.561,-57.795,-58.030
247.804999,-57.561,-57.561,-58.030,-58.030
247.904999,-57.561,-57.326,-57.795,-58.030
248.004999,-57.326,-57.326,-58.030,-58.264
248.104999,-57.326,-57.092,-57.795,-57.795
248.204999,-57.561,-57.326,-57.795,-58.030
248.304999,-57.561,-57.326,-57.795,-58.030
248.521000,-57.326,-57.561,-57.795,-58.030
248.535974,-57.561,-57.326,-57.795,-58.030
248.604999,-57.561,-57.326,-57.795,-58.030
248.704999,-57.561,-57.326,-58.030,-57.795
248.804999,-57.561,-57.326,-57.795,-58.264
248.904999,-57.561,-57.326,-57.795,-58.030
249.004999,-57.561,-57.326,-57.795,-58.264
249.104999,-57.561,-57.326,-57.795,-58.030
249.204999,-57.561,-57.326,-58.030,-58.030
249.304999,-57.561,-57.326,-57.795,-57.795
249.521000,-57.561,-57.326,-57.795,-58.030
249.535974,-57.561,-57.561,-58.030,-58.030
249.604999,-57.561,-57.326,-57.795,-58.264
249.704999,-57.561,-57.561,-57.795,-58.030
249.804999,-57.561,-57.561,-58.030,-58.030
249.904999,-57.561,-57.326,-57.795,-57.795
250.004999,-57.561,-57.561,-57.795,-57.795
250.104999,-57.326,-57.326,-57.795,-58.030
250.204999,-57.561,-57.326,-57.561,-57.795
250.304999,-57.561,-57.326,-57.561,-58.030
250.521001,-57.326,-57.561,-57.795,-58.030
250.535974,-57.561,-57.326,-57.795,-57.795
250.604999,-57.561,-57.326,-57.795,-57.795
250.704999,-57.561,-57.561,-57.795,-58.030
250.804999,-57.561,-57.561,-57.795,-58.030
250.904999,-57.561,-57.561,-57.795,-57.795
251.004999,-57.326,-57.326,-57.795,-58.030
251.104999,-57.561,-57.326,-57.795,-58.030
251.204999,-57.561,-57.561,-57.795,-58.030
251.304999,-57.561,-57.326,-58.030,-58.030
251.521001,-57.561,-57.561,-58.030,-58.030
251.535974,-57.795,-57.326,-57.795,-57.795
251.604999,-57.561,-57.326,-57.795,-58.030
251.704999,-57.561,-57.326,-58.030,-57.795
251.804999,-57.561,-57.326,-57.795,-58.030
251.904999,-57.561,-57.326,-57.795,-58.030
252.004999,-57.561,-57.326,-58.030,-58.030
252.104999,-57.561,-57.326,-57.795,-57.795
252.204999,-57.561,-57.561,-58.030,-58.030
252.304999,-57.561,-57.326,-57.795,-58.030
252.520000,-57.561,-57.326,-57.795,-58.030
252.534974,-57.561,-57.326,-57.795,-58.030
252.604999,-57.561,-57.326,-57.795,-58.030
252.704999,-57.092,-57.326,-58.030,-58.030
252.804999,-57.561,-57.561,-57.795,-58.030
252.904999,-57.561,-57.326,-57.561,-58.030
253.004999,-57.326,-57.326,-57.795,-58.030
253.104999,-57.561,-57.326,-57.795,-58.030
253.204999,-57.326,-57.326,-58.030,-58.030
253.304999,-57.561,-57.326,-57.795,-58.030
253.521000,-57.561,-57.326,-57.795,-58.030
253.535974,-57.561,-57.326,-57.795,-58.030
253.604999,-57.561,-57.561,-57.795,-57.795
253.704999,-57.561,-57.326,-57.795,-58.030
253.804999,-57.326,-57.326,-58.030,-58.030
253.904999,-57.561,-57.326,-57.795,-57.795
254.004999,-57.326,-57.561,-58.030,-58.030
254.104999,-57.561,-57.326,-58.030,-58.030
254.204999,-57.561,-57.326,-58.030,-57.795
254.304999,-57.561,-57.326,-58.030,-58.030
254.521000,-57.561,-57.561,-58.030,-57.795
254.535974,-57.561,-57.326,-57.795,-58.030
254.604999,-57.561,-57.326,-57.795,-58.030
254.704999,-57.561,-57.326,-57.795,-58.030
254.804999,-57.561,-57.326,-58.030,-58.030
254.904999,-57.561,-57.092,-58.030,-58.030
255.004999,-57.795,-57.326,-58.030,-57.795
255.104999,-57.326,-57.326,-57.795,-58.030
255.204999,-57.561,-57.561,-57.795,-58.030
255.304999,-57.561,-57.326,-58.030,-57.795
255.521000,-57.561,-57.326,-58.264,-58.030
255.535974,-57.561,-57.326,-57.795,-58.030
255.604999,-57.561,-57.326,-58.030,-58.030
255.704999,-57.561,-57.326,-57.795,-58.030
255.804999,-57.561,-57.561,-57.795,-58.030
255.904999,-57.561,-57.326,-57.795,-57.795
256.004999,-57.561,-57.561,-57.795,-58.030
256.104999,-57.561,-57.561,-57.795,-57.795
256.204999,-57.561,-57.326,-57.795,-58.030
256.304999,-57.561,-57.326,-57.795,-58.030
256.521000,-57.561,-57.326,-57.795,-57.795
256.535974,-57.561,-57.326,-58.030,-58.030
256.604999,-57.561,-57.326,-58.030,-58.030
256.704999,-57.561,-57.326,-57.795,-58.030
256.804999,-57.561,-57.561,-57.795,-57.795
256.904999,-57.561,-57.326,-57.795,-58.030
257.004999,-57.561,-57.326,-57.795,-58.264
257.104999,-57.561,-57.561,-57.795,-58.030
257.204999,-57.561,-57.326,-57.795,-57.795
257.304999,-57.561,-57.326,-57.561,-58.030
257.521000,-57.561,-57.326,-57.795,-57.795
257.535974,-57.561,-57.326,-57.795,-57.795
257.604999,-57.561,-57.326,-58.030,-57.795
257.704999,-57.326,-57.092,-57.795,-57.795
257.804999,-57.561,-57.326,-57.795,-58.030
257.904999,-57.561,-57.561,-57.795,-58.030
258.004999,-57.561,-57.561,-58.030,-58.030
258.104999,-57.326,-57.326,-58.030,-58.030
258.204999,-57.561,-57.326,-57.795,-58.030
258.304999,-57.561,-57.326,-57.795,-58.030
258.521000,-57.561,-57.561,-57.795,-58.030
258.535974,-57.561,-57.092,-58.030,-58.264
258.604999,-57.561,-57.561,-57.795,-57.795
258.704999,-57.561,-57.326,-57.795,-58.030
258.804999,-57.561,-57.092,-57.795,-57.795
258.904999,-57.326,-57.561,-57.795,-57.795
259.004999,-57.561,-57.326,-57.795,-57.795
259.104999,-57.561,-57.092,-57.795,-58.030
259.204999,-57.326,-57.326,-57.795,-58.030
259.304999,-57.326,-57.326,-57.795,-58.030
259.521000,-57.561,-57.326,-57.795,-58.030
259.535974,-57.326,-57.561,-57.795,-57.795
259.604999,-57.561,-57.561,-57.795,-58.030
259.704999,-57.326,-57.326,-58.030,-58.030
259.804999,-57.561,-57.326,-57.795,-58.030
259.904999,-57.561,-57.326,-57.795,-57.795
260.004999,-57.561,-57.326,-57.795,-58.030
260.104999,-57.561,-57.561,-57.795,-58.030
260.204999,-57.561,-57.561,-57.795,-58.030
260.304999,-57.561,-57.326,-57.795,-58.030
260.520000,-57.561,-57.326,-57.795,-58.030
260.534974,-57.561,-57.561,-57.795,-58.030
260.604999,-57.326,-57.326,-58.030,-58.030
260.704999,-57.561,-57.561,-57.795,-57.795
260.804999,-57.561,-57.326,-58.030,-58.030
260.904999,-57.561,-57.326,-58.030,-58.030
261.004999,-57.561,-57.326,-58.030,-58.030
261.104999,-57.326,-57.326,-58.030,-57.795
261.204999,-57.326,-57.561,-57.795,-57.795
261.304999,-57.561,-57.326,-58.030,-58.030
261.521000,-57.326,-57.326,-57.795,-57.795
261.535974,-57.561,-57.326,-57.795,-58.030
261.604999,-57.561,-57.326,-57.795,-58.030
261.704999,-57.561,-57.326,-57.795,-58.030
261.804999,-57.561,-57.326,-57.795,-58.030
261.904999,-57.326,-57.561,-57.561,-57.795
262.004999,-57.326,-57.326,-57.795,-58.030
262.104999,-57.561,-57.326,-57.795,-58.264
262.204999,-57.326,-57.561,-57.795,-58.030
262.304999,-57.561,-57.326,-58.030,-58.030
262.521000,-57.561,-57.326,-57.795,-58.264
262.535974,-57.561,-57.326,-58.030,-58.030
262.604999,-57.561,-57.326,-57.795,-58.030
262.704999,-57.326,-57.326,-57.795,-58.264
262.804999,-57.561,-57.326,-57.795,-57.795
262.904999,-57.326,-57.561,-57.795,-58.030
263.004999,-57.561,-57.326,-57.795,-58.030
263.104999,-57.561,-57.326,-57.561,-58.030
263.204999,-57.561,-57.326,-57.795,-57.795
263.304999,-57.561,-57.561,-57.795,-58.030
263.521000,-57.326,-57.326,-57.795,-58.030
263.535974,-57.326,-57.326,-57.795,-58.030
263.604999,-57.561,-57.326,-58.030,-58.030
263.704999,-57.561,-57.326,-57.795,-57.795
263.804999,-57.561,-57.092,-57.795,-57.795
263.904999,-57.092,-57.326,-57.795,-58.030
264.004999,-57.326,-57.326,-58.030,-57.795
264.104999,-57.561,-57.561,-58.030,-58.030
264.204999,-57.561,-57.326,-58.030,-57.795
264.304999,-57.326,-57.326,-57.795,-58.030
264.521000,-57.326,-57.326,-58.030,-58.030
264.535974,-57.326,-57.092,-57.795,-57.795
264.604999,-57.561,-57.326,-58.030,-57.795
264.704999,-57.561,-57.326,-58.030,-58.030
264.804999,-57.326,-57.561,-58.030,-58.030
264.904999,-57.326,-57.326,-57.795,-58.030
265.004999,-57.326,-57.326,-57.795,-58.030
265.104999,-57.326,-57.561,-57.795,-57.795
265.204999,-57.561,-57.326,-58.030,-58.030
265.304999,-57.561,-57.326,-57.795,-58.030
265.520000,-57.561,-57.326,-57.795,-58.030
265.534974,-57.795,-57.326,-57.561,-57.795
265.604999,-57.561,-57.326,-57.795,-58.030
265.704999,-57.326,-57.326,-57.795,-58.030
265.804999,-57.326,-57.326,-57.795,-57.795
265.904999,-57.561,-57.326,-57.561,-58.030
266.004999,-57.561,-57.561,-58.030,-57.795
266.104999,-57.561,-57.561,-57.795,-57.795
266.204999,-57.561,-57.326,-57.795,-57.795
266.304999,-57.326,-57.326,-58.030,-57.795
266.521000,-57.561,-57.561,-58.030,-58.030
266.535974,-57.561,-57.561,-57.795,-58.030
266.604999,-57.561,-57.561,-57.795,-58.264
266.704999,-57.326,-57.326,-57.795,-57.795
266.804999,-57.561,-57.326,-57.795,-58.030
266.904999,-57.561,-57.326,-57.795,-58.030
267.004999,-57.561,-57.561,-57.795,-58.030
267.104999,-57.561,-57.561,-58.030,-58.030
267.204999,-57.561,-57.326,-58.264,-58.030
267.304999,-57.326,-57.326,-58.030,-58.264
267.521001,-57.561,-57.092,-57.795,-57.795
267.535974,-57.561,-57.326,-57.795,-58.030
267.604999,-57.561,-57.561,-58.030,-58.030
267.704999,-57.326,-57.326,-57.795,-58.030
267.804999,-57.326,-57.326,-57.795,-58.030
267.904999,-57.561,-57.326,-57.795,-58.030
268.004999,-57.561,-57.326,-58.030,-58.030
268.104999,-57.326,-57.092,-58.030,-58.030
268.204999,-57.326,-57.092,-57.795,-58.030
268.304999,-57.561,-57.561,-57.795,-58.030
268.521000,-57.326,-57.326,-57.795,-58.030
268.535974,-57.561,-57.326,-58.030,-58.030
268.604999,-57.561,-57.561,-57.795,-58.030
268.704999,-57.561,-57.326,-57.795,-57.795
268.804999,-57.326,-57.561,-57.561,-58.030
268.904999,-57.561,-57.092,-58.030,-57.795
269.004999,-57.561,-57.326,-58.030,-58.030
269.104999,-57.561,-57.326,-57.795,-58.264
269.204999,-57.795,-57.326,-57.795,-58.030
269.304999,-57.561,-57.326,-57.795,-58.030
269.521000,-57.561,-57.326,-57.795,-58.030
269.535974,-57.561,-57.326,-58.030,-58.030
269.604999,-57.561,-57.326,-57.795,-58.030
269.704999,-57.326,-57.326,-57.795,-58.030
269.804999,-57.561,-57.326,-57.795,-57.795
269.904999,-57.326,-57.326,-57.795,-58.030
270.004999,-57.561,-57.326,-57.795,-58.030
270.104999,-57.561,-57.561,-57.795,-58.030
270.204999,-57.326,-57.326,-57.795,-58.030
270.304999,-57.561,-57.326,-57.795,-57.795
270.521000,-57.326,-57.326,-58.030,-57.795
270.535974,-57.561,-57.326,-57.795,-58.030
270.604999,-57.561,-57.326,-57.795,-58.030
270.704999,-57.561,-57.326,-57.795,-58.030
270.804999,-57.561,-57.326,-58.030,-58.030
270.904999,-57.795,-57.326,-57.795,-58.030
271.004999,-57.326,-57.326,-58.030,-58.030
271.104999,-57.561,-57.326,-58.030,-58.030
271.204999,-57.326,-57.326,-57.795,-57.795
271.304999,-57.561,-57.326,-57.795,-58.030
271.521000,-57.561,-57.326,-58.030,-58.030
271.535974,-57.561,-57.561,-58.030,-58.030
271.604999,-57.561,-57.326,-57.795,-57.795
271.704999,-57.795,-57.561,-57.795,-58.030
271.804999,-57.795,-57.326,-57.795,-58.264
271.904999,-57.326,-57.092,-58.030,-58.030
272.004999,-57.561,-57.326,-57.795,-57.795
272.104999,-57.326,-57.326,-58.030,-57.795
272.204999,-57.326,-57.326,-58.030,-58.030
272.304999,-57.326,-57.561,-57.795,-58.030
272.521001,-57.561,-57.092,-57.795,-57.795
272.535974,-57.561,-57.561,-57.795,-58.030
272.604999,-57.561,-57.326,-57.795,-58.030
272.704999,-57.561,-57.326,-58.030,-58.030
272.804999,-57.561,-57.326,-57.795,-58.030
272.904999,-57.326,-57.326,-57.795,-58.030
273.004999,-57.561,-57.092,-57.795,-58.030
273.104999,-57.561,-57.561,-57.795,-57.795
273.204999,-57.561,-57.326,-58.030,-57.795
273.304999,-57.561,-57.561,-57.795,-58.030
273.520000,-57.561,-57.326,-57.795,-57.795
273.534974,-57.326,-57.326,-57.795,-58.030
273.604999,-57.561,-57.561,-58.030,-57.795
273.704999,-57.326,-57.326,-58.030,-58.030
273.804999,-57.326,-57.326,-58.030,-58.030
273.904999,-57.561,-57.326,-57.795,-58.030
274.004999,-57.561,-57.326,-57.795,-58.030
274.104999,-57.561,-57.561,-57.795,-57.795
274.204999,-57.561,-57.326,-57.795,-57.795
274.304999,-57.561,-57.326,-57.795,-57.795
274.521000,-57.561,-57.561,-57.795,-57.795
274.535974,-57.561,-57.326,-57.795,-58.264
274.604999,-57.561,-57.326,-57.795,-57.795
274.704999,-57.561,-57.092,-57.795,-57.795
274.804999,-57.795,-57.326,-57.795,-58.030
274.904999,-57.561,-57.561,-57.795,-58.030
275.004999,-57.561,-57.326,-57.795,-58.030
275.104999,-57.561,-57.326,-57.795,-57.795
275.204999,-57.326,-57.326,-58.030,-57.795
275.304999,-57.561,-57.326,-57.795,-57.795
275.521001,-57.561,-57.326,-57.795,-58.030
275.535974,-57.326,-57.326,-58.030,-57.795
275.604999,-57.561,-57.326,-57.795,-58.030
275.704999,-57.326,-57.326,-57.795,-58.030
275.804999,-57.561,-57.561,-58.030,-57.795
275.904999,-57.326,-57.326,-58.030,-58.030
276.004999,-57.326,-57.326,-57.795,-58.030
276.104999,-57.561,-57.326,-58.030,-58.030
276.204999,-57.561,-57.326,-57.795,-58.030
276.304999,-57.561,-57.326,-57.795,-58.030
276.521000,-57.326,-57.326,-57.795,-57.795
276.535974,-57.561,-57.326,-57.795,-58.030
276.604999,-57.326,-57.326,-57.795,-58.030
276.704999,-57.561,-57.326,-57.795,-57.795
276.804999,-57.561,-57.326,-58.030,-58.030
276.904999,-57.326,-57.326,-57.795,-58.030
277.004999,-57.326,-57.561,-57.795,-57.795
277.104999,-57.326,-57.092,-58.030,-57.795
277.204999,-57.561,-57.326,-57.795,-57.795
277.304999,-57.326,-57.326,-57.561,-57.795
277.521000,-57.561,-57.561,-57.795,-58.030
277.535974,-57.561,-57.326,-57.561,-58.030
277.604999,-57.561,-57.326,-57.795,-58.030
277.704999,-57.561,-57.326,-57.795,-58.030
277.804999,-57.326,-57.326,-57.795,-58.030
277.904999,-57.561,-57.326,-57.795,-58.030
278.004999,-57.326,-57.092,-57.795,-58.030
278.104999,-57.561,-57.326,-57.795,-58.030
278.204999,-57.326,-57.326,-57.795,-58.030
278.304999,-57.795,-57.326,-58.030,-58.030
278.520001,-57.561,-57.326,-57.795,-57.795
278.534974,-57.561,-57.561,-57.795,-57.795
278.604999,-57.561,-57.326,-57.795,-57.795
278.704999,-57.326,-57.561,-58.030,-57.795
278.804999,-57.326,-57.326,-58.030,-58.030
278.904999,-57.326,-57.326,-58.030,-57.795
279.004999,-57.561,-57.326,-57.795,-57.795
279.104999,-57.326,-57.326,-58.030,-58.030
279.204999,-57.561,-57.092,-57.795,-58.030
279.304999,-57.561,-57.561,-57.795,-57.795
279.521000,-57.326,-57.326,-57.795,-57.795
279.535974,-57.561,-57.326,-58.030,-58.030
279.604999,-57.326,-57.092,-58.030,-57.795
279.704999,-57.561,-57.561,-58.030,-58.030
279.804999,-57.326,-57.326,-57.795,-57.795
279.904999,-57.326,-57.326,-57.795,-57.795
280.004999,-57.326,-57.326,-58.030,-58.030
280.104999,-57.561,-57.326,-57.795,-58.030
280.204999,-57.561,-57.092,-57.795,-57.795
280.304999,-57.561,-57.326,-57.795,-57.561
280.521001,-57.561,-57.326,-58.030,-58.030
280.535974,-57.561,-57.326,-57.795,-58.030
280.604999,-57.561,-57.326,-57.795,-58.030
280.704999,-57.561,-57.326,-57.795,-57.795
280.804999,-57.561,-57.326,-58.030,-57.795
280.904999,-57.561,-57.326,-57.795,-57.795
281.004999,-57.326,-57.092,-57.795,-58.030
281.104999,-57.092,-57.326,-57.795,-58.030
281.204999,-57.561,-57.326,-58.030,-57.795
281.304999,-57.561,-57.326,-58.264,-58.030
281.521000,-57.561,-57.326,-58.030,-58.030
281.535974,-57.561,-57.326,-57.795,-57.795
281.604999,-57.326,-57.326,-57.795,-58.030
281.704999,-57.561,-57.326,-58.030,-58.030
281.804999,-57.561,-57.326,-58.030,-57.795
281.904999,-57.092,-57.092,-58.030,-58.030
282.004999,-57.561,-57.326,-57.795,-58.030
282.104999,-57.561,-57.326,-58.030,-58.030
282.204999,-57.326,-57.561,-58.030,-58.030
282.304999,-57.326,-57.326,-57.795,-57.795
282.521000,-57.795,-57.326,-58.030,-58.030
282.535974,-57.561,-57.561,-57.795,-57.795
282.604999,-57.326,-57.326,-57.795,-58.030
282.704999,-57.561,-57.326,-58.030,-57.795
282.804999,-57.561,-57.326,-58.030,-58.030
282.904999,-57.326,-57.561,-58.030,-58.030
283.004999,-57.561,-57.326,-58.030,-58.030
283.104999,-57.326,-57.561,-58.030,-57.795
283.204999,-57.561,-57.326,-57.795,-57.795
283.304999,-57.561,-57.561,-57.795,-57.795
283.521001,-57.326,-57.561,-57.795,-58.264
283.535974,-57.561,-57.092,-58.030,-57.795
283.604999,-57.326,-57.561,-57.561,-58.030
283.704999,-57.561,-57.326,-58.030,-58.030
283.804999,-57.561,-57.326,-57.795,-58.030
283.904999,-57.326,-57.326,-58.030,-58.030
284.004999,-57.561,-57.326,-57.795,-57.795
284.104999,-57.092,-57.326,-58.030,-57.795
284.204999,-57.561,-57.561,-57.795,-58.030
284.304999,-57.326,-57.326,-57.561,-58.264
284.521000,-57.326,-57.326,-58.030,-58.030
284.535974,-57.561,-57.326,-58.030,-58.030
284.604999,-57.561,-57.326,-57.795,-57.795
284.704999,-57.326,-57.561,-57.795,-58.030
284.804999,-57.561,-57.561,-58.030,-57.795
284.904999,-57.561,-57.326,-57.795,-57.795
285.004999,-57.561,-57.561,-57.795,-57.795
285.104999,-57.326,-57.326,-58.030,-57.795
285.204999,-57.561,-57.561,-58.030,-57.795
285.304999,-57.326,-57.561,-58.030,-58.030
285.521001,-57.561,-57.326,-57.795,-58.030
285.542699,-57.561,-57.326,-57.795,-58.030
285.604999,-57.561,-57.561,-58.030,-57.795
285.704999,-57.326,-57.561,-58.030,-58.030
285.804999,-57.561,-57.326,-58.030,-57.795
285.904999,-57.326,-57.561,-57.795,-57.795
286.004999,-57.326,-57.561,-57.795,-58.030
286.104999,-57.795,-57.326,-58.030,-58.030
286.204999,-57.561,-57.561,-57.795,-57.795
286.304999,-57.561,-57.561,-57.795,-57.795
286.520001,-57.561,-57.326,-57.795,-58.030
286.534974,-57.326,-57.561,-58.030,-58.030
286.604999,-57.561,-57.326,-57.795,-58.030
286.704999,-57.326,-57.326,-57.795,-58.030
286.804999,-57.561,-57.326,-57.795,-58.030
286.904999,-57.561,-57.092,-58.030,-57.795
287.004999,-57.561,-57.561,-57.795,-58.264
287.104999,-57.326,-57.561,-57.795,-58.030
287.204999,-57.561,-57.326,-57.795,-58.030
287.304999,-57.326,-57.326,-57.795,-57.795
287.521000,-57.561,-57.326,-57.795,-58.264
287.535974,-57.561,-57.326,-57.795,-58.030
287.604999,-57.561,-57.561,-57.795,-58.030
287.704999,-57.561,-57.092,-57.795,-58.030
287.804999,-57.561,-57.326,-58.030,-58.030
287.904999,-57.561,-57.561,-57.795,-57.795
288.004999,-57.326,-57.561,-57.795,-58.030
288.104999,-57.561,-57.326,-57.795,-58.030
288.204999,-57.561,-57.326,-58.030,-58.030
288.304999,-57.326,-57.326,-58.030,-58.030
288.521001,-57.795,-57.561,-58.030,-57.795
288.535974,-57.561,-57.326,-58.030,-58.264
288.604999,-57.561,-57.326,-57.795,-58.030
288.704999,-57.795,-57.092,-57.795,-57.795
288.804999,-57.561,-57.326,-58.030,-58.030
288.904999,-57.561,-57.326,-58.030,-58.030
289.004999,-57.561,-57.561,-58.030,-58.030
289.104999,-57.326,-57.561,-57.795,-57.795
289.204999,-57.561,-57.561,-58.030,-57.795
289.304999,-57.561,-57.326,-57.795,-58.030
289.521000,-57.326,-57.561,-57.795,-57.795
289.535974,-57.561,-57.326,-57.795,-58.030
289.604999,-57.326,-57.326,-58.030,-58.030
289.704999,-57.561,-57.561,-57.795,-58.030
289.804999,-57.326,-57.326,-57.795,-58.030
289.904999,-57.561,-57.561,-57.795,-57.795
290.004999,-57.561,-57.561,-57.795,-58.030
290.104999,-57.561,-57.326,-57.795,-58.030
290.204999,-57.561,-57.561,-57.795,-58.030
290.304999,-57.561,-57.561,-58.030,-57.795
290.521000,-57.561,-57.326,-58.030,-58.030
290.535974,-57.561,-57.326,-58.030,-57.795
290.604999,-57.326,-57.326,-58.030,-58.030
290.704999,-57.561,-57.326,-57.795,-58.030
290.804999,-57.561,-57.561,-57.795,-57.795
290.904999,-57.561,-57.561,-58.030,-58.030
291.004999,-57.561,-57.561,-57.795,-58.030
291.104999,-57.561,-57.561,-57.795,-58.030
291.204999,-57.326,-57.326,-58.030,-57.795
291.304999,-57.561,-57.561,-57.795,-58.030
291.520000,-57.561,-57.326,-57.795,-57.795
291.534974,-57.561,-57.326,-58.030,-58.030
291.604999,-57.326,-57.326,-58.030,-58.030
291.704999,-57.326,-57.561,-57.795,-57.795
291.804999,-57.561,-57.326,-58.030,-57.795
291.904999,-57.561,-57.326,-57.795,-58.030
292.004999,-57.326,-57.326,-57.795,-57.795
292.104999,-57.561,-57.326,-57.795,-58.030
292.204999,-57.561,-57.326,-57.795,-57.795
292.304999,-57.561,-57.326,-57.795,-58.030
292.521000,-57.561,-57.326,-57.795,-57.795
292.535974,-57.561,-57.326,-58.030,-57.795
292.604999,-57.326,-57.326,-58.030,-58.030
292.704999,-57.561,-57.326,-57.795,-58.030
292.804999,-57.561,-57.326,-58.030,-57.795
292.904999,-57.561,-57.326,-57.795,-57.795
293.004999,-57.561,-57.561,-57.795,-58.030
293.104999,-57.092,-57.326,-57.795,-58.030
293.204999,-57.561,-57.326,-57.795,-58.030
293.304999,-57.326,-57.326,-57.561,-58.030
293.521000,-57.561,-57.561,-58.030,-58.030
293.535974,-57.326,-57.326,-57.795,-58.030
293.604999,-57.561,-57.326,-57.795,-58.030
293.704999,-57.561,-57.092,-57.795,-57.795
293.804999,-57.561,-57.326,-58.030,-57.795
293.904999,-57.561,-57.092,-58.030,-58.030
294.004999,-57.561,-57.561,-57.795,-58.030
294.104999,-57.326,-57.326,-57.795,-58.030
294.204999,-57.326,-57.326,-58.030,-58.030
294.304999,-57.561,-57.092,-57.561,-58.030
294.521000,-57.561,-57.561,-57.795,-58.030
294.535974,-57.561,-57.326,-58.030,-58.030
294.604999,-57.326,-57.326,-58.030,-58.030
294.704999,-57.326,-57.326,-57.795,-57.795
294.804999,-57.561,-57.561,-58.030,-57.795
294.904999,-57.561,-57.326,-57.795,-58.030
295.004999,-57.561,-57.092,-58.030,-57.795
295.104999,-57.326,-57.561,-57.795,-58.030
295.204999,-57.326,-57.326,-58.030,-58.030
295.304999,-57.561,-57.561,-58.030,-58.030
295.521000,-57.326,-57.561,-58.030,-58.030
295.535974,-57.561,-57.561,-57.795,-58.030
295.604999,-57.561,-57.326,-57.795,-58.030
295.704999,-57.326,-57.326,-58.030,-57.795
295.804999,-57.326,-57.326,-58.030,-58.030
295.904999,-57.326,-57.092,-57.795,-58.030
296.004999,-57.561,-57.092,-57.795,-58.030
296.104999,-57.561,-57.561,-57.795,-58.030
296.204999,-57.561,-57.326,-57.795,-57.795
296.304999,-57.326,-57.561,-58.030,-58.030
296.521001,-57.561,-57.561,-58.030,-58.030
296.535974,-57.561,-57.326,-57.795,-57.795
296.604999,-57.326,-57.326,-57.795,-58.030
296.704999,-57.326,-57.561,-58.030,-58.030
296.804999,-57.326,-57.561,-57.795,-58.030
296.904999,-57.561,-57.326,-57.795,-58.030
297.004999,-57.326,-57.326,-58.030,-58.030
297.104999,-57.561,-57.326,-58.030,-58.030
297.204999,-57.326,-57.092,-58.030,-58.030
297.304999,-57.561,-57.561,-58.030,-57.795
297.521000,-57.326,-57.561,-58.030,-58.030
297.535974,-57.561,-57.326,-57.795,-58.030
297.604999,-57.561,-57.326,-57.795,-58.030
297.704999,-57.561,-57.326,-57.795,-57.795
297.804999,-57.561,-57.326,-57.795,-58.030
297.904999,-57.092,-57.561,-57.795,-57.795
298.004999,-57.561,-57.326,-57.795,-57.795
298.104999,-57.561,-57.561,-58.030,-58.264
298.204999,-57.561,-57.561,-58.030,-58.030
298.304999,-57.561,-57.326,-57.795,-58.030
298.521001,-57.326,-57.326,-57.795,-58.030
298.535974,-57.326,-57.326,-57.795,-58.030
298.604999,-57.326,-57.561,-57.795,-58.030
298.704999,-57.326,-57.326,-57.795,-58.030
298.804999,-57.561,-57.326,-57.795,-57.795
298.904999,-57.561,-57.326,-57.795,-58.030
299.004999,-57.326,-57.326,-58.030,-57.795
299.104999,-57.561,-57.326,-57.795,-58.030
299.204999,-57.326,-57.561,-57.795,-58.030
299.304999,-57.561,-57.326,-57.561,-57.795
299.520000,-57.561,-57.092,-57.795,-57.795
299.534974,-57.326,-57.326,-57.795,-57.795
299.604999,-57.326,-57.092,-57.795,-57.795
299.704999,-57.326,-57.326,-57.795,-58.030
299.804999,-57.326,-57.326,-57.795,-57.795
299.904999,-57.561,-57.092,-57.795,-57.795
300.004999,-57.561,-57.561,-58.030,-58.030
300.104999,-57.561,-57.326,-58.030,-58.030
300.204999,-57.326,-57.092,-58.030,-57.795
300.304999,-57.561,-57.326,-57.795,-58.030
300.521000,-57.561,-57.326,-57.795,-57.795
300.535974,-57.561,-57.326,-58.030,-57.795
300.604999,-57.561,-57.326,-57.795,-58.030
300.704999,-57.561,-57.326,-57.795,-58.030
300.804999,-57.561,-57.561,-57.795,-58.030
300.904999,-57.561,-57.561,-57.795,-58.030
301.004999,-57.561,-57.326,-57.795,-58.030
301.104999,-57.326,-57.561,-57.795,-58.030
301.204999,-57.326,-57.326,-57.561,-58.030
301.304999,-57.561,-57.326,-57.795,-57.795
301.521001,-57.561,-57.326,-57.795,-58.030
301.535974,-57.326,-57.326,-57.561,-58.030
301.604999,-57.561,-57.326,-58.030,-58.030
301.704999,-57.561,-57.326,-57.795,-58.030
301.804999,-57.326,-57.326,-57.795,-58.030
301.904999,-57.326,-57.326,-57.795,-57.795
302.004999,-57.561,-57.326,-58.030,-58.030
302.104999,-57.561,-57.092,-57.795,-58.030
302.204999,-57.561,-57.326,-57.795,-57.795
302.304999,-57.561,-57.561,-57.795,-57.795
302.521000,-57.326,-57.326,-57.795,-58.030
302.535974,-57.561,-57.326,-57.795,-58.030
302.604999,-57.561,-57.561,-58.030,-58.030
302.704999,-57.561,-57.561,-57.795,-58.030
302.804999,-57.326,-57.561,-58.030,-58.030
302.904999,-57.561,-57.326,-58.030,-58.030
303.004999,-57.326,-57.326,-58.030,-58.030
303.104999,-57.561,-57.326,-57.795,-58.030
303.204999,-57.561,-57.561,-58.030,-57.795
303.304999,-57.561,-57.326,-57.795,-58.030
303.521000,-57.326,-57.326,-58.030,-57.795
303.535974,-57.326,-57.326,-57.795,-57.795
303.604999,-57.561,-57.326,-57.795,-58.030
303.704999,-57.561,-57.326,-57.795,-58.030
303.804999,-57.561,-57.326,-57.795,-58.030
303.904999,-57.326,-57.326,-57.795,-58.030
304.004999,-57.326,-57.561,-57.795,-58.030
304.104999,-57.561,-57.326,-58.264,-58.030
304.204999,-57.561,-57.561,-57.795,-58.030
304.304999,-57.561,-57.561,-57.795,-58.264
304.520000,-57.561,-57.326,-57.561,-58.030
304.534974,-57.561,-57.326,-57.795,-58.030
304.604999,-57.326,-57.326,-58.030,-57.795
304.704999,-57.561,-57.326,-57.795,-58.030
304.804999,-57.326,-57.326,-57.795,-57.795
304.904999,-57.326,-57.326,-57.795,-58.030
305.004999,-57.561,-57.326,-58.030,-58.030
305.104999,-57.561,-57.326,-57.795,-57.795
305.204999,-57.561,-57.326,-57.795,-58.030
305.304999,-57.326,-57.326,-58.030,-58.030
305.521000,-57.561,-57.326,-57.795,-58.030
305.535974,-57.326,-57.326,-57.795,-58.030
305.604999,-57.326,-57.326,-57.795,-58.030
305.704999,-57.561,-57.326,-57.795,-58.030
305.804999,-57.561,-57.326,-57.795,-58.030
305.904999,-57.326,-57.561,-57.795,-58.264
306.004999,-57.326,-57.326,-57.795,-57.795
306.104999,-57.326,-57.326,-58.030,-58.030
306.204999,-57.326,-57.326,-57.795,-57.795
306.304999,-57.561,-57.326,-57.795,-58.030
306.521001,-57.561,-57.326,-58.030,-57.795
306.535974,-57.561,-57.092,-57.795,-58.030
306.604999,-57.326,-57.326,-57.795,-57.795
306.704999,-57.795,-57.326,-57.561,-57.795
306.804999,-57.561,-57.092,-57.795,-58.030
306.904999,-57.561,-57.326,-57.795,-58.030
307.004999,-57.795,-57.326,-57.795,-58.030
307.104999,-57.561,-57.326,-57.795,-57.795
307.204999,-57.561,-57.092,-57.795,-57.795
307.304999,-57.326,-57.561,-57.795,-58.030
307.521000,-57.326,-57.092,-58.030,-58.030
307.535974,-57.561,-57.326,-57.795,-58.030
307.604999,-57.326,-57.326,-57.795,-57.795
307.704999,-57.326,-57.326,-58.030,-57.561
307.804999,-57.326,-57.326,-57.561,-57.795
307.904999,-57.561,-57.561,-57.795,-57.795
308.004999,-57.561,-57.561,-58.030,-58.030
308.104999,-57.561,-57.326,-58.030,-58.030
308.204999,-57.561,-57.326,-57.795,-58.030
308.304999,-57.561,-57.326,-57.795,-58.030
308.521001,-57.561,-57.326,-57.795,-57.795
308.535974,-57.326,-57.561,-57.795,-58.030
308.604999,-57.326,-57.561,-57.795,-58.030
308.704999,-57.561,-57.326,-57.795,-57.795
308.804999,-57.326,-57.326,-57.795,-58.030
308.904999,-57.326,-57.326,-58.264,-57.795
309.004999,-57.561,-57.326,-58.030,-58.030
309.104999,-57.561,-57.326,-57.561,-58.030
309.204999,-57.326,-57.326,-57.795,-58.030
309.304999,-57.561,-57.326,-57.795,-57.795
309.521000,-57.561,-57.561,-58.030,-58.030
309.535974,-57.326,-57.326,-57.795,-57.795
309.604999,-57.561,-57.092,-57.795,-57.795
309.704999,-57.561,-57.326,-57.795,-58.030
309.804999,-57.561,-57.326,-57.795,-58.030
309.904999,-57.561,-57.326,-57.795,-57.795
310.004999,-57.326,-57.561,-57.795,-58.030
310.104999,-57.561,-57.561,-57.795,-58.030
310.204999,-57.326,-57.326,-58.030,-58.030
310.304999,-57.326,-57.326,-58.030,-57.795
310.521001,-57.561,-57.326,-58.030,-58.030
310.535974,-57.561,-57.561,-58.030,-57.795
310.604999,-57.561,-57.326,-57.795,-58.030
310.704999,-57.326,-57.326,-57.795,-57.795
310.804999,-57.326,-57.795,-58.030,-58.030
310.904999,-57.561,-57.326,-58.030,-57.795
311.004999,-57.561,-57.326,-57.795,-58.030
311.104999,-57.561,-57.326,-58.030,-57.795
311.204999,-57.561,-57.326,-58.030,-57.795
311.304999,-57.561,-57.326,-58.030,-58.030
311.521001,-57.326,-57.326,-57.795,-57.795
311.535974,-57.561,-57.326,-57.795,-58.030
311.604999,-57.561,-57.326,-57.795,-57.795
311.704999,-57.326,-57.326,-58.030,-58.030
311.804999,-57.326,-57.326,-57.795,-58.264
311.904999,-57.795,-57.326,-58.030,-57.795
312.004999,-57.326,-57.326,-58.030,-57.795
312.104999,-57.561,-57.561,-57.795,-57.795
312.204999,-57.561,-57.326,-57.795,-57.795
312.304999,-57.561,-57.326,-57.795,-57.795
312.520000,-57.326,-57.326,-57.795,-57.795
312.534974,-57.561,-57.326,-57.795,-58.030
312.604999,-57.326,-57.561,-57.795,-57.795
312.704999,-57.561,-57.326,-57.561,-58.030
312.804999,-57.561,-57.326,-58.030,-58.030
312.904999,-57.326,-57.326,-58.030,-58.030
313.004999,-57.326,-57.326,-58.030,-58.030
313.104999,-57.561,-57.326,-57.795,-57.795
313.204999,-57.561,-57.326,-58.030,-58.030
313.304999,-57.326,-57.326,-57.795,-58.030
313.521000,-57.561,-57.561,-58.030,-58.030
313.535974,-57.795,-57.326,-57.561,-58.030
313.604999,-57.561,-57.326,-57.795,-58.030
313.704999,-57.561,-57.326,-58.030,-57.795
313.804999,-57.561,-57.326,-57.795,-58.030
313.904999,-57.561,-57.326,-57.795,-58.030
314.004999,-57.795,-57.326,-57.795,-58.030
314.104999,-57.561,-57.561,-57.795,-58.030
314.204999,-57.561,-57.326,-58.030,-58.030
314.304999,-57.561,-57.326,-57.795,-58.030
314.521001,-57.326,-57.326,-57.795,-58.030
314.535974,-57.561,-57.326,-57.795,-58.030
314.604999,-57.561,-57.092,-57.795,-58.030
314.704999,-57.561,-57.326,-58.030,-58.030
314.804999,-57.561,-57.326,-58.030,-58.030
314.904999,-57.561,-57.326,-57.795,-57.795
315.004999,-57.326,-57.326,-57.795,-58.030
315.104999,-57.561,-57.326,-58.030,-58.030
315.204999,-57.561,-57.326,-58.030,-58.030
315.304999,-57.561,-57.326,-58.030,-58.030
315.521000,-57.561,-57.561,-57.795,-57.795
315.535974,-57.561,-57.561,-57.795,-57.795
315.604999,-57.326,-57.326,-57.795,-58.030
315.704999,-57.561,-57.326,-57.795,-58.030
315.804999,-57.561,-57.561,-57.795,-58.030
315.904999,-57.326,-57.561,-58.030,-58.030
316.004999,-57.561,-57.561,-57.795,-58.030
316.104999,-57.561,-57.326,-57.795,-57.795
316.204999,-57.561,-57.326,-57.795,-58.030
316.304999,-57.561,-57.326,-58.030,-57.795
316.521000,-57.326,-57.561,-57.795,-58.030
316.535974,-57.326,-57.561,-57.795,-58.030
316.604999,-57.561,-57.326,-57.795,-58.030
316.704999,-57.561,-57.326,-57.795,-58.030
316.804999,-57.326,-57.326,-58.030,-58.030
316.904999,-57.326,-57.561,-57.795,-57.795
317.004999,-57.561,-57.326,-57.795,-58.030
317.104999,-57.326,-57.561,-57.795,-58.030
317.204999,-57.561,-57.326,-57.795,-58.030
317.304999,-57.561,-57.561,-57.795,-57.795
317.520000,-57.561,-57.561,-57.795,-57.795
317.534974,-57.326,-57.326,-58.030,-58.030
317.604999,-57.561,-57.326,-57.795,-58.030
317.704999,-57.561,-57.561,-58.030,-58.030
317.804999,-49.592,-57.326,-57.795,-58.030
317.904999,-27.326,-57.326,-57.795,-57.795
318.004999,-15.606,-57.561,-57.795,-58.030
318.104999,-14.669,-57.326,-57.795,-57.795
318.204999,-13.966,-57.326,-57.795,-58.030
318.304999,-13.966,-57.561,-57.795,-58.030
318.521000,-13.966,-57.561,-57.795,-57.795
318.535974,-13.966,-57.326,-58.030,-58.030
318.604999,-13.966,-57.561,-57.795,-58.030
318.704999,-13.497,-57.561,-58.030,-58.030
318.804999,-13.966,-57.561,-57.795,-57.795
318.904999,-13.731,-57.326,-57.795,-57.795
319.004999,-13.966,-57.326,-57.795,-58.030
319.104999,-13.966,-57.326,-57.795,-58.030
319.204999,-13.731,-57.326,-58.030,-58.030
319.304999,-14.200,-57.326,-57.795,-58.030
319.521000,-13.966,-57.326,-57.795,-58.030
319.535974,-13.966,-57.326,-57.795,-58.030
319.604999,-13.966,-57.326,-57.795,-58.030
319.704999,-13.966,-57.326,-57.795,-58.030
319.804999,-14.200,-57.561,-58.030,-58.030
319.904999,-14.200,-57.561,-57.795,-57.795
320.004999,-13.731,-57.326,-58.030,-58.030
320.104999,-12.091,-57.326,-58.264,-58.030
320.204999,-9.981,-57.561,-57.795,-58.030
320.304999,-6.700,-57.561,-57.795,-58.030
320.521000,2.675,-57.326,-58.030,-57.795
320.535974,3.379,-57.326,-58.030,-57.795
320.604999,6.191,-57.326,-57.795,-58.030
320.704999,10.176,-57.326,-57.795,-58.030
320.804999,13.926,-57.326,-57.795,-57.795
320.904999,17.207,-57.326,-57.795,-58.030
321.004999,19.551,-57.561,-57.795,-58.030
321.104999,20.488,-57.326,-57.795,-57.795
321.204999,21.192,-57.561,-58.030,-58.030
321.304999,21.192,-57.326,-57.795,-57.795
321.521000,21.660,-57.326,-57.795,-58.030
321.535974,21.660,-57.561,-58.030,-57.795
321.604999,21.895,-57.326,-57.795,-57.795
321.704999,21.660,-57.326,-57.795,-58.030
321.804999,22.129,-57.561,-57.795,-57.795
321.904999,21.895,-57.561,-57.795,-57.795
322.004999,21.895,-57.561,-57.795,-57.795
322.104999,21.895,-57.561,-58.030,-58.030
322.204999,21.895,-57.561,-58.030,-58.030
322.304999,21.895,-57.561,-57.795,-57.795
322.521001,21.895,-57.561,-58.030,-58.030
322.535974,21.895,-57.326,-57.795,-57.795
322.604999,22.129,-57.561,-57.795,-58.030
322.704999,22.129,-57.561,-58.030,-57.795
322.804999,22.129,-57.326,-57.795,-57.795
322.904999,22.364,-57.561,-58.030,-57.795
323.004999,23.535,-57.326,-57.795,-57.795
323.104999,25.645,-57.326,-57.795,-57.795
323.204999,29.395,-57.326,-57.795,-57.795
323.304999,33.145,-57.326,-58.030,-57.795
323.521001,43.224,-57.326,-57.795,-57.795
323.535974,43.692,-57.326,-58.030,-57.795
323.604999,46.739,-57.326,-58.030,-57.795
323.704999,50.958,-57.326,-57.561,-57.795
323.804999,54.474,-57.561,-57.795,-58.030
323.904999,57.521,-57.561,-57.795,-57.795
324.004999,58.693,-57.326,-58.030,-57.795
324.104999,59.396,-57.561,-58.030,-58.030
324.204999,59.630,-57.561,-57.795,-58.030
324.304999,60.099,-57.326,-57.795,-58.030
324.521000,61.037,-57.795,-58.030,-58.030
324.535974,60.802,-57.561,-58.030,-58.030
324.604999,61.271,-57.326,-57.795,-58.030
324.704999,61.505,-57.561,-57.795,-58.030
324.804999,61.974,-57.561,-58.030,-57.795
324.904999,62.443,-57.326,-57.795,-58.030
325.004999,62.912,-57.326,-58.030,-58.030
325.104999,63.380,-57.561,-57.795,-57.795
325.204999,63.615,-57.561,-58.030,-58.030
325.304999,64.084,-57.561,-57.795,-57.795
325.520000,65.021,-57.326,-58.030,-58.030
325.534974,65.255,-57.326,-58.030,-58.030
325.604999,65.490,-57.561,-58.030,-58.030
325.704999,65.724,-57.561,-58.030,-58.030
325.804999,65.959,-57.326,-58.030,-57.795
325.904999,66.193,-57.561,-58.030,-57.795
326.004999,66.193,-57.326,-57.795,-57.795
326.104999,66.427,-57.326,-58.030,-58.030
326.204999,66.427,-57.326,-57.795,-58.030
326.304999,66.662,-57.326,-57.795,-57.795
326.521000,66.662,-57.326,-57.795,-58.030
326.535974,66.662,-57.561,-57.795,-57.795
326.604999,66.662,-57.326,-58.030,-58.264
326.704999,66.662,-57.326,-57.795,-58.030
326.804999,66.896,-57.561,-57.795,-58.030
326.904999,66.662,-57.561,-57.795,-58.030
327.004999,66.896,-57.561,-57.795,-57.795
327.104999,66.896,-57.561,-57.795,-57.795
327.204999,66.662,-57.326,-57.795,-58.030
327.304999,66.896,-57.561,-57.795,-58.030
327.521001,66.662,-57.326,-57.795,-58.030
327.535974,66.662,-57.326,-57.795,-58.030
327.604999,66.662,-57.561,-57.795,-57.795
327.704999,66.896,-57.561,-57.795,-57.795
327.804999,66.896,-57.326,-57.795,-58.030
327.904999,66.662,-57.326,-57.795,-58.030
328.004999,66.662,-57.326,-58.030,-57.795
328.104999,66.662,-57.092,-58.030,-58.030
328.204999,66.662,-57.326,-58.030,-57.795
328.304999,66.662,-57.561,-58.030,-58.030
328.521001,66.662,-57.561,-57.795,-57.795
328.535974,66.896,-57.326,-58.030,-57.795
328.604999,66.662,-57.326,-58.030,-58.030
328.704999,66.896,-57.561,-57.795,-58.030
328.804999,66.662,-57.326,-58.030,-57.795
328.904999,66.662,-57.326,-58.030,-57.795
329.004999,66.896,-57.561,-58.030,-57.795
329.104999,66.896,-57.326,-57.795,-58.264
329.204999,66.896,-57.561,-58.030,-57.795
329.304999,66.662,-57.561,-57.795,-58.030
329.521000,66.662,-57.326,-57.795,-57.795
329.535974,67.130,-57.561,-57.795,-58.030
329.604999,66.662,-57.326,-57.795,-57.795
329.704999,66.662,-57.561,-58.030,-57.795
329.804999,66.896,-57.561,-57.795,-57.795
329.904999,66.662,-57.326,-57.795,-58.030
330.004999,66.896,-57.561,-57.795,-57.795
330.104999,66.896,-57.561,-58.030,-58.030
330.204999,66.896,-57.326,-57.795,-57.795
330.304999,66.662,-57.326,-58.030,-57.795
330.520000,66.662,-57.326,-57.795,-57.795
330.534974,66.896,-57.326,-58.030,-57.795
330.604999,66.662,-57.326,-57.795,-57.795
330.704999,66.662,-57.561,-57.795,-57.795
330.804999,66.662,-57.561,-58.030,-57.795
330.904999,66.896,-57.326,-58.030,-57.795
331.004999,66.896,-57.561,-57.795,-57.795
331.104999,67.130,-57.561,-57.795,-57.795
331.204999,67.834,-57.326,-57.795,-57.795
331.304999,69.474,-57.561,-58.030,-58.030
331.521001,73.928,-57.326,-57.795,-58.030
331.535974,74.396,-57.326,-58.030,-57.795
331.604999,75.803,-57.326,-57.795,-57.795
331.704999,78.146,-57.326,-57.795,-58.030
331.804999,80.256,-57.326,-58.030,-57.795
331.904999,82.365,-57.326,-57.795,-58.030
332.004999,84.240,-57.561,-58.030,-57.795
332.104999,86.350,-57.326,-57.795,-57.795
332.204999,88.225,-57.326,-57.795,-57.795
332.304999,90.100,-57.561,-57.795,-58.030
332.521001,93.850,-57.326,-57.795,-58.030
332.535974,94.319,-57.561,-57.795,-57.795
332.604999,95.256,-57.561,-58.030,-57.795
332.704999,96.663,-57.561,-57.795,-57.795
332.804999,98.303,-57.561,-57.795,-58.030
332.904999,99.710,-57.561,-58.030,-57.561
333.004999,100.178,-57.561,-58.030,-58.030
333.104999,101.116,-57.326,-58.030,-57.795
333.204999,101.116,-57.561,-57.795,-57.795
333.304999,101.350,-57.561,-57.795,-58.030
333.521000,100.882,-57.326,-58.030,-58.030
333.535974,100.882,-57.561,-57.795,-57.795
333.604999,100.647,-57.561,-57.795,-57.795
333.704999,100.647,-57.561,-57.795,-58.030
333.804999,100.413,-57.326,-58.030,-57.795
333.904999,100.413,-57.326,-57.795,-57.795
334.004999,100.413,-57.561,-58.030,-57.795
334.104999,100.178,-57.326,-58.030,-57.795
334.204999,100.178,-57.561,-58.030,-57.795
334.304999,99.944,-57.326,-57.795,-58.030
334.521000,99.944,-57.326,-58.030,-57.795
334.535974,99.944,-57.326,-58.030,-57.795
334.604999,99.944,-57.326,-57.795,-58.030
334.704999,99.710,-57.561,-58.030,-58.030
334.804999,99.710,-57.326,-58.030,-57.795
334.904999,99.710,-57.561,-57.795,-58.030
335.004999,99.710,-57.326,-57.795,-57.795
335.104999,99.710,-57.561,-57.795,-57.795
335.204999,99.710,-57.326,-57.795,-57.795
335.304999,99.944,-57.561,-58.030,-58.030
335.521001,99.944,-57.326,-58.030,-58.030
335.535974,99.710,-57.326,-58.030,-57.795
335.604999,99.710,-57.326,-57.795,-57.795
335.704999,99.710,-57.561,-57.795,-57.795
335.804999,99.944,-57.326,-58.030,-57.795
335.904999,99.710,-57.092,-58.030,-58.030
336.004999,99.710,-57.561,-57.795,-58.030
336.104999,99.710,-57.561,-57.795,-58.030
336.204999,99.710,-57.561,-57.795,-58.030
336.304999,99.710,-57.326,-57.795,-58.030
336.521001,99.710,-57.326,-58.030,-57.795
336.535974,99.710,-57.561,-57.795,-57.795
336.604999,99.944,-57.561,-58.030,-57.795
336.704999,99.710,-57.561,-57.795,-58.030
336.804999,99.710,-57.561,-57.795,-57.795
336.904999,99.710,-57.326,-58.030,-57.795
337.004999,99.475,-57.326,-57.795,-57.795
337.104999,99.475,-57.326,-58.030,-58.030
337.204999,99.710,-57.561,-57.795,-58.030
337.304999,99.710,-57.326,-57.795,-58.030
337.521001,99.710,-57.561,-57.795,-58.030
337.535974,99.710,-57.326,-57.795,-58.030
337.604999,99.710,-57.561,-57.795,-57.795
337.704999,99.710,-57.326,-57.795,-58.030
337.804999,99.475,-57.561,-58.030,-58.030
337.904999,99.475,-57.561,-57.795,-58.030
338.004999,99.475,-57.326,-58.030,-57.795
338.104999,99.710,-57.561,-57.795,-57.795
338.204999,99.710,-57.326,-57.795,-58.030
338.304999,99.710,-57.326,-57.795,-58.030
338.520000,99.475,-57.326,-57.795,-57.795
338.534974,99.710,-57.561,-57.795,-58.030
338.604999,99.475,-57.326,-57.795,-58.030
338.704999,99.475,-57.326,-57.795,-58.030
338.804999,99.475,-57.561,-58.030,-58.030
338.904999,99.710,-57.326,-58.030,-57.795
339.004999,99.710,-57.561,-57.795,-58.030
339.104999,99.710,-57.326,-58.030,-57.795
339.204999,99.710,-57.326,-58.030,-58.030
339.304999,99.710,-57.326,-57.795,-58.030
339.521000,99.475,-57.326,-57.795,-58.030
339.535974,99.475,-57.326,-57.795,-57.795
339.604999,99.710,-57.561,-57.795,-57.795
339.704999,99.475,-57.561,-58.030,-57.795
339.804999,99.710,-57.326,-57.795,-57.795
339.904999,99.475,-57.561,-58.030,-57.795
340.004999,99.710,-57.561,-57.561,-58.030
340.104999,99.475,-57.561,-58.030,-57.795
340.204999,99.475,-57.326,-57.561,-57.795
340.304999,99.475,-57.561,-57.795,-57.795
340.521001,99.710,-57.561,-57.795,-58.030
340.535974,99.710,-57.326,-58.030,-58.030
340.604999,99.475,-57.326,-58.030,-57.795
340.704999,99.475,-57.561,-58.030,-57.795
340.804999,99.944,-57.326,-57.795,-57.795
340.904999,99.475,-57.092,-57.795,-57.795
341.004999,99.475,-57.326,-58.030,-58.030
341.104999,99.475,-57.326,-57.795,-58.030
341.204999,99.710,-57.561,-57.795,-57.795
341.304999,99.475,-57.561,-57.795,-57.795
341.521000,99.475,-57.326,-57.795,-58.030
341.535974,99.710,-57.561,-57.795,-58.030
341.604999,99.475,-57.561,-57.795,-57.795
341.704999,99.475,-57.326,-57.795,-58.030
341.804999,99.710,-57.561,-57.795,-58.030
341.904999,99.710,-57.561,-58.030,-58.030
342.004999,99.710,-57.326,-58.030,-58.030
342.104999,99.475,-57.561,-57.795,-58.030
342.204999,99.710,-57.561,-57.795,-58.030
342.304999,99.475,-57.326,-57.795,-57.795
342.521001,99.475,-57.326,-57.795,-57.795
342.535974,99.241,-57.326,-57.795,-58.030
342.604999,99.710,-57.326,-57.795,-58.030
342.704999,99.710,-57.326,-57.795,-58.030
342.804999,99.710,-57.326,-57.795,-58.030
342.904999,99.710,-57.561,-58.030,-58.030
343.004999,99.475,-57.561,-57.795,-57.795
343.104999,99.475,-57.561,-57.795,-57.795
343.204999,99.710,-57.326,-57.795,-58.030
343.304999,99.475,-57.326,-57.795,-58.030
343.520000,99.475,-57.326,-57.795,-58.030
343.534974,99.475,-57.326,-57.795,-58.030
343.604999,99.475,-57.561,-57.795,-57.795
343.704999,99.710,-57.326,-58.030,-58.030
343.804999,99.710,-57.561,-57.795,-58.030
343.904999,99.710,-57.561,-57.795,-57.795
344.004999,99.710,-57.326,-57.795,-57.795
344.104999,99.710,-57.326,-57.561,-58.030
344.204999,99.944,-57.326,-57.795,-58.030
344.304999,101.116,-57.326,-58.030,-57.795
344.521001,103.460,-57.326,-57.795,-58.030
344.535974,103.694,-57.326,-57.795,-57.795
344.604999,104.397,-57.561,-57.795,-57.795
344.704999,105.569,-57.561,-57.795,-58.264
344.804999,106.741,-57.326,-58.030,-58.030
344.904999,107.679,-57.561,-58.030,-57.795
345.004999,108.851,-57.326,-57.795,-57.795
345.104999,109.788,-57.326,-57.795,-57.795
345.204999,110.960,-57.092,-57.795,-58.030
345.304999,111.897,-57.326,-57.795,-58.030
345.521001,114.007,-57.561,-57.795,-57.795
345.535974,114.241,-57.561,-58.030,-58.030
345.604999,114.476,-57.561,-57.561,-58.030
345.704999,115.648,-57.092,-58.030,-58.030
345.804999,116.585,-57.326,-58.030,-58.030
345.904999,117.288,-57.326,-57.795,-58.264
346.004999,117.991,-57.561,-58.030,-58.030
346.104999,118.929,-57.326,-57.795,-58.030
346.204999,119.632,-57.326,-57.795,-58.030
346.304999,120.101,-57.326,-58.030,-58.030
346.521000,119.398,-57.326,-57.795,-58.030
346.535974,119.398,-57.326,-57.795,-58.030
346.604999,119.163,-57.326,-58.030,-57.795
346.704999,119.163,-57.326,-58.030,-57.795
346.804999,119.163,-57.092,-58.030,-58.030
346.904999,118.695,-57.326,-57.795,-58.030
347.004999,118.695,-57.326,-57.795,-58.030
347.104999,118.929,-57.326,-58.030,-57.795
347.204999,118.695,-57.326,-58.030,-57.795
347.304999,118.460,-57.326,-58.030,-58.030
347.521001,118.460,-57.326,-58.030,-57.795
347.535974,118.695,-57.326,-58.030,-57.795
347.604999,118.460,-57.326,-58.030,-58.030
347.704999,118.226,-57.326,-58.030,-57.795
347.804999,118.226,-57.326,-58.030,-58.264
347.904999,118.226,-57.326,-57.795,-57.795
348.004999,118.695,-57.326,-57.795,-58.030
348.104999,118.460,-57.326,-57.795,-57.795
348.204999,118.460,-57.326,-57.795,-57.795
348.304999,118.226,-57.326,-57.795,-58.030
348.521001,118.226,-57.326,-57.795,-57.795
348.535974,118.226,-57.326,-57.795,-58.030
348.604999,118.226,-57.561,-57.795,-58.030
348.704999,118.226,-57.092,-57.795,-57.795
348.804999,118.226,-57.326,-58.030,-57.795
348.904999,118.226,-57.561,-57.795,-58.030
349.004999,118.226,-57.561,-57.795,-58.030
349.104999,118.226,-57.326,-57.795,-57.795
349.204999,118.226,-57.326,-57.795,-57.795
349.304999,118.226,-57.326,-58.030,-57.795
349.521001,117.991,-57.326,-57.795,-58.030
349.535974,118.226,-57.326,-57.795,-58.030
349.604999,117.991,-57.561,-58.030,-57.795
349.704999,118.226,-57.326,-57.795,-58.030
349.804999,117.991,-57.326,-57.795,-58.030
349.904999,118.226,-57.326,-57.795,-58.030
350.004999,117.991,-57.561,-57.795,-58.030
350.104999,118.226,-57.326,-57.795,-58.030
350.204999,118.226,-57.326,-57.795,-57.795
350.304999,118.226,-57.092,-57.795,-57.795
350.521000,118.226,-57.092,-58.030,-58.030
350.535974,117.991,-57.326,-57.795,-57.795
350.604999,118.226,-57.326,-57.795,-57.795
350.704999,118.226,-57.561,-57.795,-57.795
350.804999,118.226,-57.326,-57.795,-58.030
350.904999,117.991,-57.326,-58.030,-57.795
351.004999,118.226,-57.092,-58.030,-58.030
351.104999,117.991,-57.326,-57.795,-57.795
351.204999,117.991,-57.326,-57.795,-58.030
351.304999,117.991,-57.326,-58.030,-58.030
351.520000,117.757,-57.561,-57.795,-57.795
351.534974,117.991,-57.326,-57.795,-58.030
351.604999,118.226,-57.326,-57.795,-58.030
351.704999,118.226,-57.092,-57.795,-58.030
351.804999,117.991,-57.326,-57.795,-58.030
351.904999,118.226,-57.326,-58.030,-58.030
352.004999,118.226,-57.561,-57.795,-58.030
352.104999,117.991,-57.326,-57.795,-57.795
352.204999,118.226,-57.561,-57.795,-58.030
352.304999,117.991,-57.326,-57.795,-58.030
352.521000,117.991,-57.561,-57.795,-58.030
352.535974,117.991,-57.326,-57.795,-58.030
352.604999,117.991,-57.561,-57.795,-58.030
352.704999,117.991,-57.326,-57.795,-58.030
352.804999,117.991,-57.326,-57.795,-58.030
352.904999,117.991,-57.326,-57.795,-58.030
353.004999,117.991,-57.326,-58.030,-57.795
353.104999,117.991,-57.326,-57.795,-58.030
353.204999,117.991,-57.092,-58.030,-57.795
353.304999,117.757,-57.326,-58.030,-58.030
353.521001,117.991,-57.326,-58.030,-58.030
353.535974,118.226,-57.326,-57.795,-58.030
353.604999,118.226,-57.326,-57.795,-58.030
353.704999,117.991,-57.326,-57.795,-58.030
353.804999,118.226,-57.326,-57.795,-58.030
353.904999,117.757,-57.326,-57.795,-58.030
354.004999,117.991,-57.326,-57.561,-58.030
354.104999,117.757,-57.092,-57.795,-58.030
354.204999,117.991,-57.092,-58.030,-58.030
354.304999,117.991,-57.092,-57.795,-57.795
354.521001,117.757,-57.092,-57.795,-57.561
354.535974,117.991,-57.092,-57.795,-58.030
354.604999,117.991,-57.326,-58.030,-58.030
354.704999,118.226,-57.326,-57.795,-57.795
354.804999,117.757,-57.092,-57.795,-57.795
354.904999,117.991,-57.326,-58.030,-58.030
355.004999,117.991,-56.858,-57.795,-58.030
355.104999,117.991,-56.858,-58.030,-57.795
355.204999,117.991,-57.092,-58.030,-58.030
355.304999,117.991,-57.092,-57.795,-57.795
355.521001,117.991,-57.092,-57.795,-58.030
355.535974,117.991,-57.092,-57.795,-58.030
355.604999,117.991,-56.858,-57.795,-58.030
355.704999,117.991,-57.092,-57.795,-57.795
355.804999,117.991,-56.858,-58.030,-58.030
355.904999,117.757,-56.858,-57.795,-57.795
356.004999,117.991,-56.858,-57.795,-57.795
356.104999,117.991,-57.092,-57.795,-58.030
356.204999,117.757,-57.092,-57.795,-57.795
356.304999,117.991,-57.326,-58.030,-57.795
356.520000,117.991,-56.858,-58.030,-57.795
356.534974,117.991,-56.858,-57.795,-57.795
356.604999,117.757,-57.092,-57.795,-57.795
356.704999,117.991,-57.092,-58.030,-58.030
356.804999,117.757,-56.858,-57.561,-58.030
356.904999,117.991,-56.155,-57.795,-57.795
357.004999,117.991,-49.592,-58.030,-57.795
357.104999,117.991,-48.186,-57.795,-58.030
357.204999,117.991,-48.420,-57.795,-58.030
357.304999,117.991,-47.248,-57.795,-57.795
357.521000,117.991,-35.060,-57.795,-58.030
357.535974,117.991,-35.060,-57.795,-57.795
357.604999,117.757,-34.826,-57.795,-58.030
357.704999,117.991,-34.591,-57.795,-58.030
357.804999,117.991,-34.591,-58.030,-58.030
357.904999,117.991,-33.419,-57.795,-57.795
358.004999,117.991,-28.029,-57.795,-58.030
358.104999,118.226,-27.091,-57.795,-57.795
358.204999,117.757,-27.091,-58.030,-57.795
358.304999,117.991,-26.154,-57.795,-58.030
358.521000,117.991,-14.434,-57.795,-57.561
358.535974,117.991,-14.434,-58.030,-57.795
358.604999,117.757,-14.200,-57.795,-58.030
358.704999,117.757,-13.966,-58.030,-57.795
358.804999,117.991,-10.216,-58.030,-58.030
358.904999,117.757,-1.778,-57.795,-58.030
359.004999,117.991,-0.606,-57.795,-58.030
359.104999,117.991,-0.606,-57.561,-58.030
359.204999,117.757,-0.372,-57.561,-57.795
359.304999,117.757,3.847,-57.795,-57.795
359.521000,117.757,11.113,-57.795,-57.795
359.535974,117.991,10.879,-57.795,-57.795
359.604999,117.991,11.113,-57.795,-57.795
359.704999,117.991,11.348,-57.795,-58.030
359.804999,117.991,18.145,-57.795,-57.795
359.904999,117.757,24.239,-58.030,-57.795
360.004999,117.757,24.707,-58.030,-58.030
360.104999,117.991,24.707,-58.030,-58.030
360.204999,117.757,24.942,-57.795,-58.030
360.304999,117.757,32.676,-57.795,-57.795
360.521000,117.991,36.895,-58.030,-57.795
360.535974,117.991,36.895,-57.795,-57.561
360.604999,117.991,36.895,-57.795,-58.030
360.704999,117.757,37.130,-58.030,-57.795
360.804999,117.757,36.895,-58.030,-58.030
360.904999,117.757,37.130,-57.795,-58.030
361.004999,117.757,43.224,-57.795,-58.264
361.104999,117.991,47.677,-57.795,-57.795
361.204999,117.991,47.677,-58.030,-58.030
361.304999,117.991,47.911,-57.561,-57.795
361.521001,117.523,48.849,-57.795,-57.795
361.535974,117.991,49.317,-58.030,-58.264
361.604999,117.991,54.708,-57.795,-57.795
361.704999,117.757,58.458,-58.030,-58.030
361.804999,117.757,58.927,-57.561,-57.795
361.904999,117.757,58.927,-57.795,-58.030
362.004999,117.757,58.927,-57.795,-57.795
362.104999,117.991,58.693,-58.030,-58.030
362.204999,117.991,63.849,-58.030,-58.030
362.304999,117.757,68.537,-57.795,-57.795
362.521000,117.991,69.240,-57.795,-57.795
362.535974,117.991,69.240,-57.795,-57.795
362.604999,118.226,69.240,-57.561,-58.030
362.704999,117.757,72.287,-58.030,-57.795
362.804999,117.757,80.022,-57.795,-58.030
362.904999,117.523,80.725,-57.795,-57.795
363.004999,117.757,80.725,-57.795,-58.030
363.104999,117.991,80.725,-57.795,-57.795
363.204999,117.757,85.178,-57.795,-58.030
363.304999,117.757,91.506,-57.795,-57.795
363.521000,117.757,91.975,-58.030,-58.030
363.535974,117.757,91.975,-58.030,-57.795
363.604999,117.757,92.209,-58.030,-57.795
363.704999,117.523,92.444,-57.795,-57.795
363.804999,117.523,98.772,-57.795,-57.795
363.904999,117.757,101.585,-57.795,-58.030
364.004999,117.757,101.819,-57.795,-57.795
364.104999,117.757,102.053,-58.030,-57.795
364.204999,117.757,102.053,-57.795,-57.795
364.304999,117.991,102.288,-57.795,-58.030
364.520000,117.757,103.460,-58.030,-58.030
364.534974,117.757,104.163,-58.030,-58.030
364.604999,117.991,108.147,-57.795,-58.030
364.704999,117.523,109.554,-57.795,-57.795
364.804999,117.757,109.788,-58.030,-58.030
364.904999,117.523,109.788,-58.030,-58.030
365.004999,117.523,110.022,-57.795,-57.795
365.104999,117.757,110.257,-57.795,-58.030
365.204999,117.757,110.257,-57.795,-58.030
365.304999,117.757,114.944,-58.030,-58.030
365.521000,117.757,121.273,-58.030,-57.795
365.535974,117.757,121.273,-57.795,-57.795
365.604999,117.757,121.273,-58.030,-57.795
365.704999,117.757,121.507,-57.795,-57.795
365.804999,117.757,121.273,-57.795,-57.795
365.904999,117.523,125.023,-57.795,-58.030
366.004999,117.757,132.757,-57.795,-58.030
366.104999,117.523,133.929,-57.795,-58.030
366.204999,117.757,133.929,-57.795,-58.030
366.304999,117.757,134.164,-57.561,-57.795
366.521001,117.991,135.336,-57.795,-57.795
366.535974,117.757,135.804,-58.030,-58.030
366.604999,117.757,141.195,-57.795,-57.795
366.704999,117.523,147.055,-58.030,-57.795
366.804999,117.757,147.524,-57.795,-57.795
366.904999,117.523,147.758,-58.030,-58.030
367.004999,117.757,147.758,-58.030,-58.030
367.104999,117.523,147.758,-58.030,-57.795
367.204999,117.523,147.758,-57.795,-57.795
367.304999,117.757,147.992,-57.795,-58.030
367.521001,117.757,154.321,-58.030,-58.030
367.535974,117.757,154.789,-58.030,-57.795
367.604999,117.523,157.368,-58.030,-57.795
367.704999,117.523,160.883,-58.030,-57.795
367.804999,117.523,161.821,-57.795,-57.795
367.904999,117.523,162.055,-57.795,-58.030
368.004999,117.523,162.290,-57.795,-58.030
368.104999,117.757,162.290,-57.795,-57.795
368.204999,117.757,162.758,-57.795,-58.030
368.304999,117.523,170.259,-57.795,-57.795
368.521000,117.757,177.056,-57.795,-57.795
368.535974,117.757,176.821,-58.030,-57.795
368.604999,117.757,177.056,-58.030,-57.795
368.704999,117.757,177.056,-58.030,-57.795
368.804999,117.523,177.290,-57.795,-57.795
368.904999,117.523,181.978,-58.030,-58.030
369.004999,117.523,188.775,-57.795,-58.030
369.104999,117.523,189.244,-57.795,-58.030
369.204999,117.523,189.712,-57.795,-57.795
369.304999,117.523,189.947,-58.030,-57.795
369.520000,117.523,189.712,-57.795,-58.030
369.534974,117.991,189.947,-57.795,-58.030
369.604999,117.991,189.947,-57.561,-58.030
369.704999,117.757,189.947,-57.561,-57.795
369.804999,117.523,190.416,-58.030,-58.030
369.904999,117.757,196.275,-57.795,-58.030
370.004999,117.288,200.963,-58.030,-57.795
370.104999,117.523,201.197,-57.795,-58.030
370.204999,117.523,201.666,-57.795,-57.795
370.304999,117.757,201.900,-58.030,-58.030
370.521001,117.757,206.353,-58.030,-58.030
370.535974,117.757,207.994,-57.795,-57.795
370.604999,117.523,212.447,-58.030,-57.795
370.704999,117.523,213.854,-57.795,-57.795
370.804999,117.523,214.557,-58.030,-58.030
370.904999,117.523,214.322,-58.030,-58.030
371.004999,117.757,214.322,-57.795,-58.030
371.104999,117.523,214.557,-58.030,-58.030
371.204999,117.523,218.541,-57.795,-58.030
371.304999,117.757,223.932,-57.795,-58.030
371.521001,117.523,225.573,-57.795,-57.795
371.535974,117.523,225.573,-58.030,-57.795
371.604999,117.757,225.573,-58.030,-57.795
371.704999,117.757,226.042,-57.795,-57.795
371.804999,117.523,225.807,-57.795,-58.030
371.904999,117.757,226.745,-57.795,-57.795
372.004999,117.757,230.260,-58.030,-58.030
372.104999,117.288,233.542,-58.030,-57.795
372.204999,117.523,234.479,-57.795,-57.795
372.304999,117.523,234.479,-57.795,-57.795
372.521001,117.288,234.714,-58.030,-57.795
372.535974,117.523,234.479,-57.795,-58.030
372.604999,117.757,234.714,-58.030,-58.030
372.704999,117.523,234.714,-58.030,-57.795
372.804999,117.523,234.948,-58.030,-57.795
372.904999,117.757,234.948,-57.561,-57.795
373.004999,117.523,234.714,-58.030,-58.030
373.104999,117.757,234.948,-58.030,-57.795
373.204999,117.523,234.948,-58.030,-57.795
373.304999,117.523,234.948,-57.561,-57.795
373.521001,117.523,236.823,-57.795,-57.795
373.535974,117.757,237.292,-57.795,-57.795
373.604999,117.757,239.636,-58.030,-57.795
373.704999,117.523,243.151,-57.795,-57.795
373.804999,117.523,245.495,-58.030,-57.795
373.904999,117.288,245.964,-58.030,-58.030
374.004999,117.523,246.198,-57.795,-57.795
374.104999,117.288,246.198,-58.030,-57.561
374.204999,117.523,246.433,-58.030,-58.030
374.304999,117.523,246.433,-58.030,-58.264
374.521000,117.523,254.167,-58.030,-57.795
374.535974,117.523,254.871,-57.795,-58.030
374.604999,117.523,256.980,-57.795,-58.030
374.704999,117.288,257.449,-58.030,-57.795
374.804999,117.523,257.683,-57.795,-57.795
374.904999,117.523,257.918,-57.795,-57.795
375.004999,117.523,257.918,-58.030,-58.030
375.104999,117.523,257.918,-57.795,-58.264
375.204999,117.523,257.918,-57.561,-58.030
375.304999,117.523,257.918,-57.795,-57.561
375.521001,117.523,258.152,-57.795,-58.030
375.535974,117.523,258.152,-58.030,-57.795
375.604999,117.523,257.918,-57.795,-57.795
375.704999,117.288,258.152,-57.795,-57.795
375.804999,117.523,258.152,-57.795,-58.030
375.904999,117.523,258.386,-57.795,-58.030
376.004999,117.523,258.386,-57.795,-57.795
376.104999,117.523,258.386,-58.030,-57.795
376.204999,117.523,258.386,-57.795,-58.030
376.304999,117.523,258.386,-57.795,-57.795
376.521000,117.523,258.621,-57.795,-57.795
376.535974,117.757,258.855,-58.030,-57.795
376.604999,117.523,260.730,-58.030,-58.030
376.704999,117.288,264.246,-58.030,-58.030
376.804999,117.523,266.824,-58.030,-58.030
376.904999,117.523,267.527,-57.795,-57.795
377.004999,117.523,267.996,-58.030,-58.030
377.104999,117.523,267.996,-58.030,-57.795
377.204999,117.523,268.230,-57.795,-57.795
377.304999,117.523,267.996,-57.795,-57.795
377.520000,117.288,270.105,-57.795,-58.030
377.534974,117.523,270.340,-57.795,-58.030
377.604999,117.523,271.277,-57.795,-57.795
377.704999,117.523,272.449,-57.795,-58.030
377.804999,117.523,273.387,-57.795,-57.795
377.904999,117.288,273.856,-57.795,-58.030
378.004999,117.523,275.496,-57.795,-57.795
378.104999,117.523,277.137,-57.795,-58.030
378.204999,117.523,278.543,-57.795,-58.030
378.304999,117.523,279.949,-57.795,-58.030
378.521000,117.523,280.653,-58.030,-58.030
378.535974,117.523,280.653,-57.795,-58.030
378.604999,117.523,280.653,-57.795,-58.264
378.704999,117.523,280.887,-57.795,-57.795
378.804999,117.523,280.887,-57.795,-57.795
378.904999,117.523,280.887,-57.795,-57.795
379.004999,117.288,280.887,-57.795,-57.795
379.104999,117.523,281.121,-57.795,-57.795
379.204999,117.523,281.590,-57.795,-57.795
379.304999,117.288,282.059,-57.795,-57.795
379.521001,117.523,282.059,-58.030,-58.030
379.535974,117.288,282.293,-57.795,-58.030
379.604999,117.523,282.528,-58.030,-58.030
379.704999,117.523,282.528,-57.795,-57.795
379.804999,117.288,282.528,-57.795,-57.795
379.904999,117.523,282.528,-58.030,-57.795
380.004999,117.523,282.528,-57.795,-58.030
380.104999,117.523,282.528,-57.795,-58.030
380.204999,117.288,282.996,-57.795,-58.030
380.304999,117.288,282.996,-57.795,-58.264
380.521000,117.288,282.996,-57.795,-58.030
380.535974,117.288,282.762,-57.795,-58.030
380.604999,117.288,282.762,-57.795,-57.795
380.704999,117.288,282.762,-57.795,-58.030
380.804999,117.523,282.996,-57.795,-58.030
380.904999,117.288,282.996,-58.264,-57.795
381.004999,117.288,282.996,-57.795,-57.795
381.104999,117.288,284.637,-57.795,-57.795
381.204999,117.523,288.622,-57.795,-57.795
381.304999,117.288,290.731,-57.795,-57.795
381.521000,117.523,291.669,-57.795,-57.795
381.535974,117.523,291.903,-57.795,-58.030
381.604999,117.523,292.137,-57.795,-58.030
381.704999,117.288,292.137,-58.030,-58.030
381.804999,117.523,292.137,-58.030,-58.030
381.904999,117.288,292.137,-57.795,-58.030
382.004999,117.288,292.372,-58.030,-58.030
382.104999,117.288,293.075,-57.795,-57.795
382.204999,117.523,294.012,-57.795,-58.030
382.304999,117.523,294.481,-58.030,-58.030
382.520000,117.288,295.653,-57.795,-58.030
382.534974,117.288,295.653,-57.795,-58.030
382.604999,117.523,295.887,-57.795,-57.795
382.704999,117.288,296.591,-57.795,-57.795
382.804999,117.523,296.591,-57.795,-57.795
382.904999,117.288,297.294,-57.795,-58.030
383.004999,117.523,297.763,-57.795,-58.030
383.104999,117.288,297.997,-58.030,-57.795
383.204999,117.288,298.231,-58.030,-57.795
383.304999,117.054,298.466,-57.795,-57.561
383.521001,117.288,298.700,-58.030,-57.795
383.535974,117.288,298.934,-57.795,-57.795
383.604999,117.054,298.934,-57.795,-57.795
383.704999,117.288,299.169,-58.030,-57.795
383.804999,117.054,299.403,-58.030,-58.030
383.904999,117.288,299.403,-57.795,-58.030
384.004999,117.288,299.638,-58.030,-57.795
384.104999,117.523,299.638,-57.795,-57.795
384.204999,117.523,299.872,-57.795,-57.795
384.304999,117.523,300.106,-57.795,-57.795
384.521000,117.288,300.341,-57.795,-58.030
384.535974,117.288,300.575,-57.561,-58.030
384.604999,117.523,300.106,-57.795,-57.795
384.704999,117.288,300.106,-58.030,-58.030
384.804999,117.288,300.575,-57.795,-58.030
384.904999,117.288,300.575,-58.030,-57.795
385.004999,117.288,300.575,-58.030,-57.795
385.104999,117.054,300.341,-58.030,-58.030
385.204999,117.288,300.575,-57.795,-57.561
385.304999,117.288,300.810,-57.795,-57.795
385.521001,117.054,301.044,-57.795,-58.030
385.535974,117.288,301.278,-57.795,-58.030
385.604999,117.288,301.044,-57.795,-58.030
385.704999,117.288,301.513,-58.030,-57.795
385.804999,117.288,301.513,-57.795,-58.030
385.904999,117.523,301.747,-57.795,-58.030
386.004999,117.288,301.513,-57.795,-57.795
386.104999,117.288,301.981,-57.795,-57.795
386.204999,117.288,302.216,-57.795,-58.030
386.304999,117.523,302.450,-58.030,-58.264
386.521000,117.288,305.028,-57.795,-57.795
386.535974,117.288,305.263,-58.030,-58.030
386.604999,117.288,305.732,-57.795,-58.030
386.704999,117.288,306.200,-57.795,-57.795
386.804999,117.288,306.669,-58.030,-58.030
386.904999,117.288,306.669,-57.795,-58.030
387.004999,117.523,306.903,-58.030,-58.030
387.104999,117.288,306.903,-57.795,-58.030
387.204999,117.523,306.903,-57.795,-58.030
387.304999,117.523,306.903,-57.795,-58.030
387.521001,117.288,306.903,-58.030,-58.030
387.535974,117.288,307.138,-57.795,-58.030
387.604999,117.288,307.372,-57.795,-57.561
387.704999,117.523,307.138,-57.795,-58.030
387.804999,117.288,307.372,-58.030,-58.030
387.904999,117.288,307.607,-57.795,-58.030
388.004999,117.523,307.607,-57.795,-57.795
388.104999,117.523,308.075,-57.795,-57.795
388.204999,117.288,308.075,-57.795,-58.030
388.304999,117.288,308.310,-57.795,-57.795
388.521001,117.523,308.544,-58.030,-58.030
388.535974,117.288,308.544,-58.264,-58.030
388.604999,117.288,308.778,-58.030,-58.030
388.704999,117.288,309.013,-58.030,-58.030
388.804999,117.288,309.247,-58.030,-57.795
388.904999,117.288,309.716,-58.030,-57.795
389.004999,117.288,309.716,-57.795,-57.795
389.104999,117.523,309.950,-58.030,-58.030
389.204999,117.288,310.185,-57.795,-57.795
389.304999,117.288,310.419,-57.795,-58.030
389.521000,117.288,310.419,-57.795,-58.030
389.535974,117.288,310.654,-57.795,-58.030
389.604999,117.288,310.654,-58.030,-57.795
389.704999,117.288,310.654,-57.795,-58.030
389.804999,117.288,310.654,-57.795,-58.030
389.904999,117.288,310.654,-57.795,-58.030
390.004999,117.054,311.122,-57.795,-58.030
390.104999,117.288,311.122,-57.795,-58.030
390.204999,117.288,311.357,-57.795,-57.795
390.304999,117.288,311.122,-58.030,-57.795
390.520000,117.288,311.357,-57.795,-58.030
390.534974,117.288,310.888,-58.030,-58.030
390.604999,117.288,311.122,-58.030,-58.030
390.704999,117.288,311.357,-57.795,-58.030
390.804999,117.288,311.357,-57.795,-58.030
390.904999,117.288,311.122,-58.030,-57.795
391.004999,117.054,311.357,-57.795,-58.030
391.104999,117.288,311.357,-58.030,-58.030
391.204999,117.288,311.357,-57.795,-58.030
391.304999,117.288,311.357,-58.030,-57.795
391.521000,117.523,311.591,-58.030,-58.030
391.535974,117.054,311.357,-58.030,-58.030
391.604999,117.288,311.357,-58.030,-58.030
391.704999,117.288,311.357,-58.030,-57.795
391.804999,117.054,311.357,-57.795,-58.030
391.904999,117.054,311.357,-57.795,-58.030
392.004999,117.288,311.357,-58.030,-57.795
392.104999,117.288,311.591,-57.795,-58.030
392.204999,117.054,311.591,-57.795,-57.795
392.304999,117.288,311.591,-58.030,-57.795
392.521001,117.288,311.357,-58.030,-57.795
392.535974,117.288,311.591,-57.795,-58.030
392.604999,117.054,311.591,-58.030,-57.795
392.704999,117.054,311.591,-58.030,-57.795
392.804999,117.288,311.591,-57.795,-57.795
392.904999,117.523,311.591,-58.030,-58.030
393.004999,117.054,311.591,-57.795,-58.030
393.104999,117.288,311.357,-58.030,-58.030
393.204999,117.054,311.591,-58.030,-58.030
393.304999,117.054,311.357,-57.795,-58.030
393.521000,117.054,311.591,-57.795,-58.030
393.535974,117.288,311.357,-57.561,-58.030
393.604999,117.288,311.825,-58.030,-57.795
393.704999,117.288,311.357,-58.030,-57.795
393.804999,117.288,311.591,-57.795,-58.030
393.904999,117.054,311.591,-58.030,-57.795
394.004999,117.054,311.591,-57.795,-57.795
394.104999,117.054,311.591,-57.795,-58.030
394.204999,117.288,311.591,-57.795,-57.795
394.304999,117.523,311.591,-57.795,-58.030
394.521001,117.288,311.591,-57.795,-58.030
394.535974,117.054,311.591,-57.795,-57.795
394.604999,117.288,311.591,-58.030,-58.030
394.704999,117.288,311.591,-58.030,-57.795
394.804999,117.288,311.591,-57.795,-57.795
394.904999,117.288,311.591,-57.795,-57.795
395.004999,117.054,311.357,-57.795,-57.561
395.104999,117.054,311.825,-58.030,-58.030
395.204999,117.054,311.825,-57.795,-58.264
395.304999,117.288,311.591,-57.795,-58.030
395.520000,117.054,311.825,-58.030,-57.795
395.534974,117.054,311.591,-57.795,-57.795
395.604999,117.054,311.591,-58.030,-57.795
395.704999,117.288,311.825,-57.795,-57.795
395.804999,117.054,311.825,-57.795,-58.030
395.904999,117.288,311.825,-58.030,-57.795
396.004999,117.054,311.591,-57.795,-57.795
396.104999,117.054,311.591,-58.030,-57.795
396.204999,117.054,311.825,-57.795,-58.030
396.304999,117.288,311.357,-58.030,-58.264
396.521001,116.820,311.357,-57.795,-57.795
396.535974,117.054,311.825,-58.030,-58.030
396.604999,117.054,311.591,-57.795,-57.795
396.704999,117.054,311.825,-57.795,-57.795
396.804999,117.054,311.591,-57.795,-57.795
396.904999,117.054,311.591,-58.030,-57.795
397.004999,117.288,311.591,-57.795,-57.795
397.104999,117.288,311.825,-58.030,-57.795
397.204999,117.054,311.825,-57.795,-57.795
397.304999,117.054,311.591,-58.030,-57.561
397.521001,117.054,311.825,-57.795,-57.795
397.535974,117.288,311.825,-57.795,-57.795
397.604999,117.288,311.591,-58.030,-58.030
397.704999,117.523,311.591,-58.030,-58.030
397.804999,117.288,311.825,-58.030,-58.030
397.904999,117.054,311.825,-57.795,-57.795
398.004999,117.054,311.825,-57.795,-58.030
398.104999,117.288,311.591,-58.030,-57.795
398.204999,117.054,311.591,-57.795,-57.795
398.304999,117.054,311.591,-58.030,-57.795
398.521000,117.054,311.825,-58.030,-57.795
398.535974,117.054,311.591,-57.795,-58.030
398.604999,117.054,311.591,-57.795,-58.030
398.704999,117.054,311.591,-58.030,-58.030
398.804999,117.054,311.825,-57.795,-58.264
398.904999,117.288,311.591,-58.030,-58.030
399.004999,117.054,311.825,-57.795,-57.795
399.104999,117.054,311.825,-57.795,-58.030
399.204999,117.054,311.591,-57.795,-58.030
399.304999,117.054,311.591,-57.795,-58.030
399.521000,117.054,311.591,-58.030,-58.030
399.535974,117.054,311.591,-58.030,-58.030
399.604999,117.054,311.591,-57.795,-57.795
399.704999,117.054,311.591,-57.795,-57.795
399.804999,117.054,311.591,-57.795,-58.030
399.904999,117.054,311.591,-58.030,-58.030
400.004999,117.054,311.591,-57.795,-57.795
400.104999,117.054,311.825,-58.030,-58.030
400.204999,117.288,311.591,-57.795,-58.030
400.304999,117.054,311.825,-57.795,-57.795
400.521000,117.054,311.825,-57.795,-57.795
400.535974,117.054,311.591,-57.795,-57.795
400.604999,116.820,311.591,-57.795,-58.030
400.704999,117.054,311.825,-57.795,-57.795
400.804999,117.288,311.825,-58.030,-57.795
400.904999,117.054,311.357,-57.795,-57.795
401.004999,117.288,311.591,-58.030,-58.030
401.104999,116.820,311.591,-58.030,-58.030
401.204999,117.054,312.060,-58.030,-58.030
401.304999,117.054,311.591,-57.795,-58.030
401.521001,117.054,311.591,-58.030,-57.795
401.535974,117.054,311.591,-58.030,-57.795
401.604999,117.054,311.591,-57.795,-57.795
401.704999,117.054,311.591,-57.795,-57.795
401.804999,116.820,311.591,-57.795,-58.030
401.904999,116.820,311.591,-57.795,-58.030
402.004999,116.820,311.591,-57.795,-57.795
402.104999,117.054,311.825,-57.795,-57.795
402.204999,116.820,311.591,-57.795,-57.561
402.304999,116.820,311.591,-57.795,-58.030
402.521000,117.054,311.591,-57.795,-58.030
402.535974,116.820,311.591,-57.795,-57.795
402.604999,117.054,311.825,-57.795,-58.030
402.704999,116.820,311.591,-57.795,-58.030
402.804999,116.820,311.591,-57.795,-57.795
402.904999,117.288,311.825,-57.795,-58.030
403.004999,117.054,311.825,-57.795,-58.264
403.104999,117.054,311.591,-57.795,-58.030
403.204999,117.054,311.591,-58.030,-58.030
403.304999,117.054,311.591,-57.795,-58.030
403.520000,117.054,311.825,-58.030,-57.795
403.534974,117.054,311.591,-57.795,-57.795
403.604999,116.820,311.591,-58.030,-57.795
403.704999,117.288,311.591,-57.795,-58.030
403.804999,117.054,311.591,-58.030,-58.030
403.904999,117.054,311.591,-58.030,-58.030
404.004999,116.820,311.825,-57.795,-57.795
404.104999,117.054,311.825,-57.795,-58.030
404.204999,116.820,311.825,-57.795,-57.795
404.304999,117.054,311.591,-57.795,-58.030
404.521000,117.054,311.591,-58.030,-57.795
404.535974,117.054,311.591,-57.795,-58.030
404.604999,117.054,311.825,-57.795,-57.795
404.704999,116.820,311.825,-57.795,-58.030
404.804999,117.054,311.591,-57.795,-58.030
404.904999,116.820,311.825,-58.030,-57.795
405.004999,117.054,311.591,-57.795,-58.030
405.104999,116.820,311.591,-57.795,-57.795
405.204999,117.054,311.357,-57.795,-58.030
405.304999,117.288,311.825,-57.795,-58.030
405.521000,116.820,311.591,-58.030,-58.030
405.535974,117.054,311.591,-57.795,-57.795
405.604999,117.054,311.591,-58.030,-57.795
405.704999,117.054,311.825,-58.030,-58.030
405.804999,117.054,311.825,-58.030,-57.795
405.904999,117.054,311.825,-57.795,-57.795
406.004999,117.054,311.825,-57.795,-57.795
406.104999,117.054,311.591,-57.795,-58.030
406.204999,117.054,311.825,-57.795,-58.030
406.304999,117.054,311.591,-58.030,-58.030
406.521001,117.054,311.591,-58.030,-58.030
406.535974,117.054,311.825,-58.030,-58.030
406.604999,116.820,311.591,-57.795,-58.030
406.704999,117.054,311.591,-57.795,-57.795
406.804999,117.054,311.591,-57.795,-58.030
406.904999,116.820,311.591,-58.030,-57.795
407.004999,116.820,311.591,-57.795,-57.795
407.104999,117.054,311.591,-58.030,-58.030
407.204999,117.054,311.591,-57.795,-57.795
407.304999,117.054,311.591,-57.795,-57.795
407.521000,117.288,311.591,-57.795,-58.030
407.535974,117.054,311.825,-57.795,-58.030
407.604999,117.054,311.591,-58.030,-57.795
407.704999,116.820,311.357,-57.795,-57.795
407.804999,116.820,311.591,-58.030,-58.264
407.904999,117.054,311.591,-58.030,-58.030
408.004999,116.820,311.825,-57.795,-58.030
408.104999,117.054,311.591,-57.561,-57.795
408.204999,117.054,311.591,-58.030,-58.030
408.304999,116.820,311.825,-57.795,-57.795
408.520000,116.820,311.591,-57.795,-57.795
408.534974,116.820,311.591,-57.795,-58.030
408.604999,116.820,311.591,-58.030,-57.795
408.704999,116.820,311.591,-57.795,-58.030
408.804999,116.820,311.591,-57.795,-58.030
408.904999,116.585,311.825,-58.030,-58.030
409.004999,116.820,311.591,-58.030,-57.795
409.104999,117.288,311.357,-57.795,-57.795
409.204999,117.054,311.591,-57.795,-58.030
409.304999,116.820,311.357,-57.795,-58.030
409.521000,117.054,311.591,-58.030,-58.030
409.535974,116.820,311.591,-58.030,-58.030
409.604999,117.054,311.591,-58.030,-58.030
409.704999,117.288,311.591,-58.030,-57.795
409.804999,117.054,311.591,-57.795,-57.795
409.904999,117.054,311.591,-57.561,-58.264
410.004999,117.054,311.591,-57.795,-57.795
410.104999,117.054,311.591,-57.795,-58.030
410.204999,116.820,311.825,-58.030,-57.795
410.304999,117.054,311.591,-57.795,-58.030
410.521000,116.820,311.825,-58.030,-58.030
410.535974,116.820,311.591,-57.795,-57.795
410.604999,116.820,311.591,-58.030,-58.030
410.704999,116.820,311.591,-57.561,-57.795
410.804999,116.820,311.825,-57.561,-57.795
410.904999,117.054,311.591,-57.795,-57.795
411.004999,116.820,311.591,-57.795,-57.795
411.104999,117.054,311.591,-58.030,-57.795
411.204999,116.820,311.591,-57.795,-58.030
411.304999,116.820,311.591,-58.030,-58.264
411.521000,116.820,311.591,-57.795,-58.030
411.535974,116.820,311.591,-57.795,-57.795
411.604999,117.054,311.591,-58.030,-58.030
411.704999,116.820,311.591,-58.030,-57.795
411.804999,116.820,311.591,-58.030,-58.030
411.904999,116.820,311.591,-57.795,-58.030
412.004999,117.054,311.825,-58.030,-58.030
412.104999,116.820,311.825,-57.795,-57.795
412.204999,116.820,311.825,-57.795,-58.030
412.304999,116.820,311.591,-57.795,-58.030
412.521000,116.820,311.591,-58.030,-58.030
412.535974,117.054,311.825,-57.795,-58.030
412.604999,116.820,311.591,-57.795,-57.795
412.704999,116.585,311.357,-57.795,-57.795
412.804999,116.820,311.591,-57.795,-57.795
412.904999,116.820,311.825,-57.795,-57.795
413.004999,116.585,311.591,-57.795,-57.795
413.104999,116.820,311.591,-58.030,-57.795
413.204999,116.820,311.357,-57.795,-58.030
413.304999,117.054,311.825,-57.795,-57.795
413.521000,116.585,311.825,-57.795,-58.030
413.535974,116.820,311.825,-57.795,-57.795
413.604999,116.820,311.357,-57.795,-58.030
413.704999,116.820,311.591,-57.795,-57.795
413.804999,116.820,311.825,-58.030,-57.795
413.904999,116.820,311.591,-57.795,-58.030
414.004999,117.054,311.591,-57.795,-58.030
414.104999,116.585,311.591,-57.795,-57.795
414.204999,117.054,311.825,-58.030,-57.795
414.304999,116.820,311.591,-58.030,-58.030
414.521001,116.820,311.825,-58.030,-57.795
414.535974,116.585,311.591,-57.795,-57.795
414.604999,116.820,311.357,-57.795,-57.795
414.704999,116.820,311.591,-57.795,-58.030
414.804999,116.585,311.591,-57.795,-58.030
414.904999,116.820,311.591,-57.795,-57.795
415.004999,116.820,311.591,-57.795,-58.030
415.104999,117.054,311.357,-57.795,-57.795
415.204999,116.585,311.591,-57.795,-57.795
415.304999,116.585,311.591,-57.795,-58.030
415.521000,116.820,311.591,-57.795,-58.030
415.535974,116.820,311.825,-57.795,-57.795
415.604999,116.585,311.591,-57.795,-58.030
415.704999,116.820,311.591,-57.795,-57.795
415.804999,116.820,311.825,-57.795,-57.795
415.904999,116.820,311.591,-57.795,-57.795
416.004999,116.820,311.591,-57.795,-58.030
416.104999,117.054,311.825,-58.030,-58.264
416.204999,116.820,311.591,-58.030,-58.030
416.304999,116.820,311.591,-57.795,-58.030
416.520000,116.820,311.591,-58.030,-57.795
416.534974,117.054,311.825,-58.030,-58.030
416.604999,116.820,311.591,-57.561,-58.030
416.704999,116.585,311.591,-57.795,-57.795
416.804999,116.820,311.591,-58.030,-58.030
416.904999,116.820,311.591,-57.795,-58.030
417.004999,116.820,311.591,-58.030,-58.030
417.104999,116.585,311.591,-57.795,-57.795
417.204999,116.820,311.825,-57.795,-58.030
417.304999,116.585,311.591,-57.795,-58.030
417.521000,116.820,311.591,-58.030,-58.030
417.535974,116.820,311.825,-57.795,-58.264
417.604999,116.820,311.591,-58.030,-58.030
417.704999,116.585,311.591,-57.795,-57.795
417.804999,116.585,311.825,-57.795,-57.795
417.904999,116.585,311.357,-57.795,-58.030
418.004999,116.820,311.591,-57.795,-57.795
418.104999,116.585,311.591,-57.795,-57.795
418.204999,116.820,311.825,-58.030,-58.030
418.304999,116.820,311.825,-57.795,-58.030
418.521000,116.820,311.591,-57.795,-58.030
418.535974,116.820,311.825,-58.030,-58.030
418.604999,117.054,311.825,-57.795,-58.030
418.704999,116.820,311.591,-58.030,-58.030
418.804999,116.820,311.591,-58.030,-58.030
418.904999,116.585,311.591,-58.030,-58.030
419.004999,116.585,311.591,-57.795,-58.030
419.104999,116.585,311.357,-57.795,-57.561
419.204999,116.585,311.591,-57.795,-57.795
419.304999,116.820,311.591,-57.795,-58.030
419.521000,116.820,311.591,-57.795,-58.030
419.535974,116.820,311.825,-58.030,-57.795
419.604999,116.585,311.591,-57.795,-58.030
419.704999,116.585,311.591,-57.795,-58.264
419.804999,116.585,311.591,-58.030,-57.561
419.904999,116.585,311.591,-57.561,-57.795
420.004999,116.820,311.825,-58.030,-58.030
420.104999,116.585,311.825,-58.030,-58.030
420.204999,116.585,311.591,-57.795,-57.795
420.304999,116.585,311.591,-57.795,-58.030
420.521000,116.585,311.591,-57.795,-58.030
420.535974,116.585,311.357,-58.030,-57.795
420.604999,116.820,311.825,-57.795,-58.030
420.704999,116.585,311.591,-58.030,-58.030
420.804999,116.585,311.591,-58.030,-58.030
420.904999,116.820,311.825,-57.795,-57.795
421.004999,116.585,311.591,-57.795,-58.030
421.104999,116.820,311.591,-57.795,-57.795
421.204999,116.820,311.591,-58.030,-58.030
421.304999,116.820,311.591,-57.795,-58.030
421.520000,116.585,311.591,-57.795,-57.795
421.534974,116.820,311.825,-57.795,-57.795
421.604999,116.585,311.591,-58.030,-58.030
421.704999,116.585,311.591,-58.030,-57.795
421.804999,116.820,311.591,-58.030,-57.795
421.904999,116.820,311.825,-58.030,-58.030
422.004999,116.585,311.825,-58.030,-58.030
422.104999,116.585,311.591,-57.795,-58.030
422.204999,116.820,311.591,-58.030,-57.795
422.304999,116.585,311.591,-57.795,-57.795
422.521000,116.585,311.591,-57.795,-58.030
422.535974,116.585,311.591,-58.030,-57.795
422.604999,116.585,311.591,-57.795,-57.795
422.704999,116.585,311.591,-58.030,-58.264
422.804999,116.585,311.591,-57.795,-57.795
422.904999,116.585,311.591,-57.795,-58.030
423.004999,116.585,311.591,-57.795,-57.795
423.104999,116.585,311.357,-57.795,-57.795
423.204999,116.820,311.825,-57.795,-58.264
423.304999,116.585,311.591,-58.030,-57.795
423.521000,116.820,311.591,-57.795,-57.795
423.535974,116.585,311.591,-58.030,-58.030
423.604999,116.585,311.591,-57.795,-58.030
423.704999,116.820,311.591,-57.795,-58.030
423.804999,116.585,311.591,-58.030,-58.030
423.904999,116.820,311.357,-57.795,-57.795
424.004999,116.585,311.825,-57.795,-57.795
424.104999,116.351,311.825,-58.030,-57.795
424.204999,116.585,311.357,-57.795,-58.030
424.304999,116.585,311.591,-57.795,-57.795
424.521000,116.820,311.591,-57.795,-57.795
424.535974,116.585,311.591,-57.795,-57.561
424.604999,116.585,311.591,-57.795,-57.795
424.704999,116.585,311.825,-58.030,-58.030
424.804999,116.820,311.591,-57.795,-57.795
424.904999,116.585,311.825,-57.561,-57.795
425.004999,116.585,311.591,-57.795,-58.030
425.104999,116.585,311.591,-57.795,-57.795
425.204999,116.585,311.825,-58.030,-58.030
425.304999,116.820,311.825,-58.030,-58.030
425.521000,116.820,311.591,-57.795,-57.795
425.535974,116.585,311.591,-57.795,-58.030
425.604999,116.585,311.591,-57.795,-57.795
425.704999,116.585,311.591,-58.030,-58.030
425.804999,116.820,311.591,-58.030,-58.030
425.904999,116.585,311.591,-57.795,-58.030
426.004999,116.585,311.825,-57.561,-58.030
426.104999,116.585,311.825,-57.795,-58.030
426.204999,116.585,311.825,-57.795,-58.030
426.304999,116.585,311.591,-57.561,-58.030
426.521000,116.585,311.591,-57.795,-57.795
426.535974,116.585,311.591,-57.795,-58.030
426.604999,116.351,311.591,-57.561,-57.795
426.704999,116.585,311.591,-58.030,-58.030
426.804999,116.585,311.591,-57.795,-58.030
426.904999,116.351,311.825,-57.561,-57.795
427.004999,116.585,311.591,-57.795,-58.030
427.104999,116.585,311.591,-57.795,-57.795
427.204999,116.585,311.591,-58.030,-58.030
427.304999,116.351,311.825,-57.795,-58.030
427.521000,116.585,311.591,-58.030,-57.795
427.535974,116.585,311.591,-58.030,-58.030
427.604999,116.585,311.591,-58.030,-57.795
427.704999,116.820,311.591,-57.795,-58.030
427.804999,116.820,311.357,-57.795,-58.030
427.904999,116.585,311.825,-57.795,-58.030
428.004999,116.585,311.825,-58.030,-58.030
428.104999,116.585,311.591,-57.795,-58.030
428.204999,116.585,311.591,-57.795,-57.795
428.304999,116.585,311.591,-57.795,-58.030
428.521000,116.585,311.591,-57.795,-57.795
428.535974,116.820,311.825,-57.795,-58.030
428.604999,116.585,311.591,-57.795,-58.030
428.704999,116.585,311.591,-57.795,-58.030
428.804999,116.351,311.357,-57.795,-58.030
428.904999,116.585,311.825,-57.795,-57.795
429.004999,116.585,311.591,-58.030,-57.795
429.104999,116.585,311.591,-57.561,-57.795
429.204999,116.585,311.825,-58.030,-57.795
429.304999,116.585,311.591,-58.030,-57.561
429.520000,116.585,311.591,-58.030,-58.030
429.534974,116.585,311.591,-58.030,-57.795
429.604999,116.585,311.591,-57.795,-57.795
429.704999,116.585,311.591,-57.795,-57.795
429.804999,116.585,311.357,-57.795,-57.795
429.904999,116.351,311.591,-57.795,-58.030
430.004999,116.585,311.591,-58.030,-57.795
430.104999,116.585,311.591,-57.795,-57.795
430.204999,116.585,311.591,-58.030,-58.030
430.304999,116.351,311.825,-58.030,-58.030
430.521000,116.351,311.825,-57.795,-58.030
430.535974,116.116,311.591,-57.795,-58.030
430.604999,116.585,311.591,-58.030,-58.030
430.704999,116.351,311.591,-58.030,-58.030
430.804999,116.351,311.591,-58.030,-58.030
430.904999,116.351,311.591,-57.795,-58.030
431.004999,116.585,311.591,-58.030,-57.795
431.104999,116.585,311.825,-57.795,-58.030
431.204999,116.351,311.825,-58.030,-58.030
431.304999,116.351,311.591,-57.795,-57.795
431.521000,116.351,311.591,-57.795,-58.030
431.535974,116.585,311.825,-57.795,-58.030
431.604999,116.585,311.591,-58.030,-57.795
431.704999,116.585,311.825,-58.030,-57.795
431.804999,116.820,311.591,-57.795,-57.795
431.904999,116.351,311.591,-58.030,-57.795
432.004999,116.585,311.591,-57.795,-57.795
432.104999,116.351,311.825,-58.030,-57.795
432.204999,116.585,311.591,-58.030,-58.030
432.304999,116.585,311.591,-57.795,-57.795
432.521000,116.585,311.591,-57.561,-58.030
432.535974,116.351,311.825,-57.795,-58.030
432.604999,116.351,311.591,-58.030,-57.795
432.704999,116.351,311.591,-57.795,-57.795
432.804999,116.351,311.591,-57.795,-57.795
432.904999,116.820,311.591,-58.030,-58.030
433.004999,116.585,311.825,-57.795,-58.030
433.104999,116.351,311.591,-57.795,-57.795
433.204999,116.351,311.825,-57.795,-57.795
433.304999,116.585,311.825,-57.795,-57.795
433.521000,116.585,311.591,-58.030,-57.795
433.535974,116.585,311.591,-57.795,-58.030
433.604999,116.585,311.591,-57.795,-58.030
433.704999,116.585,311.591,-58.030,-57.795
433.804999,116.585,311.591,-57.795,-57.795
433.904999,116.351,311.591,-57.795,-58.030
434.004999,116.351,311.591,-58.030,-57.795
434.104999,116.116,311.825,-57.795,-58.030
434.204999,116.585,311.591,-57.795,-58.030
434.304999,116.351,311.591,-57.795,-58.030
434.520000,116.351,311.825,-58.030,-58.030
434.534974,116.351,311.591,-58.030,-57.795
434.604999,116.585,311.591,-58.030,-58.030
434.704999,116.351,311.591,-57.795,-57.795
434.804999,116.351,311.357,-57.795,-57.795
434.904999,116.351,311.591,-58.030,-57.795
435.004999,116.585,311.591,-57.795,-57.795
435.104999,116.585,311.591,-57.795,-57.795
435.204999,116.116,311.825,-57.795,-58.030
435.304999,116.351,311.591,-58.030,-58.030
435.521000,116.351,311.825,-57.795,-58.264
435.535974,116.351,311.591,-57.795,-58.264
435.604999,116.351,311.591,-57.795,-57.795
435.704999,116.351,311.591,-57.795,-58.030
435.804999,116.351,311.591,-58.030,-57.795
435.904999,116.351,311.591,-58.030,-57.795
436.004999,116.351,311.591,-58.030,-58.264
436.104999,116.351,311.591,-58.030,-58.030
436.204999,116.351,311.357,-58.030,-57.795
436.304999,116.351,311.591,-58.030,-58.030
436.521000,116.351,311.591,-57.561,-58.030
436.535974,116.351,311.591,-57.795,-58.030
436.604999,116.351,311.591,-58.030,-58.030
436.704999,116.351,311.825,-58.030,-58.030
436.804999,116.351,311.591,-58.030,-58.030
436.904999,116.351,311.591,-57.795,-57.795
437.004999,116.351,311.591,-58.030,-58.030
437.104999,116.351,311.591,-58.030,-58.030
437.204999,116.351,311.357,-58.030,-58.030
437.304999,116.585,311.591,-57.795,-57.795
437.521000,116.351,311.825,-57.795,-58.264
437.535974,116.116,311.357,-58.030,-58.030
437.604999,116.351,311.591,-57.795,-58.030
437.704999,116.351,311.591,-57.795,-58.030
437.804999,116.351,311.591,-57.795,-58.030
437.904999,116.351,311.357,-58.030,-57.795
438.004999,116.351,311.357,-58.030,-57.795
438.104999,116.351,311.825,-57.795,-57.795
438.204999,116.351,311.591,-58.030,-58.030
438.304999,116.351,311.357,-57.795,-58.030
438.521000,116.351,311.825,-57.795,-58.030
438.535974,116.351,311.591,-57.795,-57.795
438.604999,116.116,311.591,-57.795,-58.030
438.704999,116.351,311.591,-58.030,-58.030
438.804999,116.351,311.591,-58.030,-58.030
438.904999,116.351,311.591,-57.795,-58.264
439.004999,116.351,311.591,-58.030,-58.030
439.104999,116.351,311.591,-57.795,-58.030
439.204999,116.351,311.591,-58.030,-58.030
439.304999,116.351,311.591,-57.795,-57.795
439.521000,116.116,311.591,-57.795,-58.264
439.535974,116.351,311.591,-57.795,-58.030
439.604999,116.351,311.591,-58.030,-58.030
439.704999,116.351,311.357,-57.795,-58.264
439.804999,116.585,311.591,-58.030,-58.030
439.904999,116.351,311.591,-57.561,-58.030
440.004999,116.351,311.591,-58.030,-58.030
440.104999,116.585,311.825,-57.795,-58.030
440.204999,116.116,311.591,-57.795,-58.030
440.304999,116.351,311.357,-58.030,-58.030
440.521000,116.351,311.591,-58.030,-58.030
440.535974,116.116,311.357,-57.561,-58.030
440.604999,116.351,311.591,-57.795,-58.030
440.704999,116.351,311.591,-57.795,-57.795
440.804999,116.351,311.825,-58.030,-58.030
440.904999,116.116,311.591,-57.795,-58.030
441.004999,116.585,311.591,-58.030,-58.030
441.104999,116.116,311.357,-57.795,-58.030
441.204999,116.116,311.591,-57.795,-58.030
441.304999,116.116,311.591,-58.030,-58.030
441.521000,116.351,311.591,-58.030,-58.030
441.535974,116.351,311.591,-58.030,-58.030
441.604999,116.351,311.357,-58.030,-57.795
441.704999,116.116,311.591,-58.030,-58.030
441.804999,116.351,311.591,-57.795,-57.795
441.904999,116.351,311.591,-58.030,-57.795
442.004999,116.351,311.591,-57.795,-58.030
442.104999,116.351,311.357,-57.795,-58.030
442.204999,116.351,311.591,-58.030,-58.030
442.304999,116.351,311.357,-57.795,-57.795
442.520000,116.351,311.591,-57.795,-58.030
442.534974,116.116,311.591,-57.795,-57.795
442.604999,116.351,311.825,-57.795,-58.030
442.704999,116.351,311.591,-57.795,-58.030
442.804999,116.351,311.591,-57.795,-58.030
442.904999,116.116,311.591,-58.030,-58.264
443.004999,116.116,311.591,-57.795,-58.030
443.104999,116.351,311.591,-57.795,-57.795
443.204999,116.351,311.591,-58.030,-58.030
443.304999,116.116,311.357,-57.795,-57.795
443.521000,116.351,311.591,-57.795,-58.030
443.535974,116.351,311.591,-58.030,-58.030
443.604999,116.116,311.591,-58.030,-57.795
443.704999,116.351,311.357,-57.795,-57.795
443.804999,116.116,311.591,-57.795,-58.030
443.904999,116.351,311.591,-57.795,-57.795
444.004999,116.351,311.591,-57.795,-58.030
444.104999,116.116,311.591,-57.795,-57.795
444.204999,116.116,311.825,-57.561,-58.030
444.304999,116.351,311.591,-57.795,-58.030
444.525000,116.116,311.825,-57.795,-58.030
444.539974,116.116,311.591,-57.795,-58.030
444.604999,116.351,311.357,-57.795,-58.030
444.704999,116.116,311.591,-58.030,-57.795
444.804999,116.351,311.825,-58.030,-58.030
444.904999,116.116,311.591,-57.561,-57.795
445.004999,116.116,311.591,-58.030,-58.030
445.104999,116.116,311.591,-58.030,-57.795
445.204999,116.116,311.591,-57.795,-58.030
445.304999,116.116,311.357,-57.795,-57.795
445.521001,116.116,311.591,-58.030,-58.030
445.535974,116.351,311.591,-57.795,-58.030
445.604999,115.882,311.591,-58.030,-58.030
445.704999,116.351,311.591,-57.795,-58.264
445.804999,116.116,311.591,-57.795,-58.030
445.904999,116.351,311.357,-58.030,-58.030
446.004999,116.116,311.357,-57.795,-58.030
446.104999,116.116,311.357,-57.795,-58.030
446.204999,116.116,311.357,-58.030,-57.795
446.304999,116.351,311.591,-57.795,-58.030
446.521000,116.351,311.357,-57.795,-58.030
446.535974,116.351,311.357,-57.795,-57.561
446.604999,116.116,311.591,-57.561,-58.030
446.704999,115.882,311.357,-58.030,-58.030
446.804999,116.116,311.357,-57.795,-58.030
446.904999,116.351,311.591,-58.030,-57.795
447.004999,116.116,311.357,-57.795,-58.030
447.104999,116.116,311.591,-57.795,-58.030
447.204999,116.116,311.591,-57.795,-58.030
447.304999,116.116,311.591,-58.030,-57.795
447.520000,116.351,311.591,-57.795,-58.030
447.534974,116.116,311.591,-57.795,-58.030
447.604999,116.116,311.591,-58.030,-58.030
447.704999,116.351,311.591,-57.795,-57.795
447.804999,116.116,311.591,-57.795,-58.030
447.904999,116.116,311.357,-58.030,-58.030
448.004999,116.116,311.357,-57.795,-57.795
448.104999,115.882,311.591,-57.795,-58.030
448.204999,116.116,311.591,-57.795,-58.030
448.304999,116.116,311.591,-57.795,-57.795
448.521000,116.116,311.357,-58.030,-57.795
448.535974,116.116,311.591,-58.030,-58.030
448.604999,116.351,311.357,-57.795,-58.030
448.704999,116.116,311.357,-57.795,-58.030
448.804999,116.116,311.591,-57.795,-58.030
448.904999,116.116,311.591,-57.795,-58.030
449.004999,116.116,311.591,-58.030,-58.030
449.104999,116.116,311.591,-58.030,-58.030
449.204999,116.116,311.357,-57.795,-58.030
449.304999,116.116,311.591,-57.795,-57.561
449.521000,116.116,311.591,-57.795,-58.030
449.535974,116.116,311.591,-57.795,-58.030
449.604999,116.116,311.591,-57.795,-57.795
449.704999,116.116,311.591,-57.795,-58.030
449.804999,116.116,311.591,-57.795,-58.030
449.904999,115.882,311.591,-57.795,-57.795
450.004999,116.116,311.591,-57.795,-57.795
450.104999,116.116,311.591,-57.795,-58.030
450.204999,116.116,311.591,-58.030,-58.030
450.304999,115.882,311.591,-57.795,-58.030
450.521000,116.116,311.591,-58.030,-58.030
450.535974,116.116,311.591,-58.030,-58.264
450.604999,116.116,311.357,-57.795,-57.795
450.704999,116.116,311.591,-57.795,-58.030
450.804999,116.116,311.591,-57.795,-57.795
450.904999,116.116,311.591,-57.795,-57.795
451.004999,116.116,311.591,-57.795,-58.030
451.104999,116.116,311.591,-58.030,-58.030
451.204999,116.116,311.591,-57.795,-58.030
451.304999,116.116,311.591,-58.030,-58.030
451.521000,116.116,311.591,-58.030,-58.030
451.535974,116.116,311.591,-57.561,-58.030
451.604999,116.116,311.591,-58.030,-57.795
451.704999,116.351,311.591,-57.795,-57.795
451.804999,116.116,311.591,-58.030,-58.030
451.904999,115.882,311.591,-57.795,-58.030
452.004999,116.116,311.357,-57.795,-58.030
452.104999,116.116,311.357,-57.795,-58.030
452.204999,116.116,311.591,-57.795,-58.030
452.304999,116.116,311.591,-57.795,-58.030
452.521000,116.116,311.591,-58.030,-58.030
452.535974,116.351,311.591,-57.795,-58.030
452.604999,116.351,311.591,-57.795,-58.264
452.704999,115.882,311.591,-57.795,-58.030
452.804999,116.116,311.591,-58.030,-57.795
452.904999,116.116,311.591,-57.795,-58.030
453.004999,116.116,311.591,-57.561,-57.795
453.104999,116.116,311.591,-58.030,-57.795
453.204999,116.116,311.357,-57.795,-57.795
453.304999,116.116,311.357,-57.795,-57.795
453.521000,116.116,311.591,-57.795,-58.030
453.535974,115.882,311.357,-58.030,-58.030
453.604999,115.882,311.591,-58.030,-58.030
453.704999,116.116,311.591,-57.795,-58.030
453.804999,116.116,311.591,-57.795,-58.030
453.904999,116.116,311.357,-58.030,-57.795
454.004999,116.116,311.591,-58.030,-57.795
454.104999,115.882,311.591,-58.030,-58.030
454.204999,115.882,311.591,-57.561,-58.030
454.304999,116.351,311.357,-57.795,-57.795
454.521000,115.882,311.591,-58.030,-57.795
454.535974,115.882,311.591,-57.795,-57.795
454.604999,116.116,311.591,-58.030,-58.030
454.704999,116.116,311.825,-57.795,-58.030
454.804999,115.882,311.591,-58.030,-57.795
454.904999,115.882,311.591,-58.030,-58.030
455.004999,115.882,311.825,-58.030,-58.030
455.104999,115.882,311.591,-57.795,-58.030
455.204999,116.116,311.591,-57.795,-57.795
455.304999,115.882,311.357,-58.030,-58.030
455.520000,116.116,311.591,-58.030,-58.030
455.534974,116.116,311.357,-57.795,-57.795
455.604999,116.116,311.357,-57.795,-57.795
455.704999,115.882,311.591,-58.030,-58.030
455.804999,115.882,311.357,-57.795,-58.030
455.904999,116.351,311.591,-57.795,-57.795
456.004999,115.882,311.591,-58.030,-58.030
456.104999,116.116,311.591,-57.795,-58.030
456.204999,115.882,311.591,-57.795,-58.030
456.304999,116.116,311.357,-57.561,-57.795
456.521000,115.882,311.591,-57.795,-57.795
456.535974,115.882,311.591,-57.795,-58.264
456.604999,115.882,311.591,-57.795,-58.030
456.704999,115.882,311.591,-57.795,-58.030
456.804999,116.116,311.357,-58.030,-58.030
456.904999,116.116,311.591,-58.030,-58.030
457.004999,115.882,311.357,-58.030,-58.030
457.104999,116.116,311.357,-58.030,-58.030
457.204999,116.116,311.591,-57.795,-58.030
457.304999,116.116,311.122,-58.030,-57.795
457.521000,115.882,311.591,-57.795,-58.030
457.535974,116.116,311.591,-57.795,-58.030
457.604999,115.882,311.591,-57.795,-58.030
457.704999,115.882,311.591,-57.795,-58.030
457.804999,116.116,311.591,-57.561,-57.795
457.904999,116.116,311.357,-58.030,-57.795
458.004999,115.882,311.357,-57.795,-58.030
458.104999,116.116,311.591,-57.795,-58.030
458.204999,115.882,311.591,-57.795,-58.030
458.304999,116.116,311.591,-57.795,-58.030
458.521000,115.882,311.591,-57.795,-58.264
458.535974,115.882,311.591,-57.795,-58.030
458.604999,115.882,311.357,-58.030,-58.030
458.704999,115.882,311.591,-58.030,-57.795
458.804999,115.882,311.591,-57.795,-57.795
458.904999,115.648,311.825,-58.030,-57.795
459.004999,116.116,311.357,-57.795,-58.030
459.104999,115.882,311.591,-57.795,-58.030
459.204999,116.116,311.357,-57.561,-58.030
459.304999,115.882,311.357,-57.795,-58.030
459.521000,115.882,311.357,-57.795,-58.030
459.535974,115.882,311.825,-57.795,-57.795
459.604999,115.882,311.591,-58.030,-58.030
459.704999,116.116,311.591,-57.795,-57.795
459.804999,115.882,311.357,-57.795,-58.030
459.904999,116.116,311.591,-57.795,-58.030
460.004999,115.882,311.591,-57.795,-58.030
460.104999,115.882,311.591,-58.030,-58.030
460.204999,116.116,311.357,-57.795,-58.030
460.304999,115.882,311.591,-57.795,-58.030
460.520000,116.116,311.591,-57.795,-58.030
460.534974,115.882,311.591,-57.795,-58.030
460.604999,115.882,311.591,-57.795,-58.030
460.704999,115.882,311.591,-57.795,-58.030
460.804999,115.882,311.357,-58.030,-58.030
460.904999,115.882,311.591,-57.795,-57.795
461.004999,115.882,311.591,-58.030,-58.030
461.104999,115.648,311.591,-57.795,-58.030
461.204999,115.882,311.591,-57.795,-58.030
461.304999,115.882,311.357,-57.795,-58.030
461.521000,115.882,311.591,-57.795,-57.795
461.535974,115.882,311.591,-57.795,-58.030
461.604999,115.882,311.591,-57.795,-58.030
461.704999,115.882,311.591,-57.795,-58.030
461.804999,116.116,311.357,-57.795,-58.030
461.904999,115.882,311.591,-57.795,-57.795
462.004999,116.116,311.357,-57.795,-57.795
462.104999,115.882,311.591,-57.795,-57.795
462.204999,115.648,311.591,-57.795,-58.030
462.304999,115.648,311.591,-58.030,-58.030
462.521001,115.882,311.591,-57.795,-57.795
462.535974,115.648,311.591,-58.030,-58.030
462.604999,115.882,311.591,-57.795,-57.795
462.704999,115.882,311.591,-58.030,-57.795
462.804999,115.882,311.591,-58.030,-58.030
462.904999,115.882,311.591,-57.795,-57.795
463.004999,115.882,311.591,-57.795,-57.795
463.104999,115.882,311.357,-58.030,-58.030
463.204999,116.116,311.591,-58.030,-57.795
463.304999,116.116,311.591,-58.030,-58.030
463.521000,115.648,311.591,-58.030,-58.030
463.535974,115.882,311.591,-58.030,-58.030
463.604999,115.882,311.357,-57.795,-57.795
463.704999,115.882,311.591,-58.030,-57.795
463.804999,115.882,311.591,-57.795,-58.030
463.904999,115.882,311.357,-58.030,-58.030
464.004999,115.882,311.591,-57.795,-58.030
464.104999,116.116,311.357,-57.795,-57.795
464.204999,115.882,311.591,-57.795,-57.795
464.304999,115.648,311.591,-57.795,-57.795
464.521000,115.882,311.591,-58.030,-57.795
464.535974,115.882,311.591,-57.795,-58.264
464.604999,115.882,311.357,-57.795,-58.030
464.704999,115.882,311.591,-58.030,-57.795
464.804999,115.882,311.591,-58.030,-58.264
464.904999,115.882,311.357,-57.795,-58.030
465.004999,115.648,311.591,-58.264,-58.030
465.104999,116.116,311.591,-58.030,-57.795
465.204999,115.882,311.357,-58.030,-58.030
465.304999,115.882,311.591,-58.030,-58.030
465.521000,115.648,311.357,-57.561,-58.030
465.535974,115.882,311.357,-57.795,-57.795
465.604999,115.648,311.357,-58.030,-57.795
465.704999,115.648,311.357,-58.030,-57.795
465.804999,116.116,311.357,-57.795,-58.030
465.904999,115.882,311.591,-58.030,-57.795
466.004999,115.882,311.357,-58.030,-58.030
466.104999,115.648,311.591,-57.795,-58.030
466.204999,115.648,311.357,-58.030,-57.795
466.304999,115.648,311.591,-58.030,-58.030
466.521000,115.648,311.357,-57.795,-58.030
466.535974,115.882,311.357,-58.030,-57.795
466.604999,115.648,311.591,-57.795,-57.795
466.704999,115.882,311.825,-58.030,-57.795
466.804999,115.648,311.591,-57.795,-57.795
466.904999,115.882,311.591,-58.030,-57.795
467.004999,115.882,311.591,-57.795,-58.030
467.104999,115.882,311.591,-58.030,-57.795
467.204999,115.648,311.591,-57.795,-57.795
467.304999,115.882,311.591,-58.030,-58.030
467.521000,115.882,311.357,-57.795,-57.795
467.535974,115.648,311.591,-57.795,-58.030
467.604999,115.882,311.591,-57.795,-58.030
467.704999,115.648,311.591,-57.795,-57.795
467.804999,115.882,311.357,-57.795,-57.795
467.904999,115.882,311.591,-57.795,-57.795
468.004999,115.882,311.357,-58.030,-58.030
468.104999,115.648,311.357,-57.795,-57.795
468.204999,115.882,311.591,-57.795,-58.030
468.304999,115.882,311.825,-58.030,-58.030
468.520000,115.882,311.357,-57.795,-58.030
468.534974,115.648,311.357,-58.030,-57.795
468.604999,115.648,311.357,-57.795,-57.795
468.704999,115.882,311.357,-57.795,-57.795
468.804999,115.882,311.591,-58.030,-57.795
468.904999,115.882,311.357,-58.030,-57.795
469.004999,115.882,311.591,-57.795,-58.030
469.104999,115.648,311.591,-57.795,-57.795
469.204999,115.648,311.591,-57.795,-57.795
469.304999,115.648,311.591,-57.795,-58.030
469.521000,115.648,311.591,-57.795,-58.030
469.535974,115.882,311.357,-57.795,-58.030
469.604999,115.882,311.591,-57.795,-58.030
469.704999,115.882,311.357,-57.795,-58.030
469.804999,115.882,311.591,-57.561,-58.030
469.904999,115.648,311.591,-58.030,-58.030
470.004999,115.882,311.591,-58.030,-58.030
470.104999,115.882,311.591,-57.795,-57.795
470.204999,115.648,311.357,-57.795,-57.795
470.304999,115.648,311.591,-57.795,-58.030
470.521001,115.882,311.591,-57.795,-58.030
470.535974,115.648,311.357,-57.795,-58.030
470.604999,115.882,311.357,-57.795,-58.030
470.704999,116.116,311.591,-58.030,-58.030
470.804999,115.648,311.357,-57.795,-57.795
470.904999,115.882,311.591,-58.030,-58.030
471.004999,115.648,311.591,-57.795,-57.795
471.104999,115.882,311.591,-57.795,-57.795
471.204999,115.882,311.591,-57.795,-58.030
471.304999,115.882,311.591,-57.795,-58.030
471.521001,115.882,311.357,-58.030,-57.795
471.535974,115.648,311.591,-57.795,-57.795
471.604999,115.882,311.591,-58.030,-57.795
471.704999,115.648,311.591,-57.795,-58.030
471.804999,115.648,311.591,-57.795,-58.030
471.904999,115.648,311.591,-57.795,-57.795
472.004999,115.648,311.591,-57.561,-57.795
472.104999,115.413,311.591,-57.561,-57.795
472.204999,115.648,311.357,-57.795,-58.030
472.304999,115.648,311.357,-57.795,-57.795
472.521000,115.648,311.357,-57.795,-58.030
472.535974,115.648,311.591,-57.795,-58.030
472.604999,115.882,311.357,-57.795,-57.795
472.704999,115.648,311.591,-57.795,-57.795
472.804999,115.882,311.357,-57.795,-57.795
472.904999,115.648,311.357,-57.795,-57.795
473.004999,115.648,311.357,-57.795,-58.030
473.104999,115.648,311.591,-58.030,-58.030
473.204999,115.882,311.591,-58.030,-58.030
473.304999,115.648,311.357,-57.795,-57.795
473.520000,115.882,311.591,-58.030,-58.030
473.534974,115.882,311.591,-57.795,-57.795
473.604999,115.882,311.825,-57.795,-57.795
473.704999,115.648,311.357,-57.795,-58.030
473.804999,115.648,311.591,-57.795,-57.795
473.904999,115.648,311.591,-57.795,-58.030
474.004999,115.648,311.357,-58.030,-58.030
474.104999,115.882,311.591,-57.795,-57.795
474.204999,115.882,311.357,-58.030,-58.030
474.304999,115.648,311.357,-57.795,-58.030
474.521000,115.648,311.357,-57.795,-57.795
474.535974,115.648,311.357,-57.561,-58.030
474.604999,115.882,311.591,-57.561,-58.030
474.704999,115.648,311.591,-57.795,-57.795
474.804999,115.882,311.591,-57.795,-57.795
474.904999,115.648,311.591,-58.030,-58.030
475.004999,115.882,311.591,-57.795,-57.795
475.104999,115.648,311.591,-57.795,-58.030
475.204999,115.882,311.357,-57.795,-58.030
475.304999,115.648,311.591,-57.795,-57.795
475.521000,115.648,311.591,-57.795,-57.795
475.535974,115.648,311.591,-58.030,-57.795
475.604999,115.648,311.357,-57.795,-57.795
475.704999,115.648,311.591,-58.030,-57.795
475.804999,115.648,311.591,-57.795,-57.795
475.904999,115.648,311.591,-57.795,-58.030
476.004999,115.648,311.357,-57.795,-57.795
476.104999,115.648,311.357,-58.030,-57.795
476.204999,115.648,311.591,-57.795,-57.795
476.304999,115.648,311.591,-57.561,-57.795
476.521000,115.648,311.591,-57.795,-57.795
476.535974,115.648,311.591,-57.561,-58.030
476.604999,115.882,311.591,-58.030,-58.030
476.704999,115.648,311.591,-58.030,-57.795
476.804999,115.648,311.357,-57.795,-58.030
476.904999,115.648,311.357,-57.795,-57.795
477.004999,115.648,311.357,-58.030,-57.795
477.104999,115.648,311.357,-57.795,-57.795
477.204999,115.648,311.591,-57.795,-58.030
477.304999,115.648,311.591,-57.795,-57.795
477.521000,115.648,311.357,-58.030,-58.030
477.535974,115.648,311.591,-57.561,-58.030
477.604999,115.648,311.591,-58.030,-58.030
477.704999,115.648,311.357,-57.795,-57.795
477.804999,115.648,311.357,-57.795,-57.795
477.904999,115.648,311.357,-58.030,-57.795
478.004999,115.413,311.591,-57.795,-58.030
478.104999,115.648,311.591,-58.264,-57.795
478.204999,115.648,311.357,-58.030,-57.795
478.304999,115.648,311.591,-57.795,-57.795
478.521001,115.413,311.591,-58.030,-58.030
478.535974,115.648,311.591,-57.795,-58.030
478.604999,115.882,311.357,-57.795,-58.030
478.704999,115.648,311.591,-57.795,-57.795
478.804999,115.648,311.591,-58.030,-57.795
478.904999,115.648,311.591,-57.795,-58.030
479.004999,115.648,311.357,-57.795,-57.795
479.104999,115.648,311.591,-57.795,-57.795
479.204999,115.882,311.591,-57.795,-57.795
479.304999,115.648,311.357,-58.030,-57.795
479.521001,115.648,311.591,-58.030,-58.030
479.535974,115.648,311.591,-58.030,-58.030
479.604999,115.413,311.591,-58.030,-57.795
479.704999,115.413,311.591,-58.030,-58.030
479.804999,115.413,311.591,-57.795,-58.030
479.904999,115.648,311.591,-57.795,-58.030
480.004999,115.413,311.357,-57.795,-58.030
480.104999,115.648,311.357,-57.795,-57.795
480.204999,115.413,311.591,-58.030,-58.030
480.304999,115.648,311.591,-58.030,-58.030
480.521000,115.882,311.591,-57.795,-58.030
480.535974,115.413,311.357,-57.795,-57.795
480.604999,115.648,311.591,-57.561,-58.030
480.704999,115.648,311.357,-58.030,-58.030
480.804999,115.648,311.591,-57.795,-58.030
480.904999,115.648,311.357,-58.030,-57.795
481.004999,115.648,311.357,-58.030,-57.795
481.104999,115.413,311.357,-57.795,-57.795
481.204999,115.413,311.591,-58.030,-57.795
481.304999,115.882,311.591,-58.030,-58.030
481.520000,115.648,311.591,-57.561,-58.030
481.534974,115.413,311.357,-58.030,-58.030
481.604999,115.648,311.357,-58.030,-58.030
481.704999,115.648,311.357,-57.795,-57.795
481.804999,115.648,311.825,-57.795,-58.030
481.904999,115.413,311.591,-58.030,-58.030
482.004999,115.648,311.825,-57.795,-58.030
482.104999,115.648,311.357,-58.030,-57.795
482.204999,115.648,311.591,-58.030,-57.795
482.304999,115.648,311.591,-57.795,-58.030
482.521000,115.413,311.357,-58.030,-57.795
482.535974,115.648,311.591,-58.030,-57.795
482.604999,115.413,311.357,-58.030,-57.795
482.704999,115.413,311.591,-57.795,-58.030
482.804999,115.413,311.591,-57.795,-57.795
482.904999,115.648,311.591,-58.030,-57.795
483.004999,115.413,311.591,-58.030,-58.030
483.104999,115.648,311.591,-57.795,-57.795
483.204999,115.413,311.591,-58.030,-57.795
483.304999,115.413,311.357,-57.561,-58.030
483.521000,115.648,311.357,-57.795,-57.561
483.535974,115.648,311.591,-57.795,-57.795
483.604999,115.648,311.357,-57.795,-58.030
483.704999,115.413,311.591,-58.030,-58.030
483.804999,115.413,311.357,-58.030,-57.795
483.904999,115.413,311.591,-57.795,-57.795
484.004999,115.648,311.357,-58.030,-57.795
484.104999,115.413,311.591,-58.030,-57.795
484.204999,115.413,311.357,-58.030,-58.030
484.304999,115.648,311.357,-57.795,-58.030
484.521000,115.413,311.357,-57.561,-58.030
484.535974,115.648,311.357,-58.030,-58.030
484.604999,115.413,311.825,-58.030,-57.795
484.704999,115.413,311.591,-57.795,-57.561
484.804999,115.413,311.591,-57.795,-58.030
484.904999,115.413,311.357,-57.795,-57.795
485.004999,115.648,311.357,-58.030,-58.030
485.104999,115.413,311.591,-58.030,-58.030
485.204999,115.179,311.357,-58.030,-58.030
485.304999,115.648,311.591,-58.030,-57.795
485.521000,115.413,311.591,-57.795,-57.795
485.535974,115.648,311.357,-58.030,-58.030
485.604999,115.413,311.357,-58.030,-58.030
485.704999,115.882,311.357,-57.795,-57.795
485.804999,115.413,311.591,-58.030,-57.795
485.904999,115.413,311.357,-58.030,-57.795
486.004999,115.648,311.591,-57.795,-58.030
486.104999,115.648,311.357,-57.795,-57.795
486.204999,115.648,311.357,-58.030,-58.030
486.304999,115.413,311.591,-57.795,-57.795
486.520000,115.413,311.591,-58.030,-58.030
486.534974,115.413,311.357,-57.795,-58.030
486.604999,115.648,311.357,-57.795,-57.795
486.704999,115.413,311.591,-58.030,-57.795
486.804999,115.179,311.357,-58.030,-57.795
486.904999,115.413,311.591,-57.795,-57.561
487.004999,115.413,311.357,-57.795,-57.795
487.104999,115.413,311.357,-58.030,-58.030
487.204999,115.648,311.591,-57.795,-58.030
487.304999,115.413,311.591,-57.795,-57.795
487.521000,115.179,311.591,-57.795,-57.795
487.535974,115.648,311.825,-58.030,-58.030
487.604999,115.179,311.591,-57.795,-58.030
487.704999,115.413,311.591,-57.795,-58.030
487.804999,115.413,311.357,-57.795,-58.030
487.904999,115.648,311.591,-58.030,-58.030
488.004999,115.413,311.591,-57.795,-57.795
488.104999,115.413,311.357,-58.030,-58.030
488.204999,115.413,311.357,-57.795,-58.030
488.304999,115.413,311.357,-58.030,-57.795
488.521000,115.413,311.357,-58.030,-58.030
488.535974,115.179,311.357,-57.795,-57.795
488.604999,115.413,311.357,-58.030,-58.030
488.704999,115.648,311.357,-57.795,-58.030
488.804999,115.413,311.357,-57.795,-58.030
488.904999,115.413,311.357,-57.795,-57.795
489.004999,115.648,311.357,-57.795,-57.795
489.104999,115.179,311.591,-57.795,-57.795
489.204999,115.413,311.357,-57.795,-57.795
489.304999,115.413,311.591,-58.030,-58.030
489.521000,115.413,311.357,-57.795,-58.030
489.535974,115.648,311.591,-57.795,-57.795
489.604999,115.413,311.357,-57.795,-57.795
489.704999,115.413,311.591,-57.795,-57.561
489.804999,115.413,311.357,-57.795,-57.795
489.904999,115.413,311.591,-57.795,-57.795
490.004999,115.413,311.357,-58.030,-57.795
490.104999,115.413,311.591,-57.795,-57.795
490.204999,115.413,311.357,-57.795,-58.030
490.304999,115.413,311.591,-58.030,-57.795
490.521001,115.413,311.591,-57.795,-57.795
490.535974,115.413,311.357,-57.561,-57.795
490.604999,115.179,311.357,-57.795,-57.795
490.704999,115.413,311.591,-57.795,-57.795
490.804999,115.413,311.357,-57.795,-58.030
490.904999,115.413,311.357,-58.030,-57.795
491.004999,115.413,311.357,-57.795,-58.030
491.104999,115.413,311.591,-57.795,-57.795
491.204999,115.413,311.357,-57.795,-58.030
491.304999,115.413,311.591,-57.795,-58.030
491.521000,115.413,311.357,-58.030,-57.795
491.535974,115.179,311.591,-58.030,-57.795
491.604999,115.413,311.591,-58.030,-58.030
491.704999,115.413,311.357,-58.030,-57.795
491.804999,115.179,311.357,-58.030,-57.795
491.904999,115.648,311.591,-57.795,-57.795
492.004999,115.179,311.591,-57.795,-58.030
492.104999,115.179,311.357,-58.030,-58.030
492.204999,115.413,311.357,-58.030,-58.030
492.304999,115.179,311.591,-57.795,-58.030
492.521000,115.648,311.591,-57.795,-58.030
492.535974,115.179,311.591,-57.795,-57.795
492.604999,115.413,311.591,-57.795,-57.795
492.704999,115.413,311.357,-57.795,-58.030
492.804999,115.413,311.591,-57.795,-58.030
492.904999,115.413,311.591,-58.030,-57.795
493.004999,114.944,311.591,-58.030,-57.795
493.104999,115.179,311.357,-57.795,-57.795
493.204999,115.413,311.357,-57.795,-58.030
493.304999,115.179,311.357,-57.795,-57.795
493.521000,115.179,311.357,-58.030,-58.030
493.535974,115.413,311.591,-57.795,-57.795
493.604999,115.413,311.357,-57.795,-58.030
493.704999,115.413,311.591,-58.030,-57.795
493.804999,115.179,311.591,-57.795,-58.030
493.904999,115.413,311.591,-57.795,-58.264
494.004999,115.179,311.591,-57.795,-57.795
494.104999,115.648,311.825,-57.795,-58.030
494.204999,115.413,311.591,-57.795,-57.795
494.304999,115.413,311.591,-57.795,-58.030
494.520000,115.179,311.591,-58.030,-57.795
494.534974,115.413,311.591,-57.795,-57.795
494.604999,115.179,311.357,-58.030,-58.030
494.704999,115.413,311.591,-57.795,-57.795
494.804999,115.179,311.357,-57.795,-58.030
494.904999,115.179,311.591,-57.795,-57.795
495.004999,115.179,311.357,-58.030,-57.795
495.104999,115.179,311.591,-58.030,-58.030
495.204999,115.413,311.591,-57.795,-58.030
495.304999,115.179,311.357,-57.795,-58.030
495.521000,115.413,311.591,-57.795,-58.030
495.535974,115.413,311.591,-57.795,-58.030
495.604999,115.179,311.591,-57.795,-57.795
495.704999,115.413,311.591,-57.795,-58.030
495.804999,115.179,311.591,-57.795,-58.264
495.904999,115.413,311.357,-57.795,-58.030
496.004999,115.179,311.591,-58.030,-57.795
496.104999,115.179,311.357,-57.561,-58.030
496.204999,115.179,311.357,-58.030,-58.030
496.304999,115.179,311.591,-58.030,-58.030
496.521000,115.179,311.591,-58.030,-58.030
496.535974,115.179,311.591,-57.795,-57.795
496.604999,115.413,311.357,-57.795,-57.795
496.704999,115.413,311.357,-57.795,-58.030
496.804999,115.413,311.357,-58.030,-58.030
496.904999,115.179,311.591,-57.795,-58.030
497.004999,115.179,311.591,-57.795,-58.264
497.104999,115.179,311.357,-57.795,-58.030
497.204999,115.179,311.357,-57.795,-58.030
497.304999,115.179,311.357,-58.030,-57.795
497.521000,115.179,311.591,-57.795,-57.795
497.535974,115.179,311.357,-58.030,-58.030
497.604999,115.179,311.357,-57.795,-57.795
497.704999,115.179,311.357,-57.795,-57.795
497.804999,115.179,311.357,-57.795,-57.795
497.904999,115.179,311.357,-58.030,-57.795
498.004999,115.413,311.591,-58.030,-57.795
498.104999,115.413,311.357,-57.795,-57.795
498.204999,115.413,311.357,-57.795,-57.795
498.304999,115.413,311.122,-57.561,-58.030
498.521000,115.413,311.357,-58.030,-57.795
498.535974,115.179,311.591,-57.795,-58.030
498.604999,115.179,311.591,-57.795,-58.030
498.704999,115.413,311.357,-57.795,-57.795
498.804999,115.413,311.357,-58.030,-57.795
498.904999,115.413,311.591,-58.030,-58.030
499.004999,115.179,311.591,-57.795,-58.030
499.104999,115.179,311.591,-58.030,-58.030
499.204999,115.179,311.357,-58.030,-58.030
499.304999,114.944,311.591,-57.561,-58.030
499.520000,115.413,311.357,-58.030,-57.795
499.534974,115.179,311.357,-57.795,-58.030
499.604999,115.179,311.591,-57.795,-58.264
499.704999,115.179,311.591,-57.795,-58.030
499.804999,115.179,311.357,-58.030,-58.030
499.904999,115.179,311.591,-57.795,-58.030
500.004999,114.944,311.357,-57.795,-58.030
500.104999,115.413,311.591,-57.561,-58.030
500.204999,115.179,311.591,-57.795,-58.030
500.304999,115.179,311.357,-58.030,-58.030
500.521000,115.179,311.591,-57.795,-58.030
500.535974,115.179,311.357,-57.795,-58.030
500.604999,115.179,311.591,-57.795,-58.030
500.704999,114.944,311.591,-57.795,-58.030
500.804999,114.944,311.591,-58.030,-57.795
500.904999,115.179,311.591,-58.030,-57.795
501.004999,115.179,311.591,-58.030,-57.795
501.104999,115.179,311.357,-57.795,-57.795
501.204999,115.179,311.591,-58.030,-58.030
501.304999,115.179,311.357,-58.030,-58.030
501.521000,115.179,311.591,-57.795,-57.795
501.535974,114.944,311.357,-57.795,-57.795
501.604999,114.944,311.591,-58.030,-57.795
501.704999,115.179,311.357,-58.264,-58.030
501.804999,115.413,311.591,-58.030,-58.264
501.904999,115.413,311.591,-58.030,-58.030
502.004999,115.179,311.591,-57.795,-57.795
502.104999,115.179,311.591,-58.030,-58.030
502.204999,115.179,311.591,-57.795,-57.795
502.304999,115.179,311.357,-57.561,-57.795
502.521000,115.179,311.591,-57.795,-57.795
502.535974,114.944,311.591,-58.030,-57.795
502.604999,114.944,311.591,-57.795,-57.795
502.704999,114.944,311.357,-57.795,-57.795
502.804999,114.944,311.591,-58.030,-57.795
502.904999,115.179,311.591,-58.030,-57.795
503.004999,115.179,311.357,-58.030,-58.030
503.104999,114.944,311.591,-58.030,-58.030
503.204999,114.944,311.357,-58.030,-58.030
503.304999,114.944,311.357,-57.795,-57.795
503.521000,115.179,311.357,-58.030,-58.030
503.535974,115.179,311.825,-57.795,-58.030
503.604999,114.944,311.357,-57.795,-58.030
503.704999,114.944,311.357,-58.030,-58.030
503.804999,115.179,311.591,-57.795,-58.030
503.904999,115.179,311.357,-57.795,-57.795
504.004999,114.944,311.591,-58.030,-58.030
504.104999,114.944,311.591,-57.795,-58.030
504.204999,115.179,311.357,-58.030,-57.795
504.304999,115.179,311.825,-57.795,-58.030
504.521000,115.179,311.357,-57.795,-58.030
504.535974,115.179,311.591,-57.795,-58.030
504.604999,115.179,311.591,-57.795,-58.030
504.704999,115.179,311.357,-57.795,-57.795
504.804999,114.944,311.591,-58.030,-58.030
504.904999,114.944,311.357,-57.795,-58.030
505.004999,114.944,311.357,-58.030,-57.795
505.104999,115.179,311.591,-57.795,-58.030
505.204999,114.944,311.357,-57.795,-58.030
505.304999,114.944,311.357,-57.795,-58.030
505.521001,115.179,311.591,-58.030,-58.030
505.535974,115.179,311.591,-57.795,-57.795
505.604999,114.944,311.591,-57.795,-58.030
505.704999,114.944,311.591,-57.795,-57.795
505.804999,114.944,311.357,-57.795,-58.030
505.904999,115.179,311.591,-58.030,-58.030
506.004999,115.413,311.591,-57.795,-58.030
506.104999,115.179,311.591,-57.795,-57.795
506.204999,115.179,311.357,-57.795,-58.030
506.304999,114.944,311.357,-57.795,-58.030
506.521000,114.944,311.357,-57.795,-57.795
506.535974,114.944,311.357,-57.795,-58.030
506.604999,114.944,311.591,-57.795,-57.795
506.704999,114.944,311.591,-57.795,-58.030
506.804999,114.944,311.591,-57.795,-57.795
506.904999,114.944,311.357,-58.030,-58.030
507.004999,114.944,311.357,-57.795,-57.795
507.104999,114.944,311.357,-57.795,-58.030
507.204999,115.179,311.591,-58.030,-58.030
507.304999,114.944,311.357,-57.795,-58.030
507.520000,115.179,311.357,-58.030,-57.795
507.534974,114.944,311.357,-58.030,-58.030
507.604999,114.944,311.591,-57.795,-58.030
507.704999,114.944,311.357,-57.795,-58.030
507.804999,115.179,311.591,-57.795,-57.795
507.904999,115.179,311.357,-58.030,-57.795
508.004999,114.944,311.591,-57.795,-58.030
508.104999,115.179,311.591,-58.030,-57.795
508.204999,115.179,311.357,-58.030,-58.030
508.304999,115.179,311.357,-58.030,-57.795
508.521000,115.179,311.591,-57.795,-58.030
508.535974,115.179,311.357,-57.795,-58.030
508.604999,114.944,311.591,-57.795,-58.030
508.704999,115.179,311.357,-57.795,-57.795
508.804999,114.944,311.591,-57.795,-58.030
508.904999,114.944,311.357,-57.795,-57.795
509.004999,114.944,311.591,-57.795,-58.030
509.104999,114.944,311.357,-57.795,-57.795
509.204999,114.944,311.591,-57.795,-57.795
509.304999,114.944,311.591,-58.030,-57.795
509.521001,115.179,311.357,-57.795,-57.795
509.535974,114.944,311.591,-57.795,-58.030
509.604999,115.179,311.591,-58.030,-57.795
509.704999,114.944,311.591,-57.795,-57.795
509.804999,114.944,311.591,-57.795,-58.030
509.904999,114.944,311.357,-57.795,-57.795
510.004999,114.944,311.591,-58.030,-58.030
510.104999,115.179,311.357,-57.795,-57.795
510.204999,115.179,311.357,-57.561,-58.030
510.304999,115.179,311.591,-57.795,-57.795
510.521001,114.944,311.591,-58.030,-58.264
510.535974,114.944,311.357,-58.030,-58.030
510.604999,114.944,311.591,-57.795,-58.030
510.704999,114.944,311.591,-57.795,-58.030
510.804999,115.179,311.357,-57.795,-58.030
510.904999,114.944,311.357,-57.795,-57.795
511.004999,114.944,311.591,-57.795,-57.795
511.104999,114.944,311.357,-57.795,-58.030
511.204999,114.944,311.357,-57.795,-57.795
511.304999,114.944,311.357,-57.795,-58.030
511.521000,114.944,311.357,-57.561,-57.795
511.535974,114.944,311.591,-57.795,-57.795
511.604999,115.179,311.357,-58.030,-58.030
511.704999,114.944,311.357,-57.795,-58.030
511.804999,114.944,311.591,-57.795,-58.030
511.904999,115.179,311.825,-58.030,-57.795
512.004999,114.944,311.357,-57.795,-57.795
512.104999,114.710,311.357,-57.795,-58.030
512.204999,114.944,311.357,-57.795,-58.030
512.304999,114.944,311.357,-57.795,-58.030
512.520000,114.944,311.357,-58.030,-58.030
512.541102,114.944,311.357,-57.561,-57.795
512.604999,114.944,311.357,-57.795,-58.030
512.704999,114.944,311.357,-57.795,-58.030
512.804999,114.944,311.357,-58.030,-57.795
512.904999,114.944,311.357,-58.030,-58.030
513.004999,114.710,311.357,-58.030,-58.030
513.104999,114.944,311.591,-57.795,-57.795
513.204999,114.944,311.591,-58.030,-58.264
513.304999,114.944,311.122,-57.795,-58.030
513.521000,114.710,311.591,-57.795,-58.030
513.535974,114.944,311.357,-57.795,-57.795
513.604999,114.944,311.357,-58.030,-57.795
513.704999,114.710,311.357,-58.030,-57.795
513.804999,114.944,311.591,-57.795,-58.030
513.904999,115.179,311.591,-58.030,-57.795
514.004999,114.944,311.357,-58.030,-57.795
514.104999,114.944,311.357,-58.030,-57.795
514.204999,114.944,311.357,-57.795,-58.030
514.304999,114.944,311.357,-58.030,-58.030
514.521000,114.944,311.357,-57.795,-58.030
514.535974,114.944,311.591,-57.795,-58.030
514.604999,114.944,311.357,-57.795,-58.030
514.704999,114.944,311.591,-57.795,-57.795
514.804999,114.944,311.357,-57.795,-58.030
514.904999,115.179,311.357,-57.795,-58.030
515.004999,114.944,311.357,-57.795,-57.795
515.104999,114.710,311.357,-58.030,-58.030
515.204999,114.944,311.591,-57.795,-58.030
515.304999,114.944,311.357,-57.795,-57.795
515.521000,114.944,311.357,-57.795,-58.030
515.535974,114.710,311.357,-57.795,-58.030
515.604999,114.944,311.357,-57.795,-58.030
515.704999,114.944,311.591,-57.795,-57.795
515.804999,114.710,311.591,-57.795,-57.795
515.904999,114.944,311.357,-57.795,-58.030
516.004999,114.944,311.591,-57.795,-57.795
516.104999,114.710,311.591,-58.030,-57.795
516.204999,114.710,311.591,-58.030,-58.030
516.304999,115.179,311.357,-58.030,-58.030
516.521000,114.944,311.357,-57.795,-58.030
516.535974,114.710,311.357,-58.030,-58.030
516.604999,114.944,311.357,-57.795,-58.030
516.704999,114.944,311.357,-57.795,-58.030
516.804999,114.710,311.357,-57.795,-58.030
516.904999,114.710,311.591,-57.795,-57.795
517.004999,114.710,311.591,-57.561,-57.795
517.104999,114.710,311.357,-58.264,-58.030
517.204999,114.944,311.357,-57.795,-58.030
517.304999,114.710,311.591,-57.795,-58.030
517.521000,114.710,311.357,-58.030,-57.795
517.535974,114.944,311.591,-57.795,-58.030
517.604999,114.944,311.591,-58.030,-58.030
517.704999,115.179,311.591,-58.030,-58.030
517.804999,114.944,311.591,-58.264,-58.030
517.904999,114.944,311.357,-57.795,-57.795
518.004999,114.710,311.357,-58.030,-57.795
518.104999,114.710,311.591,-57.795,-57.795
518.204999,114.710,311.357,-57.795,-58.030
518.304999,114.710,311.591,-57.795,-58.030
518.521001,114.944,311.591,-58.030,-57.795
518.535974,114.710,311.357,-58.030,-57.795
518.604999,114.944,311.357,-57.795,-57.795
518.704999,114.710,311.122,-57.795,-58.030
518.804999,114.944,311.122,-58.030,-58.030
518.904999,114.710,311.357,-57.795,-57.795
519.004999,114.944,311.591,-58.030,-57.795
519.104999,114.944,311.357,-57.795,-57.795
519.204999,114.710,311.591,-57.795,-58.030
519.304999,114.944,311.357,-57.795,-57.795
519.521000,114.944,311.357,-58.030,-57.795
519.535974,114.710,311.357,-57.795,-57.795
519.604999,114.710,311.357,-58.030,-58.030
519.704999,114.710,311.591,-58.030,-58.030
519.804999,114.710,311.591,-57.795,-58.030
519.904999,114.944,311.591,-57.795,-58.030
520.004999,114.944,311.357,-58.030,-57.795
520.104999,114.710,311.357,-57.795,-57.795
520.204999,114.944,311.122,-57.795,-58.030
520.304999,114.944,311.357,-57.795,-58.030
520.520000,114.710,311.357,-57.795,-58.030
520.534974,114.710,311.591,-57.795,-58.030
520.604999,114.944,311.357,-57.795,-58.030
520.704999,114.710,311.591,-57.795,-58.030
520.804999,114.710,311.357,-58.264,-57.795
520.904999,114.944,311.357,-57.795,-57.795
521.004999,114.710,311.591,-57.795,-57.795
521.104999,114.944,311.122,-57.795,-57.795
521.204999,114.710,311.357,-58.030,-57.561
521.304999,114.710,311.357,-58.030,-57.795
521.521000,114.710,311.591,-58.030,-58.030
521.535974,114.710,311.357,-57.795,-57.795
521.604999,114.710,311.357,-58.030,-58.030
521.704999,114.944,311.357,-57.795,-57.795
521.804999,114.476,311.357,-58.030,-58.030
521.904999,114.710,311.357,-57.795,-58.030
522.004999,114.944,311.357,-58.030,-58.030
522.104999,114.710,311.591,-57.795,-57.795
522.204999,114.710,311.357,-58.030,-57.795
522.304999,114.710,311.357,-58.030,-58.030
522.521000,114.944,311.357,-58.030,-58.030
522.535974,114.710,311.591,-58.030,-57.795
522.604999,114.944,311.122,-57.795,-57.795
522.704999,114.710,311.357,-57.795,-58.030
522.804999,114.710,311.357,-57.795,-58.030
522.904999,114.710,311.357,-57.795,-57.795
523.004999,114.944,311.357,-58.030,-58.030
523.104999,114.710,311.357,-57.561,-58.030
523.204999,114.710,311.357,-57.795,-57.795
523.304999,114.944,311.357,-58.030,-58.030
523.521000,114.710,311.357,-57.795,-57.795
523.535974,114.944,311.357,-57.795,-58.030
523.604999,114.710,311.357,-57.795,-57.795
523.704999,114.710,311.357,-57.795,-57.795
523.804999,114.710,311.357,-57.795,-58.030
523.904999,114.710,311.591,-57.795,-58.030
524.004999,114.476,311.591,-57.795,-57.795
524.104999,114.710,311.357,-57.795,-57.795
524.204999,114.710,311.591,-57.795,-57.795
524.304999,114.476,311.357,-57.795,-58.030
524.521000,114.944,311.357,-57.795,-58.030
524.535974,114.710,311.357,-58.030,-58.030
524.604999,114.710,311.591,-57.795,-57.795
524.704999,114.944,311.357,-57.795,-57.795
524.804999,114.710,311.591,-58.030,-57.795
524.904999,114.710,311.357,-57.795,-57.795
525.004999,114.710,311.357,-58.030,-57.795
525.104999,114.710,311.591,-57.795,-57.795
525.204999,114.710,311.357,-57.795,-57.795
525.304999,114.710,311.591,-57.795,-57.795
525.520000,114.710,311.357,-57.795,-57.795
525.534974,114.710,311.357,-57.795,-57.795
525.604999,114.710,311.357,-57.795,-57.795
525.704999,114.710,311.591,-57.795,-57.795
525.804999,114.710,311.357,-58.030,-57.795
525.904999,114.944,311.357,-58.030,-58.264
526.004999,114.710,311.357,-57.795,-58.030
526.104999,114.944,311.357,-57.795,-58.030
526.204999,114.710,311.357,-58.264,-58.030
526.304999,114.944,311.357,-57.795,-57.795
526.521000,114.710,311.357,-58.030,-58.030
526.535974,114.241,311.357,-57.795,-57.795
526.604999,114.710,311.357,-58.030,-58.030
526.704999,114.944,311.357,-57.795,-58.030
526.804999,114.710,311.357,-58.030,-57.795
526.904999,114.710,311.357,-58.030,-57.795
527.004999,114.710,311.357,-58.030,-57.795
527.104999,114.710,311.357,-57.795,-57.795
527.204999,114.710,311.591,-58.030,-57.795
527.304999,114.710,311.591,-57.795,-58.030
527.521000,114.710,311.357,-58.030,-57.795
527.535974,114.944,311.357,-57.795,-57.795
527.604999,114.710,311.357,-57.795,-57.795
527.704999,114.710,311.591,-58.030,-58.030
527.804999,114.710,311.357,-57.795,-57.795
527.904999,114.710,311.357,-58.030,-58.264
528.004999,114.710,311.357,-57.795,-58.030
528.104999,114.710,311.357,-58.030,-58.030
528.204999,114.710,311.357,-58.030,-57.795
528.304999,114.476,311.357,-58.030,-58.030
528.521000,114.944,311.357,-58.030,-58.030
528.535974,114.710,311.357,-57.795,-57.795
528.604999,114.476,311.591,-57.795,-58.030
528.704999,114.476,311.357,-58.030,-57.795
528.804999,114.476,311.357,-58.030,-58.030
528.904999,114.476,311.357,-57.795,-57.795
529.004999,114.476,311.357,-57.795,-58.030
529.104999,114.476,311.357,-57.795,-58.030
529.204999,114.710,311.357,-57.795,-57.795
529.304999,114.710,311.357,-57.795,-57.795
529.521000,114.476,311.591,-57.795,-58.030
529.535974,114.710,311.357,-57.795,-57.795
529.604999,114.476,311.357,-57.795,-57.795
529.704999,114.476,311.122,-58.030,-57.795
529.804999,114.476,311.591,-58.030,-58.030
529.904999,114.476,311.357,-57.795,-58.030
530.004999,114.710,311.591,-58.030,-57.795
530.104999,114.476,311.591,-58.030,-58.030
530.204999,114.710,311.357,-57.795,-58.030
530.304999,114.710,311.357,-57.795,-58.030
530.521000,114.476,311.357,-57.795,-58.030
530.535974,114.710,311.357,-58.030,-58.030
530.604999,114.710,311.357,-58.030,-57.795
530.704999,114.710,311.825,-58.030,-58.030
530.804999,114.710,311.591,-57.795,-57.795
530.904999,114.710,311.357,-58.030,-57.795
531.004999,114.476,311.591,-57.795,-57.795
531.104999,114.710,311.357,-57.795,-57.795
531.204999,114.476,311.357,-57.795,-58.030
531.304999,114.476,311.357,-57.795,-58.030
531.521000,114.476,311.357,-58.030,-57.561
531.535974,114.710,311.591,-58.030,-57.795
531.604999,114.476,311.357,-58.030,-58.030
531.704999,114.710,311.591,-58.030,-57.795
531.804999,114.476,311.357,-57.795,-58.030
531.904999,114.476,311.357,-58.030,-57.795
532.004999,114.241,311.122,-58.030,-58.030
532.104999,114.710,311.357,-58.030,-57.795
532.204999,114.710,311.357,-57.795,-57.795
532.304999,114.476,311.357,-58.030,-58.030
532.521000,114.710,311.357,-57.795,-58.030
532.535974,114.710,311.357,-57.795,-58.030
532.604999,114.710,311.357,-57.795,-58.030
532.704999,114.476,311.357,-57.795,-58.030
532.804999,114.476,311.357,-57.795,-57.795
532.904999,114.710,311.591,-58.030,-58.264
533.004999,114.710,311.357,-57.795,-58.030
533.104999,114.476,311.591,-57.795,-57.795
533.204999,114.476,311.357,-58.030,-58.030
533.304999,114.476,311.357,-57.795,-58.030
533.520000,114.476,311.591,-57.795,-58.030
533.534974,114.710,311.591,-57.795,-57.795
533.604999,114.476,311.357,-58.030,-58.030
533.704999,114.710,311.591,-57.795,-57.795
533.804999,114.476,311.357,-57.795,-58.030
533.904999,114.476,311.357,-57.795,-57.795
534.004999,114.710,311.357,-57.795,-58.030
534.104999,114.710,311.357,-57.795,-58.030
534.204999,114.476,311.122,-57.795,-58.030
534.304999,114.476,311.357,-57.795,-58.030
534.521000,114.710,311.357,-57.795,-58.264
534.535974,114.241,311.357,-57.795,-57.795
534.604999,114.476,311.122,-58.030,-58.030
534.704999,114.710,311.357,-57.795,-58.030
534.804999,114.710,311.357,-58.030,-58.030
534.904999,114.476,311.357,-57.795,-58.030
535.004999,114.476,311.591,-57.795,-58.030
535.104999,114.476,311.357,-58.030,-58.030
535.204999,114.710,311.122,-57.795,-58.030
535.304999,114.710,311.122,-58.030,-58.030
535.521001,114.476,311.357,-57.795,-58.030
535.535974,114.476,311.357,-58.030,-58.030
535.604999,114.710,311.357,-57.795,-58.030
535.704999,114.476,311.357,-58.030,-58.030
535.804999,114.476,311.357,-57.795,-57.795
535.904999,114.476,311.122,-58.030,-58.030
536.004999,114.710,311.122,-57.795,-57.795
536.104999,114.710,311.357,-57.795,-57.795
536.204999,114.476,311.357,-57.795,-57.795
536.304999,114.476,311.591,-57.561,-58.030
536.521000,114.476,311.357,-57.795,-58.030
536.535974,114.476,311.122,-57.795,-57.795
536.604999,114.476,311.357,-58.030,-57.795
536.704999,114.476,311.357,-57.795,-57.795
536.804999,114.476,311.591,-58.030,-57.795
536.904999,114.476,311.357,-57.795,-58.264
537.004999,114.476,311.357,-57.795,-57.795
537.104999,114.476,311.591,-57.795,-58.030
537.204999,114.476,311.591,-57.795,-57.795
537.304999,114.476,311.357,-57.795,-58.030
537.521000,114.476,311.357,-57.795,-57.795
537.535974,114.476,311.357,-58.030,-58.264
537.604999,114.476,311.357,-58.030,-57.795
537.704999,114.476,311.357,-58.030,-57.795
537.804999,114.710,311.357,-57.795,-57.795
537.904999,114.476,311.357,-57.561,-57.795
538.004999,114.476,311.357,-57.795,-58.030
538.104999,114.476,311.357,-58.030,-57.795
538.204999,114.476,311.357,-58.030,-58.030
538.304999,114.476,311.122,-57.795,-58.030
538.520000,114.241,311.357,-58.030,-58.030
538.534974,114.476,311.357,-57.795,-58.030
538.604999,114.241,311.357,-57.795,-57.795
538.704999,114.710,311.357,-57.561,-58.030
538.804999,114.476,311.357,-57.795,-57.795
538.904999,114.710,311.357,-57.795,-58.030
539.004999,114.476,311.122,-58.030,-58.030
539.104999,114.476,311.357,-58.030,-58.030
539.204999,114.476,311.357,-57.795,-58.030
539.304999,114.476,311.357,-58.030,-58.030
539.521000,114.476,311.357,-57.795,-58.030
539.535974,114.241,311.357,-58.030,-57.795
539.604999,114.241,311.357,-57.795,-57.795
539.704999,114.710,311.591,-57.795,-58.030
539.804999,114.476,311.122,-57.795,-58.030
539.904999,114.476,311.357,-58.030,-58.030
540.004999,114.476,311.357,-57.795,-58.030
540.104999,114.241,311.357,-57.561,-58.030
540.204999,114.476,311.591,-57.795,-58.030
540.304999,114.476,311.357,-57.795,-58.030
540.521000,114.476,311.357,-58.030,-57.795
540.535974,114.476,311.357,-57.795,-58.030
540.604999,114.476,311.357,-57.795,-57.795
540.704999,114.476,311.357,-57.795,-58.030
540.804999,114.241,311.591,-58.030,-57.795
540.904999,114.476,311.357,-57.795,-58.030
541.004999,114.241,311.357,-57.795,-57.795
541.104999,114.476,311.591,-57.795,-58.030
541.204999,114.476,311.357,-57.795,-58.030
541.304999,114.476,311.357,-57.795,-57.795
541.521000,114.241,311.357,-57.795,-58.030
541.535974,114.476,311.357,-58.030,-58.030
541.604999,114.241,311.357,-57.795,-57.795
541.704999,114.476,311.357,-57.795,-58.030
541.804999,114.241,311.591,-57.795,-58.030
541.904999,114.476,311.357,-57.795,-58.030
542.004999,114.241,311.357,-57.795,-57.795
542.104999,114.476,311.357,-58.030,-57.795
542.204999,114.241,311.357,-57.795,-58.030
542.304999,114.476,311.357,-58.030,-57.795
542.521000,114.476,311.357,-57.795,-58.030
542.535974,114.476,311.357,-57.561,-58.030
542.604999,114.241,311.357,-57.795,-58.030
542.704999,114.476,311.122,-57.795,-57.795
542.804999,114.476,311.591,-57.795,-57.795
542.904999,114.241,311.357,-57.795,-58.030
543.004999,114.476,311.357,-58.030,-58.030
543.104999,114.476,311.357,-57.561,-58.030
543.204999,114.241,311.357,-57.795,-57.795
543.304999,114.241,311.122,-57.795,-58.030
543.521001,114.476,311.357,-58.030,-58.030
543.535974,114.241,311.357,-57.795,-57.795
543.604999,114.241,311.357,-57.795,-57.795
543.704999,114.476,311.357,-58.030,-58.030
543.804999,114.476,311.357,-57.795,-57.795
543.904999,114.476,311.357,-57.795,-58.030
544.004999,114.241,311.357,-58.030,-58.030
544.104999,114.241,311.357,-57.795,-58.030
544.204999,114.476,311.357,-57.795,-58.030
544.304999,114.476,311.591,-57.561,-57.795
544.521000,114.241,311.357,-57.795,-57.795
544.535974,114.476,311.357,-57.795,-58.030
544.604999,114.476,311.357,-57.795,-57.795
544.704999,114.241,311.122,-58.030,-58.030
544.804999,114.476,311.357,-57.795,-57.795
544.904999,114.476,311.357,-57.795,-57.795
545.004999,114.476,311.122,-57.795,-58.030
545.104999,114.241,311.357,-58.030,-58.030
545.204999,114.710,311.357,-58.030,-58.030
545.304999,114.241,311.357,-57.795,-57.795
545.521000,114.476,311.591,-57.795,-57.795
545.535974,114.241,311.357,-57.795,-58.030
545.604999,114.476,311.357,-57.795,-57.795
545.704999,114.241,311.357,-57.561,-57.795
545.804999,114.476,311.591,-57.795,-57.795
545.904999,114.476,311.357,-57.795,-57.795
546.004999,114.476,311.591,-57.795,-58.030
546.104999,114.476,311.357,-57.795,-57.795
546.204999,114.476,311.357,-58.030,-58.030
546.304999,114.241,311.357,-57.795,-57.795
546.520000,114.241,311.357,-58.030,-57.795
546.534974,114.241,311.591,-57.795,-58.030
546.604999,114.476,311.357,-57.795,-57.795
546.704999,114.241,311.357,-58.030,-57.795
546.804999,114.476,311.357,-57.795,-57.795
546.904999,114.241,311.357,-57.795,-58.030
547.004999,114.241,311.122,-57.795,-58.264
547.104999,114.476,311.357,-57.561,-58.030
547.204999,114.241,311.591,-57.795,-57.795
547.304999,114.241,311.122,-57.561,-57.795
547.521000,114.241,311.357,-57.795,-58.030
547.535974,114.476,311.122,-57.795,-57.795
547.604999,114.241,311.122,-57.561,-58.030
547.704999,114.241,311.122,-57.795,-58.030
547.804999,114.241,311.122,-58.030,-57.795
547.904999,114.241,311.357,-57.795,-58.030
548.004999,114.241,311.357,-57.795,-58.030
548.104999,114.241,311.591,-57.795,-57.795
548.204999,114.476,311.357,-57.795,-57.795
548.304999,114.241,311.357,-57.795,-58.030
548.521001,114.241,311.122,-57.561,-57.795
548.535974,114.241,311.122,-57.795,-57.795
548.604999,114.241,311.122,-57.795,-57.795
548.704999,114.476,311.357,-58.030,-58.030
548.804999,114.476,311.591,-57.795,-58.030
548.904999,114.007,311.122,-57.795,-57.795
549.004999,114.476,311.357,-57.561,-57.795
549.104999,114.241,311.357,-57.795,-58.030
549.204999,114.241,311.591,-57.795,-57.795
549.304999,114.007,311.122,-58.030,-57.795
549.521000,114.241,311.357,-57.795,-58.030
549.535974,114.241,311.122,-57.561,-57.795
549.604999,114.007,311.357,-58.030,-57.561
549.704999,114.241,311.357,-57.795,-58.030
549.804999,114.241,311.357,-57.795,-57.795
549.904999,114.241,311.591,-57.795,-57.795
550.004999,114.241,311.357,-57.795,-58.030
550.104999,114.241,311.591,-57.795,-58.030
550.204999,114.241,311.591,-58.030,-58.030
550.304999,114.241,311.591,-58.030,-58.030
550.521000,114.241,311.357,-57.795,-57.795
550.535974,114.007,311.357,-57.795,-57.795
550.604999,114.241,311.357,-57.795,-58.030
550.704999,114.476,311.357,-57.561,-57.795
550.804999,114.241,311.357,-57.795,-58.030
550.904999,114.241,311.357,-57.795,-57.795
551.004999,114.241,311.591,-57.795,-58.030
551.104999,114.241,311.122,-57.795,-58.030
551.204999,114.241,311.357,-57.795,-57.795
551.304999,114.241,311.357,-57.795,-57.795
551.520000,114.241,311.357,-57.795,-57.795
551.534974,114.241,311.122,-57.795,-57.795
551.604999,114.241,311.357,-57.795,-58.030
551.704999,114.241,311.357,-57.795,-57.795
551.804999,114.241,311.357,-57.795,-57.795
551.904999,114.241,311.357,-57.795,-58.030
552.004999,114.241,311.591,-58.030,-57.795
552.104999,114.241,311.591,-57.795,-58.030
552.204999,114.007,311.357,-57.795,-57.795
552.304999,114.241,311.122,-57.795,-57.795
552.521000,114.007,311.357,-57.795,-58.030
552.535974,114.241,311.357,-57.795,-58.030
552.604999,114.241,311.357,-58.030,-58.030
552.704999,114.007,311.357,-57.795,-57.795
552.804999,114.241,311.357,-57.795,-57.795
552.904999,114.241,311.591,-57.795,-57.795
553.004999,114.241,311.357,-57.795,-58.030
553.104999,114.007,311.357,-58.030,-57.795
553.204999,114.241,311.122,-57.795,-57.795
553.304999,114.007,311.122,-57.795,-58.030
553.521000,114.241,311.357,-57.795,-58.030
553.535974,114.007,311.357,-57.795,-58.030
553.604999,114.476,311.122,-57.795,-58.030
553.704999,114.241,311.357,-57.795,-58.030
553.804999,114.241,311.122,-57.795,-57.795
553.904999,114.241,311.357,-57.795,-58.030
554.004999,114.241,311.122,-58.030,-58.030
554.104999,114.241,311.122,-57.795,-58.030
554.204999,114.241,311.591,-58.030,-58.030
554.304999,114.241,311.357,-57.795,-58.030
554.521000,114.007,311.357,-57.795,-58.030
554.535974,114.241,311.357,-58.030,-58.030
554.604999,114.241,311.357,-57.795,-57.795
554.704999,114.241,311.357,-57.795,-58.030
554.804999,114.241,311.122,-57.795,-57.795
554.904999,114.007,311.357,-57.795,-57.795
555.004999,114.241,311.122,-57.795,-57.795
555.104999,114.007,311.357,-57.795,-57.795
555.204999,114.241,311.122,-57.795,-57.795
555.304999,114.007,311.357,-57.795,-57.795
555.521000,114.241,311.591,-57.795,-57.795
555.535974,114.241,311.591,-57.561,-57.795
555.604999,114.007,311.357,-58.030,-57.795
555.704999,114.007,311.357,-57.795,-58.030
555.804999,114.241,311.357,-58.030,-57.795
555.904999,114.007,311.122,-57.795,-58.030
556.004999,114.241,311.122,-57.795,-57.795
556.104999,114.007,311.357,-57.795,-57.795
556.204999,114.007,311.357,-58.030,-57.795
556.304999,114.007,311.122,-57.795,-58.030
556.521000,114.007,311.357,-57.795,-58.030
556.535974,114.476,311.591,-57.795,-57.561
556.604999,114.007,311.357,-57.795,-57.795
556.704999,114.241,311.122,-57.795,-58.030
556.804999,114.007,311.122,-58.264,-58.030
556.904999,114.241,311.122,-58.030,-57.795
557.004999,114.007,311.122,-57.795,-57.795
557.104999,114.007,311.357,-57.795,-57.795
557.204999,114.007,311.357,-57.561,-58.030
557.304999,114.476,311.357,-57.795,-58.030
557.521000,114.007,311.357,-57.561,-58.030
557.535974,114.007,311.122,-57.795,-58.030
557.604999,114.007,311.122,-58.030,-58.030
557.704999,114.007,311.591,-58.030,-57.795
557.804999,114.241,311.122,-57.795,-58.030
557.904999,114.007,311.357,-57.561,-58.030
558.004999,114.241,311.357,-58.030,-58.030
558.104999,114.241,311.357,-57.795,-57.795
558.204999,114.007,311.357,-57.561,-58.030
558.304999,114.007,311.357,-57.561,-57.795
558.521000,114.007,311.591,-57.795,-58.030
558.535974,114.007,311.357,-57.795,-58.030
558.604999,114.007,311.357,-57.795,-57.795
558.704999,114.007,311.357,-57.795,-57.795
558.804999,114.007,311.591,-57.561,-57.795
558.904999,114.241,311.357,-57.561,-57.795
559.004999,114.241,311.357,-57.795,-57.795
559.104999,114.241,311.357,-58.030,-57.795
559.204999,114.241,311.357,-57.795,-57.795
559.304999,114.241,311.122,-58.030,-57.795
559.520000,114.007,311.357,-57.795,-57.795
559.534974,114.241,311.357,-57.795,-58.030
559.604999,114.007,311.122,-57.795,-58.030
559.704999,114.007,311.357,-57.795,-58.030
559.804999,114.007,311.357,-57.795,-57.795
559.904999,114.241,311.357,-58.030,-58.030
560.004999,114.007,311.357,-58.030,-57.795
560.104999,114.007,311.357,-58.030,-57.795
560.204999,114.007,311.357,-57.795,-57.795
560.304999,114.007,311.357,-57.795,-58.030
560.521000,114.007,311.357,-58.030,-57.795
560.535974,114.241,311.357,-58.030,-57.795
560.604999,114.241,311.122,-57.561,-58.030
560.704999,114.007,311.357,-57.795,-58.030
560.804999,114.007,311.357,-57.795,-57.795
560.904999,114.241,311.122,-57.795,-57.795
561.004999,114.007,311.122,-57.795,-58.030
561.104999,114.241,311.122,-57.795,-57.795
561.204999,114.007,311.357,-57.795,-57.795
561.304999,114.007,311.122,-57.795,-58.030
561.521000,114.007,311.357,-57.795,-58.030
561.535974,114.007,311.357,-58.030,-58.030
561.604999,114.007,311.357,-57.795,-57.795
561.704999,114.241,311.122,-57.795,-57.795
561.804999,114.007,311.591,-57.795,-58.030
561.904999,114.007,311.591,-57.795,-57.795
562.004999,114.241,311.357,-58.030,-57.795
562.104999,114.007,311.357,-57.795,-57.795
562.204999,114.007,311.122,-58.030,-58.030
562.304999,114.007,311.591,-57.561,-57.795
562.521000,114.007,311.357,-58.030,-58.030
562.535974,114.241,311.122,-57.795,-57.795
562.604999,114.007,311.591,-57.795,-58.030
562.704999,114.007,311.591,-57.795,-58.030
562.804999,114.007,311.357,-57.795,-58.030
562.904999,114.241,311.591,-58.030,-58.030
563.004999,114.007,311.357,-58.030,-57.795
563.104999,114.007,311.357,-58.030,-57.795
563.204999,114.007,311.122,-57.795,-58.030
563.304999,114.007,311.357,-57.795,-58.030
563.521000,114.007,311.357,-57.795,-58.030
563.535974,114.007,311.122,-57.795,-58.030
563.604999,114.241,311.357,-57.561,-57.795
563.704999,114.007,311.357,-57.795,-57.795
563.804999,114.007,311.122,-58.030,-57.795
563.904999,114.007,311.122,-57.795,-57.795
564.004999,113.773,311.122,-57.795,-57.795
564.104999,114.241,311.122,-57.795,-57.795
564.204999,114.007,311.357,-57.795,-57.795
564.304999,114.007,311.357,-58.030,-58.030
564.520000,113.773,311.357,-57.561,-57.795
564.534974,114.007,311.357,-57.795,-58.030
564.604999,113.773,311.357,-57.795,-58.030
564.704999,114.007,311.357,-57.795,-57.795
564.804999,114.007,311.357,-58.030,-57.795
564.904999,114.007,311.591,-57.795,-58.030
565.004999,114.241,311.357,-57.795,-57.795
565.104999,114.007,311.122,-58.030,-58.030
565.204999,114.241,311.357,-57.795,-57.795
565.304999,114.007,311.357,-57.795,-57.795
565.521000,114.007,311.357,-58.030,-58.030
565.535974,114.007,311.357,-57.795,-58.030
565.604999,114.007,311.357,-57.795,-58.030
565.704999,114.007,311.122,-58.030,-57.795
565.804999,114.007,311.122,-57.795,-57.795
565.904999,114.007,311.122,-57.795,-58.030
566.004999,114.007,311.357,-58.030,-57.795
566.104999,114.007,311.357,-57.795,-58.030
566.204999,114.007,311.357,-57.561,-57.795
566.304999,114.007,311.357,-57.795,-58.030
566.521001,113.773,311.357,-57.795,-58.030
566.535974,114.007,311.122,-58.030,-58.030
566.604999,113.773,311.357,-57.795,-58.030
566.704999,114.007,311.122,-57.795,-57.795
566.804999,114.007,311.357,-58.030,-57.795
566.904999,114.007,311.591,-57.561,-58.030
567.004999,114.007,311.357,-57.795,-58.030
567.104999,114.007,311.122,-57.795,-57.795
567.204999,114.007,311.357,-57.795,-58.030
567.304999,114.007,311.357,-58.030,-58.030
567.521000,114.007,311.357,-57.795,-57.795
567.535974,114.007,311.357,-58.030,-58.030
567.604999,114.007,311.357,-57.795,-58.030
567.704999,114.007,311.357,-57.795,-58.030
567.804999,114.007,311.357,-57.795,-58.030
567.904999,114.007,311.357,-57.795,-58.030
568.004999,114.007,311.357,-57.795,-58.030
568.104999,114.007,311.122,-58.030,-57.795
568.204999,113.773,311.357,-57.795,-57.795
568.304999,114.007,311.591,-57.795,-57.795
568.521000,114.007,311.357,-57.795,-58.030
568.535974,113.773,311.357,-57.795,-57.795
568.604999,114.007,311.357,-57.795,-57.795
568.704999,114.007,311.357,-57.561,-57.795
568.804999,114.007,311.122,-57.795,-57.795
568.904999,114.007,311.357,-57.795,-57.795
569.004999,114.007,311.122,-57.795,-58.030
569.104999,114.241,311.357,-58.030,-58.030
569.204999,114.007,311.357,-58.030,-57.795
569.304999,114.007,311.357,-57.795,-58.030
569.521000,114.007,311.357,-57.795,-58.030
569.535974,113.773,311.357,-58.030,-58.030
569.604999,113.773,311.357,-57.561,-58.030
569.704999,113.773,311.357,-57.795,-57.795
569.804999,114.007,311.357,-57.795,-58.030
569.904999,114.007,311.591,-58.030,-58.030
570.004999,113.773,311.357,-57.795,-58.264
570.104999,113.773,311.122,-58.030,-58.030
570.204999,113.773,311.357,-58.030,-57.795
570.304999,113.773,311.357,-57.795,-58.030
570.521000,113.773,311.122,-57.795,-58.030
570.535974,114.007,311.357,-58.030,-57.795
570.604999,113.773,311.122,-57.795,-58.030
570.704999,113.773,311.357,-57.795,-57.795
570.804999,113.773,311.357,-58.030,-58.030
570.904999,113.773,311.591,-57.795,-57.795
571.004999,113.773,311.357,-57.795,-57.795
571.104999,113.773,311.122,-57.795,-58.030
571.204999,113.773,311.357,-57.795,-57.795
571.304999,114.007,311.357,-57.795,-58.030
571.521000,113.773,311.122,-57.561,-58.030
571.535974,113.773,311.357,-57.795,-57.795
571.604999,114.007,311.357,-58.030,-58.030
571.704999,114.007,311.357,-57.561,-58.030
571.804999,113.773,311.357,-57.795,-57.795
571.904999,113.773,311.122,-57.561,-57.795
572.004999,114.007,311.357,-58.030,-58.030
572.104999,114.007,311.122,-57.795,-58.030
572.204999,113.538,311.357,-57.795,-58.030
572.304999,113.773,311.122,-57.795,-57.795
572.520000,113.773,311.357,-57.795,-57.795
572.534974,114.007,311.357,-58.030,-58.030
572.604999,113.773,311.122,-58.030,-58.030
572.704999,113.773,311.357,-57.795,-57.795
572.804999,114.007,311.122,-57.795,-57.795
572.904999,113.773,311.122,-58.030,-57.795
573.004999,113.773,311.357,-57.795,-57.795
573.104999,113.773,311.357,-57.795,-57.795
573.204999,113.773,311.357,-58.030,-58.030
573.304999,113.773,311.357,-57.795,-57.795
573.521000,113.773,311.357,-57.795,-58.030
573.535974,114.007,311.122,-57.795,-58.030
573.604999,114.007,311.357,-57.795,-58.030
573.704999,113.773,311.357,-57.561,-58.030
573.804999,113.538,311.122,-57.795,-58.030
573.904999,113.773,311.357,-58.030,-58.030
574.004999,114.007,311.357,-57.795,-58.030
574.104999,113.773,311.357,-57.795,-58.030
574.204999,113.773,311.122,-58.030,-58.030
574.304999,113.773,311.357,-57.795,-58.030
574.521001,113.538,311.122,-57.795,-58.030
574.535974,113.773,311.357,-58.030,-58.030
574.604999,113.773,311.357,-57.795,-58.030
574.704999,113.773,311.357,-57.795,-58.030
574.804999,113.773,311.357,-57.795,-58.030
574.904999,113.538,311.357,-57.795,-57.795
575.004999,114.007,311.122,-58.030,-58.030
575.104999,113.773,311.122,-58.030,-58.030
575.204999,113.773,311.357,-57.795,-58.030
575.304999,113.773,311.357,-57.795,-57.795
575.521000,113.538,311.122,-57.795,-57.795
575.535974,113.538,311.122,-58.030,-57.795
575.604999,113.773,311.357,-57.795,-58.030
575.704999,113.773,311.357,-57.795,-57.795
575.804999,113.538,311.591,-58.030,-57.795
575.904999,113.538,311.122,-57.795,-58.030
576.004999,114.241,311.357,-57.795,-57.795
576.104999,113.773,311.357,-58.030,-58.030
576.204999,113.773,311.357,-58.030,-57.795
576.304999,113.773,311.122,-57.795,-57.795
576.521000,113.773,311.357,-57.795,-58.264
576.535974,114.007,311.591,-57.795,-57.795
576.604999,113.773,311.122,-58.030,-58.030
576.704999,114.007,311.357,-57.795,-58.030
576.804999,114.007,311.357,-57.795,-58.030
576.904999,113.773,311.122,-58.030,-57.795
577.004999,114.007,311.357,-58.030,-58.030
577.104999,113.773,311.122,-57.795,-58.264
577.204999,113.538,311.357,-58.030,-58.030
577.304999,113.773,311.357,-57.795,-58.030
577.520000,113.773,311.122,-57.795,-57.795
577.534974,113.773,311.122,-57.795,-57.795
577.604999,114.007,311.122,-57.795,-58.264
577.704999,113.773,311.122,-57.795,-57.795
577.804999,113.773,311.357,-58.030,-57.795
577.904999,113.773,311.357,-58.030,-58.264
578.004999,113.538,311.357,-57.795,-58.030
578.104999,113.773,311.357,-58.030,-57.795
578.204999,113.773,311.357,-57.795,-58.030
578.304999,113.538,311.122,-57.795,-57.795
578.521000,113.773,311.122,-57.795,-57.795
578.535974,113.773,311.357,-57.795,-57.795
578.604999,113.773,311.122,-57.795,-57.795
578.704999,113.773,311.357,-58.030,-58.030
578.804999,113.773,311.357,-57.795,-57.795
578.904999,113.773,311.357,-57.795,-57.795
579.004999,113.773,311.357,-57.795,-58.030
579.104999,113.773,311.357,-57.795,-57.795
579.204999,113.773,311.357,-58.030,-58.030
579.304999,113.773,311.122,-57.795,-57.795
579.521000,113.773,311.122,-58.030,-58.030
579.535974,113.773,311.357,-58.264,-58.030
579.604999,113.538,311.357,-57.795,-58.030
579.704999,113.538,311.122,-57.795,-57.795
579.804999,113.538,311.357,-58.030,-57.795
579.904999,113.773,311.357,-58.030,-58.030
580.004999,113.773,311.357,-57.795,-58.030
580.104999,113.773,311.357,-58.030,-58.030
580.204999,113.773,311.122,-57.795,-57.795
580.304999,113.773,311.357,-57.561,-57.795
580.521000,113.773,311.122,-57.795,-58.030
580.535974,113.773,311.357,-57.795,-58.030
580.604999,113.773,311.591,-58.030,-58.030
580.704999,113.773,311.122,-57.795,-57.795
580.804999,113.538,311.357,-57.795,-57.795
580.904999,113.538,310.888,-58.030,-58.030
581.004999,113.773,311.357,-58.030,-57.795
581.104999,113.538,311.357,-57.795,-57.795
581.204999,113.538,311.357,-57.795,-58.030
581.304999,113.538,311.357,-58.030,-58.030
581.521000,113.773,311.357,-57.795,-58.030
581.535974,113.538,311.357,-57.795,-57.795
581.604999,113.538,311.357,-58.030,-58.030
581.704999,113.773,311.357,-58.030,-58.030
581.804999,113.538,311.357,-58.030,-57.795
581.904999,113.773,311.357,-57.795,-58.030
582.004999,113.773,311.122,-58.030,-57.561
582.104999,113.538,311.591,-57.795,-58.030
582.204999,113.538,311.357,-57.795,-58.264
582.304999,113.538,311.122,-58.030,-57.795
582.521000,113.773,311.591,-58.030,-57.795
582.535974,113.773,311.122,-57.795,-58.030
582.604999,113.538,311.122,-57.795,-57.795
582.704999,113.538,311.357,-57.795,-57.795
582.804999,113.538,311.122,-58.030,-57.795
582.904999,113.538,311.357,-58.030,-57.795
583.004999,113.538,311.357,-57.795,-58.030
583.104999,113.773,311.357,-57.795,-57.795
583.204999,113.773,311.122,-58.030,-57.795
583.304999,113.538,311.591,-57.795,-57.795
583.521001,113.538,311.357,-58.030,-58.264
583.535974,113.773,311.357,-57.795,-57.795
583.604999,113.773,311.357,-57.795,-58.030
583.704999,113.773,311.357,-57.795,-58.030
583.804999,113.538,311.357,-57.795,-58.030
583.904999,113.773,311.122,-57.795,-58.030
584.004999,113.773,311.357,-58.030,-58.030
584.104999,113.773,311.357,-58.030,-58.264
584.204999,113.773,311.357,-58.030,-57.795
584.304999,113.538,311.122,-58.030,-58.030
584.521000,113.773,311.357,-57.795,-57.795
584.535974,113.538,311.122,-58.030,-57.795
584.604999,113.773,311.357,-57.795,-58.030
584.704999,113.538,311.122,-58.030,-57.795
584.804999,113.538,311.357,-58.030,-58.030
584.904999,113.773,311.357,-58.030,-57.795
585.004999,113.773,311.357,-57.795,-58.030
585.104999,113.773,311.357,-58.030,-58.030
585.204999,113.538,311.122,-58.030,-57.795
585.304999,113.773,311.122,-57.795,-57.795
585.520000,113.304,311.122,-57.795,-58.030
585.534974,113.538,311.357,-57.795,-58.030
585.604999,113.538,311.357,-57.795,-57.795
585.704999,113.538,311.357,-58.030,-58.030
585.804999,113.773,311.122,-57.795,-58.030
585.904999,113.773,311.357,-58.030,-57.795
586.004999,113.538,311.357,-57.795,-58.030
586.104999,113.538,311.357,-57.795,-57.795
586.204999,113.538,311.357,-57.795,-58.030
586.304999,113.773,311.591,-57.795,-57.795
586.521000,113.773,311.122,-57.795,-58.030
586.535974,113.773,311.122,-57.795,-58.030
586.604999,113.538,311.122,-57.795,-58.030
586.704999,113.538,311.357,-57.795,-57.795
586.804999,113.538,311.122,-57.795,-57.795
586.904999,113.538,311.357,-57.795,-57.795
587.004999,113.538,311.357,-57.795,-58.030
587.104999,113.538,311.122,-57.795,-57.795
587.204999,113.304,311.591,-57.795,-58.030
587.304999,113.538,311.122,-57.795,-58.030
587.521000,113.538,311.357,-57.795,-57.795
587.535974,113.538,311.357,-58.030,-57.795
587.604999,113.538,311.122,-58.030,-58.030
587.704999,113.538,311.122,-58.030,-58.264
587.804999,113.538,311.357,-58.030,-57.795
587.904999,113.773,311.357,-57.795,-57.795
588.004999,113.773,311.357,-57.795,-58.030
588.104999,113.538,311.357,-58.030,-58.030
588.204999,113.538,311.122,-58.030,-58.030
588.304999,113.773,311.357,-57.795,-58.030
588.521000,113.538,311.357,-57.795,-58.030
588.535974,113.538,311.122,-57.795,-58.030
588.604999,113.538,311.357,-58.030,-57.795
588.704999,113.538,311.357,-57.795,-58.030
588.804999,113.773,311.357,-57.795,-57.795
588.904999,113.538,311.357,-58.030,-58.030
589.004999,113.538,311.357,-57.795,-58.030
589.104999,113.538,311.357,-57.795,-57.795
589.204999,113.773,311.357,-57.795,-58.030
589.304999,113.773,311.357,-57.795,-58.030
589.521000,113.538,311.357,-57.795,-58.030
589.535974,113.538,311.357,-57.795,-58.030
589.604999,113.538,311.357,-58.030,-58.030
589.704999,113.538,311.122,-57.795,-58.030
589.804999,113.304,311.357,-57.795,-57.795
589.904999,113.304,311.357,-58.030,-58.030
590.004999,113.773,311.357,-58.030,-58.030
590.104999,113.773,311.357,-57.561,-58.030
590.204999,113.304,311.357,-57.795,-58.030
590.304999,113.538,311.122,-57.795,-57.795
590.520000,113.304,311.357,-58.030,-58.030
590.534974,113.538,311.122,-57.795,-58.264
590.604999,113.304,311.122,-57.795,-58.030
590.704999,113.304,311.357,-57.795,-57.795
590.804999,113.538,311.122,-57.795,-58.030
590.904999,113.538,311.122,-58.030,-57.795
591.004999,113.538,311.357,-58.030,-57.795
591.104999,113.538,311.122,-58.030,-58.030
591.204999,113.538,311.122,-58.030,-57.795
591.304999,113.538,311.357,-57.795,-57.795
591.521000,113.304,311.122,-58.030,-58.030
591.535974,113.538,311.122,-58.030,-58.030
591.604999,113.304,311.122,-58.030,-58.030
591.704999,113.538,311.357,-58.030,-57.795
591.804999,113.538,311.357,-57.795,-57.795
591.904999,113.538,311.357,-57.795,-57.795
592.004999,113.538,311.357,-57.795,-58.030
592.104999,113.538,311.357,-57.795,-58.030
592.204999,113.304,311.357,-58.030,-58.030
592.304999,113.304,311.122,-58.264,-58.030
592.521000,113.304,311.357,-57.795,-58.030
592.535974,113.304,311.122,-57.795,-58.030
592.604999,113.069,311.357,-57.795,-58.030
592.704999,113.304,311.122,-58.030,-58.030
592.804999,113.538,311.357,-57.795,-58.030
592.904999,113.304,311.357,-57.795,-58.264
593.004999,113.304,311.591,-57.795,-58.030
593.104999,113.304,311.122,-57.795,-57.795
593.204999,113.538,311.357,-58.030,-57.795
593.304999,113.538,311.357,-57.795,-57.795
593.521000,113.304,311.357,-57.795,-58.030
593.535974,113.304,311.122,-58.030,-58.030
593.604999,113.538,311.122,-57.795,-57.795
593.704999,113.538,311.122,-57.795,-57.795
593.804999,113.304,311.122,-57.795,-57.795
593.904999,113.538,311.357,-57.795,-58.030
594.004999,113.304,311.357,-57.795,-57.795
594.104999,113.304,311.357,-57.795,-57.795
594.204999,113.538,311.357,-57.795,-57.795
594.304999,113.304,311.122,-58.030,-58.030
594.521000,113.304,311.357,-58.030,-57.561
594.535974,113.304,311.357,-57.795,-57.795
594.604999,113.304,311.357,-57.795,-58.030
594.704999,113.304,311.122,-57.795,-57.795
594.804999,113.304,311.357,-57.795,-58.030
594.904999,113.304,311.122,-57.795,-58.030
595.004999,113.304,311.122,-58.030,-58.030
595.104999,113.538,311.122,-57.795,-57.795
595.204999,113.304,311.122,-57.561,-58.030
595.304999,113.304,311.357,-57.795,-58.030
595.521000,113.538,311.357,-57.795,-57.561
595.535974,113.304,311.357,-58.030,-57.795
595.604999,113.538,311.122,-57.795,-57.795
595.704999,113.304,311.122,-57.795,-58.030
595.804999,113.538,311.122,-58.030,-58.030
595.904999,113.538,311.122,-57.795,-57.795
596.004999,113.304,311.357,-57.795,-58.030
596.104999,113.538,311.122,-57.795,-58.030
596.204999,113.304,311.357,-57.795,-58.030
596.304999,113.304,311.122,-58.030,-58.030
596.521000,113.304,311.357,-58.030,-57.795
596.535974,113.304,311.122,-57.795,-57.795
596.604999,113.304,311.357,-58.030,-58.030
596.704999,113.538,311.122,-58.030,-58.030
596.804999,113.538,311.122,-58.030,-58.030
596.904999,113.538,311.357,-57.795,-57.795
597.004999,113.304,311.357,-57.795,-57.561
597.104999,113.304,311.122,-57.795,-57.795
597.204999,113.304,311.122,-57.795,-58.030
597.304999,113.538,311.122,-58.030,-57.795
597.521000,113.304,311.357,-57.795,-57.795
597.535974,113.069,311.357,-57.561,-57.795
597.604999,113.538,311.122,-57.795,-57.795
597.704999,113.304,311.122,-57.795,-57.795
597.804999,113.538,311.357,-58.030,-57.795
597.904999,113.304,311.357,-57.795,-58.030
598.004999,113.538,311.122,-57.795,-57.795
598.104999,113.304,311.122,-57.795,-57.795
598.204999,113.538,311.357,-57.795,-57.795
598.304999,113.538,311.357,-58.030,-58.030
598.520000,113.304,311.122,-58.030,-58.264
598.534974,113.304,311.122,-57.561,-57.795
598.604999,113.304,311.357,-58.030,-57.795
598.704999,113.304,311.357,-57.795,-57.795
598.804999,113.538,311.357,-57.795,-57.795
598.904999,113.304,311.357,-58.030,-58.030
599.004999,113.538,311.357,-57.795,-58.030
599.104999,113.304,311.357,-58.030,-57.795
599.204999,113.069,311.122,-57.795,-58.030
599.304999,113.304,311.122,-57.795,-58.030
599.521000,113.538,311.122,-58.030,-57.795
599.535974,113.304,311.122,-58.030,-57.795
599.604999,113.538,311.357,-58.030,-57.795
599.704999,113.538,311.357,-58.030,-58.030
599.804999,113.538,311.357,-58.030,-58.030
599.904999,113.538,311.357,-57.795,-57.795
600.004999,113.069,311.122,-57.795,-58.030
600.104999,113.304,311.357,-57.795,-57.795
600.204999,113.304,311.122,-57.795,-57.795
600.304999,113.304,311.122,-57.795,-57.795
600.521000,113.304,311.122,-58.030,-57.795
600.535974,113.304,311.357,-58.030,-58.030
600.604999,113.304,311.357,-57.795,-58.030
600.704999,113.304,311.357,-57.795,-58.030
600.804999,113.538,311.357,-57.795,-58.264
600.904999,113.304,311.357,-57.795,-58.030
601.004999,113.304,311.357,-57.795,-57.795
601.104999,113.304,311.357,-57.795,-57.795
601.204999,113.538,311.122,-57.795,-58.030
601.304999,113.069,311.357,-57.561,-58.030
601.521000,113.304,311.122,-57.795,-58.030
601.535974,113.304,311.357,-58.030,-58.030
601.604999,113.069,311.122,-58.030,-57.795
601.704999,113.069,311.122,-57.795,-58.030
601.804999,113.538,311.357,-58.030,-57.795
601.904999,113.304,311.591,-58.264,-58.030
602.004999,113.304,311.122,-57.795,-57.795
602.104999,113.304,311.122,-57.795,-57.795
602.204999,113.304,311.357,-58.030,-57.795
602.304999,113.304,311.357,-57.795,-58.030
602.521000,113.538,311.122,-57.795,-57.795
602.535974,113.304,311.357,-58.030,-57.795
602.604999,113.304,311.591,-57.795,-58.030
602.704999,113.304,311.357,-58.030,-57.795
602.804999,113.304,311.357,-57.795,-58.030
602.904999,113.304,311.122,-57.795,-58.030
603.004999,113.304,311.122,-57.795,-57.795
603.104999,113.304,311.357,-58.030,-57.795
603.204999,113.538,311.357,-57.795,-58.030
603.304999,113.304,311.357,-57.795,-57.795
603.520000,113.304,311.122,-57.795,-57.795
603.534974,113.304,311.122,-58.030,-57.795
603.604999,113.304,311.357,-57.795,-58.030
603.704999,113.538,311.357,-57.795,-57.795
603.804999,113.069,311.122,-57.795,-58.030
603.904999,113.304,311.122,-57.795,-57.795
604.004999,113.304,311.357,-58.030,-58.030
604.104999,113.304,311.122,-57.795,-58.030
604.204999,113.304,311.357,-57.795,-58.030
604.304999,113.304,311.122,-57.795,-58.030
604.521000,113.304,311.122,-58.030,-57.795
604.535974,113.069,311.357,-57.795,-57.795
604.604999,113.304,311.122,-57.795,-57.795
604.704999,113.069,311.357,-57.561,-58.030
604.804999,113.304,311.122,-58.030,-57.795
604.904999,113.304,311.357,-58.030,-58.030
605.004999,113.304,311.122,-58.030,-57.795
605.104999,113.304,311.357,-57.795,-57.795
605.204999,113.069,311.357,-58.030,-57.795
605.304999,113.069,311.122,-57.795,-58.030
605.521001,113.304,311.357,-57.795,-57.795
605.535974,113.304,311.122,-58.030,-58.030
605.604999,113.304,311.122,-57.795,-57.795
605.704999,113.304,311.122,-57.795,-57.795
605.804999,113.304,311.122,-57.795,-57.795
605.904999,113.304,311.122,-57.795,-57.795
606.004999,113.304,311.591,-58.030,-57.795
606.104999,113.069,311.357,-57.795,-57.795
606.204999,113.304,311.122,-57.561,-58.030
606.304999,113.304,311.122,-58.030,-58.030
606.521000,113.069,311.357,-58.030,-58.030
606.535974,113.304,311.357,-57.795,-57.795
606.604999,113.069,311.357,-57.795,-57.795
606.704999,113.304,311.122,-57.795,-57.795
606.804999,113.304,311.357,-58.030,-58.030
606.904999,113.304,311.357,-58.030,-57.795
607.004999,113.304,311.357,-58.030,-57.795
607.104999,113.538,311.357,-58.030,-58.030
607.204999,113.304,311.357,-57.795,-58.030
607.304999,113.304,311.122,-57.795,-57.795
607.521000,113.069,311.357,-57.795,-58.030
607.535974,113.069,311.357,-58.030,-57.795
607.604999,113.069,311.122,-57.795,-57.795
607.704999,113.069,311.357,-58.030,-58.030
607.804999,113.304,311.122,-58.030,-58.030
607.904999,113.304,311.357,-58.030,-58.030
608.004999,113.304,311.357,-58.030,-58.030
608.104999,113.304,311.122,-57.795,-57.795
608.204999,113.069,311.357,-58.030,-57.795
608.304999,113.069,311.122,-57.795,-57.795
608.521000,113.304,311.357,-57.795,-57.795
608.535974,113.304,311.357,-57.795,-58.030
608.604999,113.304,311.357,-58.030,-57.795
608.704999,113.304,311.357,-57.795,-58.030
608.804999,113.304,311.357,-57.795,-58.030
608.904999,113.069,311.357,-57.795,-57.795
609.004999,113.304,311.357,-57.561,-58.030
609.104999,113.069,311.357,-57.795,-57.795
609.204999,113.069,311.357,-58.030,-57.795
609.304999,113.069,311.357,-58.030,-58.030
609.521001,113.069,311.122,-58.030,-57.795
609.535974,113.304,311.122,-57.795,-57.795
609.604999,113.069,311.357,-58.030,-58.030
609.704999,113.304,311.357,-58.030,-57.795
609.804999,113.304,311.122,-57.795,-58.030
609.904999,113.069,311.357,-57.795,-57.795
610.004999,113.069,311.357,-57.795,-58.030
610.104999,113.304,311.357,-57.795,-57.795
610.204999,112.835,311.357,-58.030,-57.795
610.304999,113.304,311.122,-57.795,-58.030
610.521000,113.069,311.357,-57.795,-58.030
610.535974,113.069,311.122,-57.795,-57.795
610.604999,113.304,311.122,-57.795,-58.030
610.704999,113.304,311.122,-58.030,-57.795
610.804999,113.304,311.357,-57.795,-57.795
610.904999,113.304,311.357,-57.795,-58.030
611.004999,113.069,311.357,-57.795,-57.795
611.104999,113.069,311.357,-58.030,-58.030
611.204999,113.069,311.591,-57.795,-58.030
611.304999,113.304,311.357,-57.795,-58.030
611.520000,113.069,311.357,-57.795,-58.264
611.534974,113.069,311.122,-57.795,-57.795
611.604999,113.069,311.122,-57.795,-58.264
611.704999,113.304,311.122,-57.795,-57.795
611.804999,113.069,311.357,-57.561,-57.795
611.904999,113.304,311.357,-57.795,-58.030
612.004999,113.069,311.122,-57.795,-58.030
612.104999,113.069,311.122,-58.030,-58.030
612.204999,113.304,311.122,-57.795,-57.795
612.304999,113.069,311.357,-57.795,-57.795
612.521000,113.304,311.591,-57.561,-57.795
612.535974,113.304,311.122,-57.795,-58.030
612.604999,113.069,311.591,-57.795,-58.030
612.704999,113.069,311.357,-58.030,-58.030
612.804999,113.069,311.357,-57.795,-58.030
612.904999,113.304,311.122,-57.795,-58.030
613.004999,113.069,311.357,-57.795,-57.795
613.104999,112.835,311.357,-57.795,-57.795
613.204999,113.304,311.122,-57.795,-58.030
613.304999,113.304,311.357,-57.795,-57.795
613.521000,113.069,311.357,-57.795,-57.795
613.535974,113.069,311.122,-58.030,-57.795
613.604999,113.069,311.122,-58.030,-58.030
613.704999,113.069,311.357,-57.795,-58.030
613.804999,113.304,311.357,-57.795,-57.795
613.904999,113.304,311.357,-58.030,-58.030
614.004999,113.304,311.357,-58.030,-57.795
614.104999,113.069,311.357,-57.795,-57.795
614.204999,112.835,311.357,-58.030,-57.795
614.304999,113.069,311.122,-58.030,-57.795
614.521001,113.069,311.122,-58.030,-58.030
614.535974,113.069,311.357,-58.030,-58.030
614.604999,113.069,311.122,-57.795,-57.795
614.704999,113.069,311.357,-57.795,-58.030
614.804999,113.304,311.357,-58.030,-57.795
614.904999,113.069,311.357,-57.561,-57.795
615.004999,113.069,311.122,-58.030,-58.030
615.104999,113.069,311.357,-57.795,-58.030
615.204999,113.069,311.357,-58.030,-57.795
615.304999,113.069,311.357,-57.795,-57.795
615.521000,113.304,311.122,-58.030,-57.795
615.535974,113.304,311.357,-57.561,-57.795
615.604999,113.069,311.357,-57.795,-58.030
615.704999,113.304,311.591,-58.030,-58.030
615.804999,112.835,311.357,-57.795,-57.795
615.904999,113.069,311.122,-58.030,-57.795
616.004999,113.069,311.122,-57.795,-58.030
616.104999,113.069,311.122,-58.030,-58.030
616.204999,112.835,311.357,-57.795,-57.795
616.304999,113.069,311.122,-57.795,-58.030
616.520000,113.069,311.122,-58.030,-57.795
616.534974,113.069,311.122,-57.795,-58.030
616.604999,112.835,311.357,-57.561,-58.030
616.704999,113.069,311.122,-57.561,-57.795
616.804999,112.835,311.357,-57.795,-57.795
616.904999,113.069,311.122,-58.030,-58.030
617.004999,113.304,311.122,-57.795,-57.795
617.104999,113.304,311.357,-57.795,-58.030
617.204999,113.069,311.357,-57.795,-57.795
617.304999,113.069,311.357,-58.030,-57.795
617.521000,113.304,311.357,-58.030,-57.795
617.535974,112.835,311.122,-58.030,-57.795
617.604999,113.069,311.357,-58.030,-58.030
617.704999,112.835,311.357,-57.795,-57.795
617.804999,113.069,311.122,-57.795,-57.795
617.904999,112.835,311.357,-57.795,-57.795
618.004999,113.069,311.122,-57.795,-57.795
618.104999,113.069,311.122,-58.030,-58.030
618.204999,113.069,311.357,-57.795,-57.795
618.304999,113.069,311.122,-57.795,-57.795
618.521000,113.304,311.357,-57.795,-58.030
618.535974,113.069,311.357,-57.795,-58.030
618.604999,113.069,311.122,-57.795,-58.030
618.704999,113.069,311.357,-58.030,-57.795
618.804999,113.069,311.122,-57.795,-57.795
618.904999,113.069,311.357,-57.561,-57.795
619.004999,113.304,311.357,-57.795,-58.030
619.104999,113.069,311.122,-57.795,-57.795
619.204999,113.069,311.357,-58.030,-57.795
619.304999,113.304,311.357,-58.030,-58.030
619.521000,113.069,311.357,-57.795,-58.030
619.535974,112.835,311.122,-58.030,-57.795
619.604999,113.069,311.357,-58.030,-58.030
619.704999,113.069,311.357,-58.030,-58.030
619.804999,113.069,311.122,-57.795,-58.030
619.904999,112.835,311.357,-58.030,-57.795
620.004999,113.069,311.357,-58.030,-58.030
620.104999,112.835,311.357,-57.561,-57.795
620.204999,112.835,311.357,-58.030,-57.795
620.304999,112.835,311.357,-57.795,-57.795
620.521000,112.835,311.122,-58.030,-58.030
620.535974,112.835,311.357,-57.795,-57.795
620.604999,112.835,311.122,-58.030,-58.030
620.704999,113.069,311.122,-57.795,-57.795
620.804999,113.069,311.357,-57.795,-58.030
620.904999,113.069,311.357,-58.030,-57.795
621.004999,112.835,311.357,-57.795,-58.030
621.104999,113.069,311.357,-57.795,-58.030
621.204999,112.835,311.122,-57.795,-57.795
621.304999,112.835,311.357,-57.795,-58.264
621.521000,112.835,311.357,-58.030,-58.030
621.535974,113.069,311.357,-58.030,-57.795
621.604999,113.069,311.357,-57.795,-57.795
621.704999,113.069,311.357,-58.030,-57.795
621.804999,113.069,311.122,-58.030,-57.795
621.904999,112.835,311.122,-57.795,-58.030
622.004999,112.835,311.122,-57.795,-58.030
622.104999,112.835,311.357,-57.795,-58.030
622.204999,112.835,311.122,-57.795,-58.030
622.304999,113.069,311.357,-57.795,-58.030
622.521001,112.835,311.357,-57.561,-58.030
622.535974,113.069,311.357,-57.795,-58.030
622.604999,112.835,311.357,-58.030,-57.795
622.704999,112.835,311.122,-57.795,-57.795
622.804999,113.069,311.357,-57.795,-57.795
622.904999,113.069,311.122,-57.795,-58.030
623.004999,112.835,311.122,-57.795,-57.795
623.104999,112.835,311.357,-58.030,-58.030
623.204999,112.835,311.357,-57.795,-58.030
623.304999,113.069,311.357,-57.795,-58.030
623.521000,113.069,311.122,-57.795,-57.795
623.535974,113.069,311.357,-57.795,-58.030
623.604999,112.835,311.122,-58.030,-57.795
623.704999,113.069,311.357,-57.795,-57.795
623.804999,112.835,311.357,-57.795,-57.795
623.904999,112.835,311.357,-58.030,-58.030
624.004999,113.069,311.357,-58.030,-57.795
624.104999,112.835,311.357,-58.030,-58.030
624.204999,112.835,311.357,-58.030,-58.030
624.304999,112.835,311.122,-57.795,-58.030
624.520000,112.835,311.357,-57.795,-57.795
624.534974,113.069,311.357,-57.795,-57.795
624.604999,112.835,311.357,-57.795,-58.030
624.704999,112.835,311.357,-57.795,-57.795
624.804999,113.069,311.122,-58.030,-57.795
624.904999,113.069,311.122,-57.795,-58.030
625.004999,112.835,311.122,-58.030,-58.030
625.104999,112.835,311.357,-58.030,-58.030
625.204999,112.835,311.122,-58.030,-58.030
625.304999,112.835,311.357,-57.795,-57.795
625.521000,112.835,311.357,-57.795,-58.030
625.535974,113.069,311.122,-57.795,-58.030
625.604999,112.835,311.591,-57.561,-57.795
625.704999,112.835,311.357,-58.030,-57.795
625.804999,112.835,311.357,-58.030,-57.795
625.904999,113.069,311.357,-57.795,-57.561
626.004999,112.835,311.122,-57.795,-58.030
626.104999,112.601,311.122,-57.795,-57.795
626.204999,112.835,311.357,-58.030,-58.264
626.304999,112.835,311.122,-57.795,-58.030
626.521001,112.835,311.357,-57.795,-58.264
626.535974,112.835,311.357,-58.030,-57.795
626.604999,113.069,311.357,-57.795,-58.030
626.704999,112.835,311.357,-58.030,-57.795
626.804999,112.835,311.122,-57.795,-58.030
626.904999,112.835,311.357,-58.030,-58.030
627.004999,112.835,311.122,-57.795,-57.795
627.104999,112.835,311.357,-58.030,-58.030
627.204999,112.835,311.357,-57.795,-57.795
627.304999,112.835,311.357,-58.030,-58.030
627.521000,113.069,311.122,-57.795,-57.795
627.535974,113.069,311.357,-57.795,-58.030
627.604999,112.835,311.122,-57.795,-57.795
627.704999,112.835,311.357,-57.795,-58.030
627.804999,112.835,311.357,-57.795,-58.030
627.904999,112.835,311.122,-58.030,-58.030
628.004999,112.835,311.122,-57.795,-58.030
628.104999,112.835,311.357,-58.030,-57.795
628.204999,113.069,311.122,-58.030,-58.030
628.304999,112.601,311.357,-57.795,-57.795
628.521000,112.835,311.357,-57.795,-57.795
628.535974,112.835,311.357,-57.795,-57.795
628.604999,112.835,311.357,-58.030,-58.030
628.704999,112.835,311.357,-58.030,-57.795
628.804999,112.835,311.591,-57.795,-58.030
628.904999,112.835,311.122,-57.795,-58.030
629.004999,112.835,311.357,-57.795,-57.795
629.104999,112.835,311.122,-57.795,-57.795
629.204999,112.835,311.122,-57.795,-58.030
629.304999,112.835,311.357,-58.030,-58.030
629.520000,113.069,311.357,-58.030,-57.795
629.534974,112.835,311.357,-57.795,-58.030
629.604999,112.835,311.357,-58.030,-57.795
629.704999,112.835,311.357,-57.795,-57.795
629.804999,112.835,311.122,-57.795,-58.030
629.904999,112.835,311.357,-57.795,-57.795
630.004999,112.835,311.122,-57.795,-57.795
630.104999,112.601,311.357,-57.795,-58.030
630.204999,112.835,311.357,-57.795,-58.030
630.304999,112.835,311.357,-58.030,-58.030
630.521000,112.835,311.122,-57.795,-57.795
630.535974,112.835,311.357,-57.795,-58.030
630.604999,112.835,311.122,-58.030,-58.030
630.704999,112.835,311.357,-57.795,-57.795
630.804999,112.835,311.122,-57.795,-57.795
630.904999,112.835,311.357,-57.561,-57.795
631.004999,112.835,311.122,-58.030,-58.030
631.104999,112.835,311.357,-58.030,-57.795
631.204999,112.601,311.122,-57.795,-57.795
631.304999,112.835,311.122,-57.795,-58.030
631.521001,112.835,311.122,-58.030,-57.795
631.535974,112.835,311.122,-57.795,-57.795
631.604999,112.601,311.357,-57.795,-57.795
631.704999,112.835,311.357,-57.795,-58.030
631.804999,112.601,311.357,-58.030,-58.030
631.904999,112.601,311.122,-57.795,-57.561
632.004999,112.835,311.357,-57.795,-58.264
632.104999,112.835,311.357,-58.030,-58.030
632.204999,112.601,311.122,-57.795,-58.030
632.304999,112.835,311.357,-57.795,-57.795
632.521000,112.835,311.122,-58.030,-58.030
632.535974,112.601,311.357,-57.795,-57.795
632.604999,112.835,311.122,-57.795,-58.030
632.704999,112.601,311.122,-58.030,-57.795
632.804999,112.835,311.122,-58.030,-57.795
632.904999,112.835,311.122,-58.030,-57.795
633.004999,112.835,311.122,-57.795,-58.030
633.104999,112.601,311.357,-57.795,-57.795
633.204999,112.835,311.357,-58.030,-58.030
633.304999,112.601,311.122,-57.795,-57.795
633.521000,112.601,311.122,-57.795,-58.030
633.535974,112.835,311.122,-57.795,-58.030
633.604999,112.601,311.357,-57.795,-57.795
633.704999,112.835,311.357,-58.030,-57.795
633.804999,112.601,311.357,-57.795,-58.264
633.904999,112.835,311.122,-57.795,-57.795
634.004999,112.601,311.357,-57.795,-58.030
634.104999,112.601,311.122,-57.795,-58.030
634.204999,112.835,311.357,-57.795,-58.030
634.304999,112.835,311.122,-57.795,-58.030
634.521000,112.601,311.357,-57.795,-57.795
634.535974,112.601,311.122,-57.795,-57.795
634.604999,112.835,311.122,-57.795,-58.030
634.704999,112.835,311.122,-57.795,-57.795
634.804999,112.835,311.122,-58.030,-58.030
634.904999,112.366,311.357,-57.795,-58.030
635.004999,112.835,311.357,-57.795,-58.030
635.104999,112.601,311.357,-57.795,-57.795
635.204999,112.835,311.122,-57.795,-57.795
635.304999,112.601,311.122,-57.795,-57.795
635.521000,112.601,311.357,-57.795,-57.795
635.535974,112.835,311.357,-57.795,-57.795
635.604999,112.601,311.357,-57.795,-57.795
635.704999,112.835,311.122,-58.030,-57.795
635.804999,112.601,311.122,-57.795,-58.030
635.904999,112.601,311.122,-57.795,-57.795
636.004999,112.601,311.591,-57.795,-57.795
636.104999,112.601,311.357,-57.561,-58.030
636.204999,112.366,311.357,-57.795,-58.030
636.304999,112.601,311.357,-57.795,-58.030
636.521000,112.601,311.122,-57.795,-57.795
636.535974,112.601,311.122,-57.795,-58.030
636.604999,112.601,311.357,-58.030,-58.030
636.704999,112.835,311.122,-57.795,-58.030
636.804999,112.601,311.122,-57.795,-58.030
636.904999,112.601,311.357,-58.030,-57.795
637.004999,112.601,311.357,-58.030,-58.030
637.104999,112.601,311.122,-58.030,-58.030
637.204999,112.601,311.357,-58.030,-58.030
637.304999,112.601,311.357,-57.561,-57.795
637.520000,112.835,311.357,-57.795,-58.030
637.534974,112.835,311.122,-57.795,-57.795
637.604999,112.601,311.357,-57.795,-57.795
637.704999,112.835,311.357,-57.795,-57.795
637.804999,112.601,311.122,-57.561,-57.795
637.904999,112.835,311.357,-57.795,-57.795
638.004999,112.835,311.357,-57.795,-58.030
638.104999,112.601,311.122,-57.795,-58.030
638.204999,112.835,311.357,-58.030,-57.795
638.304999,112.601,311.357,-57.795,-58.030
638.521000,112.835,311.122,-57.795,-57.795
638.535974,112.366,311.122,-57.795,-58.030
638.604999,112.601,311.357,-57.795,-58.030
638.704999,112.601,311.122,-58.264,-58.030
638.804999,112.366,311.122,-57.795,-57.795
638.904999,112.601,311.357,-57.795,-58.030
639.004999,112.835,311.357,-57.795,-57.795
639.104999,112.601,311.122,-57.795,-57.795
639.204999,112.601,311.122,-57.795,-58.030
639.304999,112.601,311.122,-57.795,-58.030
639.521000,112.366,311.357,-57.795,-57.795
639.535974,112.601,311.357,-57.795,-58.030
639.604999,112.601,311.357,-58.030,-58.030
639.704999,112.601,311.122,-57.795,-57.795
639.804999,112.601,311.122,-57.795,-58.030
639.904999,112.835,311.357,-57.795,-58.030
640.004999,112.601,311.122,-57.795,-58.030
640.104999,112.835,311.357,-57.795,-58.030
640.204999,112.835,311.122,-57.795,-57.795
640.304999,112.835,311.122,-57.795,-58.498
640.521000,112.601,311.122,-58.030,-57.795
640.535974,112.835,311.122,-57.795,-57.795
640.604999,112.601,311.357,-57.795,-58.030
640.704999,112.601,311.122,-58.030,-57.795
640.804999,112.835,311.357,-58.030,-57.795
640.904999,112.366,311.357,-57.795,-57.795
641.004999,112.601,311.122,-57.795,-57.795
641.104999,112.601,311.122,-57.795,-58.030
641.204999,112.601,311.122,-57.795,-57.795
641.304999,112.601,311.122,-57.795,-57.795
641.521000,112.601,311.122,-57.795,-58.030
641.535974,112.601,311.122,-57.795,-57.795
641.604999,112.366,311.357,-57.795,-57.795
641.704999,112.601,310.888,-57.795,-57.795
641.804999,112.601,311.357,-57.795,-58.030
641.904999,112.601,311.357,-57.795,-58.264
642.004999,112.601,311.122,-57.795,-57.795
642.104999,112.601,311.122,-58.030,-57.795
642.204999,112.366,311.122,-58.030,-57.795
642.304999,112.601,311.122,-57.795,-58.030
642.520000,112.366,310.888,-58.030,-58.030
642.534974,112.601,311.122,-58.030,-58.030
642.604999,112.835,311.122,-58.030,-57.795
642.704999,112.601,311.122,-57.795,-58.030
642.804999,112.601,311.357,-57.795,-57.795
642.904999,112.601,311.122,-57.795,-58.030
643.004999,112.601,311.122,-57.795,-58.030
643.104999,112.366,311.122,-58.030,-57.795
643.204999,112.601,311.357,-57.795,-58.030
643.304999,112.601,311.122,-58.030,-58.030
643.521000,112.601,311.122,-57.795,-58.030
643.535974,112.601,311.357,-57.795,-58.030
643.604999,112.601,310.888,-58.030,-57.795
643.704999,112.601,311.357,-58.030,-58.030
643.804999,112.601,311.357,-57.795,-58.030
643.904999,112.601,311.122,-58.030,-57.795
644.004999,112.366,311.122,-57.795,-57.795
644.104999,112.601,311.122,-57.795,-58.030
644.204999,112.601,311.357,-58.030,-58.030
644.304999,112.601,311.122,-57.795,-58.030
644.521000,112.366,311.357,-57.795,-58.030
644.535974,112.835,311.357,-57.795,-57.795
644.604999,112.601,311.357,-58.030,-58.030
644.704999,112.601,311.122,-57.795,-58.030
644.804999,112.601,311.122,-57.795,-58.030
644.904999,112.601,311.357,-57.795,-58.030
645.004999,112.366,311.357,-57.795,-58.030
645.104999,112.366,311.122,-57.795,-58.030
645.204999,112.601,311.122,-57.795,-58.030
645.304999,112.601,311.357,-57.795,-58.030
645.521000,112.366,311.122,-58.030,-57.795
645.535974,112.366,311.357,-57.795,-57.795
645.604999,112.601,311.357,-57.795,-58.264
645.704999,112.601,311.122,-58.030,-58.030
645.804999,112.601,311.357,-57.561,-57.795
645.904999,112.366,311.122,-58.030,-57.795
646.004999,112.366,311.122,-57.795,-58.030
646.104999,112.601,311.122,-57.795,-57.795
646.204999,112.366,311.357,-58.030,-58.030
646.304999,112.601,311.122,-57.795,-58.030
646.521001,112.366,311.122,-57.795,-58.030
646.535974,112.366,311.357,-57.561,-58.030
646.604999,112.601,311.122,-57.795,-57.795
646.704999,112.601,311.122,-58.030,-57.795
646.804999,112.366,311.122,-58.030,-58.030
646.904999,112.366,311.122,-57.795,-58.030
647.004999,112.366,311.122,-58.030,-57.795
647.104999,112.601,311.122,-57.795,-58.030
647.204999,112.366,311.357,-57.795,-58.030
647.304999,112.601,311.122,-57.795,-57.795
647.521000,112.601,311.357,-57.795,-58.030
647.535974,112.601,311.122,-57.795,-57.795
647.604999,112.601,311.122,-57.795,-58.030
647.704999,112.366,311.357,-57.795,-58.030
647.804999,112.601,311.122,-57.795,-57.795
647.904999,112.132,311.357,-57.795,-58.030
648.004999,112.601,311.122,-57.561,-57.795
648.104999,112.366,311.357,-57.795,-58.030
648.204999,112.601,311.357,-57.795,-58.030
648.304999,112.366,311.122,-57.795,-58.030
648.521000,112.366,311.122,-57.795,-57.795
648.535974,112.366,311.122,-57.795,-57.795
648.604999,112.366,311.122,-57.795,-57.795
648.704999,112.601,311.122,-57.795,-58.030
648.804999,112.601,311.122,-57.795,-58.030
648.904999,112.366,311.357,-58.030,-57.795
649.004999,112.366,311.122,-57.795,-58.030
649.104999,112.132,311.122,-57.795,-57.795
649.204999,112.366,310.888,-57.795,-57.795
649.304999,112.601,311.122,-57.795,-57.795
649.521000,112.132,311.122,-58.030,-57.795
649.535974,112.132,311.122,-58.030,-57.795
649.604999,112.366,311.122,-57.795,-57.795
649.704999,112.366,311.122,-57.795,-57.795
649.804999,112.366,311.122,-57.795,-58.030
649.904999,112.132,311.122,-57.795,-57.795
650.004999,112.366,311.122,-57.795,-57.795
650.104999,112.601,311.122,-58.030,-58.030
650.204999,112.366,311.357,-57.795,-57.795
650.304999,112.132,311.357,-58.030,-58.030
650.520000,112.366,311.122,-57.795,-58.030
650.534974,112.366,311.122,-58.030,-58.030
650.604999,112.366,311.122,-57.795,-58.030
650.704999,112.366,311.122,-57.795,-58.030
650.804999,112.366,311.122,-57.795,-58.030
650.904999,112.366,311.122,-57.795,-58.030
651.004999,112.366,311.122,-57.795,-58.030
651.104999,112.366,311.122,-57.795,-58.030
651.204999,112.366,311.122,-57.795,-58.030
651.304999,112.366,311.122,-57.795,-57.795
651.521000,112.132,311.357,-57.795,-57.795
651.535974,112.366,311.122,-57.795,-58.030
651.604999,112.366,311.357,-57.795,-57.561
651.704999,112.132,311.357,-57.795,-58.030
651.804999,112.366,310.888,-58.030,-57.795
651.904999,112.601,311.122,-57.795,-58.030
652.004999,112.366,310.888,-57.795,-57.795
652.104999,112.366,311.122,-57.795,-58.030
652.204999,112.366,311.122,-57.795,-58.030
652.304999,112.601,311.122,-57.795,-57.795
652.521000,112.366,311.122,-58.030,-57.795
652.535974,112.601,311.357,-57.795,-58.030
652.604999,112.366,311.122,-58.030,-58.030
652.704999,112.366,311.357,-57.795,-58.030
652.804999,112.366,311.122,-58.030,-58.030
652.904999,112.366,311.357,-58.030,-58.030
653.004999,112.366,311.122,-57.795,-58.030
653.104999,112.601,311.122,-57.795,-57.795
653.204999,112.366,311.357,-57.795,-57.795
653.304999,112.366,311.357,-58.030,-57.795
653.521000,112.366,311.357,-58.030,-58.030
653.535974,112.366,311.122,-57.795,-57.795
653.604999,112.132,311.357,-57.795,-58.030
653.704999,112.366,311.122,-57.795,-58.030
653.804999,112.132,311.357,-57.795,-57.795
653.904999,112.132,311.122,-57.795,-57.795
654.004999,112.366,311.122,-58.030,-58.030
654.104999,112.132,311.357,-58.030,-58.030
654.204999,112.132,311.122,-57.795,-58.030
654.304999,112.366,311.122,-57.795,-57.795
654.521000,112.366,311.357,-58.030,-57.795
654.535974,112.132,311.122,-57.795,-57.795
654.604999,112.366,311.122,-58.030,-57.795
654.704999,112.366,311.357,-58.030,-58.030
654.804999,112.366,311.122,-58.030,-58.030
654.904999,112.366,311.357,-57.795,-57.795
655.004999,112.366,310.888,-57.795,-58.030
655.104999,112.132,311.357,-57.795,-58.030
655.204999,112.366,311.357,-58.030,-57.795
655.304999,112.366,311.357,-57.795,-58.030
655.520000,112.132,311.357,-57.795,-57.795
655.534974,112.366,311.122,-57.795,-58.030
655.604999,112.366,311.122,-57.795,-58.030
655.704999,112.366,311.122,-57.795,-58.030
655.804999,112.601,311.122,-58.030,-58.030
655.904999,112.366,311.122,-58.030,-57.795
656.004999,112.132,311.122,-57.795,-57.795
656.104999,112.366,311.122,-58.030,-58.030
656.204999,112.132,310.888,-57.795,-58.030
656.304999,112.366,311.357,-57.795,-57.795
656.521000,112.132,311.357,-58.030,-58.030
656.535974,112.132,311.357,-58.030,-58.030
656.604999,112.366,311.122,-57.795,-58.264
656.704999,112.366,311.122,-57.795,-57.795
656.804999,112.366,311.357,-57.795,-58.030
656.904999,112.132,311.122,-57.795,-58.030
657.004999,112.366,311.357,-58.030,-57.795
657.104999,112.366,311.122,-57.795,-58.030
657.204999,112.366,311.122,-57.795,-58.030
657.304999,112.132,311.122,-57.795,-58.030
657.521000,112.366,311.357,-57.795,-58.030
657.535974,112.132,311.122,-57.795,-57.561
657.604999,112.366,311.122,-57.795,-58.030
657.704999,112.132,311.357,-58.030,-57.795
657.804999,112.366,311.122,-58.030,-58.030
657.904999,112.366,311.122,-57.795,-58.030
658.004999,112.132,311.357,-57.795,-57.795
658.104999,112.366,311.122,-57.795,-57.795
658.204999,112.132,310.888,-57.795,-57.795
658.304999,112.366,311.122,-58.030,-58.030
658.521000,112.366,311.122,-58.030,-58.030
658.535974,112.132,311.122,-58.030,-58.030
658.604999,112.132,311.122,-57.795,-58.030
658.704999,112.132,311.122,-58.030,-58.030
658.804999,112.132,311.122,-58.030,-57.795
658.904999,112.366,311.357,-57.795,-58.030
659.004999,112.132,311.122,-57.795,-58.030
659.104999,112.132,311.122,-57.795,-57.795
659.204999,112.366,311.122,-57.795,-58.030
659.304999,112.132,311.122,-58.030,-58.030
659.521000,112.366,311.122,-57.561,-58.030
659.535974,112.132,311.122,-57.795,-58.030
659.604999,112.132,311.122,-57.795,-58.030
659.704999,112.132,311.122,-57.795,-58.030
659.804999,112.132,311.122,-58.030,-57.795
659.904999,112.132,311.357,-57.795,-58.030
660.004999,112.132,311.357,-58.030,-57.795
660.104999,112.366,311.122,-58.030,-58.030
660.204999,112.132,310.888,-57.795,-58.030
660.304999,112.366,311.357,-58.030,-58.030
660.521000,112.366,311.357,-57.795,-57.795
660.535974,111.897,311.122,-57.795,-57.795
660.604999,112.366,311.357,-57.795,-57.795
660.704999,112.132,311.122,-57.795,-58.030
660.804999,112.132,310.888,-57.795,-58.030
660.904999,112.366,311.122,-57.795,-58.030
661.004999,112.132,311.122,-58.030,-58.030
661.104999,112.366,310.888,-57.795,-58.030
661.204999,112.132,311.122,-58.030,-58.030
661.304999,112.132,311.122,-57.795,-57.795
661.521000,112.132,311.122,-57.795,-57.795
661.535974,112.132,311.122,-57.795,-57.795
661.604999,112.366,311.357,-58.030,-58.030
661.704999,112.366,311.122,-58.030,-58.030
661.804999,111.897,311.122,-58.030,-58.030
661.904999,112.132,311.122,-57.795,-58.030
662.004999,112.132,311.122,-57.795,-58.030
662.104999,112.132,311.357,-57.795,-57.795
662.204999,112.132,311.122,-57.795,-58.030
662.304999,112.366,311.122,-58.030,-58.030
662.521000,112.132,311.357,-58.030,-58.030
662.535974,112.132,311.122,-57.795,-58.030
662.604999,111.897,311.122,-57.795,-58.030
662.704999,112.366,311.122,-57.795,-58.030
662.804999,112.366,311.357,-57.795,-58.030
662.904999,112.132,311.122,-57.795,-58.030
663.004999,112.132,311.122,-57.795,-57.795
663.104999,112.132,311.122,-57.795,-58.030
663.204999,112.366,311.122,-58.030,-58.030
663.304999,112.132,311.122,-58.030,-57.795
663.520000,112.132,311.122,-57.795,-58.030
663.534974,112.132,311.122,-57.795,-57.795
663.604999,112.132,310.888,-57.795,-58.030
663.704999,112.132,311.122,-57.795,-58.030
663.804999,112.132,310.888,-57.795,-58.030
663.904999,112.132,311.122,-58.030,-57.795
664.004999,112.132,311.122,-57.795,-57.795
664.104999,112.132,311.122,-58.030,-58.030
664.204999,112.132,311.122,-57.795,-58.030
664.304999,112.132,311.122,-57.795,-57.795
664.521000,112.132,311.122,-57.561,-58.030
664.535974,111.897,311.122,-58.030,-58.030
664.604999,112.132,311.122,-57.795,-58.030
664.704999,112.132,311.122,-58.030,-58.030
664.804999,112.132,311.357,-57.795,-57.795
664.904999,112.132,311.122,-57.795,-58.030
665.004999,112.132,311.357,-57.795,-58.030
665.104999,112.132,311.122,-57.795,-58.030
665.204999,112.366,311.122,-58.030,-58.030
665.304999,112.132,311.122,-57.795,-58.030
665.521000,112.366,310.888,-58.030,-57.795
665.535974,112.132,310.888,-57.795,-57.795
665.604999,112.132,310.888,-57.795,-57.795
665.704999,111.897,311.122,-58.030,-58.030
665.804999,112.132,311.357,-58.030,-58.030
665.904999,112.132,311.357,-58.030,-57.795
666.004999,112.132,311.122,-57.795,-58.030
666.104999,111.897,311.122,-57.795,-58.030
666.204999,112.132,310.888,-57.795,-58.030
666.304999,112.132,311.357,-57.795,-57.795
666.521000,111.897,311.122,-57.795,-58.030
666.535974,112.132,311.357,-57.795,-58.030
666.604999,112.132,311.122,-57.795,-57.795
666.704999,112.132,311.122,-57.795,-58.030
666.804999,112.132,311.122,-57.795,-57.795
666.904999,112.132,310.888,-57.795,-57.795
667.004999,112.132,311.122,-58.030,-58.030
667.104999,111.897,311.122,-57.795,-58.030
667.204999,111.897,311.122,-57.795,-58.030
667.304999,111.897,311.122,-57.795,-57.795
667.521001,112.132,310.888,-57.795,-58.030
667.535974,112.132,311.357,-57.795,-58.030
667.604999,111.897,311.122,-58.030,-58.030
667.704999,112.132,310.888,-58.030,-58.030
667.804999,112.132,310.888,-57.795,-57.795
667.904999,112.132,311.122,-57.795,-57.795
668.004999,112.132,311.122,-58.030,-58.030
668.104999,112.132,311.122,-57.795,-58.030
668.204999,112.132,311.122,-58.030,-58.030
668.304999,112.132,311.122,-57.795,-58.030
668.520000,112.132,311.357,-57.795,-58.030
668.534974,112.132,311.122,-57.795,-58.030
668.604999,112.132,311.122,-57.795,-57.795
668.704999,111.897,311.122,-58.030,-57.795
668.804999,112.132,311.122,-58.030,-58.030
668.904999,112.132,311.122,-58.030,-58.030
669.004999,111.897,310.888,-58.030,-57.795
669.104999,112.132,311.122,-58.030,-58.030
669.204999,112.132,311.122,-57.795,-58.030
669.304999,112.132,311.122,-57.795,-58.030
669.521000,111.897,311.122,-57.795,-58.030
669.535974,112.132,310.888,-57.561,-57.795
669.604999,111.897,311.122,-57.795,-57.795
669.704999,112.132,311.122,-58.030,-57.795
669.804999,112.132,311.122,-57.795,-58.264
669.904999,111.897,311.122,-57.795,-58.030
670.004999,112.132,311.122,-57.795,-58.030
670.104999,111.897,310.888,-57.795,-58.030
670.204999,112.132,311.122,-57.795,-58.030
670.304999,111.897,311.122,-57.795,-57.795
670.521001,111.897,311.122,-57.795,-58.030
670.535974,111.897,311.122,-57.795,-57.795
670.604999,112.132,311.122,-57.795,-58.030
670.704999,112.132,311.357,-57.795,-58.030
670.804999,111.897,311.122,-57.795,-57.795
670.904999,111.897,311.122,-57.795,-58.030
671.004999,111.897,310.888,-58.030,-58.030
671.104999,111.897,310.888,-58.030,-58.030
671.204999,111.897,311.122,-57.795,-58.030
671.304999,112.132,311.122,-57.795,-57.795
671.525001,111.897,311.122,-57.795,-58.030
671.539974,112.132,311.122,-57.795,-57.795
671.604999,112.132,311.122,-57.795,-57.795
671.704999,111.897,311.357,-57.795,-58.030
671.804999,111.897,311.122,-58.030,-57.795
671.904999,111.897,311.122,-58.030,-57.795
672.004999,111.897,311.122,-58.264,-58.030
672.104999,112.132,311.122,-57.795,-58.030
672.204999,111.897,311.122,-58.030,-57.795
672.304999,112.132,311.122,-57.795,-58.030
672.521000,111.897,311.122,-57.795,-57.795
672.535974,112.132,311.122,-57.795,-57.795
672.604999,112.132,311.122,-58.030,-58.030
672.704999,112.132,311.122,-57.795,-57.795
672.804999,111.897,311.122,-58.030,-58.030
672.904999,111.897,310.888,-57.795,-58.030
673.004999,111.897,310.888,-58.030,-57.795
673.104999,112.132,311.122,-58.030,-58.030
673.204999,111.897,311.122,-57.795,-58.030
673.304999,111.897,311.122,-57.795,-57.795
673.521000,111.897,311.122,-57.795,-58.030
673.535974,111.663,311.357,-57.795,-58.030
673.604999,111.897,311.122,-58.030,-58.264
673.704999,111.897,311.122,-58.030,-58.264
673.804999,111.897,311.122,-57.561,-58.030
673.904999,111.897,311.122,-57.795,-58.030
674.004999,111.897,311.122,-57.561,-58.030
674.104999,112.132,311.122,-57.795,-58.030
674.204999,112.132,311.122,-58.030,-58.030
674.304999,111.897,310.888,-57.795,-57.795
674.521000,111.897,311.122,-57.795,-58.030
674.535974,111.897,311.122,-57.795,-57.795
674.604999,111.897,311.122,-58.030,-58.030
674.704999,111.897,310.888,-57.795,-58.030
674.804999,111.897,311.122,-57.795,-57.795
674.904999,111.897,311.122,-57.795,-57.795
675.004999,111.897,311.122,-57.795,-57.795
675.104999,111.663,311.122,-57.795,-58.030
675.204999,111.897,311.122,-57.795,-58.030
675.304999,111.897,310.888,-58.030,-57.795
675.521000,111.897,310.888,-57.795,-58.030
675.535974,111.897,311.122,-57.795,-58.030
675.604999,111.897,311.122,-57.795,-58.030
675.704999,111.897,311.122,-57.795,-57.795
675.804999,112.132,311.122,-57.795,-58.030
675.904999,112.132,311.122,-57.795,-57.795
676.004999,111.663,310.888,-57.795,-57.795
676.104999,111.897,310.888,-58.030,-57.795
676.204999,111.897,310.888,-58.030,-57.795
676.304999,111.663,310.888,-57.795,-57.795
676.520000,111.897,311.122,-57.795,-57.795
676.534974,112.132,310.888,-57.795,-57.795
676.604999,111.897,311.122,-58.030,-58.030
676.704999,111.897,311.122,-58.030,-57.795
676.804999,111.897,311.122,-58.030,-58.030
676.904999,111.897,311.122,-57.795,-58.030
677.004999,111.897,311.357,-57.795,-57.795
677.104999,111.897,311.122,-57.795,-58.030
677.204999,111.897,310.888,-57.795,-57.795
677.304999,111.897,311.122,-57.795,-58.030
677.521000,111.897,311.122,-58.030,-58.030
677.535974,111.897,310.888,-57.795,-57.795
677.604999,111.663,310.888,-57.795,-58.030
677.704999,111.663,311.122,-58.030,-57.795
677.804999,111.663,310.888,-57.795,-58.030
677.904999,111.897,310.888,-57.795,-58.030
678.004999,111.897,310.888,-58.030,-58.030
678.104999,111.897,311.122,-57.795,-57.795
678.204999,112.132,311.122,-57.795,-57.795
678.304999,111.663,311.122,-58.030,-58.030
678.521001,111.663,310.888,-58.030,-57.795
678.535974,112.132,310.888,-57.795,-58.264
678.604999,111.897,311.122,-57.795,-57.795
678.704999,111.897,310.888,-57.795,-58.030
678.804999,111.897,311.122,-58.030,-58.030
678.904999,111.897,310.888,-58.030,-58.030
679.004999,111.897,311.122,-57.795,-58.030
679.104999,111.897,311.122,-57.795,-58.030
679.204999,111.663,311.357,-57.795,-58.030
679.304999,111.897,311.122,-57.795,-57.795
679.521000,111.663,311.122,-58.030,-58.030
679.535974,111.897,311.122,-58.030,-58.030
679.604999,111.897,311.122,-57.795,-57.795
679.704999,111.663,311.357,-57.795,-57.795
679.804999,111.897,310.888,-57.795,-58.030
679.904999,111.897,311.357,-57.795,-58.030
680.004999,111.897,310.888,-58.030,-58.030
680.104999,111.897,310.888,-57.795,-58.030
680.204999,111.897,311.122,-58.030,-58.030
680.304999,111.897,311.122,-58.030,-58.030
680.521000,111.663,311.357,-57.795,-58.030
680.535974,111.897,311.122,-57.795,-57.795
680.604999,111.663,311.122,-58.030,-57.795
680.704999,111.897,311.122,-57.795,-58.030
680.804999,111.897,311.122,-58.030,-57.795
680.904999,111.663,311.357,-58.030,-58.030
681.004999,111.663,310.888,-57.795,-58.264
681.104999,111.897,311.122,-57.561,-58.030
681.204999,111.663,310.888,-57.795,-58.030
681.304999,111.897,311.122,-57.561,-57.795
681.520000,111.897,311.122,-57.795,-58.030
681.534974,111.663,310.888,-57.795,-58.264
681.604999,112.132,310.888,-57.795,-58.030
681.704999,111.663,311.122,-57.795,-58.030
681.804999,111.897,311.122,-57.795,-58.030
681.904999,111.897,311.122,-57.795,-58.030
682.004999,111.897,311.122,-57.795,-58.030
682.104999,111.897,310.888,-57.795,-57.795
682.204999,111.663,310.888,-58.030,-58.030
682.304999,111.897,311.122,-57.795,-58.030
682.521000,111.663,311.122,-57.795,-58.030
682.535974,111.663,311.357,-57.795,-58.030
682.604999,111.897,311.122,-57.795,-58.030
682.704999,111.663,311.122,-57.795,-58.030
682.804999,111.663,311.122,-58.030,-57.795
682.904999,111.897,311.122,-58.030,-58.030
683.004999,111.897,311.122,-57.795,-57.795
683.104999,111.897,310.888,-58.030,-57.795
683.204999,111.897,311.122,-58.030,-57.795
683.304999,111.897,311.122,-57.795,-58.030
683.521000,111.663,311.122,-57.795,-58.030
683.535974,111.663,311.122,-58.030,-58.030
683.604999,111.663,310.888,-57.795,-58.030
683.704999,111.897,311.122,-58.264,-57.795
683.804999,111.897,311.122,-58.030,-58.030
683.904999,111.663,311.122,-58.030,-58.030
684.004999,111.897,310.888,-57.795,-58.030
684.104999,111.897,311.357,-57.795,-57.795
684.204999,111.663,310.888,-57.795,-58.030
684.304999,111.897,311.357,-58.030,-58.030
684.521000,111.663,311.122,-57.795,-58.030
684.535974,111.663,310.888,-57.795,-58.030
684.604999,111.663,311.357,-57.795,-58.030
684.704999,111.663,311.122,-58.030,-58.030
684.804999,111.897,310.888,-58.030,-58.030
684.904999,111.663,311.122,-58.030,-57.795
685.004999,111.663,311.122,-58.030,-58.264
685.104999,111.663,311.122,-58.030,-58.030
685.204999,111.897,310.888,-57.795,-57.795
685.304999,111.663,310.888,-57.795,-57.795
685.521000,111.663,310.888,-58.030,-58.030
685.535974,111.663,310.888,-57.795,-58.030
685.604999,111.663,310.888,-57.795,-58.030
685.704999,111.663,311.122,-58.030,-58.264
685.804999,111.663,311.122,-57.795,-58.030
685.904999,111.663,310.888,-58.030,-57.795
686.004999,111.663,311.122,-57.795,-58.030
686.104999,111.663,311.122,-57.795,-58.030
686.204999,111.663,310.888,-57.795,-58.030
686.304999,111.663,310.888,-58.030,-57.795
686.521001,111.663,310.888,-58.030,-58.030
686.535974,111.897,310.888,-58.030,-57.795
686.604999,111.663,310.888,-57.795,-58.030
686.704999,111.663,311.122,-57.795,-57.795
686.804999,111.663,310.888,-58.030,-58.030
686.904999,111.663,310.888,-58.030,-58.030
687.004999,111.663,310.888,-58.030,-58.264
687.104999,111.663,310.888,-57.795,-58.030
687.204999,111.663,311.122,-57.795,-58.030
687.304999,111.663,311.122,-57.795,-57.795
687.521001,111.663,311.122,-57.795,-57.795
687.535974,111.663,311.122,-58.030,-58.030
687.604999,111.663,310.888,-57.795,-58.030
687.704999,111.897,310.888,-58.030,-57.795
687.804999,111.663,311.122,-57.795,-58.030
687.904999,111.897,311.122,-58.030,-58.030
688.004999,111.663,311.122,-57.795,-58.030
688.104999,111.663,311.357,-57.795,-57.795
688.204999,111.663,310.888,-57.795,-58.030
688.304999,111.663,311.122,-57.795,-57.795
688.521000,111.663,311.122,-58.030,-57.795
688.535974,111.429,311.122,-57.795,-58.030
688.604999,111.429,311.122,-57.795,-58.030
688.704999,111.194,311.122,-58.030,-57.795
688.804999,111.897,310.888,-57.795,-58.030
688.904999,111.663,311.122,-57.561,-58.030
689.004999,111.663,311.122,-57.561,-58.030
689.104999,111.897,311.122,-57.795,-57.795
689.204999,111.663,311.122,-57.795,-58.030
689.304999,111.897,311.122,-57.795,-57.795
689.520000,111.663,311.122,-57.795,-58.030
689.534974,111.663,311.122,-57.795,-57.795
689.604999,111.663,311.357,-57.795,-58.030
689.704999,111.663,311.122,-58.030,-58.030
689.804999,111.663,311.122,-57.795,-58.030
689.904999,111.663,311.122,-57.795,-58.030
690.004999,111.429,311.122,-57.795,-58.030
690.104999,111.663,311.357,-58.030,-57.795
690.204999,111.663,311.122,-57.795,-58.030
690.304999,111.663,311.122,-57.795,-58.030
690.521000,111.663,311.122,-58.030,-57.795
690.535974,111.663,310.888,-57.795,-58.030
690.604999,111.663,311.122,-57.795,-57.795
690.704999,111.663,311.122,-57.795,-57.795
690.804999,111.663,310.888,-57.795,-57.795
690.904999,111.663,311.122,-57.795,-57.795
691.004999,111.429,311.122,-57.795,-58.030
691.104999,111.663,311.122,-57.795,-58.264
691.204999,111.663,311.122,-58.030,-58.030
691.304999,111.429,311.122,-57.795,-57.795
691.521000,111.663,310.888,-57.795,-58.030
691.535974,111.663,311.122,-57.795,-58.030
691.604999,111.429,311.122,-57.795,-58.030
691.704999,111.663,311.122,-57.795,-58.030
691.804999,111.663,310.888,-58.030,-58.030
691.904999,111.663,311.122,-58.030,-58.030
692.004999,111.663,310.888,-57.795,-58.030
692.104999,111.663,310.888,-58.030,-58.030
692.204999,111.663,311.357,-57.795,-58.264
692.304999,111.663,311.122,-58.030,-58.030
692.521000,111.429,311.122,-57.795,-58.030
692.535974,111.429,311.122,-57.795,-58.030
692.604999,111.429,311.122,-58.030,-58.030
692.704999,111.429,311.122,-57.795,-58.030
692.804999,111.429,310.888,-58.030,-58.030
692.904999,111.663,310.888,-57.795,-57.795
693.004999,111.429,310.888,-57.795,-57.795
693.104999,111.429,311.122,-57.795,-58.030
693.204999,111.663,311.122,-57.795,-57.795
693.304999,111.663,311.122,-58.030,-57.795
693.521000,111.663,311.122,-58.030,-58.030
693.535974,111.663,310.888,-57.795,-58.030
693.604999,111.429,310.888,-57.795,-58.030
693.704999,111.663,310.888,-57.795,-57.795
693.804999,111.663,311.122,-58.030,-58.030
693.904999,111.663,310.888,-58.030,-58.264
694.004999,111.663,310.888,-58.030,-58.030
694.104999,111.663,310.888,-57.795,-58.030
694.204999,111.663,310.888,-58.030,-58.030
694.304999,111.663,311.122,-57.795,-57.795
694.520000,111.663,311.122,-57.795,-57.795
694.534974,111.663,311.122,-57.795,-58.030
694.604999,111.663,310.888,-57.795,-58.030
694.704999,111.429,311.122,-57.795,-58.030
694.804999,111.663,310.888,-57.795,-58.264
694.904999,111.663,311.122,-58.030,-58.030
695.004999,111.663,311.122,-58.030,-58.030
695.104999,111.429,310.888,-58.030,-57.795
695.204999,111.429,310.888,-57.795,-58.030
695.304999,111.429,310.888,-57.795,-57.795
695.521000,111.663,310.888,-57.795,-58.030
695.535974,111.663,311.122,-57.795,-58.030
695.604999,111.663,311.122,-57.795,-57.795
695.704999,111.429,310.888,-57.795,-58.264
695.804999,111.663,310.888,-57.795,-57.795
695.904999,111.429,311.122,-57.795,-58.030
696.004999,111.194,311.122,-57.795,-58.030
696.104999,111.663,311.122,-58.030,-58.030
696.204999,111.663,310.888,-57.795,-57.795
696.304999,111.429,310.888,-58.030,-58.030
696.521000,111.429,311.122,-58.030,-57.795
696.535974,111.663,311.122,-57.795,-57.795
696.604999,111.429,310.888,-58.030,-58.030
696.704999,111.663,310.888,-57.795,-58.030
696.804999,111.429,310.888,-58.030,-58.030
696.904999,111.429,310.888,-58.030,-57.795
697.004999,111.663,311.122,-58.030,-58.030
697.104999,111.429,310.888,-57.795,-58.030
697.204999,111.663,310.888,-57.795,-58.030
697.304999,111.194,310.888,-57.795,-58.030
697.521000,111.194,310.888,-57.561,-58.264
697.535974,111.663,311.122,-57.795,-58.030
697.604999,111.663,310.888,-57.795,-58.030
697.704999,111.429,310.888,-57.795,-58.030
697.804999,111.429,311.122,-58.030,-57.795
697.904999,111.429,310.888,-57.561,-58.030
698.004999,111.429,311.122,-57.795,-58.030
698.104999,111.429,310.888,-57.795,-58.030
698.204999,111.429,311.122,-58.030,-58.030
698.304999,111.429,310.888,-58.030,-58.030
698.521000,111.429,311.122,-58.030,-58.030
698.535974,111.429,311.122,-58.030,-58.030
698.604999,111.663,310.888,-57.795,-58.030
698.704999,111.663,311.122,-57.795,-57.795
698.804999,111.429,311.122,-58.030,-58.030
698.904999,111.429,311.122,-58.030,-57.795
699.004999,111.429,311.122,-58.030,-57.795
699.104999,111.429,310.888,-58.030,-58.030
699.204999,111.429,311.122,-58.030,-58.030
699.304999,111.429,311.122,-58.030,-58.030
699.521000,111.663,310.888,-58.030,-58.030
699.535974,111.663,310.888,-57.795,-58.030
699.604999,111.663,311.122,-57.795,-57.795
699.704999,111.429,311.122,-57.795,-57.795
699.804999,111.663,311.122,-57.795,-58.030
699.904999,111.429,310.888,-57.795,-57.795
700.004999,111.429,311.122,-58.030,-58.030
700.104999,111.429,311.357,-57.795,-58.030
700.204999,111.429,310.888,-57.795,-58.030
700.304999,111.429,310.888,-58.030,-57.795
700.521000,111.194,310.888,-57.795,-58.030
700.535974,111.429,311.357,-57.795,-58.030
700.604999,111.429,310.888,-57.795,-58.030
700.704999,111.429,311.122,-57.795,-58.030
700.804999,111.429,310.888,-57.795,-58.030
700.904999,111.429,311.122,-57.795,-58.030
701.004999,111.429,311.122,-57.561,-57.795
701.104999,111.429,311.122,-58.030,-58.030
701.204999,111.429,310.888,-58.030,-58.030
701.304999,111.429,310.888,-57.795,-58.030
701.521000,111.663,310.888,-57.795,-58.030
701.535974,111.194,311.122,-57.795,-58.264
701.604999,111.194,310.888,-58.030,-58.030
701.704999,111.429,311.122,-57.795,-58.030
701.804999,111.429,310.888,-57.795,-58.030
701.904999,111.429,310.888,-57.561,-58.030
702.004999,111.429,311.122,-57.795,-58.030
702.104999,111.429,311.122,-58.030,-58.264
702.204999,111.429,310.888,-58.030,-57.795
702.304999,111.429,310.888,-57.795,-57.795
702.520000,111.429,311.122,-57.795,-58.030
702.534974,111.194,310.888,-57.795,-58.030
702.604999,111.663,310.888,-57.795,-57.795
702.704999,111.429,311.122,-57.795,-58.030
702.804999,111.429,311.122,-57.795,-57.795
702.904999,111.429,311.122,-58.030,-57.795
703.004999,111.429,310.888,-57.795,-58.030
703.104999,111.429,310.888,-57.795,-58.030
703.204999,111.429,311.122,-58.030,-58.030
703.304999,111.429,310.888,-57.795,-58.030
703.521000,111.429,310.888,-58.030,-58.030
703.535974,111.194,310.888,-57.795,-58.030
703.604999,111.194,310.888,-58.030,-58.030
703.704999,111.663,311.122,-57.795,-57.795
703.804999,111.429,310.888,-57.795,-58.264
703.904999,111.429,310.888,-57.795,-57.795
704.004999,111.429,311.122,-57.795,-58.030
704.104999,111.429,311.122,-57.795,-58.264
704.204999,111.429,311.122,-57.795,-58.030
704.304999,111.429,310.888,-57.795,-58.030
704.521000,111.429,311.122,-57.795,-58.030
704.535974,111.429,311.122,-57.795,-58.030
704.604999,111.429,311.122,-58.030,-58.030
704.704999,111.429,311.122,-57.795,-58.030
704.804999,111.194,310.888,-58.030,-57.795
704.904999,111.429,311.122,-57.795,-57.795
705.004999,111.194,310.888,-57.795,-57.795
705.104999,111.194,310.888,-57.795,-58.030
705.204999,111.194,310.888,-57.795,-57.795
705.304999,111.429,311.122,-58.030,-58.030
705.521000,111.429,311.122,-57.561,-58.030
705.535974,111.663,310.888,-57.795,-58.030
705.604999,111.663,311.122,-57.795,-57.795
705.704999,111.194,311.122,-58.030,-58.030
705.804999,111.429,310.888,-58.030,-58.030
705.904999,111.429,310.888,-57.795,-58.030
706.004999,111.429,311.122,-58.030,-58.030
706.104999,111.194,310.888,-57.795,-57.795
706.204999,111.429,311.122,-58.030,-57.795
706.304999,111.429,311.122,-58.030,-58.030
706.521000,111.194,311.122,-57.795,-58.030
706.535974,111.429,311.122,-57.795,-58.030
706.604999,111.429,311.122,-58.030,-58.030
706.704999,111.429,311.122,-57.795,-57.795
706.804999,111.194,311.122,-58.030,-58.030
706.904999,111.429,311.122,-57.795,-58.030
707.004999,111.194,310.654,-57.795,-57.795
707.104999,111.429,310.888,-57.795,-58.030
707.204999,111.429,311.122,-57.795,-58.030
707.304999,111.194,311.122,-57.795,-58.030
707.520000,111.429,310.654,-57.795,-58.030
707.534974,111.194,310.888,-57.795,-58.030
707.604999,111.194,310.888,-58.030,-57.795
707.704999,111.429,310.888,-57.795,-57.795
707.804999,111.429,310.888,-58.030,-58.030
707.904999,111.429,311.122,-58.030,-58.030
708.004999,111.194,311.122,-57.561,-57.795
708.104999,111.429,310.888,-58.030,-58.030
708.204999,111.429,311.122,-58.030,-58.030
708.304999,111.194,310.888,-58.030,-57.795
708.521000,111.429,311.122,-57.795,-58.030
708.535974,111.429,311.122,-58.030,-58.030
708.604999,111.194,311.122,-57.795,-57.795
708.704999,111.194,311.122,-58.030,-58.030
708.804999,111.429,310.888,-57.795,-57.795
708.904999,111.194,310.888,-57.561,-58.030
709.004999,111.429,310.888,-58.030,-58.030
709.104999,111.194,311.122,-58.030,-58.030
709.204999,111.429,311.122,-57.795,-58.030
709.304999,111.194,311.122,-57.795,-58.030
709.521001,111.194,310.888,-57.795,-58.030
709.535974,111.429,310.888,-58.030,-58.030
709.604999,111.194,311.122,-57.795,-57.795
709.704999,111.429,310.888,-57.795,-58.030
709.804999,111.194,311.122,-57.795,-58.030
709.904999,111.194,310.888,-57.795,-58.030
710.004999,111.194,311.357,-57.795,-58.030
710.104999,111.194,310.888,-57.795,-58.030
710.204999,111.194,310.888,-57.795,-58.030
710.304999,111.429,310.888,-57.561,-58.030
710.521001,111.194,311.122,-57.795,-57.795
710.535974,111.194,311.122,-57.795,-58.264
710.604999,111.194,311.122,-57.795,-58.030
710.704999,111.194,311.122,-57.795,-58.030
710.804999,111.429,310.888,-57.561,-58.030
710.904999,111.194,311.122,-57.795,-57.795
711.004999,111.194,311.122,-57.795,-58.030
711.104999,111.194,310.888,-57.795,-57.795
711.204999,111.194,310.888,-57.795,-58.030
711.304999,111.194,310.888,-57.795,-57.795
711.521000,111.429,310.888,-57.795,-58.030
711.535974,111.194,311.122,-57.795,-58.030
711.604999,111.194,311.122,-57.795,-57.795
711.704999,111.194,311.122,-57.795,-57.795
711.804999,111.194,311.122,-58.030,-58.030
711.904999,111.194,311.122,-57.795,-57.795
712.004999,111.194,310.888,-57.795,-58.030
712.104999,111.429,310.888,-57.795,-58.030
712.204999,110.960,311.122,-57.795,-58.030
712.304999,111.429,311.122,-57.795,-57.795
712.521000,111.194,310.888,-57.795,-58.030
712.535974,111.194,310.888,-58.030,-58.030
712.604999,111.194,310.888,-57.795,-57.795
712.704999,110.960,310.888,-57.795,-57.561
712.804999,111.194,311.122,-58.030,-57.795
712.904999,111.429,311.122,-57.795,-58.030
713.004999,111.194,310.888,-57.795,-58.030
713.104999,111.194,310.888,-58.030,-58.030
713.204999,110.960,310.888,-57.795,-58.030
713.304999,111.194,311.122,-57.795,-58.030
713.521001,111.194,310.888,-57.795,-58.030
713.535974,110.960,310.888,-58.030,-58.030
713.604999,111.429,310.888,-57.795,-58.030
713.704999,111.194,311.122,-57.795,-58.030
713.804999,111.194,311.122,-57.795,-58.030
713.904999,111.194,310.888,-57.561,-58.030
714.004999,111.194,310.888,-58.030,-58.030
714.104999,111.194,310.654,-57.795,-58.030
714.204999,111.194,311.122,-58.030,-58.264
714.304999,111.194,311.122,-57.795,-58.030
714.521000,111.194,311.122,-57.795,-57.795
714.535974,111.194,310.888,-57.795,-58.030
714.604999,111.194,311.122,-57.795,-58.030
714.704999,111.194,311.122,-57.795,-57.795
714.804999,111.194,310.888,-57.561,-58.030
714.904999,111.194,311.122,-57.561,-58.030
715.004999,110.960,310.888,-58.030,-58.030
715.104999,111.194,310.888,-57.795,-58.264
715.204999,110.960,311.122,-57.795,-58.030
715.304999,110.960,311.122,-57.795,-58.030
715.520000,110.960,311.122,-58.030,-58.264
715.534974,111.194,310.888,-57.795,-57.795
715.604999,110.960,310.888,-57.795,-58.030
715.704999,111.194,310.888,-57.795,-57.795
715.804999,111.194,310.888,-57.795,-58.030
715.904999,111.194,310.888,-57.795,-57.795
716.004999,111.194,310.888,-58.030,-58.030
716.104999,111.429,310.888,-57.795,-57.795
716.204999,111.194,310.888,-57.795,-58.030
716.304999,111.194,311.122,-57.795,-58.030
716.521000,111.194,311.122,-57.795,-58.030
716.535974,111.194,310.888,-57.795,-57.795
716.604999,111.194,310.888,-57.795,-58.030
716.704999,111.194,311.122,-57.795,-58.030
716.804999,110.960,311.122,-57.795,-58.030
716.904999,111.194,311.122,-57.795,-58.264
717.004999,111.194,310.888,-57.795,-58.030
717.104999,110.960,310.888,-58.030,-58.030
717.204999,110.960,310.888,-57.795,-58.030
717.304999,111.194,310.888,-57.795,-58.030
717.521000,111.194,310.888,-57.795,-58.030
717.535974,111.194,310.888,-57.795,-58.030
717.604999,111.194,310.888,-57.795,-58.030
717.704999,110.960,311.122,-57.795,-58.030
717.804999,110.960,311.122,-57.795,-58.030
717.904999,110.960,311.122,-57.795,-58.030
718.004999,110.960,310.888,-57.795,-58.030
718.104999,111.194,311.122,-57.795,-58.030
718.204999,110.960,311.122,-57.795,-58.030
718.304999,110.960,310.888,-57.795,-58.030
718.521001,110.960,310.888,-57.795,-57.795
718.535974,110.960,310.888,-57.795,-58.030
718.604999,110.960,310.888,-57.795,-58.264
718.704999,111.194,311.122,-57.795,-58.030
718.804999,111.194,310.888,-57.795,-58.030
718.904999,111.194,310.888,-57.561,-58.030
719.004999,111.194,310.888,-57.795,-57.795
719.104999,111.194,310.888,-57.795,-57.795
719.204999,110.960,310.888,-57.795,-58.030
719.304999,111.194,311.122,-57.795,-58.030
719.521000,110.960,310.888,-58.030,-58.030
719.535974,111.194,311.122,-57.795,-58.030
719.604999,110.960,311.122,-57.795,-58.030
719.704999,110.960,310.888,-57.795,-58.030
719.804999,110.960,310.654,-58.030,-58.030
719.904999,110.960,310.888,-57.795,-57.795
720.004999,110.960,311.122,-57.795,-58.030
720.104999,111.194,310.888,-57.795,-57.795
720.204999,111.194,310.888,-57.795,-58.030
720.304999,110.960,311.122,-58.030,-57.561
720.520000,111.194,311.122,-57.795,-58.030
720.534974,111.194,311.122,-58.030,-57.795
720.604999,111.194,310.888,-57.561,-58.030
720.704999,110.960,310.888,-57.795,-58.030
720.804999,110.960,311.122,-57.795,-57.795
720.904999,110.960,310.888,-58.030,-58.030
721.004999,111.194,310.888,-57.795,-58.030
721.104999,110.960,311.122,-57.795,-58.030
721.204999,111.194,310.888,-57.795,-58.030
721.304999,111.194,310.888,-57.795,-57.795
721.521000,110.960,311.122,-57.795,-57.795
721.535974,110.960,310.888,-57.795,-58.030
721.604999,111.194,311.122,-57.795,-58.264
721.704999,110.960,311.122,-57.795,-58.030
721.804999,110.960,311.122,-57.795,-58.030
721.904999,111.194,310.888,-57.795,-58.030
722.004999,110.960,310.888,-57.795,-58.030
722.104999,111.194,310.888,-57.795,-58.030
722.204999,110.960,310.888,-58.030,-57.795
722.304999,110.960,311.122,-57.795,-57.795
722.521000,110.960,310.888,-57.795,-58.030
722.535974,111.194,310.888,-57.795,-58.030
722.604999,111.194,310.888,-57.795,-57.795
722.704999,110.960,310.888,-57.795,-58.030
722.804999,111.194,310.654,-58.030,-57.795
722.904999,110.960,310.888,-57.795,-57.795
723.004999,111.194,311.122,-57.561,-58.030
723.104999,111.194,310.888,-57.795,-57.795
723.204999,111.194,311.122,-57.561,-57.795
723.304999,110.960,310.654,-58.264,-58.264
723.521000,111.194,310.888,-57.795,-57.795
723.535974,111.194,310.888,-58.030,-57.795
723.604999,111.194,310.888,-57.795,-58.030
723.704999,110.726,310.888,-57.795,-57.795
723.804999,111.194,311.122,-57.795,-58.030
723.904999,110.960,310.888,-57.561,-57.795
724.004999,111.194,311.122,-57.795,-58.030
724.104999,110.960,310.888,-58.030,-57.795
724.204999,110.960,311.122,-57.795,-58.030
724.304999,110.960,310.888,-57.795,-58.030
724.521000,111.194,310.888,-58.030,-57.795
724.535974,110.960,310.888,-57.795,-58.030
724.604999,110.960,310.888,-57.795,-57.795
724.704999,110.960,310.888,-57.795,-58.030
724.804999,110.960,310.888,-57.795,-58.030
724.904999,110.960,310.888,-57.795,-58.030
725.004999,110.960,310.888,-57.561,-58.030
725.104999,110.960,310.888,-58.030,-58.030
725.204999,110.960,311.122,-57.795,-57.795
725.304999,110.960,310.888,-58.030,-57.795
725.521000,110.960,310.888,-57.795,-58.030
725.535974,110.960,310.888,-57.795,-57.795
725.604999,110.960,310.888,-57.795,-58.030
725.704999,110.960,310.888,-57.795,-58.030
725.804999,110.960,310.888,-57.795,-58.030
725.904999,110.960,310.888,-57.795,-57.795
726.004999,110.960,311.122,-57.795,-58.030
726.104999,110.726,310.888,-57.795,-58.030
726.204999,110.960,310.888,-57.561,-58.030
726.304999,110.960,311.122,-57.795,-57.795
726.521001,110.960,311.122,-57.795,-58.030
726.535974,110.960,310.888,-57.795,-58.030
726.604999,110.726,310.888,-57.795,-58.030
726.704999,111.194,310.888,-57.795,-57.795
726.804999,110.960,310.888,-58.030,-58.030
726.904999,111.194,310.888,-58.030,-58.030
727.004999,110.960,311.122,-58.030,-57.795
727.104999,110.960,310.888,-58.030,-57.795
727.204999,110.960,310.888,-57.795,-57.795
727.304999,110.960,310.888,-58.030,-58.030
727.521000,110.960,310.654,-57.795,-57.795
727.535974,110.726,310.888,-58.030,-57.795
727.604999,111.194,311.122,-57.795,-58.030
727.704999,110.960,310.888,-57.795,-58.030
727.804999,110.960,310.888,-58.030,-58.030
727.904999,110.726,311.122,-58.030,-58.030
728.004999,111.194,310.888,-57.795,-58.030
728.104999,110.960,310.888,-57.795,-58.030
728.204999,110.960,311.122,-57.795,-58.030
728.304999,110.726,311.122,-57.561,-58.030
728.520001,110.960,310.888,-57.795,-58.030
728.534974,110.960,310.888,-57.795,-57.795
728.604999,110.726,311.122,-57.795,-57.795
728.704999,110.960,311.122,-57.795,-58.030
728.804999,110.726,311.122,-57.795,-57.795
728.904999,110.960,311.122,-57.795,-57.795
729.004999,111.194,310.888,-57.795,-58.030
729.104999,110.960,310.888,-58.030,-58.030
729.204999,110.726,310.888,-57.795,-57.561
729.304999,110.960,310.888,-57.795,-58.030
729.521000,110.960,310.888,-57.795,-57.795
729.535974,110.726,310.888,-57.561,-58.030
729.604999,110.960,311.122,-57.795,-58.030
729.704999,110.960,310.888,-58.030,-58.030
729.804999,110.960,310.888,-57.795,-58.030
729.904999,110.960,310.888,-57.795,-57.795
730.004999,110.960,311.122,-58.030,-57.795
730.104999,110.960,310.888,-57.795,-58.030
730.204999,110.960,310.888,-57.795,-58.030
730.304999,110.960,310.888,-58.030,-57.795
730.521000,110.726,310.888,-57.795,-58.030
730.535974,110.960,310.888,-57.795,-58.030
730.604999,110.960,311.122,-57.561,-58.030
730.704999,110.726,310.888,-57.795,-57.795
730.804999,110.726,310.888,-58.030,-58.030
730.904999,110.726,310.888,-57.795,-57.795
731.004999,110.726,311.122,-57.795,-57.795
731.104999,110.960,310.888,-57.795,-58.264
731.204999,110.960,310.888,-58.030,-58.030
731.304999,110.960,310.888,-57.795,-58.030
731.521000,110.726,311.122,-57.795,-57.795
731.535974,110.960,311.122,-57.795,-57.795
731.604999,110.726,310.888,-57.795,-58.030
731.704999,110.726,310.888,-57.795,-57.795
731.804999,111.194,310.888,-57.795,-58.030
731.904999,110.960,310.888,-57.795,-57.795
732.004999,111.194,310.888,-57.795,-58.030
732.104999,110.960,311.122,-58.030,-58.030
732.204999,110.726,310.888,-57.795,-57.795
732.304999,110.960,310.888,-58.030,-57.795
732.521000,110.960,310.888,-57.795,-58.030
732.535974,110.960,310.888,-57.795,-58.030
732.604999,110.960,311.122,-57.795,-57.795
732.704999,110.960,310.888,-58.030,-57.795
732.804999,110.960,311.122,-57.795,-58.030
732.904999,110.726,310.888,-58.030,-57.795
733.004999,110.960,310.888,-57.795,-57.795
733.104999,110.960,310.888,-58.030,-58.264
733.204999,110.960,310.888,-57.561,-57.795
733.304999,110.960,311.122,-58.030,-58.030
733.520000,110.960,310.888,-57.795,-58.030
733.534974,110.960,310.888,-57.561,-58.030
733.604999,110.960,311.122,-58.030,-57.795
733.704999,110.726,310.888,-57.795,-58.030
733.804999,110.960,310.888,-58.030,-58.030
733.904999,110.726,310.888,-57.795,-58.030
734.004999,110.960,310.888,-57.795,-58.030
734.104999,110.726,310.888,-58.030,-58.030
734.204999,110.960,310.888,-57.795,-58.030
734.304999,110.726,310.888,-57.795,-58.030
734.521000,110.960,311.122,-57.561,-57.795
734.535974,110.726,310.888,-57.795,-58.030
734.604999,110.726,311.122,-58.030,-57.795
734.704999,110.726,310.888,-57.561,-58.030
734.804999,110.726,310.888,-57.795,-58.030
734.904999,110.960,310.888,-57.795,-58.030
735.004999,110.960,310.888,-57.795,-57.795
735.104999,110.960,310.888,-57.795,-58.030
735.204999,110.960,311.122,-57.795,-58.030
735.304999,110.960,310.888,-57.795,-58.030
735.521000,110.726,310.888,-57.795,-57.795
735.535974,110.726,311.122,-57.561,-57.795
735.604999,110.960,310.888,-57.795,-57.795
735.704999,110.726,311.122,-57.795,-57.795
735.804999,110.960,310.888,-57.795,-57.795
735.904999,110.726,310.888,-57.795,-58.030
736.004999,110.960,310.888,-57.795,-58.030
736.104999,110.726,311.122,-57.795,-57.795
736.204999,110.726,310.888,-57.795,-58.030
736.304999,110.726,311.122,-57.795,-58.030
736.521000,110.960,310.654,-57.795,-58.030
736.535974,110.726,310.888,-57.795,-58.030
736.604999,110.726,310.654,-57.795,-58.030
736.704999,110.726,310.888,-57.795,-57.795
736.804999,110.726,311.122,-57.795,-58.030
736.904999,110.960,310.888,-57.795,-58.030
737.004999,110.960,310.888,-57.795,-58.030
737.104999,110.726,310.888,-57.795,-57.795
737.204999,110.726,310.888,-57.795,-57.795
737.304999,110.726,311.122,-57.795,-57.795
737.521000,110.726,311.122,-57.795,-57.795
737.535974,110.726,310.888,-57.795,-57.795
737.604999,110.726,310.888,-57.795,-57.795
737.704999,110.726,310.888,-57.795,-57.795
737.804999,110.726,310.888,-58.030,-57.795
737.904999,110.726,310.888,-58.030,-58.030
738.004999,110.726,310.888,-58.030,-58.030
738.104999,110.960,311.122,-57.795,-58.030
738.204999,110.491,310.888,-57.795,-58.030
738.304999,110.491,310.888,-57.795,-58.030
738.521000,110.726,310.888,-57.795,-57.795
738.535974,110.960,310.888,-57.795,-58.030
738.604999,110.726,310.888,-58.030,-58.030
738.704999,110.491,310.888,-57.795,-58.030
738.804999,110.726,310.888,-57.795,-58.030
738.904999,110.726,311.122,-58.030,-57.795
739.004999,110.491,311.122,-57.795,-58.030
739.104999,110.726,310.888,-57.795,-58.030
739.204999,110.726,311.122,-57.795,-57.795
739.304999,110.726,310.888,-57.795,-57.795
739.521000,110.491,310.888,-57.795,-58.030
739.542730,110.491,310.888,-57.795,-58.030
739.604999,110.491,310.888,-57.795,-58.030
739.704999,110.491,311.122,-57.795,-58.030
739.804999,110.960,310.888,-57.795,-58.030
739.904999,110.726,310.888,-57.795,-57.795
740.004999,110.726,310.888,-57.795,-57.795
740.104999,110.726,310.888,-57.795,-58.030
740.204999,110.960,310.888,-57.795,-58.030
740.304999,110.960,310.888,-57.795,-58.030
740.521000,110.960,311.122,-58.030,-57.795
740.535974,110.726,310.888,-57.795,-58.030
740.604999,110.726,311.122,-58.030,-58.030
740.704999,110.726,311.122,-58.030,-58.030
740.804999,110.726,310.888,-57.795,-57.795
740.904999,110.726,310.888,-58.030,-58.030
741.004999,110.491,310.888,-58.030,-58.030
741.104999,110.726,310.888,-57.795,-58.030
741.204999,110.726,310.888,-57.795,-58.030
741.304999,110.491,311.122,-57.795,-58.264
741.520000,110.726,310.888,-58.030,-58.030
741.534974,110.491,311.122,-58.030,-58.030
741.604999,110.726,311.122,-57.795,-57.795
741.704999,110.491,310.888,-57.795,-57.795
741.804999,110.491,310.654,-57.561,-57.795
741.904999,110.726,310.888,-57.795,-57.795
742.004999,110.491,310.888,-57.795,-58.030
742.104999,110.491,310.888,-57.795,-57.795
742.204999,110.726,311.122,-57.795,-57.795
742.304999,110.726,310.888,-58.030,-57.795
742.521000,110.726,310.888,-58.030,-57.795
742.535974,110.960,310.888,-58.030,-57.795
742.604999,110.726,310.888,-58.030,-58.030
742.704999,110.726,310.888,-57.795,-58.030
742.804999,110.726,311.122,-57.795,-58.030
742.904999,110.726,310.888,-57.795,-58.030
743.004999,110.491,311.122,-58.030,-57.795
743.104999,110.726,310.888,-57.795,-58.030
743.204999,110.491,310.888,-57.795,-57.795
743.304999,110.960,310.888,-58.030,-58.030
743.521000,110.491,310.888,-57.795,-58.030
743.535974,110.491,310.888,-57.795,-58.030
743.604999,110.491,310.888,-57.795,-57.795
743.704999,110.726,310.888,-58.030,-57.795
743.804999,110.491,310.888,-57.795,-58.030
743.904999,110.491,310.888,-57.795,-58.030
744.004999,110.726,310.888,-57.795,-58.030
744.104999,110.726,311.122,-57.795,-57.795
744.204999,110.726,311.122,-57.795,-58.030
744.304999,110.491,310.888,-57.795,-58.030
744.521000,110.491,311.122,-57.795,-57.795
744.535974,110.491,310.888,-58.030,-58.030
744.604999,110.491,310.888,-57.795,-58.030
744.704999,110.726,310.888,-57.795,-57.795
744.804999,110.491,310.888,-57.795,-58.030
744.904999,110.726,310.888,-58.030,-58.030
745.004999,110.726,310.888,-57.795,-58.030
745.104999,110.726,310.888,-58.030,-58.264
745.204999,110.726,310.888,-58.030,-58.030
745.304999,110.491,310.888,-57.795,-57.795
745.521000,110.726,310.888,-57.795,-57.795
745.535974,110.491,311.122,-57.795,-57.795
745.604999,110.491,311.122,-57.795,-58.030
745.704999,110.726,310.888,-58.030,-58.030
745.804999,110.491,310.888,-57.795,-58.030
745.904999,110.491,310.888,-58.030,-58.030
746.004999,110.726,310.888,-57.561,-57.795
746.104999,110.726,310.888,-58.030,-57.795
746.204999,110.726,310.888,-57.795,-58.030
746.304999,110.726,310.888,-57.795,-58.030
746.520000,110.726,310.888,-57.795,-58.030
746.534974,110.726,310.888,-57.795,-57.795
746.604999,110.726,310.888,-57.795,-58.030
746.704999,110.491,310.888,-57.795,-58.030
746.804999,110.726,310.888,-57.795,-57.795
746.904999,110.491,310.888,-58.030,-58.030
747.004999,110.491,310.888,-57.795,-57.795
747.104999,110.726,310.888,-57.795,-57.795
747.204999,110.491,310.654,-57.795,-58.030
747.304999,110.726,311.122,-57.795,-58.030
747.521000,110.491,310.888,-58.030,-58.030
747.535974,110.257,310.888,-58.030,-57.795
747.604999,110.491,310.888,-58.030,-58.030
747.704999,110.491,310.888,-58.030,-58.264
747.804999,110.726,311.122,-58.030,-57.795
747.904999,110.726,310.888,-57.795,-57.795
748.004999,110.491,311.122,-57.795,-58.030
748.104999,110.491,310.888,-57.795,-58.030
748.204999,110.726,310.888,-57.795,-58.030
748.304999,110.726,310.888,-57.795,-58.030
748.521000,110.726,310.654,-58.030,-58.030
748.535974,110.491,310.888,-58.030,-58.030
748.604999,110.491,310.888,-57.795,-58.030
748.704999,110.491,310.888,-57.795,-57.795
748.804999,110.726,310.888,-58.030,-58.030
748.904999,110.726,311.122,-57.795,-58.030
749.004999,110.491,310.888,-58.030,-57.795
749.104999,110.726,310.888,-57.795,-58.030
749.204999,110.726,310.888,-58.030,-58.030
749.304999,110.491,311.122,-57.795,-58.030
749.521000,110.491,310.654,-57.795,-57.795
749.535974,110.257,310.888,-57.795,-57.795
749.604999,110.491,310.888,-57.795,-58.030
749.704999,110.726,311.122,-58.030,-57.795
749.804999,110.491,310.888,-58.030,-57.795
749.904999,110.491,310.888,-57.795,-58.264
750.004999,110.491,310.888,-58.030,-58.264
750.104999,110.491,310.888,-57.795,-58.030
750.204999,110.491,310.888,-57.795,-58.030
750.304999,110.726,310.654,-58.030,-58.030
750.521000,110.491,311.122,-57.795,-58.030
750.535974,110.726,311.122,-57.795,-58.264
750.604999,110.491,310.888,-58.030,-58.030
750.704999,110.726,310.888,-57.795,-58.030
750.804999,110.491,311.122,-57.561,-57.795
750.904999,110.726,310.888,-57.795,-57.795
751.004999,110.491,310.888,-57.795,-57.795
751.104999,110.491,310.888,-58.030,-58.030
751.204999,110.257,310.888,-58.030,-58.030
751.304999,110.491,310.888,-57.795,-57.795
751.521000,110.491,311.122,-58.030,-57.795
751.535974,110.491,310.888,-57.795,-58.030
751.604999,110.491,311.122,-57.795,-58.030
751.704999,110.491,311.122,-57.795,-58.030
751.804999,110.491,310.888,-57.795,-58.030
751.904999,110.491,311.122,-58.030,-58.030
752.004999,110.491,310.888,-57.795,-58.030
752.104999,110.491,310.654,-57.795,-58.030
752.204999,110.726,310.888,-57.795,-58.030
752.304999,110.491,310.888,-57.795,-58.030
752.521000,110.491,310.888,-57.795,-57.795
752.535974,110.491,310.888,-58.030,-58.030
752.604999,110.491,310.654,-57.795,-58.030
752.704999,110.491,310.888,-57.795,-57.795
752.804999,110.491,310.888,-57.795,-58.030
752.904999,110.491,310.888,-58.030,-57.795
753.004999,110.491,310.888,-57.795,-57.795
753.104999,110.491,311.122,-57.795,-57.795
753.204999,110.257,310.888,-58.030,-58.030
753.304999,110.491,310.654,-57.795,-58.030
753.521000,110.491,310.888,-57.795,-58.030
753.535974,110.491,310.888,-57.795,-58.030
753.604999,110.726,310.654,-57.795,-57.795
753.704999,110.491,310.654,-57.795,-57.795
753.804999,110.491,310.888,-57.795,-57.795
753.904999,110.257,310.888,-58.030,-58.030
754.004999,110.491,310.888,-58.030,-57.795
754.104999,110.257,311.122,-57.795,-57.795
754.204999,110.491,310.888,-57.795,-57.795
754.304999,110.491,311.122,-58.030,-58.030
754.520000,110.726,310.888,-58.030,-58.030
754.534974,110.491,310.888,-57.795,-57.795
754.604999,110.257,310.888,-57.795,-58.030
754.704999,110.726,311.122,-57.795,-58.030
754.804999,110.491,310.888,-57.795,-58.264
754.904999,110.491,310.888,-57.795,-58.030
755.004999,110.726,310.654,-57.795,-58.030
755.104999,110.491,310.888,-58.030,-58.030
755.204999,110.257,310.888,-58.030,-58.030
755.304999,110.257,310.654,-57.795,-57.795
755.521000,110.491,311.122,-57.795,-58.030
755.535974,110.491,310.888,-57.795,-58.030
755.604999,110.726,310.888,-57.795,-58.030
755.704999,110.491,311.122,-57.795,-57.795
755.804999,110.257,310.888,-57.795,-58.030
755.904999,110.491,311.122,-58.030,-58.030
756.004999,110.257,310.654,-57.795,-57.795
756.104999,110.491,311.122,-57.795,-57.795
756.204999,110.491,310.888,-57.795,-58.030
756.304999,110.491,310.888,-57.795,-57.795
756.521000,110.491,310.888,-57.795,-58.030
756.535974,110.726,310.888,-58.030,-58.030
756.604999,110.491,310.888,-57.795,-57.795
756.704999,110.491,310.654,-57.795,-57.795
756.804999,110.257,311.122,-57.795,-58.030
756.904999,110.257,311.122,-57.795,-58.030
757.004999,110.257,311.122,-57.795,-58.030
757.104999,110.257,310.888,-57.795,-57.795
757.204999,110.491,311.122,-58.030,-58.030
757.304999,110.257,310.888,-57.795,-57.795
757.521000,110.491,310.888,-57.795,-57.795
757.535974,110.257,311.122,-57.795,-58.030
757.604999,110.257,310.654,-57.795,-58.030
757.704999,110.257,311.122,-57.795,-58.030
757.804999,110.491,310.888,-57.795,-58.030
757.904999,110.491,311.122,-58.030,-58.030
758.004999,110.491,310.888,-58.030,-58.030
758.104999,110.257,310.888,-57.795,-58.030
758.204999,110.491,310.888,-57.795,-57.795
758.304999,110.491,310.888,-58.030,-58.030
758.521000,110.257,311.122,-57.795,-57.795
758.535974,110.257,310.888,-58.030,-57.795
758.604999,110.257,310.888,-57.795,-57.795
758.704999,110.491,311.122,-58.030,-58.030
758.804999,110.257,311.122,-57.795,-57.795
758.904999,110.257,310.888,-57.795,-58.030
759.004999,110.491,310.888,-57.795,-57.795
759.104999,110.491,311.122,-57.795,-58.030
759.204999,110.257,310.654,-58.030,-58.030
759.304999,110.257,310.888,-57.795,-58.030
759.520000,110.257,311.122,-58.030,-57.795
759.534974,110.491,310.888,-57.795,-57.795
759.604999,110.491,310.888,-58.030,-57.795
759.704999,110.257,310.888,-57.795,-58.030
759.804999,110.491,310.888,-57.795,-58.030
759.904999,110.491,310.888,-57.795,-58.030
760.004999,110.257,311.122,-58.030,-57.795
760.104999,110.257,310.888,-57.795,-58.030
760.204999,110.726,311.122,-57.795,-58.030
760.304999,110.257,310.888,-57.795,-58.030
760.521000,110.257,311.122,-58.030,-57.795
760.535974,110.257,311.122,-57.795,-57.795
760.604999,110.257,310.888,-57.795,-58.030
760.704999,110.257,310.888,-57.561,-58.030
760.804999,110.491,310.888,-57.795,-58.030
760.904999,110.257,310.654,-57.795,-58.030
761.004999,110.257,311.122,-57.795,-58.030
761.104999,110.491,310.888,-57.795,-57.795
761.204999,110.257,310.888,-57.795,-57.795
761.304999,110.257,310.888,-57.795,-58.030
761.521000,110.491,310.888,-57.795,-58.030
761.535974,110.257,310.888,-57.795,-58.030
761.604999,110.257,310.888,-57.795,-58.030
761.704999,110.491,311.122,-58.030,-58.030
761.804999,110.491,310.888,-58.030,-58.030
761.904999,110.491,310.888,-57.795,-58.030
762.004999,110.491,310.888,-57.795,-57.795
762.104999,110.257,311.122,-57.561,-58.030
762.204999,110.491,311.122,-57.795,-57.795
762.304999,110.257,310.888,-58.030,-57.795
762.521000,110.257,310.888,-57.795,-57.795
762.535974,110.491,310.888,-57.795,-57.795
762.604999,110.257,310.654,-57.795,-57.795
762.704999,110.491,310.888,-58.030,-58.030
762.804999,110.491,310.888,-57.795,-57.795
762.904999,110.491,310.888,-57.795,-58.030
763.004999,110.491,310.888,-57.795,-58.030
763.104999,110.257,310.888,-57.795,-58.030
763.204999,110.257,310.888,-57.795,-57.795
763.304999,110.257,310.888,-57.795,-57.795
763.521000,110.257,310.654,-57.795,-57.795
763.535974,110.022,310.654,-57.795,-58.030
763.604999,110.257,310.654,-57.795,-58.030
763.704999,110.257,310.888,-57.795,-58.030
763.804999,110.257,310.888,-57.795,-58.030
763.904999,110.257,310.888,-57.795,-58.030
764.004999,110.257,310.888,-57.795,-58.030
764.104999,110.257,310.888,-57.795,-58.030
764.204999,110.491,310.888,-57.795,-58.030
764.304999,110.257,310.888,-57.561,-58.030
764.521000,110.491,310.888,-57.795,-58.030
764.535974,110.257,310.888,-57.795,-58.030
764.604999,110.257,310.888,-58.030,-57.795
764.704999,110.257,310.888,-57.795,-58.030
764.804999,110.257,310.888,-57.795,-58.030
764.904999,110.257,311.122,-57.795,-58.030
765.004999,110.257,310.888,-57.795,-58.030
765.104999,110.257,310.888,-58.030,-57.795
765.204999,110.491,310.888,-57.795,-58.030
765.304999,110.257,310.888,-57.795,-57.795
765.521000,110.257,311.122,-57.795,-58.030
765.535974,110.491,310.888,-57.795,-57.795
765.604999,110.257,310.888,-57.795,-57.795
765.704999,109.788,310.888,-57.795,-57.795
765.804999,110.022,311.122,-57.795,-58.264
765.904999,110.257,310.888,-57.795,-57.795
766.004999,110.257,310.888,-58.030,-58.030
766.104999,110.257,311.122,-57.795,-58.030
766.204999,110.257,310.888,-57.795,-58.030
766.304999,110.257,310.888,-57.795,-58.030
766.521001,110.491,310.888,-57.795,-58.030
766.535974,110.257,311.122,-57.795,-58.030
766.604999,110.491,311.122,-58.030,-58.030
766.704999,110.257,310.888,-58.030,-58.030
766.804999,110.257,310.888,-58.030,-57.795
766.904999,110.257,310.888,-57.795,-57.795
767.004999,110.257,310.888,-57.795,-58.030
767.104999,110.257,310.888,-57.795,-58.030
767.204999,110.257,310.888,-57.795,-57.795
767.304999,110.257,311.122,-58.030,-58.030
767.520000,110.257,310.888,-58.030,-58.030
767.534974,110.022,310.888,-58.030,-58.030
767.604999,110.257,310.654,-57.795,-58.030
767.704999,110.022,310.888,-58.030,-58.030
767.804999,110.257,310.888,-58.030,-58.030
767.904999,110.257,310.888,-58.030,-57.795
768.004999,110.257,310.888,-57.795,-57.795
768.104999,110.257,311.122,-58.030,-58.030
768.204999,110.022,310.888,-57.795,-58.030
768.304999,110.257,310.888,-57.795,-57.795
768.521000,110.257,310.888,-57.795,-57.795
768.535974,110.022,310.888,-57.795,-58.264
768.604999,110.022,310.888,-57.795,-57.795
768.704999,110.257,310.888,-58.030,-57.795
768.804999,110.257,310.888,-58.030,-57.795
768.904999,110.257,310.888,-57.795,-57.795
769.004999,110.257,310.654,-57.795,-58.030
769.104999,110.257,310.888,-57.795,-58.030
769.204999,110.022,310.888,-57.795,-57.795
769.304999,110.257,310.888,-58.030,-57.795
769.521000,110.257,310.888,-57.795,-58.030
769.535974,110.257,310.888,-57.795,-58.030
769.604999,110.022,311.122,-57.795,-57.795
769.704999,110.022,310.654,-57.795,-58.030
769.804999,110.257,310.888,-58.030,-57.795
769.904999,110.257,310.888,-57.795,-57.795
770.004999,110.257,310.888,-57.795,-58.030
770.104999,110.022,310.888,-58.030,-58.030
770.204999,110.257,310.654,-57.795,-57.795
770.304999,110.022,310.888,-57.795,-57.795
770.521000,110.022,310.888,-57.795,-58.030
770.535974,110.257,310.888,-57.561,-58.030
770.604999,110.022,310.888,-57.795,-58.030
770.704999,110.257,311.122,-58.030,-58.030
770.804999,110.022,310.888,-57.795,-57.795
770.904999,110.022,310.888,-58.030,-58.030
771.004999,110.022,311.122,-57.795,-57.795
771.104999,110.257,310.888,-57.795,-58.030
771.204999,110.257,310.888,-58.030,-58.030
771.304999,110.022,310.888,-57.561,-57.795
771.521000,110.022,310.888,-57.795,-58.030
771.535974,110.257,311.122,-57.795,-58.030
771.604999,110.022,310.888,-57.795,-58.030
771.704999,110.022,310.888,-57.795,-58.264
771.804999,110.022,310.888,-57.795,-58.264
771.904999,110.257,310.888,-57.795,-58.030
772.004999,110.257,310.888,-57.795,-58.030
772.104999,110.022,310.654,-57.795,-58.030
772.204999,110.257,310.654,-57.795,-58.030
772.304999,110.257,310.888,-57.795,-58.030
772.520000,110.022,311.122,-57.795,-57.795
772.534974,109.788,310.888,-58.030,-58.030
772.604999,110.022,310.888,-57.795,-58.030
772.704999,110.022,310.654,-57.795,-58.030
772.804999,110.022,310.888,-57.795,-58.030
772.904999,110.257,310.888,-57.795,-58.030
773.004999,110.022,310.888,-57.795,-58.264
773.104999,110.257,310.888,-58.030,-58.030
773.204999,109.788,310.654,-57.795,-57.795
773.304999,110.022,310.654,-57.795,-57.795
773.521000,110.022,310.654,-57.795,-58.030
773.535974,110.022,310.654,-57.795,-58.030
773.604999,110.022,310.888,-58.030,-58.030
773.704999,110.022,310.654,-58.030,-58.030
773.804999,110.022,310.654,-58.030,-58.030
773.904999,110.022,310.654,-58.030,-57.795
774.004999,110.257,310.888,-58.030,-58.030
774.104999,110.022,310.654,-58.030,-58.030
774.204999,110.022,310.654,-57.795,-57.795
774.304999,110.022,310.888,-57.795,-58.030
774.521000,110.022,310.888,-57.795,-58.030
774.535974,109.788,310.654,-57.561,-58.264
774.604999,110.257,310.888,-57.795,-58.030
774.704999,110.257,310.888,-57.795,-57.795
774.804999,110.257,310.888,-57.795,-57.795
774.904999,110.022,310.888,-57.795,-57.795
775.004999,110.022,310.888,-58.030,-57.795
775.104999,110.257,310.888,-57.795,-57.795
775.204999,110.022,310.888,-58.030,-58.030
775.304999,110.022,311.122,-58.030,-57.795
775.521000,110.022,310.654,-57.795,-58.030
775.535974,110.022,310.888,-58.030,-57.795
775.604999,110.022,310.654,-57.795,-57.795
775.704999,110.491,310.888,-57.795,-58.030
775.804999,110.022,310.654,-57.795,-58.030
775.904999,110.022,310.888,-58.030,-58.264
776.004999,110.022,310.888,-57.795,-58.030
776.104999,110.022,310.654,-57.795,-57.795
776.204999,110.022,310.888,-57.795,-58.030
776.304999,110.022,310.654,-57.795,-57.795
776.521000,109.788,310.888,-57.795,-58.030
776.535974,110.022,310.888,-58.030,-58.030
776.604999,110.022,310.888,-57.795,-58.030
776.704999,109.788,310.888,-57.795,-58.030
776.804999,110.022,310.888,-57.795,-57.795
776.904999,110.022,310.888,-58.030,-58.030
777.004999,110.022,310.888,-58.030,-58.030
777.104999,109.788,310.654,-57.795,-57.795
777.204999,110.022,310.888,-57.795,-58.030
777.304999,110.022,310.654,-58.030,-58.030
777.521000,110.022,310.888,-58.030,-57.795
777.535974,110.022,310.654,-57.795,-58.030
777.604999,110.022,310.888,-57.795,-57.795
777.704999,109.788,310.888,-57.795,-58.030
777.804999,110.022,310.888,-58.030,-58.030
777.904999,110.022,310.654,-57.795,-57.795
778.004999,110.257,310.888,-57.795,-58.030
778.104999,110.022,311.122,-57.795,-57.795
778.204999,110.022,310.654,-57.795,-58.030
778.304999,110.022,310.888,-57.795,-57.795
778.521000,110.022,310.888,-57.795,-58.030
778.535974,110.022,310.654,-57.795,-57.795
778.604999,110.022,310.888,-57.795,-58.030
778.704999,110.022,310.888,-58.030,-57.795
778.804999,110.257,310.888,-58.030,-57.795
778.904999,110.257,310.888,-58.030,-58.030
779.004999,109.788,310.888,-57.795,-57.795
779.104999,110.022,296.356,-58.030,-58.030
779.204999,110.022,301.044,-57.795,-58.030
779.304999,110.257,298.466,-57.795,-57.795
779.521000,110.257,300.106,-57.795,-58.030
779.535974,110.022,299.403,-58.030,-57.795
779.604999,109.788,298.700,-58.030,-58.030
779.704999,109.788,296.825,-57.795,-57.795
779.804999,110.022,296.825,-57.795,-58.264
779.904999,110.022,297.997,-57.795,-57.795
780.004999,110.022,298.231,-57.795,-57.795
780.104999,109.788,297.763,-58.030,-58.030
780.204999,109.788,297.763,-57.795,-57.795
780.304999,110.022,297.763,-57.795,-57.795
780.520000,110.022,297.763,-57.795,-58.030
780.534974,109.788,298.231,-58.264,-58.264
780.604999,110.022,298.466,-58.030,-58.030
780.704999,109.788,299.403,-58.030,-58.030
780.804999,110.022,300.575,-57.795,-57.795
780.904999,110.022,301.513,-57.795,-58.030
781.004999,109.788,302.450,-57.795,-57.795
781.104999,110.022,303.622,-57.795,-58.030
781.204999,110.022,305.028,-57.795,-57.795
781.304999,110.022,306.435,-57.795,-58.030
781.521000,109.788,308.075,-57.795,-58.030
781.535974,110.022,308.075,-57.795,-57.795
781.604999,109.788,308.310,-57.561,-58.030
781.704999,110.022,308.544,-57.795,-58.030
781.804999,110.022,308.778,-57.795,-57.795
781.904999,109.788,308.778,-57.795,-58.030
782.004999,110.022,308.778,-57.795,-58.030
782.104999,109.788,309.013,-57.795,-57.795
782.204999,110.022,309.013,-58.030,-58.030
782.304999,110.022,309.247,-57.795,-58.030
782.521001,110.022,309.482,-57.795,-58.030
782.535974,110.022,309.482,-57.795,-58.030
782.604999,110.022,309.247,-58.030,-58.030
782.704999,109.788,309.482,-57.795,-58.030
782.804999,110.022,309.482,-57.795,-57.795
782.904999,110.022,309.482,-58.030,-58.030
783.004999,109.788,309.482,-57.795,-58.264
783.104999,109.788,309.716,-58.030,-58.030
783.204999,110.022,309.482,-58.030,-58.030
783.304999,109.788,309.482,-57.795,-58.030
783.521000,110.022,309.716,-58.030,-57.795
783.535974,110.022,309.716,-57.795,-58.030
783.604999,109.788,309.950,-57.561,-58.030
783.704999,109.788,309.716,-58.030,-57.795
783.804999,110.022,309.482,-58.030,-58.030
783.904999,110.022,309.716,-57.795,-58.030
784.004999,110.022,309.950,-57.795,-58.030
784.104999,109.788,309.716,-57.795,-58.264
784.204999,109.788,309.950,-58.030,-58.030
784.304999,110.022,309.950,-57.795,-58.030
784.521000,110.257,309.716,-57.561,-58.264
784.535974,109.788,309.950,-57.795,-58.030
784.604999,110.022,309.950,-57.795,-57.795
784.704999,109.554,309.716,-57.795,-57.795
784.804999,110.022,309.950,-57.795,-58.030
784.904999,110.022,309.950,-57.795,-57.795
785.004999,109.788,309.950,-58.030,-58.030
785.104999,109.788,309.950,-58.030,-57.795
785.204999,109.788,309.950,-58.030,-58.030
785.304999,109.788,309.950,-57.795,-58.030
785.520000,109.788,309.950,-57.795,-58.030
785.534974,110.022,309.950,-57.795,-57.795
785.604999,109.788,310.185,-57.795,-58.264
785.704999,110.257,310.185,-57.795,-58.030
785.804999,110.022,310.185,-58.030,-57.795
785.904999,110.022,309.950,-58.030,-58.030
786.004999,110.022,309.950,-57.795,-58.030
786.104999,110.022,309.950,-57.795,-58.030
786.204999,110.022,310.185,-57.795,-58.030
786.304999,109.788,310.185,-58.030,-57.795
786.521000,109.788,295.419,-57.795,-55.920
786.535974,109.788,295.184,-57.561,-55.920
786.604999,109.788,294.950,-58.030,34.551
786.704999,110.022,294.012,-57.795,44.864
786.804999,109.788,296.825,-58.030,39.708
786.904999,110.022,297.763,-57.795,33.614
787.004999,109.788,296.825,-57.795,29.864
787.104999,109.788,296.122,-57.561,27.286
787.204999,109.788,295.653,-58.030,24.473
787.304999,109.788,296.122,-57.561,22.364
787.521000,109.788,295.887,-57.795,20.020
787.535974,109.788,295.887,-57.795,19.785
787.604999,109.788,295.419,-57.795,19.317
787.704999,109.788,295.184,-57.795,18.613
787.804999,109.788,296.122,-57.795,17.910
787.904999,109.788,295.419,-58.030,16.973
788.004999,109.788,295.419,-57.795,16.504
788.104999,110.022,295.184,-57.795,16.035
788.204999,109.788,295.653,-57.795,15.566
788.304999,109.554,295.419,-57.795,15.332
788.521000,109.788,295.653,-57.795,15.332
788.535974,109.788,295.887,-58.030,14.863
788.604999,109.788,295.184,-57.795,14.629
788.704999,109.788,295.653,-57.795,14.863
788.804999,110.022,295.419,-57.795,14.160
788.904999,109.788,295.653,-57.795,14.629
789.004999,109.788,295.184,-57.795,13.691
789.104999,109.788,295.653,-58.030,13.457
789.204999,109.788,295.419,-57.795,13.926
789.304999,109.788,295.653,-58.030,13.457
789.521000,109.788,295.419,-58.030,12.988
789.535974,109.788,294.950,-57.795,13.223
789.604999,109.788,296.356,-58.030,12.988
789.704999,109.554,294.950,-57.795,13.223
789.804999,109.788,295.184,-58.030,12.988
789.904999,109.788,295.887,-57.795,12.754
790.004999,109.788,295.419,-57.795,12.285
790.104999,109.788,295.184,-57.795,12.754
790.204999,109.788,295.887,-57.795,12.519
790.304999,109.788,294.950,-57.795,12.285
790.521001,109.788,295.184,-58.030,12.051
790.535974,109.788,294.950,-57.795,12.519
790.604999,109.788,295.184,-57.795,12.285
790.704999,109.788,294.950,-58.030,12.051
790.804999,109.788,295.184,-57.795,11.816
790.904999,109.788,295.887,-58.030,12.285
791.004999,109.554,294.950,-58.030,11.816
791.104999,109.554,294.481,-57.795,12.285
791.204999,109.554,294.481,-58.030,11.816
791.304999,109.788,294.481,-57.795,12.285
791.521000,109.788,294.950,-57.795,11.816
791.535974,109.788,294.950,-57.795,12.285
791.604999,109.788,294.716,-57.795,12.285
791.704999,109.788,294.950,-57.795,12.285
791.804999,109.788,294.481,-58.030,11.816
791.904999,109.554,294.716,-57.795,11.582
792.004999,109.554,294.247,-57.795,12.051
792.104999,109.554,294.481,-58.030,11.816
792.204999,109.554,294.716,-58.030,11.816
792.304999,109.554,294.716,-58.030,11.348
792.521000,109.788,294.247,-58.030,11.582
792.535974,109.554,294.247,-58.030,11.816
792.604999,109.788,294.481,-57.795,11.348
792.704999,109.554,294.247,-58.030,11.582
792.804999,109.788,294.247,-58.030,11.816
792.904999,109.788,294.481,-57.795,11.113
793.004999,109.788,294.247,-57.795,11.816
793.104999,109.788,294.012,-57.561,11.113
793.204999,109.788,294.247,-58.030,11.582
793.304999,109.554,294.481,-57.795,11.348
793.520000,109.554,294.247,-57.795,11.348
793.534974,109.788,294.716,-57.795,11.582
793.604999,109.788,294.950,-58.030,11.582
793.704999,109.788,295.419,-57.795,11.816
793.804999,109.788,294.481,-58.030,11.113
793.904999,109.554,295.419,-57.795,11.348
794.004999,109.554,294.950,-57.795,12.051
794.104999,109.554,295.419,-57.795,10.644
794.204999,109.788,295.419,-57.795,11.113
794.304999,109.788,295.184,-57.795,10.879
794.521000,109.319,295.419,-57.795,10.644
794.535974,109.788,294.950,-57.561,10.879
794.604999,109.554,295.653,-57.795,10.644
794.704999,109.554,295.653,-57.795,10.879
794.804999,109.788,296.122,-57.795,10.644
794.904999,109.554,295.184,-57.795,10.644
795.004999,109.788,296.122,-57.795,10.410
795.104999,109.554,294.950,-58.030,10.644
795.204999,109.788,295.419,-57.795,10.176
795.304999,109.554,295.184,-58.030,9.941
795.521000,109.554,295.184,-58.030,10.644
795.535974,109.788,294.950,-57.795,10.410
795.604999,109.554,296.122,-57.795,10.176
795.704999,109.554,295.653,-57.795,10.410
795.804999,109.788,295.184,-57.795,10.176
795.904999,109.788,295.419,-58.030,10.644
796.004999,109.554,295.419,-58.030,10.176
796.104999,109.788,294.950,-57.795,9.941
796.204999,109.788,295.419,-57.795,9.707
796.304999,109.554,296.122,-57.795,10.644
796.521000,109.554,294.950,-57.795,10.176
796.535974,109.788,294.950,-57.795,10.410
796.604999,109.554,294.950,-57.795,10.176
796.704999,109.554,294.950,-57.795,10.176
796.804999,109.554,295.184,-57.795,10.176
796.904999,109.554,294.950,-57.795,10.176
797.004999,109.554,294.716,-58.030,10.176
797.104999,109.554,294.716,-57.795,10.176
797.204999,109.554,294.716,-58.030,10.176
797.304999,109.788,295.184,-58.030,9.941
797.521000,110.022,294.716,-57.795,10.176
797.535974,109.554,294.950,-58.030,10.410
797.604999,109.554,294.716,-58.030,10.176
797.704999,109.554,294.950,-57.795,9.941
797.804999,109.788,295.419,-57.795,9.941
797.904999,109.788,295.184,-58.030,9.941
798.004999,109.554,295.184,-57.795,10.410
798.104999,109.554,294.950,-57.795,10.410
798.204999,109.554,295.184,-57.795,14.863
798.304999,109.554,294.950,-57.795,17.676
798.520000,109.554,294.716,-57.795,17.441
798.534974,109.554,294.716,-58.030,17.441
798.604999,109.554,294.716,-57.795,17.207
798.704999,109.554,294.716,-57.795,17.910
798.804999,109.319,295.184,-57.795,22.364
798.904999,109.788,294.716,-57.795,13.223
799.004999,109.554,294.716,-57.795,23.770
799.104999,109.554,294.716,-57.795,14.629
799.204999,109.554,294.716,-57.795,12.754
799.304999,109.319,294.716,-58.030,7.363
799.521000,109.554,294.950,-57.795,-2.481
799.535974,109.788,295.184,-58.030,-3.184
799.604999,109.319,294.950,-58.030,-4.590
799.704999,109.788,294.716,-58.030,-12.091
799.804999,109.554,294.716,-58.264,0.097
799.904999,109.554,294.716,-58.030,0.332
800.004999,109.554,294.481,-58.030,-5.762
800.104999,109.554,294.716,-58.264,-12.794
800.204999,109.554,294.716,-58.030,-9.044
800.304999,109.788,294.716,-58.264,-14.200
800.521000,109.554,294.716,-58.264,-20.528
800.535974,109.554,294.716,-58.264,-20.528
800.604999,109.788,294.481,-58.030,-22.403
800.704999,109.554,294.950,-58.030,-23.575
800.804999,109.554,294.716,-58.264,-25.919
800.904999,109.554,294.716,-58.030,-29.435
801.004999,109.554,294.716,-58.264,-33.419
801.104999,109.554,294.716,-58.030,-33.185
801.204999,109.788,294.716,-58.030,-36.232
801.304999,109.788,294.716,-58.030,-37.873
801.521000,109.788,294.481,-57.795,-41.388
801.535974,109.554,294.716,-58.030,-40.920
801.604999,109.554,294.481,-57.795,-41.857
801.704999,109.554,294.716,-58.030,-43.029
801.804999,109.554,294.247,-58.030,-44.201
801.904999,109.554,294.716,-58.030,-44.904
802.004999,109.554,294.716,-58.030,-46.076
802.104999,109.319,309.716,-57.795,-47.951
802.204999,109.554,310.185,-58.030,-48.889
802.304999,109.554,310.185,-57.795,-50.764
802.521000,109.554,310.419,-57.795,-53.108
802.535974,109.554,310.419,-58.030,-53.108
802.604999,109.788,310.654,-58.030,-53.811
802.704999,109.554,310.654,-58.030,-54.748
802.804999,109.554,310.654,-57.795,-55.451
802.904999,109.319,310.419,-57.795,-56.155
803.004999,109.788,310.654,-58.030,-56.389
803.104999,109.554,310.654,-58.030,-56.858
803.204999,109.554,310.888,-57.795,-57.326
803.304999,109.554,310.654,-57.795,-57.561
803.521000,109.554,310.654,-57.795,-57.795
803.535974,109.554,310.654,-57.795,-57.795
803.604999,109.554,310.654,-57.795,-57.795
803.704999,109.554,310.654,-58.030,-58.030
803.804999,109.554,310.654,-57.795,-57.795
803.904999,109.554,310.888,-57.795,-57.795
804.004999,109.554,310.888,-58.030,-57.795
804.104999,109.319,310.654,-58.030,-57.795
804.204999,109.554,310.654,-57.795,-58.030
804.304999,109.319,310.654,-57.795,-57.795
804.521000,109.554,310.654,-57.795,-58.030
804.535974,109.554,310.888,-57.795,-57.795
804.604999,109.554,310.654,-57.795,-57.795
804.704999,109.319,310.654,-58.030,-58.030
804.804999,109.554,310.654,-57.795,-58.030
804.904999,109.554,310.888,-57.795,-57.795
805.004999,109.319,310.654,-57.795,-57.795
805.104999,109.554,310.654,-58.030,-57.795
805.204999,109.554,310.654,-58.030,-57.795
805.304999,109.554,310.654,-57.795,-58.030
805.521000,109.554,310.654,-57.561,-58.030
805.535974,109.319,310.654,-57.795,-58.030
805.604999,109.554,310.654,-58.030,-57.795
805.704999,109.554,310.654,-57.795,-58.030
805.804999,109.319,310.654,-57.795,-57.795
805.904999,109.554,310.654,-57.795,-58.030
806.004999,109.554,310.888,-57.795,-57.795
806.104999,109.554,310.654,-58.030,-57.795
806.204999,109.319,310.654,-57.795,-58.030
806.304999,109.554,310.654,-58.030,-58.030
806.520000,109.554,310.654,-57.795,-58.030
806.534974,109.319,310.888,-58.030,-58.030
806.604999,109.554,310.654,-57.795,-57.795
806.704999,109.554,310.654,-57.795,-57.795
806.804999,109.319,310.654,-58.030,-58.030
806.904999,109.319,310.654,-58.264,-58.030
807.004999,109.554,310.654,-58.030,-57.795
807.104999,109.554,310.654,-57.795,-58.030
807.204999,109.319,310.654,-57.795,-58.030
807.304999,109.554,310.419,-57.795,-57.795
807.521000,109.319,310.654,-58.030,-58.030
807.535974,109.319,310.888,-58.030,-57.795
807.604999,109.554,310.419,-57.795,-57.795
807.704999,109.319,310.654,-57.795,-57.795
807.804999,109.554,310.654,-58.030,-58.030
807.904999,109.319,310.419,-57.795,-57.795
808.004999,109.554,310.654,-58.030,-58.264
808.104999,109.319,310.888,-57.795,-57.795
808.204999,109.319,310.654,-57.795,-57.795
808.304999,109.554,310.419,-58.030,-57.795
808.521000,109.319,310.654,-58.030,-58.030
808.535974,109.319,310.654,-57.795,-57.795
808.604999,109.319,310.654,-57.795,-57.795
808.704999,109.319,310.419,-57.561,-58.030
808.804999,109.554,310.888,-57.795,-58.030
808.904999,109.085,310.654,-57.795,-57.795
809.004999,109.319,310.654,-57.795,-58.030
809.104999,109.554,310.654,-57.795,-58.030
809.204999,109.319,310.888,-58.030,-57.795
809.304999,109.319,310.419,-57.795,-58.030
809.521000,109.319,310.654,-57.795,-58.030
809.535974,109.319,310.654,-57.795,-58.030
809.604999,109.319,310.419,-57.795,-58.030
809.704999,109.554,310.654,-57.795,-57.795
809.804999,109.085,310.419,-57.795,-57.795
809.904999,109.319,310.654,-57.795,-58.264
810.004999,109.319,310.654,-58.030,-57.795
810.104999,109.319,310.654,-58.030,-58.030
810.204999,109.319,310.654,-57.795,-58.030
810.304999,109.319,310.654,-57.795,-58.030
810.521000,109.554,310.654,-57.795,-58.030
810.535974,109.554,310.654,-57.795,-58.030
810.604999,109.319,310.419,-57.795,-58.030
810.704999,109.319,310.419,-58.030,-57.795
810.804999,109.319,310.419,-57.795,-58.030
810.904999,109.319,310.419,-57.795,-57.795
811.004999,109.319,310.654,-57.795,-57.795
811.104999,109.319,310.419,-57.795,-58.030
811.204999,109.319,310.654,-57.795,-58.030
811.304999,109.554,310.654,-57.795,-57.795
811.520000,109.319,310.654,-57.795,-57.795
811.534974,109.319,310.419,-57.795,-58.030
811.604999,109.319,310.419,-58.030,-57.795
811.704999,109.554,310.419,-57.795,-58.030
811.804999,109.319,310.185,-57.795,-58.030
811.904999,109.554,310.654,-57.795,-58.030
812.004999,109.554,310.419,-57.795,-57.795
812.104999,109.319,310.654,-58.030,-58.030
812.204999,109.554,310.419,-57.795,-57.795
812.304999,109.554,310.654,-57.795,-58.030
812.521000,109.319,310.654,-57.795,-58.030
812.535974,109.319,310.654,-58.030,-57.795
812.604999,109.554,310.419,-57.795,-57.795
812.704999,109.319,310.419,-57.795,-57.795
812.804999,109.085,310.419,-58.030,-57.795
812.904999,109.554,310.419,-58.030,-58.030
813.004999,109.554,310.419,-57.795,-58.030
813.104999,109.319,310.419,-57.795,-58.030
813.204999,109.319,310.654,-57.795,-57.795
813.304999,109.319,310.654,-57.795,-58.030
813.521000,109.319,310.419,-57.795,-58.030
813.535974,109.319,310.419,-58.030,-57.795
813.604999,109.319,310.654,-58.030,-58.030
813.704999,109.319,310.654,-57.795,-57.795
813.804999,109.319,310.419,-57.795,-58.030
813.904999,109.319,310.419,-58.030,-58.030
814.004999,109.319,310.654,-57.795,-58.030
814.104999,109.319,310.419,-57.795,-57.795
814.204999,109.319,310.419,-57.795,-57.795
814.304999,109.554,310.419,-57.795,-58.030
814.521000,109.319,310.654,-57.795,-57.795
814.535974,109.319,310.419,-57.795,-57.795
814.604999,109.319,310.419,-58.030,-58.030
814.704999,109.319,310.419,-58.030,-58.030
814.804999,109.085,310.419,-58.030,-58.030
814.904999,109.319,310.419,-57.795,-58.030
815.004999,109.319,310.419,-57.795,-57.795
815.104999,109.319,310.654,-57.795,-58.030
815.204999,109.319,310.654,-57.795,-57.795
815.304999,109.319,310.185,-57.561,-57.795
815.521000,109.319,310.419,-57.795,-57.795
815.535974,109.319,310.419,-57.795,-57.795
815.604999,99.241,310.419,-57.795,-58.030
815.704999,76.037,310.419,-57.795,-58.030
815.804999,74.396,310.419,-57.795,-58.030
815.904999,79.787,310.419,-57.795,-58.030
816.004999,84.709,310.185,-58.030,-57.795
816.104999,91.506,310.419,-57.795,-58.030
816.204999,89.397,310.185,-58.030,-57.795
816.304999,87.053,310.654,-57.795,-58.030
816.521000,82.600,310.419,-58.030,-57.795
816.535974,82.834,310.654,-57.795,-57.795
816.604999,79.084,310.654,-57.795,-57.795
816.704999,77.209,310.419,-57.795,-58.030
816.804999,76.506,310.654,-58.030,-57.795
816.904999,80.959,310.654,-57.795,-57.795
817.004999,81.662,310.654,-57.795,-58.030
817.104999,84.944,310.654,-57.795,-57.795
817.204999,87.053,310.654,-57.795,-58.030
817.304999,91.506,310.654,-57.795,-57.795
817.521001,96.897,310.419,-57.795,-58.030
817.535974,97.131,310.654,-57.795,-58.030
817.604999,98.303,310.654,-57.795,-58.030
817.704999,100.647,310.419,-58.030,-57.795
817.804999,102.757,310.419,-57.795,-57.795
817.904999,104.163,310.654,-57.795,-58.030
818.004999,105.569,310.419,-58.030,-57.795
818.104999,106.741,310.654,-58.030,-58.030
818.204999,107.679,310.654,-58.030,-58.030
818.304999,108.382,310.654,-58.030,-57.795
818.521000,109.319,310.419,-58.030,-57.795
818.535974,109.319,310.654,-57.561,-58.030
818.604999,109.554,310.419,-57.795,-58.030
818.704999,109.788,310.654,-57.795,-57.795
818.804999,110.022,310.654,-58.030,-57.795
818.904999,110.257,310.419,-58.030,-58.030
819.004999,110.491,310.419,-57.795,-57.795
819.104999,110.491,310.419,-57.795,-58.030
819.204999,110.491,310.654,-57.795,-58.030
819.304999,110.960,310.419,-57.795,-58.030
819.520000,110.960,310.654,-57.795,-58.264
819.534974,110.960,310.654,-58.030,-58.030
819.604999,110.726,310.419,-57.795,-57.795
819.704999,110.960,310.654,-57.795,-57.795
819.804999,111.194,310.419,-57.795,-57.795
819.904999,110.726,310.185,-57.092,-58.030
820.004999,83.537,310.419,-54.983,-57.795
820.104999,74.865,310.419,-55.920,-57.795
820.204999,74.396,310.419,-56.858,-58.030
820.304999,77.912,310.419,-41.623,-58.030
820.521000,75.803,310.419,76.506,-57.795
820.535974,75.568,310.654,76.037,-58.030
820.604999,74.631,310.185,75.099,-57.795
820.704999,76.506,310.419,74.396,-58.030
820.804999,79.084,310.419,73.693,-58.030
820.904999,79.318,310.419,72.756,-57.795
821.004999,78.381,310.419,72.990,-58.264
821.104999,80.725,310.654,73.693,-58.030
821.204999,83.068,310.654,73.693,-58.030
821.304999,85.881,310.654,72.990,-58.030
821.521001,86.819,310.654,72.756,-57.795
821.535974,88.694,310.654,72.756,-57.795
821.604999,86.350,310.419,72.990,-58.030
821.704999,87.053,310.654,72.756,-58.030
821.804999,87.756,310.419,72.521,-58.030
821.904999,87.053,310.419,72.756,-57.795
822.004999,92.209,310.654,72.521,-57.795
822.104999,88.694,310.654,72.053,-57.795
822.204999,86.584,310.654,72.287,-58.030
822.304999,91.975,310.419,71.584,-58.030
822.521000,87.522,310.419,71.818,-57.795
822.535974,87.287,310.419,71.818,-57.795
822.604999,86.819,310.654,71.349,-57.795
822.704999,86.350,310.419,71.115,-57.795
822.804999,85.881,310.419,71.115,-58.030
822.904999,86.115,310.185,71.115,-57.795
823.004999,83.772,310.654,71.115,-58.030
823.104999,82.834,310.419,71.349,-58.030
823.204999,84.475,310.419,70.646,-57.795
823.304999,84.006,310.419,70.646,-57.795
823.521001,81.662,310.419,70.177,-58.030
823.535974,81.193,310.419,69.943,-58.264
823.604999,83.303,310.419,69.943,-58.030
823.704999,84.240,310.654,69.943,-57.795
823.804999,87.053,310.419,69.474,-58.030
823.904999,84.240,310.419,69.240,-57.795
824.004999,87.053,310.419,69.006,-58.030
824.104999,86.584,310.419,69.006,-58.030
824.204999,85.647,310.419,69.006,-58.264
824.304999,85.647,310.419,68.537,-58.030
824.520000,85.412,310.419,68.771,-57.795
824.534974,85.881,310.419,68.771,-58.030
824.604999,85.178,310.419,68.771,-57.795
824.704999,83.772,310.419,68.771,-57.795
824.804999,84.006,310.419,68.537,-57.795
824.904999,83.537,310.419,68.302,-58.030
825.004999,83.303,310.185,68.537,-57.795
825.104999,82.131,310.419,68.068,-57.795
825.204999,81.662,310.419,68.302,-58.030
825.304999,81.193,310.654,68.302,-57.795
825.521000,79.787,310.654,68.537,-57.795
825.535974,79.787,310.419,68.302,-58.030
825.604999,79.787,310.419,68.302,-58.030
825.704999,79.318,310.419,68.068,-58.030
825.804999,79.318,310.419,67.834,-58.030
825.904999,79.084,310.654,68.068,-57.795
826.004999,78.615,310.185,68.302,-58.030
826.104999,78.381,310.419,68.068,-58.030
826.204999,78.146,310.654,67.834,-58.030
826.304999,77.443,310.654,67.599,-58.030
826.521000,77.209,310.419,67.365,-58.030
826.535974,77.443,310.419,67.365,-58.030
826.604999,76.740,310.419,67.834,-58.030
826.704999,76.740,310.419,67.599,-58.030
826.804999,76.740,310.185,67.599,-57.795
826.904999,76.740,310.419,67.599,-58.030
827.004999,76.506,310.419,67.365,-58.030
827.104999,76.506,310.419,67.365,-58.030
827.204999,76.037,310.185,67.365,-58.030
827.304999,75.334,310.419,67.599,-58.030
827.521000,75.568,310.419,67.599,-57.795
827.535974,75.568,310.419,67.365,-58.030
827.604999,73.693,310.419,67.365,-58.264
827.704999,72.287,310.419,67.365,-58.030
827.804999,71.818,310.419,67.834,-58.030
827.904999,72.053,310.419,67.834,-58.030
828.004999,74.162,310.654,67.599,-58.030
828.104999,73.224,310.654,67.599,-58.030
828.204999,73.224,310.419,67.834,-58.030
828.304999,72.756,310.419,67.834,-58.030
828.521001,72.287,310.419,68.302,-58.030
828.535974,72.521,310.419,68.068,-58.030
828.604999,73.459,310.185,68.068,-58.030
828.704999,73.224,310.419,68.068,-58.030
828.804999,73.459,310.419,68.537,-58.030
828.904999,72.756,310.419,68.302,-57.795
829.004999,72.990,310.185,68.302,-58.030
829.104999,73.459,310.419,68.302,-58.030
829.204999,73.693,310.185,68.302,-58.030
829.304999,73.693,310.419,68.302,-58.030
829.521000,73.224,310.185,68.537,-57.795
829.535974,72.990,310.185,68.302,-57.795
829.604999,72.756,310.419,68.302,-58.030
829.704999,72.521,310.419,68.302,-57.795
829.804999,72.756,310.185,68.302,-57.795
829.904999,74.396,310.185,68.771,-58.030
830.004999,74.631,310.419,69.006,-58.030
830.104999,74.162,310.419,68.771,-58.030
830.204999,74.162,310.419,68.771,-58.030
830.304999,73.693,310.419,69.006,-58.030
830.521001,75.334,310.419,68.771,-58.030
830.535974,75.099,310.419,69.006,-58.264
830.604999,75.099,310.185,68.537,-58.030
830.704999,74.631,310.185,68.771,-58.030
830.804999,74.162,310.419,69.006,-57.795
830.904999,74.396,310.419,68.771,-57.795
831.004999,74.396,310.419,68.771,-57.795
831.104999,74.396,310.185,68.771,-58.030
831.204999,75.099,310.419,68.537,-58.030
831.304999,75.334,310.419,68.771,-57.795
831.521000,82.600,310.185,69.006,-58.030
831.535974,82.834,310.419,68.537,-58.030
831.604999,83.537,310.185,68.537,-58.030
831.704999,84.240,310.185,68.771,-58.030
831.804999,84.944,310.419,68.771,-58.264
831.904999,84.944,310.654,68.771,-58.030
832.004999,84.944,310.419,68.771,-58.030
832.104999,84.709,310.185,68.771,-57.795
832.204999,84.475,310.419,69.006,-58.030
832.304999,84.240,310.185,69.006,-57.795
832.520001,82.365,310.185,69.240,-58.030
832.534974,82.600,310.419,69.240,-58.030
832.604999,82.600,310.419,69.006,-58.030
832.704999,82.600,310.419,69.474,-58.030
832.804999,82.131,310.419,69.240,-58.030
832.904999,81.897,310.419,69.006,-57.795
833.004999,80.022,310.419,69.006,-57.795
833.104999,77.912,310.419,69.474,-57.795
833.204999,76.506,310.185,69.943,-57.795
833.304999,75.334,309.950,69.474,-57.795
833.521000,74.162,310.185,69.474,-58.030
833.535974,74.162,310.419,69.240,-57.795
833.604999,73.928,310.419,69.240,-57.795
833.704999,73.459,310.419,69.474,-58.030
833.804999,73.459,310.185,69.474,-58.030
833.904999,73.224,310.419,69.474,-58.030
834.004999,73.459,310.419,69.709,-57.795
834.104999,73.224,310.185,69.474,-58.030
834.204999,73.459,310.419,69.709,-57.795
834.304999,73.224,310.419,69.709,-58.030
834.521001,72.990,310.419,69.474,-58.030
834.535974,73.224,310.185,69.474,-58.030
834.604999,73.224,310.419,69.474,-58.030
834.704999,72.990,310.419,69.709,-58.030
834.804999,72.756,310.185,69.474,-58.030
834.904999,73.693,310.185,69.240,-58.264
835.004999,73.928,310.185,69.709,-58.030
835.104999,73.928,310.185,69.474,-58.030
835.204999,73.459,310.185,69.240,-58.030
835.304999,73.693,310.419,69.709,-58.030
835.521000,73.459,310.419,69.709,-57.795
835.535974,73.693,310.419,69.709,-58.030
835.604999,73.928,310.419,69.709,-58.264
835.704999,73.928,310.419,69.474,-58.030
835.804999,73.693,310.185,69.709,-58.030
835.904999,73.459,310.185,69.474,-58.030
836.004999,73.693,310.419,69.474,-58.030
836.104999,73.224,310.185,69.240,-58.030
836.204999,73.693,310.185,69.474,-58.030
836.304999,73.693,310.419,69.474,-58.030
836.521001,73.693,310.185,69.943,-58.030
836.535974,73.928,310.185,69.943,-57.795
836.604999,73.693,310.185,69.474,-58.030
836.704999,73.693,310.185,69.474,-58.030
836.804999,73.928,310.185,69.240,-57.795
836.904999,73.928,310.185,69.709,-58.030
837.004999,73.693,310.419,69.709,-57.795
837.104999,73.693,310.419,69.943,-58.030
837.204999,73.693,310.419,69.709,-58.030
837.304999,73.693,310.419,69.709,-58.030
837.520001,73.224,310.419,69.709,-57.795
837.534974,73.224,310.185,69.709,-57.795
837.604999,73.459,310.185,69.943,-58.030
837.704999,73.459,310.419,70.177,-58.030
837.804999,73.224,310.419,69.943,-58.030
837.904999,73.693,310.419,69.943,-57.795
838.004999,73.693,310.419,69.943,-57.795
838.104999,73.928,310.419,70.177,-58.030
838.204999,73.693,310.185,69.943,-57.795
838.304999,73.928,310.185,69.943,-58.030
838.521000,73.928,310.185,69.709,-57.795
838.535974,73.693,310.185,69.709,-58.030
838.604999,73.928,310.185,69.709,-58.030
838.704999,73.928,310.419,69.474,-57.795
838.804999,73.693,310.185,69.709,-58.030
838.904999,73.459,310.419,69.943,-58.030
839.004999,73.693,310.185,69.709,-58.030
839.104999,74.631,310.185,69.943,-58.030
839.204999,75.803,310.185,69.943,-58.030
839.304999,74.865,310.185,69.709,-58.030
839.521000,74.396,310.419,69.709,-57.795
839.535974,74.396,310.185,69.943,-58.030
839.604999,74.396,310.419,69.943,-58.030
839.704999,73.928,310.185,70.177,-57.795
839.804999,73.928,310.419,69.943,-58.030
839.904999,73.928,310.185,69.709,-58.030
840.004999,73.693,310.419,70.177,-58.030
840.104999,73.459,310.419,69.943,-57.795
840.204999,73.459,310.185,70.177,-57.795
840.304999,74.162,310.419,69.943,-57.795
840.521000,73.928,310.185,69.709,-57.795
840.535974,73.693,310.185,70.177,-58.030
840.604999,73.224,310.185,69.943,-57.795
840.704999,73.224,310.185,69.943,-58.030
840.804999,73.459,310.419,69.943,-58.030
840.904999,73.459,310.419,69.943,-57.795
841.004999,73.224,310.419,69.943,-57.795
841.104999,72.521,310.185,70.177,-57.795
841.204999,72.990,310.419,70.177,-58.264
841.304999,73.459,310.419,70.177,-58.030
841.521001,73.224,310.185,69.943,-58.030
841.535974,73.459,310.185,70.177,-57.795
841.604999,73.459,310.419,70.177,-58.030
841.704999,72.990,310.419,69.943,-57.795
841.804999,73.693,310.419,70.177,-57.795
841.904999,74.162,310.419,69.943,-57.795
842.004999,73.693,310.185,69.943,-57.795
842.104999,74.162,310.185,69.943,-57.561
842.204999,74.162,310.185,69.943,-57.795
842.304999,73.693,310.185,70.177,-58.030
842.521000,73.928,310.419,69.943,-58.030
842.535974,73.928,310.419,69.709,-57.795
842.604999,73.928,310.185,70.177,-57.795
842.704999,74.631,310.185,70.412,-58.030
842.804999,74.162,310.185,70.412,-57.795
842.904999,74.162,310.185,70.177,-58.030
843.004999,73.928,310.185,70.177,-58.030
843.104999,73.928,310.419,70.177,-57.795
843.204999,74.162,310.185,70.412,-58.030
843.304999,74.162,310.419,70.177,-58.030
843.521001,73.224,310.185,69.943,-58.030
843.535974,73.459,310.185,69.943,-57.795
843.604999,73.459,310.419,70.177,-57.795
843.704999,73.693,310.419,70.177,-58.030
843.804999,73.459,310.185,70.177,-57.795
843.904999,73.928,310.185,69.943,-58.030
844.004999,73.928,310.419,69.943,-57.795
844.104999,73.693,310.419,69.943,-58.030
844.204999,73.928,310.419,70.177,-57.795
844.304999,73.928,310.419,70.177,-58.030
844.521000,73.928,310.419,70.177,-57.795
844.535974,73.928,310.185,69.943,-58.030
844.604999,73.928,310.185,70.177,-58.030
844.704999,74.162,310.185,70.177,-57.795
844.804999,73.693,310.185,70.412,-57.795
844.904999,74.162,310.419,70.177,-57.795
845.004999,73.928,310.419,70.177,-58.030
845.104999,73.928,310.419,69.943,-58.030
845.204999,73.693,310.419,69.943,-57.795
845.304999,73.693,310.185,70.177,-58.030
845.520000,73.693,310.185,70.412,-58.030
845.534974,73.928,310.185,69.943,-58.030
845.604999,73.693,310.419,69.943,-58.030
845.704999,74.631,310.185,69.943,-57.795
845.804999,74.396,310.419,70.177,-57.795
845.904999,74.396,310.185,70.177,-58.030
846.004999,74.162,310.185,69.943,-57.795
846.104999,74.396,310.185,70.177,-58.030
846.204999,73.928,310.419,70.177,-57.795
846.304999,73.928,310.185,69.943,-57.795
846.521000,74.162,310.185,70.412,-58.030
846.535974,74.162,310.185,70.412,-57.795
846.604999,74.162,310.185,70.177,-57.795
846.704999,74.865,310.419,70.177,-58.030
846.804999,74.396,310.185,70.177,-58.030
846.904999,74.396,309.950,69.943,-57.795
847.004999,74.396,310.185,70.412,-58.030
847.104999,74.162,310.419,70.177,-58.030
847.204999,74.162,310.185,70.412,-58.030
847.304999,74.162,310.185,69.943,-57.795
847.521001,74.162,310.185,70.177,-58.030
847.535974,74.396,310.185,70.177,-58.030
847.604999,73.928,310.185,70.412,-58.030
847.704999,75.099,310.185,70.412,-58.030
847.804999,74.865,310.419,69.709,-58.030
847.904999,74.865,310.419,69.943,-57.795
848.004999,74.631,310.185,70.177,-58.030
848.104999,74.631,310.185,69.943,-57.795
848.204999,74.396,309.950,70.177,-58.030
848.304999,74.162,310.185,70.177,-58.030
848.521000,73.928,310.185,69.943,-58.030
848.535974,73.928,310.419,70.177,-57.795
848.604999,73.459,310.185,70.177,-57.795
848.704999,73.459,310.185,69.943,-57.795
848.804999,73.459,310.185,69.943,-57.795
848.904999,73.459,310.185,70.177,-57.795
849.004999,73.459,310.185,70.412,-58.030
849.104999,73.224,310.185,70.412,-57.795
849.204999,73.693,309.950,70.177,-57.795
849.304999,73.693,310.185,70.177,-57.795
849.521001,74.162,310.185,70.177,-58.030
849.535974,74.162,310.185,70.177,-57.795
849.604999,73.928,310.185,69.943,-57.795
849.704999,73.459,310.185,70.177,-57.795
849.804999,73.693,310.185,70.177,-57.795
849.904999,73.693,310.185,69.943,-58.030
850.004999,73.928,310.419,69.943,-58.030
850.104999,73.459,310.419,69.943,-57.795
850.204999,73.459,310.185,69.943,-58.030
850.304999,73.459,310.185,70.177,-58.030
850.520001,73.224,310.185,70.177,-58.030
850.534974,73.224,310.185,70.412,-58.030
850.604999,73.693,310.419,69.709,-57.795
850.704999,73.693,310.185,69.943,-58.030
850.804999,74.396,310.419,69.943,-58.030
850.904999,74.396,310.185,69.943,-57.795
851.004999,74.396,310.185,70.177,-57.795
851.104999,74.396,310.185,69.943,-57.795
851.204999,74.396,309.950,70.177,-58.030
851.304999,74.162,310.185,69.943,-57.795
851.521000,73.693,310.185,69.943,-57.795
851.535974,73.693,310.185,69.943,-58.030
851.604999,72.756,310.185,70.177,-57.795
851.704999,73.693,310.185,70.177,-58.030
851.804999,73.928,310.185,69.943,-58.030
851.904999,74.162,310.185,69.709,-58.030
852.004999,74.396,310.419,70.177,-58.030
852.104999,74.396,309.950,69.943,-57.795
852.204999,74.631,310.185,70.177,-57.795
852.304999,74.162,310.185,69.943,-57.795
852.521000,73.928,310.185,70.177,-58.030
852.535974,73.693,310.419,69.943,-57.795
852.604999,73.693,310.185,69.943,-57.795
852.704999,74.162,310.185,69.943,-58.030
852.804999,74.162,310.419,69.943,-57.795
852.904999,74.162,310.185,69.943,-58.030
853.004999,74.396,310.419,75.568,-57.561
853.104999,73.693,310.185,103.225,-58.030
853.204999,74.162,310.185,98.772,-57.795
853.304999,74.162,310.185,102.991,-58.030
853.521000,73.928,310.185,103.460,-57.795
853.535974,73.928,310.185,103.460,-57.795
853.604999,74.162,310.185,103.694,-58.030
853.704999,73.928,310.419,103.694,-58.264
853.804999,73.928,309.950,103.460,-57.795
853.904999,74.396,310.185,103.694,-57.795
854.004999,74.396,310.185,103.694,-57.795
854.104999,74.396,310.419,103.694,-58.030
854.204999,73.693,310.185,102.053,-58.030
854.304999,73.928,310.419,99.475,-58.030
854.521000,74.162,310.185,99.006,-58.030
854.535974,74.162,310.185,98.772,-58.030
854.604999,74.162,310.185,95.491,-57.795
854.704999,74.162,310.185,91.741,-58.030
854.804999,73.928,310.185,87.522,-57.795
854.904999,73.693,310.419,82.834,-58.264
855.004999,73.928,310.185,89.162,-58.030
855.104999,73.693,310.185,83.303,-58.030
855.204999,73.693,310.185,78.146,-58.030
855.304999,73.224,310.185,80.490,-57.795
855.521000,73.693,310.185,77.678,-57.795
855.535974,73.693,310.185,77.209,-58.030
855.604999,73.459,310.185,73.928,-57.795
855.704999,73.693,310.185,73.928,-58.030
855.804999,72.990,310.185,72.287,-57.795
855.904999,72.990,310.185,68.537,-58.030
856.004999,73.224,310.185,66.896,-58.030
856.104999,73.224,310.185,63.615,-58.498
856.204999,73.459,310.185,59.630,-58.264
856.304999,73.224,310.185,56.818,-58.030
856.521000,72.990,310.185,53.536,-58.030
856.535974,72.990,309.950,53.302,-58.030
856.604999,73.224,310.185,53.302,-58.030
856.704999,73.459,310.185,49.317,-58.264
856.804999,73.459,310.419,46.505,-58.030
856.904999,73.459,310.185,43.692,-58.030
857.004999,72.990,310.419,40.880,-58.030
857.104999,72.990,310.419,37.598,-58.030
857.204999,73.459,310.185,37.130,-58.030
857.304999,73.693,310.185,35.255,-58.264
857.521000,73.459,310.185,30.332,-58.030
857.535974,73.693,309.950,29.629,-58.030
857.604999,73.459,310.185,28.457,-57.795
857.704999,73.459,309.950,26.348,-58.030
857.804999,73.693,310.185,23.301,-58.264
857.904999,73.693,310.185,22.129,-58.030
858.004999,73.693,310.185,20.488,-58.030
858.104999,73.693,310.419,18.613,-57.795
858.204999,73.928,309.950,17.207,-58.030
858.304999,73.693,310.185,15.098,-57.795
858.520001,72.990,310.185,11.348,-58.030
858.534974,73.224,310.185,11.113,-58.030
858.604999,73.224,310.185,9.941,-57.795
858.704999,73.224,310.185,8.301,-58.030
858.804999,73.224,309.950,6.660,-58.030
858.904999,73.459,310.419,5.722,-58.030
859.004999,73.693,309.950,4.316,-57.795
859.104999,73.459,310.419,2.675,-57.795
859.204999,73.459,310.419,1.738,-57.795
859.304999,108.616,310.185,0.097,-57.795
859.521000,112.601,310.185,-4.356,-58.030
859.535974,112.366,310.185,-4.825,-58.030
859.604999,112.132,309.950,-5.528,-57.795
859.704999,112.366,310.185,-7.169,-57.795
859.804999,112.366,310.419,-9.044,-58.030
859.904999,112.366,310.185,-10.684,-57.795
860.004999,112.366,309.950,-12.325,-58.030
860.104999,112.366,310.185,-13.966,-58.030
860.204999,112.601,310.185,-15.372,-58.030
860.304999,112.601,310.185,-17.013,-57.795
860.521000,112.601,309.950,-19.825,-57.795
860.535974,112.601,310.185,-20.060,-58.030
860.604999,112.601,310.185,-20.763,-57.795
860.704999,113.069,310.185,-22.169,-57.795
860.804999,113.069,309.950,-23.107,-58.030
860.904999,112.835,310.185,-24.747,-58.264
861.004999,112.835,310.185,-26.154,-58.030
861.104999,113.069,310.185,-27.091,-57.795
861.204999,112.835,310.185,-28.497,-57.795
861.304999,112.835,310.185,-29.435,-58.030
861.521000,113.069,310.185,-31.544,-57.795
861.535974,113.069,310.185,-31.779,-58.030
861.604999,113.069,310.185,-32.482,-57.795
861.704999,113.304,310.185,-33.654,-58.030
861.804999,113.304,310.185,-34.591,-57.795
861.904999,113.069,310.185,-35.529,-57.795
862.004999,113.304,310.185,-36.466,-58.030
862.104999,113.304,309.950,-37.404,-58.030
862.204999,113.304,310.185,-38.107,-58.030
862.304999,113.538,309.950,-39.045,-57.795
862.521000,113.069,310.185,-40.685,-57.795
862.535974,113.304,309.950,-40.920,-57.795
862.604999,113.304,310.185,-41.154,-57.795
862.704999,113.538,310.185,-42.092,-57.795
862.804999,113.304,309.950,-42.560,-57.795
862.904999,113.538,310.185,-43.498,-57.795
863.004999,113.538,310.419,-43.967,-58.030
863.104999,113.304,309.950,-44.904,-57.795
863.204999,113.304,310.185,-45.373,-58.030
863.304999,113.304,310.185,-46.076,-57.795
863.520000,113.304,310.185,-47.248,-57.795
863.534974,113.304,310.185,-47.248,-57.795
863.604999,113.538,310.185,-47.951,-57.795
863.704999,113.304,310.185,-48.420,-57.795
863.804999,113.304,310.185,-48.654,-57.795
863.904999,113.304,310.185,-49.357,-58.030
864.004999,113.538,310.185,-49.826,-57.795
864.104999,113.538,309.950,-49.826,-57.795
864.204999,113.304,310.185,-50.529,-58.030
864.304999,113.538,309.950,-50.998,-57.795
864.521000,113.538,310.185,-51.701,-58.030
864.535974,113.538,310.185,-51.701,-57.795
864.604999,113.304,310.185,-51.936,-57.795
864.704999,113.304,310.185,-52.404,-58.030
864.804999,113.538,310.185,-52.873,-57.795
864.904999,113.304,310.185,-53.108,-58.030
865.004999,113.538,309.950,-53.576,-57.795
865.104999,113.538,310.185,-54.045,-58.030
865.204999,113.538,310.185,-54.045,-57.795
865.304999,113.304,310.185,-54.045,-57.795
865.521000,113.538,309.950,-54.748,-58.030
865.535974,113.304,310.185,-54.748,-57.795
865.604999,113.538,310.185,-54.983,-58.030
865.704999,113.538,310.185,-55.217,-57.795
865.804999,113.304,309.950,-55.451,-58.030
865.904999,113.538,310.185,-55.920,-57.795
866.004999,113.538,309.950,-55.920,-57.795
866.104999,113.773,310.185,-56.155,-58.030
866.204999,113.538,310.185,-56.389,-57.795
866.304999,113.538,310.185,-56.389,-57.795
866.521000,113.304,310.185,-57.795,-57.795
866.535974,113.538,310.185,-57.561,-57.561
866.604999,113.538,309.950,-57.561,-58.030
866.704999,113.538,310.185,-57.795,-57.795
866.804999,113.538,309.950,-57.795,-58.030
866.904999,113.538,310.185,-57.795,-58.030
867.004999,113.304,309.950,-57.795,-58.030
867.104999,113.538,310.185,-58.030,-57.561
867.204999,113.538,310.185,-57.561,-57.795
867.304999,113.304,310.185,-57.795,-57.795
867.521000,113.538,310.185,-58.030,-58.030
867.535974,113.538,309.950,-57.795,-57.795
867.604999,113.538,309.950,-57.795,-57.795
867.704999,113.538,309.950,-57.795,-57.795
867.804999,113.304,309.950,-57.795,-57.795
867.904999,113.538,310.185,-58.030,-57.795
868.004999,113.538,309.950,-57.795,-57.795
868.104999,113.538,309.950,-57.795,-58.030
868.204999,113.538,309.950,-57.795,-57.795
868.304999,113.773,309.950,-57.795,-57.795
868.521000,113.538,309.950,-57.795,-57.795
868.535974,113.538,309.950,-57.795,-57.795
868.604999,113.538,310.185,-57.795,-57.795
868.704999,113.538,310.185,-57.795,-57.795
868.804999,113.538,309.950,-57.795,-57.795
868.904999,113.304,310.185,-57.795,-57.795
869.004999,113.538,309.950,-57.795,-57.795
869.104999,113.304,309.950,-57.795,-57.795
869.204999,113.538,310.185,-57.795,-57.795
869.304999,113.773,309.950,-57.795,-57.561
869.521000,113.304,310.185,-58.030,-57.795
869.535974,113.538,310.185,-57.795,-57.795
869.604999,113.538,309.950,-58.030,-58.030
869.704999,113.304,310.185,-57.795,-57.795
869.804999,113.304,309.950,-58.030,-57.795
869.904999,113.538,309.950,-57.795,-57.795
870.004999,113.538,310.185,-57.795,-57.561
870.104999,113.304,310.185,-57.795,-57.795
870.204999,113.538,310.185,-58.030,-57.795
870.304999,113.538,310.185,-57.795,-57.561
870.521001,113.538,309.950,-57.795,-57.795
870.535974,113.538,310.185,-57.795,-57.795
870.604999,113.304,309.950,-57.795,-57.795
870.704999,113.538,309.950,-57.795,-57.795
870.804999,113.304,309.950,-57.795,-57.795
870.904999,113.538,310.185,-58.030,-57.795
871.004999,113.538,310.185,-57.795,-57.795
871.104999,113.538,310.185,-57.795,-57.561
871.204999,113.304,309.950,-57.795,-57.795
871.304999,113.538,309.950,-57.795,-57.795
871.520000,113.304,309.950,-57.795,-57.795
871.534974,113.538,309.950,-57.795,-57.795
871.604999,113.304,310.185,-57.795,-58.030
871.704999,113.304,309.950,-57.795,-57.795
871.804999,113.538,309.950,-57.795,-57.795
871.904999,113.538,309.950,-57.795,-57.795
872.004999,113.304,310.185,-57.795,-57.795
872.104999,113.538,309.950,-58.030,-57.561
872.204999,113.538,309.950,-58.030,-57.795
872.304999,113.538,309.950,-57.795,-57.795
872.521000,113.538,309.950,-57.795,-57.795
872.535974,113.538,309.950,-57.795,-57.795
872.604999,113.304,310.185,-57.795,-57.795
872.704999,113.773,309.950,-57.795,-57.795
872.804999,113.538,309.950,-58.030,-57.795
872.904999,113.773,310.185,-57.795,-57.795
873.004999,113.538,309.950,-57.795,-57.795
873.104999,113.304,309.950,-57.795,-57.795
873.204999,113.538,309.950,-57.795,-57.795
873.304999,113.538,310.185,-58.030,-57.795
873.521000,113.538,309.950,-58.030,-57.795
873.535974,113.538,309.950,-57.795,-57.795
873.604999,113.773,310.185,-58.030,-57.795
873.704999,113.304,310.185,-57.795,-57.795
873.804999,113.304,309.950,-57.795,-57.795
873.904999,113.304,310.185,-58.030,-57.795
874.004999,113.538,309.950,-57.795,-57.561
874.104999,113.304,310.185,-58.030,-57.795
874.204999,113.538,309.950,-58.030,-57.561
874.304999,113.304,309.950,-57.795,-57.795
874.521000,113.304,310.185,-57.795,-58.030
874.535974,113.304,310.185,-58.030,-57.795
874.604999,113.538,309.950,-57.795,-57.561
874.704999,113.304,309.716,-57.795,-57.795
874.804999,113.538,309.950,-58.030,-57.795
874.904999,113.538,309.950,-57.795,-58.030
875.004999,113.538,309.950,-58.030,-57.795
875.104999,113.538,309.950,-57.795,-57.795
875.204999,113.538,309.950,-57.795,-57.795
875.304999,113.304,309.950,-57.795,-57.561
875.521000,113.538,310.185,-57.795,-57.795
875.535974,113.538,310.185,-57.795,-57.795
875.604999,113.304,309.950,-58.030,-57.795
875.704999,113.538,309.950,-57.795,-57.795
875.804999,113.773,309.950,-57.561,-57.795
875.904999,113.538,309.950,-57.795,-57.795
876.004999,113.304,309.950,-57.795,-57.561
876.104999,113.538,309.950,-57.795,-57.561
876.204999,113.538,309.950,-57.795,-57.795
876.304999,113.538,309.950,-58.030,-57.561
876.520000,113.538,309.950,-57.561,-57.795
876.534974,113.538,309.950,-57.795,-57.561
876.604999,113.538,309.950,-57.795,-57.795
876.704999,113.538,309.716,-57.795,-57.795
876.804999,113.538,310.185,-57.795,-57.795
876.904999,113.538,310.185,-58.030,-57.795
877.004999,113.538,310.185,-58.030,-57.795
877.104999,113.538,309.716,-57.795,-57.795
877.204999,113.773,309.950,-58.030,-57.795
877.304999,113.538,309.950,-58.030,-57.795
877.521000,113.538,309.950,-57.795,-57.561
877.535974,113.304,309.950,-57.795,-57.795
877.604999,113.304,309.716,-58.030,-57.795
877.704999,113.538,310.185,-58.030,-57.795
877.804999,113.538,309.950,-57.795,-57.795
877.904999,113.538,310.185,-57.795,-57.795
878.004999,113.538,309.950,-57.795,-57.561
878.104999,113.304,309.950,-57.795,-57.795
878.204999,113.538,310.185,-58.030,-57.795
878.304999,113.538,309.950,-57.795,-57.795
878.521001,113.538,309.950,-57.795,-57.795
878.535974,113.538,309.950,-57.795,-57.795
878.604999,113.304,309.950,-57.795,-57.561
878.704999,113.538,309.950,-58.030,-57.795
878.804999,113.538,310.185,-57.795,-58.030
878.904999,113.538,309.950,-58.030,-57.561
879.004999,113.773,309.716,-57.795,-57.795
879.104999,113.304,309.950,-57.795,-57.795
879.204999,113.538,310.185,-58.030,-57.795
879.304999,113.538,309.950,-58.030,-57.561
879.521000,113.538,309.950,-57.795,-57.795
879.535974,113.304,309.950,-57.795,-57.795
879.604999,113.538,309.950,-57.795,-57.795
879.704999,113.538,309.716,-58.030,-57.795
879.804999,113.304,309.950,-57.795,-57.795
879.904999,113.538,309.950,-57.795,-57.561
880.004999,113.538,309.950,-57.795,-57.795
880.104999,113.538,309.950,-57.795,-57.795
880.204999,113.304,309.950,-58.030,-58.030
880.304999,113.304,309.950,-58.030,-57.795
880.521000,113.304,309.716,-58.030,-57.795
880.535974,113.538,309.950,-58.030,-57.795
880.604999,113.538,309.950,-57.795,-57.795
880.704999,113.538,309.950,-57.795,-57.795
880.804999,113.304,309.950,-57.795,-57.795
880.904999,113.538,309.716,-58.030,-58.030
881.004999,113.304,309.950,-57.795,-57.561
881.104999,113.304,309.716,-57.795,-57.795
881.204999,113.538,309.950,-58.030,-58.030
881.304999,113.538,309.716,-58.030,-57.795
881.521000,113.538,309.950,-57.795,-57.795
881.535974,113.538,309.950,-57.795,-57.795
881.604999,113.538,309.950,-58.030,-57.795
881.704999,113.304,309.950,-57.795,-57.795
881.804999,113.538,309.950,-57.561,-57.795
881.904999,113.538,309.950,-57.795,-57.795
882.004999,113.538,309.716,-58.030,-57.795
882.104999,113.304,309.950,-57.795,-57.795
882.204999,113.538,309.950,-58.030,-57.795
882.304999,113.538,309.950,-57.795,-57.795
882.521000,113.538,309.950,-58.030,-58.030
882.535974,113.304,309.950,-57.795,-57.795
882.604999,113.538,309.950,-58.030,-57.795
882.704999,113.538,309.950,-58.030,-57.795
882.804999,113.538,309.716,-58.030,-58.030
882.904999,113.304,309.950,-57.795,-57.795
883.004999,113.304,310.185,-57.795,-57.795
883.104999,113.538,309.950,-57.795,-57.561
883.204999,113.304,309.716,-57.795,-57.795
883.304999,113.538,310.185,-57.561,-57.795
883.521000,113.538,309.716,-57.795,-58.030
883.535974,113.538,310.185,-58.030,-58.030
883.604999,113.304,309.716,-57.795,-57.795
883.704999,113.538,309.950,-57.795,-57.561
883.804999,113.538,309.716,-57.795,-58.030
883.904999,113.538,309.950,-57.795,-57.795
884.004999,113.538,309.950,-58.030,-58.030
884.104999,113.538,309.950,-57.795,-57.795
884.204999,113.304,309.716,-57.795,-58.030
884.304999,113.538,309.950,-57.561,-57.561
884.520000,113.538,309.950,-58.030,-57.795
884.534974,113.069,309.950,-57.795,-57.795
884.604999,113.304,309.950,-58.030,-57.795
884.704999,113.538,309.950,-57.795,-57.795
884.804999,113.304,309.950,-58.030,-58.030
884.904999,113.538,309.950,-58.030,-58.030
885.004999,113.304,309.950,-57.795,-57.795
885.104999,113.304,310.185,-57.795,-57.795
885.204999,113.538,310.185,-57.795,-57.795
885.304999,113.538,309.950,-58.030,-58.030
885.521000,113.304,309.950,-58.030,-58.030
885.535974,113.304,309.950,-57.795,-58.030
885.604999,113.304,309.950,-57.795,-57.795
885.704999,113.304,309.950,-57.795,-57.795
885.804999,113.538,309.716,-57.795,-58.030
885.904999,113.538,309.950,-57.795,-57.795
886.004999,113.538,310.185,-58.030,-57.795
886.104999,113.538,309.950,-58.030,-58.030
886.204999,113.538,309.950,-58.030,-58.030
886.304999,113.304,309.950,-57.795,-57.795
886.521001,113.538,309.950,-57.561,-57.795
886.535974,113.304,309.950,-57.795,-58.030
886.604999,113.304,309.950,-57.795,-57.795
886.704999,113.304,309.950,-58.030,-57.795
886.804999,113.304,310.185,-57.795,-57.795
886.904999,113.538,309.950,-57.795,-58.030
887.004999,113.538,309.950,-57.795,-58.030
887.104999,113.538,309.950,-57.795,-58.030
887.204999,113.538,309.950,-58.030,-57.795
887.304999,113.538,309.716,-58.030,-57.795
887.521000,113.538,309.950,-57.795,-57.795
887.535974,113.538,309.950,-58.030,-57.795
887.604999,113.304,309.950,-57.795,-58.030
887.704999,113.538,309.950,-57.561,-58.030
887.804999,113.538,309.950,-57.795,-57.795
887.904999,113.304,309.950,-58.030,-58.030
888.004999,113.538,309.716,-57.795,-57.795
888.104999,113.304,309.950,-57.561,-57.795
888.204999,113.538,309.950,-57.795,-58.030
888.304999,113.538,309.716,-57.795,-57.795
888.521000,113.304,309.950,-58.030,-57.795
888.535974,113.304,310.185,-58.264,-57.795
888.604999,113.538,309.950,-57.795,-57.795
888.704999,113.538,309.950,-58.030,-57.795
888.804999,113.304,309.716,-58.030,-57.795
888.904999,113.304,310.185,-57.795,-57.795
889.004999,113.304,309.950,-57.795,-57.795
889.104999,113.304,309.950,-57.795,-58.264
889.204999,113.538,309.716,-57.795,-57.795
889.304999,113.773,309.716,-57.795,-57.795
889.520000,113.538,309.950,-58.030,-57.795
889.534974,113.538,309.950,-57.795,-57.795
889.604999,113.773,309.950,-57.795,-57.795
889.704999,113.538,309.950,-57.795,-57.795
889.804999,113.538,309.716,-57.795,-58.030
889.904999,113.538,309.716,-57.795,-58.030
890.004999,113.304,309.716,-58.030,-57.795
890.104999,113.538,309.950,-58.030,-58.030
890.204999,113.538,309.950,-57.795,-58.030
890.304999,113.304,309.716,-57.795,-58.030
890.521000,113.538,309.716,-58.030,-57.795
890.535974,113.304,309.716,-58.030,-57.795
890.604999,113.538,309.950,-57.561,-57.795
890.704999,113.538,309.950,-57.795,-57.561
890.804999,113.538,309.950,-57.795,-58.030
890.904999,113.304,309.716,-58.030,-57.795
891.004999,113.304,309.716,-57.795,-57.795
891.104999,113.538,309.716,-57.795,-58.264
891.204999,113.304,309.950,-58.030,-58.030
891.304999,113.304,309.950,-57.795,-58.030
891.521000,113.538,309.950,-58.030,-58.030
891.535974,113.538,309.950,-57.795,-57.795
891.604999,113.304,309.950,-57.795,-57.795
891.704999,113.538,309.716,-57.795,-57.795
891.804999,113.304,309.950,-57.795,-58.030
891.904999,113.538,309.950,-57.795,-57.561
892.004999,113.304,309.716,-58.030,-57.795
892.104999,113.304,309.950,-57.795,-57.795
892.204999,113.304,309.950,-58.030,-58.030
892.304999,113.538,309.716,-57.795,-58.030
892.521000,113.304,309.716,-57.795,-57.795
892.535974,113.304,309.950,-57.561,-57.795
892.604999,113.538,309.950,-57.795,-57.795
892.704999,113.304,309.950,-58.030,-58.030
892.804999,113.538,309.950,-57.795,-57.795
892.904999,113.538,309.716,-57.795,-57.795
893.004999,113.304,309.950,-58.030,-57.795
893.104999,113.304,309.950,-57.795,-57.795
893.204999,113.538,309.950,-57.795,-57.795
893.304999,113.304,309.950,-57.795,-57.795
893.521000,113.304,309.716,-57.795,-57.795
893.535974,113.538,309.716,-57.561,-58.030
893.604999,113.304,309.716,-57.795,-58.030
893.704999,113.538,309.716,-58.030,-57.795
893.804999,113.304,309.950,-58.030,-58.030
893.904999,113.304,309.950,-57.795,-57.561
894.004999,113.304,309.950,-57.795,-57.795
894.104999,113.304,309.950,-57.795,-57.795
894.204999,113.538,309.950,-58.030,-58.030
894.304999,113.304,309.950,-58.030,-57.795
894.521001,113.538,309.716,-57.795,-58.030
894.535974,113.304,309.716,-57.795,-57.795
894.604999,113.538,309.716,-57.795,-58.030
894.704999,113.538,309.716,-58.030,-57.795
894.804999,113.538,309.950,-57.795,-58.030
894.904999,113.304,309.950,-57.795,-57.795
895.004999,113.304,309.950,-58.030,-57.795
895.104999,113.538,309.950,-57.795,-57.795
895.204999,113.304,309.950,-57.795,-57.561
895.304999,113.538,309.950,-57.795,-57.795
895.521001,113.538,309.950,-57.561,-58.030
895.535974,113.538,309.950,-58.030,-58.030
895.604999,113.304,309.950,-57.561,-57.795
895.704999,113.538,309.716,-57.795,-57.795
895.804999,113.538,309.950,-57.795,-58.030
895.904999,113.304,309.950,-58.030,-57.795
896.004999,113.304,309.950,-58.030,-58.030
896.104999,113.304,309.950,-57.795,-57.795
896.204999,113.069,309.950,-57.795,-58.030
896.304999,113.304,309.950,-58.030,-57.795
896.521000,113.304,309.950,-58.030,-57.795
896.535974,113.304,309.950,-57.795,-57.795
896.604999,113.304,309.950,-57.795,-57.795
896.704999,113.304,309.716,-57.795,-57.795
896.804999,113.304,309.950,-58.030,-58.030
896.904999,113.304,309.950,-57.795,-57.795
897.004999,113.304,309.950,-57.795,-58.030
897.104999,113.304,309.716,-57.795,-57.795
897.204999,113.538,309.950,-58.030,-57.795
897.304999,113.538,309.950,-57.795,-57.795
897.520000,113.304,309.950,-57.795,-57.795
897.534974,113.304,309.950,-57.795,-58.030
897.604999,113.304,309.950,-58.030,-57.795
897.704999,113.304,309.716,-57.795,-57.795
897.804999,113.304,309.482,-57.795,-57.795
897.904999,113.304,309.716,-57.795,-58.030
898.004999,113.304,309.716,-57.795,-57.795
898.104999,113.304,309.950,-57.795,-57.795
898.204999,113.538,309.950,-58.030,-58.030
898.304999,113.304,309.950,-57.795,-57.795
898.525001,113.304,309.716,-57.795,-57.795
898.539974,113.304,309.716,-57.795,-57.795
898.604999,113.304,309.716,-57.795,-57.795
898.704999,113.304,309.950,-57.795,-57.795
898.804999,113.304,309.950,-57.561,-57.795
898.904999,113.304,309.716,-57.795,-58.030
899.004999,113.304,309.482,-57.795,-57.795
899.104999,113.304,309.950,-57.795,-57.795
899.204999,113.304,309.716,-57.795,-58.030
899.304999,113.304,309.950,-57.795,-57.795
899.521000,113.304,309.716,-57.795,-57.795
899.535974,113.304,309.950,-57.795,-57.795
899.604999,113.304,309.716,-57.795,-58.030
899.704999,113.304,309.716,-57.795,-58.030
899.804999,113.304,309.716,-58.030,-57.795
899.904999,113.538,309.950,-57.795,-58.030
900.004999,113.304,309.716,-57.795,-57.795
900.104999,113.304,309.716,-57.795,-57.795
900.204999,113.304,309.950,-57.795,-58.030
900.304999,113.304,309.950,-57.795,-57.795
900.521000,113.538,309.950,-57.795,-57.795
900.535974,113.538,309.716,-57.795,-57.795
900.604999,113.304,309.716,-57.795,-58.030
900.704999,113.304,309.716,-57.795,-57.795
900.804999,113.304,309.716,-57.795,-57.795
900.904999,113.304,309.716,-57.795,-57.795
901.004999,113.538,309.716,-57.795,-57.795
901.104999,113.304,309.716,-57.795,-57.795
901.204999,113.069,309.716,-57.795,-57.795
901.304999,113.304,309.950,-57.795,-57.795
901.521000,113.304,309.716,-57.795,-58.030
901.535974,113.304,309.950,-57.795,-58.030
901.604999,113.069,309.716,-57.795,-58.030
901.704999,113.538,309.716,-57.795,-58.030
901.804999,113.304,309.950,-57.795,-58.030
901.904999,113.304,309.950,-58.030,-57.795
902.004999,113.304,309.950,-57.795,-57.795
902.104999,113.304,309.716,-57.795,-57.795
902.204999,113.304,309.950,-58.030,-58.030
902.304999,113.304,309.950,-57.795,-57.795
902.520001,113.304,309.716,-57.795,-57.795
902.534974,113.304,309.950,-57.795,-57.561
902.604999,113.304,309.716,-57.795,-57.795
902.704999,113.304,309.716,-58.030,-58.030
902.804999,113.304,309.716,-57.795,-58.030
902.904999,113.304,309.716,-57.795,-57.795
903.004999,113.069,309.950,-57.795,-58.030
903.104999,113.304,309.716,-57.795,-57.795
903.204999,113.304,309.716,-57.795,-57.795
903.304999,113.304,309.716,-57.795,-57.795
903.521001,113.304,309.716,-58.030,-58.030
903.535974,113.304,309.950,-57.795,-58.030
903.604999,113.304,309.950,-57.795,-58.030
903.704999,113.304,309.716,-58.030,-58.030
903.804999,113.304,309.716,-57.795,-57.795
903.904999,113.069,309.716,-57.795,-58.030
904.004999,113.304,309.716,-57.795,-57.795
904.104999,113.304,309.716,-57.795,-58.030
904.204999,113.069,309.716,-57.795,-57.795
904.304999,113.304,309.716,-57.795,-57.795
904.521000,113.304,309.716,-58.030,-57.795
904.535974,113.304,309.950,-57.795,-57.795
904.604999,113.304,309.950,-57.795,-57.795
904.704999,113.069,309.950,-57.795,-57.795
904.804999,113.304,309.482,-58.030,-57.795
904.904999,113.304,309.716,-58.030,-57.795
905.004999,113.304,309.716,-57.795,-58.030
905.104999,113.069,309.716,-57.795,-57.795
905.204999,113.304,309.716,-57.795,-58.030
905.304999,113.304,309.716,-57.795,-57.561
905.521000,113.069,309.716,-57.561,-58.030
905.535974,113.304,309.716,-57.795,-58.030
905.604999,113.069,309.482,-57.795,-58.030
905.704999,113.304,309.716,-57.795,-57.795
905.804999,113.304,309.716,-57.795,-58.030
905.904999,113.304,309.950,-57.561,-58.030
906.004999,113.304,309.716,-57.795,-57.795
906.104999,113.304,309.716,-57.561,-58.030
906.204999,113.304,309.950,-57.795,-57.795
906.304999,113.304,309.716,-57.795,-57.795
906.521000,113.304,309.716,-57.795,-58.030
906.535974,113.069,309.716,-57.795,-57.795
906.604999,113.304,309.716,-57.561,-57.795
906.704999,113.304,309.716,-58.030,-58.030
906.804999,113.304,309.716,-57.795,-58.030
906.904999,113.304,309.716,-57.795,-57.795
907.004999,113.304,309.716,-57.561,-57.795
907.104999,113.069,309.716,-57.795,-57.795
907.204999,113.069,309.716,-57.795,-57.795
907.304999,113.304,309.716,-57.795,-58.030
907.521000,113.304,309.950,-57.561,-58.030
907.535974,113.069,309.716,-57.795,-57.795
907.604999,113.069,309.716,-58.030,-57.795
907.704999,113.304,309.950,-57.795,-58.030
907.804999,113.304,309.950,-57.795,-58.030
907.904999,113.304,309.716,-57.795,-58.030
908.004999,113.069,309.716,-57.795,-57.795
908.104999,113.304,309.950,-57.561,-57.795
908.204999,113.304,309.716,-57.561,-57.795
908.304999,113.304,309.716,-57.795,-57.795
908.521000,113.304,309.716,-58.030,-57.795
908.535974,113.069,309.950,-57.795,-57.795
908.604999,113.069,309.716,-57.795,-57.795
908.704999,113.069,309.716,-58.030,-57.795
908.804999,113.069,309.716,-57.795,-58.030
908.904999,113.304,309.716,-57.795,-57.795
909.004999,113.069,309.716,-57.795,-58.030
909.104999,113.304,309.716,-57.795,-57.795
909.204999,113.069,309.950,-57.795,-58.030
909.304999,113.069,309.716,-57.795,-57.795
909.521000,113.069,309.950,-57.795,-58.030
909.535974,113.304,309.950,-57.795,-57.795
909.604999,113.304,309.716,-57.795,-57.795
909.704999,113.304,309.716,-57.795,-57.795
909.804999,113.304,309.716,-57.795,-58.030
909.904999,113.069,309.716,-57.795,-57.795
910.004999,113.304,309.716,-57.795,-58.030
910.104999,113.069,309.950,-57.795,-58.030
910.204999,113.069,309.950,-57.795,-57.795
910.304999,113.069,309.716,-57.795,-57.795
910.520000,113.304,309.716,-57.795,-58.030
910.534974,113.304,309.950,-58.030,-57.795
910.604999,113.304,309.716,-57.795,-58.030
910.704999,113.069,309.482,-57.795,-57.561
910.804999,113.069,309.716,-58.030,-57.795
910.904999,113.304,309.716,-57.795,-57.795
911.004999,113.069,309.950,-57.795,-57.795
911.104999,113.304,309.716,-57.795,-57.561
911.204999,113.069,309.950,-57.795,-57.795
911.304999,113.069,309.716,-58.030,-57.795
911.521000,113.304,309.716,-57.795,-57.795
911.535974,113.304,309.950,-57.795,-57.795
911.604999,113.069,309.716,-57.795,-57.795
911.704999,113.304,309.482,-57.795,-57.795
911.804999,113.304,309.716,-57.795,-57.795
911.904999,113.304,309.716,-57.795,-58.030
912.004999,113.304,309.716,-57.795,-57.795
912.104999,113.069,309.950,-57.795,-57.795
912.204999,113.304,309.482,-57.795,-58.030
912.304999,113.069,309.482,-57.795,-57.561
912.521000,113.304,309.716,-58.030,-57.795
912.535974,113.304,309.716,-57.795,-57.795
912.604999,113.069,309.950,-57.795,-57.795
912.704999,113.069,309.716,-57.795,-57.561
912.804999,113.069,309.716,-58.264,-58.030
912.904999,113.069,309.716,-57.795,-58.030
913.004999,113.069,309.482,-57.795,-57.795
913.104999,113.304,309.716,-57.795,-57.795
913.204999,113.069,309.716,-57.795,-57.795
913.304999,113.069,309.716,-57.795,-57.795
913.521000,113.304,309.716,-57.795,-57.795
913.535974,113.069,309.716,-57.795,-57.795
913.604999,113.069,309.716,-57.795,-57.795
913.704999,113.069,309.716,-57.795,-57.795
913.804999,113.069,309.950,-57.561,-58.030
913.904999,113.304,309.950,-57.795,-58.030
914.004999,112.835,309.716,-57.795,-57.795
914.104999,113.069,309.950,-57.561,-57.795
914.204999,113.069,309.716,-57.795,-57.795
914.304999,113.069,309.716,-57.795,-57.795
914.521000,113.069,309.482,-57.795,-58.030
914.535974,113.304,309.716,-57.795,-57.795
914.604999,113.069,309.950,-57.795,-57.795
914.704999,112.835,309.716,-57.795,-57.795
914.804999,113.069,309.716,-58.030,-57.795
914.904999,113.304,309.716,-57.795,-57.795
915.004999,113.069,309.716,-57.795,-57.795
915.104999,113.069,309.716,-57.795,-58.030
915.204999,113.069,309.716,-57.795,-58.030
915.304999,113.069,309.482,-57.795,-57.795
915.520000,113.069,309.950,-57.561,-57.795
915.534974,112.835,309.716,-57.561,-57.795
915.604999,113.069,309.950,-57.795,-57.795
915.704999,113.304,309.716,-57.795,-57.795
915.804999,113.069,309.950,-57.795,-57.795
915.904999,113.069,309.482,-57.795,-57.795
916.004999,112.835,309.716,-57.795,-57.795
916.104999,112.835,309.716,-57.795,-57.795
916.204999,113.069,309.716,-58.030,-57.795
916.304999,113.069,309.716,-57.561,-57.795
916.521000,113.069,309.950,-57.561,-58.030
916.535974,113.069,309.716,-57.795,-57.795
916.604999,112.835,309.716,-57.795,-58.030
916.704999,112.835,309.482,-57.795,-58.030
916.804999,113.069,309.716,-57.795,-57.795
916.904999,113.069,309.950,-58.030,-58.030
917.004999,113.069,309.716,-57.795,-58.030
917.104999,112.835,309.716,-58.030,-58.030
917.204999,113.069,309.950,-58.030,-57.795
917.304999,113.069,309.950,-57.795,-58.030
917.521000,113.069,309.950,-58.030,-58.030
917.535974,112.835,309.716,-57.795,-58.030
917.604999,113.304,309.950,-57.795,-58.030
917.704999,113.069,309.716,-57.795,-58.030
917.804999,113.304,309.716,-57.795,-57.795
917.904999,113.069,309.482,-57.561,-57.795
918.004999,112.835,309.482,-57.795,-58.030
918.104999,113.069,309.716,-57.795,-58.030
918.204999,112.835,309.716,-58.030,-58.030
918.304999,113.069,309.716,-57.795,-58.030
918.521000,113.069,309.950,-58.030,-58.030
918.535974,112.835,309.716,-57.795,-57.795
918.604999,113.069,309.950,-58.030,-58.030
918.704999,113.069,309.482,-57.795,-57.795
918.804999,113.069,309.716,-57.795,-57.795
918.904999,112.835,309.950,-57.795,-57.795
919.004999,113.069,309.716,-57.795,-58.030
919.104999,113.069,309.716,-57.795,-58.030
919.204999,113.069,309.716,-58.030,-57.795
919.304999,113.069,309.716,-57.795,-58.030
919.521000,112.835,309.716,-58.030,-58.030
919.535974,112.835,309.716,-58.030,-57.795
919.604999,112.835,309.716,-58.030,-57.795
919.704999,113.069,309.716,-57.795,-57.795
919.804999,113.069,309.716,-57.795,-58.030
919.904999,113.069,309.716,-58.030,-57.795
920.004999,112.835,309.950,-57.795,-58.030
920.104999,112.835,309.716,-57.795,-57.795
920.204999,113.069,309.482,-57.795,-58.030
920.304999,113.069,309.716,-58.030,-57.795
920.521000,113.069,309.716,-58.030,-58.030
920.535974,113.069,309.482,-58.030,-58.030
920.604999,113.069,309.950,-57.795,-57.795
920.704999,112.835,309.716,-57.795,-57.795
920.804999,113.069,309.716,-57.795,-57.795
920.904999,112.835,309.716,-58.030,-57.561
921.004999,113.069,309.716,-57.795,-58.030
921.104999,113.069,309.716,-58.030,-57.795
921.204999,112.835,309.716,-57.795,-58.030
921.304999,113.069,309.716,-58.030,-58.030
921.521001,113.069,309.482,-57.795,-57.561
921.535974,112.835,309.716,-57.795,-57.795
921.604999,112.835,309.716,-57.795,-58.030
921.704999,113.069,309.716,-57.795,-58.030
921.804999,112.835,309.716,-57.795,-57.795
921.904999,113.069,309.716,-57.795,-57.795
922.004999,112.835,309.716,-58.030,-57.795
922.104999,112.835,309.716,-57.795,-58.030
922.204999,112.835,309.716,-57.795,-57.795
922.304999,113.069,309.716,-58.030,-57.795
922.521000,113.069,309.716,-57.795,-57.795
922.535974,112.835,309.716,-57.795,-57.795
922.604999,112.835,309.716,-58.030,-57.795
922.704999,113.069,309.716,-57.795,-57.795
922.804999,112.835,309.482,-57.561,-57.795
922.904999,112.835,309.716,-57.795,-57.795
923.004999,113.304,309.716,-57.795,-58.030
923.104999,112.835,309.716,-57.795,-57.795
923.204999,113.069,309.716,-57.795,-57.795
923.304999,113.069,309.716,-57.795,-58.030
923.520000,112.835,309.482,-57.795,-57.795
923.534974,112.835,309.716,-57.795,-58.030
923.604999,113.069,309.716,-57.795,-58.030
923.704999,113.069,309.716,-58.030,-57.795
923.804999,112.835,309.716,-57.795,-57.795
923.904999,113.069,309.716,-57.795,-58.030
924.004999,113.069,309.716,-57.561,-57.795
924.104999,113.069,309.716,-58.030,-58.030
924.204999,112.835,309.716,-57.795,-58.030
924.304999,112.835,309.716,-57.795,-58.030
924.521000,113.069,309.716,-57.795,-57.795
924.535974,112.835,309.482,-57.795,-57.795
924.604999,113.069,309.716,-57.795,-58.030
924.704999,112.835,309.716,-58.030,-57.795
924.804999,112.835,309.716,-58.030,-57.795
924.904999,113.069,309.716,-58.030,-57.795
925.004999,113.069,309.716,-58.030,-57.561
925.104999,113.069,309.716,-57.795,-57.795
925.204999,113.069,309.716,-57.795,-57.795
925.304999,113.069,309.716,-57.795,-57.795
925.521000,112.835,309.716,-57.795,-57.795
925.535974,112.835,309.482,-57.561,-57.795
925.604999,113.069,309.716,-57.795,-58.030
925.704999,113.069,309.716,-57.795,-58.030
925.804999,112.835,309.482,-57.795,-57.795
925.904999,112.835,309.716,-58.030,-57.795
926.004999,112.835,309.482,-58.030,-57.795
926.104999,112.835,309.716,-57.795,-58.030
926.204999,112.835,309.716,-57.795,-57.795
926.304999,112.835,309.716,-57.795,-57.795
926.521001,112.835,309.716,-57.795,-58.030
926.535974,113.069,309.716,-57.795,-58.030
926.604999,113.069,309.716,-57.795,-57.795
926.704999,112.835,309.950,-57.795,-58.030
926.804999,112.835,309.482,-57.795,-57.795
926.904999,112.835,309.950,-58.030,-57.795
927.004999,113.069,309.716,-57.795,-58.030
927.104999,112.601,309.716,-57.795,-57.795
927.204999,112.835,309.716,-57.795,-58.030
927.304999,113.069,309.716,-57.795,-58.030
927.521000,113.069,309.950,-57.795,-57.795
927.535974,112.835,309.716,-58.030,-57.795
927.604999,112.835,309.716,-57.795,-58.264
927.704999,112.835,309.482,-57.795,-58.030
927.804999,113.069,309.716,-57.795,-58.030
927.904999,112.835,309.716,-57.795,-57.795
928.004999,112.835,309.950,-57.795,-57.795
928.104999,113.069,309.716,-57.795,-57.795
928.204999,113.069,309.950,-58.030,-58.030
928.304999,112.835,309.716,-57.795,-57.795
928.520000,112.835,309.716,-58.030,-57.795
928.534974,113.069,309.716,-58.030,-57.795
928.604999,113.069,309.482,-58.030,-57.795
928.704999,113.069,309.716,-57.795,-57.795
928.804999,112.835,309.482,-57.795,-57.795
928.904999,112.835,309.716,-57.795,-58.030
929.004999,113.069,309.716,-57.795,-57.795
929.104999,112.835,309.716,-57.795,-58.030
929.204999,113.069,309.716,-57.795,-57.795
929.304999,112.835,309.716,-57.795,-57.795
929.521000,112.835,309.482,-57.795,-58.030
929.535974,112.835,309.716,-57.795,-58.030
929.604999,112.835,309.950,-57.795,-57.795
929.704999,113.069,309.716,-57.795,-58.030
929.804999,112.835,309.482,-57.795,-57.795
929.904999,113.069,309.716,-57.795,-57.795
930.004999,113.069,309.716,-57.795,-58.030
930.104999,113.069,309.716,-57.795,-57.795
930.204999,112.835,309.716,-57.795,-58.030
930.304999,112.835,309.716,-58.030,-58.030
930.521000,112.835,309.716,-57.795,-57.795
930.535974,113.069,309.716,-57.795,-57.795
930.604999,113.069,309.482,-57.795,-58.030
930.704999,112.835,309.482,-57.795,-57.795
930.804999,113.069,309.482,-58.030,-57.795
930.904999,112.835,309.716,-58.030,-57.795
931.004999,112.835,309.482,-58.030,-57.795
931.104999,112.835,309.482,-57.795,-58.030
931.204999,112.601,309.482,-57.795,-57.795
931.304999,112.835,309.716,-57.795,-58.030
931.521000,112.835,309.716,-57.795,-58.030
931.535974,112.835,309.716,-58.030,-58.030
931.604999,113.069,309.716,-58.030,-57.795
931.704999,112.835,309.716,-58.030,-58.030
931.804999,112.835,309.716,-58.030,-58.030
931.904999,112.835,309.482,-57.561,-58.030
932.004999,113.069,309.482,-57.795,-57.795
932.104999,112.835,309.482,-57.795,-58.030
932.204999,112.835,309.716,-57.795,-58.030
932.304999,112.835,309.716,-57.795,-58.030
932.521000,112.835,309.482,-57.795,-57.795
932.535974,113.069,309.716,-57.795,-57.795
932.604999,112.835,309.716,-57.795,-58.030
932.704999,112.835,309.716,-57.561,-58.030
932.804999,112.601,309.716,-57.795,-57.795
932.904999,112.835,309.716,-58.030,-58.030
933.004999,112.835,309.482,-57.795,-57.795
933.104999,112.835,309.716,-57.795,-57.795
933.204999,112.835,309.716,-58.030,-58.030
933.304999,113.069,309.716,-58.030,-58.030
933.521000,112.835,309.716,-57.795,-57.795
933.535974,112.835,309.716,-58.030,-57.795
933.604999,113.069,309.716,-57.795,-58.030
933.704999,112.835,309.950,-57.795,-57.795
933.804999,112.835,309.716,-58.030,-57.795
933.904999,112.835,309.716,-58.030,-58.030
934.004999,112.601,309.716,-57.795,-57.795
934.104999,112.835,309.716,-58.030,-58.030
934.204999,112.835,309.716,-57.795,-58.030
934.304999,112.835,309.716,-57.795,-57.795
934.521001,112.835,309.482,-57.795,-58.030
934.535974,113.069,309.716,-58.030,-58.264
934.604999,112.601,309.482,-57.795,-58.030
934.704999,113.069,309.716,-57.795,-58.030
934.804999,112.835,309.482,-57.795,-57.795
934.904999,112.835,309.716,-58.030,-57.795
935.004999,112.601,309.482,-57.795,-58.030
935.104999,112.835,309.716,-57.795,-57.795
935.204999,112.835,309.716,-57.795,-57.795
935.304999,112.835,309.482,-57.795,-58.030
935.521000,112.835,309.716,-58.030,-57.795
935.535974,112.601,309.716,-57.795,-57.795
935.604999,112.835,309.482,-58.030,-57.795
935.704999,112.835,309.482,-57.795,-57.795
935.804999,112.601,309.482,-58.030,-57.795
935.904999,112.835,309.482,-57.795,-58.030
936.004999,112.835,309.716,-57.795,-58.030
936.104999,112.601,309.716,-57.795,-58.030
936.204999,112.835,309.716,-57.795,-58.030
936.304999,112.835,309.716,-57.795,-57.795
936.520000,112.601,309.716,-57.795,-58.030
936.534974,113.069,309.716,-57.795,-57.795
936.604999,113.069,309.482,-58.030,-57.795
936.704999,112.835,309.482,-57.795,-57.795
936.804999,112.835,309.716,-57.795,-57.795
936.904999,112.835,309.716,-58.030,-58.030
937.004999,112.835,309.716,-57.561,-57.795
937.104999,112.835,309.716,-57.795,-58.030
937.204999,112.835,309.482,-57.795,-57.795
937.304999,112.601,309.482,-57.795,-58.030
937.521000,112.835,309.716,-57.795,-57.795
937.535974,112.835,309.482,-57.795,-58.030
937.604999,112.601,309.716,-58.030,-57.795
937.704999,112.601,309.716,-58.030,-58.030
937.804999,112.601,309.716,-57.795,-58.030
937.904999,112.835,309.716,-58.030,-57.795
938.004999,112.835,309.716,-57.795,-58.030
938.104999,113.069,309.716,-57.795,-58.030
938.204999,112.835,309.716,-57.795,-57.795
938.304999,112.835,309.482,-57.795,-58.030
938.521000,112.835,309.716,-57.795,-57.795
938.535974,112.835,309.716,-57.795,-57.795
938.604999,112.835,309.716,-57.795,-57.795
938.704999,112.601,309.950,-57.561,-58.030
938.804999,113.069,309.716,-58.030,-57.795
938.904999,112.601,309.482,-57.795,-58.030
939.004999,112.835,309.482,-57.795,-57.795
939.104999,112.835,309.482,-57.795,-58.030
939.204999,112.835,309.716,-57.795,-57.795
939.304999,112.835,309.716,-57.795,-58.030
939.521000,113.069,309.716,-57.795,-58.030
939.535974,112.835,309.716,-57.795,-57.795
939.604999,112.835,309.482,-57.795,-58.030
939.704999,112.835,309.716,-58.030,-57.795
939.804999,112.835,309.716,-57.795,-58.030
939.904999,112.835,309.716,-58.030,-57.795
940.004999,112.835,309.716,-58.030,-58.030
940.104999,112.835,309.482,-57.795,-58.030
940.204999,112.835,309.482,-57.795,-58.030
940.304999,112.835,309.716,-57.795,-58.030
940.521000,112.835,309.482,-57.795,-58.030
940.535974,112.835,309.716,-57.795,-57.795
940.604999,112.835,309.716,-57.795,-57.795
940.704999,112.601,309.482,-58.030,-57.795
940.804999,112.835,309.716,-57.795,-58.030
940.904999,112.835,309.482,-58.030,-57.795
941.004999,112.601,309.716,-57.795,-57.795
941.104999,112.601,309.482,-57.795,-57.795
941.204999,112.835,309.716,-57.795,-58.030
941.304999,112.601,309.716,-57.795,-58.030
941.520000,112.601,309.716,-57.795,-57.795
941.534974,112.835,309.482,-57.561,-58.030
941.604999,112.835,309.716,-57.795,-57.795
941.704999,112.835,309.716,-57.795,-58.030
941.804999,112.835,309.716,-57.795,-57.795
941.904999,112.835,309.716,-58.030,-57.795
942.004999,112.835,309.482,-57.795,-58.030
942.104999,112.601,309.716,-58.030,-57.795
942.204999,112.835,309.716,-57.795,-57.795
942.304999,112.835,309.482,-57.795,-57.795
942.521000,112.835,309.716,-58.030,-57.795
942.535974,112.601,309.482,-57.795,-58.030
942.604999,112.601,309.716,-58.030,-57.795
942.704999,112.835,309.716,-58.030,-57.795
942.804999,112.835,309.716,-57.795,-58.030
942.904999,112.835,309.482,-58.030,-58.030
943.004999,112.835,309.716,-57.795,-57.795
943.104999,112.835,309.247,-57.795,-58.030
943.204999,112.601,309.716,-57.795,-57.795
943.304999,112.835,309.716,-57.795,-57.795
943.521000,112.601,309.716,-57.795,-58.030
943.535974,112.835,309.482,-57.795,-57.795
943.604999,112.601,309.716,-57.561,-57.795
943.704999,113.069,309.716,-57.795,-57.795
943.804999,112.601,309.716,-57.795,-57.795
943.904999,112.601,309.716,-57.795,-57.795
944.004999,112.601,309.716,-57.795,-57.795
944.104999,112.601,309.716,-57.795,-58.030
944.204999,112.835,309.482,-57.795,-58.030
944.304999,112.601,309.716,-57.795,-57.795
944.521000,112.601,309.482,-57.795,-58.030
944.535974,112.835,309.482,-57.561,-57.795
944.604999,112.835,309.716,-57.795,-57.795
944.704999,112.835,309.716,-57.795,-57.795
944.804999,112.835,309.482,-57.795,-58.030
944.904999,112.601,309.716,-58.030,-58.030
945.004999,112.835,309.716,-58.030,-57.795
945.104999,112.835,309.716,-58.030,-57.795
945.204999,112.835,309.482,-57.795,-57.795
945.304999,112.835,309.482,-57.795,-57.795
945.521000,112.835,309.482,-58.030,-58.030
945.535974,112.835,309.482,-57.795,-58.030
945.604999,112.835,309.482,-57.795,-58.030
945.704999,112.835,309.716,-57.795,-57.795
945.804999,112.601,309.716,-57.795,-58.030
945.904999,112.601,309.716,-57.795,-58.030
946.004999,112.601,309.482,-58.030,-58.264
946.104999,112.601,309.716,-58.030,-58.030
946.204999,112.601,309.482,-57.795,-58.030
946.304999,112.835,309.482,-57.795,-58.030
946.521001,112.601,309.482,-58.030,-57.795
946.535974,112.601,309.482,-57.795,-58.030
946.604999,112.835,309.482,-57.795,-58.030
946.704999,112.601,309.482,-58.030,-57.795
946.804999,112.835,309.482,-57.795,-57.795
946.904999,112.835,309.482,-57.795,-57.795
947.004999,112.601,309.482,-57.795,-57.795
947.104999,112.835,309.482,-58.030,-57.795
947.204999,112.601,309.716,-57.795,-57.795
947.304999,112.835,309.482,-58.030,-57.795
947.521000,112.601,309.482,-58.030,-57.795
947.535974,112.601,309.716,-58.030,-57.795
947.604999,112.601,309.716,-57.795,-58.030
947.704999,112.835,309.482,-57.795,-58.030
947.804999,112.601,309.482,-57.795,-57.795
947.904999,112.835,309.482,-57.795,-58.030
948.004999,112.835,309.482,-58.030,-58.030
948.104999,112.601,309.482,-57.795,-57.795
948.204999,112.835,309.482,-57.795,-57.795
948.304999,112.601,309.482,-58.030,-58.030
948.521000,112.835,309.482,-57.795,-57.795
948.535974,112.835,309.950,-57.795,-57.795
948.604999,112.601,309.482,-57.795,-58.030
948.704999,112.835,309.482,-58.030,-58.030
948.804999,112.835,309.482,-58.030,-58.030
948.904999,112.835,309.482,-57.795,-58.030
949.004999,112.601,309.482,-57.795,-58.030
949.104999,113.069,309.482,-57.795,-58.030
949.204999,112.601,309.716,-58.030,-57.795
949.304999,112.601,309.716,-57.795,-58.030
949.520000,112.835,309.482,-57.795,-58.030
949.534974,112.601,309.482,-58.030,-58.030
949.604999,112.601,309.482,-57.795,-57.795
949.704999,112.601,309.482,-57.795,-57.795
949.804999,112.601,309.716,-58.030,-58.030
949.904999,112.835,309.482,-57.561,-57.795
950.004999,112.835,309.716,-57.795,-58.030
950.104999,112.835,309.482,-57.795,-57.795
950.204999,112.601,309.716,-57.795,-58.030
950.304999,112.601,309.716,-57.795,-57.561
950.521000,112.835,309.482,-57.795,-58.030
950.535974,112.601,309.482,-57.561,-58.030
950.604999,112.366,309.716,-57.795,-58.030
950.704999,112.601,309.482,-57.795,-58.030
950.804999,112.835,309.716,-57.795,-58.030
950.904999,112.601,309.716,-57.795,-57.795
951.004999,112.601,309.482,-58.030,-58.030
951.104999,112.835,309.716,-58.030,-57.795
951.204999,112.601,309.716,-57.795,-57.795
951.304999,112.835,309.482,-57.795,-57.795
951.521000,112.601,309.716,-57.795,-57.795
951.535974,112.601,309.716,-58.030,-58.030
951.604999,112.835,309.482,-58.030,-57.795
951.704999,112.601,309.716,-57.795,-57.795
951.804999,112.835,309.716,-57.795,-58.030
951.904999,112.601,309.716,-57.795,-58.030
952.004999,112.601,309.716,-58.030,-57.795
952.104999,112.601,309.482,-57.795,-57.795
952.204999,112.835,309.716,-57.795,-58.030
952.304999,112.601,309.247,-58.030,-57.795
952.521000,112.601,309.716,-57.795,-57.795
952.535974,112.366,309.482,-57.795,-57.795
952.604999,112.601,309.716,-57.795,-57.795
952.704999,112.601,309.716,-58.030,-57.795
952.804999,112.601,309.716,-58.030,-57.795
952.904999,112.601,309.716,-57.795,-57.795
953.004999,112.601,309.482,-58.030,-58.030
953.104999,112.601,309.716,-57.795,-57.795
953.204999,112.601,309.716,-58.030,-57.795
953.304999,112.601,309.716,-58.030,-58.030
953.521000,112.835,309.482,-58.030,-57.561
953.535974,112.601,309.716,-58.030,-57.795
953.604999,112.601,309.482,-57.795,-58.030
953.704999,112.835,309.716,-57.795,-57.795
953.804999,112.601,309.716,-58.030,-58.030
953.904999,112.601,309.482,-58.030,-57.795
954.004999,112.601,309.482,-57.795,-57.795
954.104999,112.601,309.716,-57.795,-58.030
954.204999,112.601,309.950,-57.795,-57.795
954.304999,112.835,309.482,-58.030,-57.795
954.520000,112.366,309.482,-58.030,-57.795
954.534974,112.601,309.482,-57.795,-57.795
954.604999,112.601,309.482,-58.030,-57.795
954.704999,112.601,309.716,-57.795,-58.030
954.804999,112.835,309.482,-57.795,-58.030
954.904999,112.601,309.716,-58.030,-57.795
955.004999,112.366,309.482,-57.795,-58.030
955.104999,112.601,309.482,-57.795,-57.795
955.204999,112.601,309.716,-58.030,-58.030
955.304999,112.366,309.482,-57.795,-58.030
955.521000,112.601,309.482,-58.030,-58.030
955.535974,112.601,309.716,-57.795,-57.795
955.604999,112.835,309.482,-58.030,-58.030
955.704999,112.601,309.482,-58.030,-58.030
955.804999,112.601,309.482,-57.795,-57.795
955.904999,112.601,309.482,-58.030,-57.795
956.004999,112.601,309.482,-58.264,-57.795
956.104999,112.601,309.482,-57.561,-58.030
956.204999,112.366,309.482,-57.795,-58.030
956.304999,112.601,309.482,-57.795,-57.795
956.521000,112.601,309.716,-57.795,-58.030
956.535974,112.601,309.482,-57.795,-58.030
956.604999,112.601,309.482,-57.795,-58.030
956.704999,112.601,309.482,-57.795,-58.030
956.804999,112.601,309.716,-58.030,-57.795
956.904999,112.601,309.482,-57.795,-58.030
957.004999,112.366,309.482,-57.795,-57.795
957.104999,112.601,309.482,-57.795,-58.030
957.204999,112.601,309.482,-57.795,-58.030
957.304999,112.601,309.482,-57.795,-58.030
957.521000,112.601,309.716,-57.795,-58.030
957.535974,112.601,309.482,-58.030,-58.030
957.604999,112.601,309.482,-57.795,-57.795
957.704999,112.601,309.716,-57.795,-57.795
957.804999,112.366,309.482,-57.795,-57.795
957.904999,112.601,309.482,-57.795,-58.030
958.004999,112.366,309.716,-57.561,-58.030
958.104999,112.601,309.482,-58.030,-58.030
958.204999,112.601,309.482,-58.030,-58.030
958.304999,112.366,309.247,-57.795,-57.795
958.521000,112.366,309.482,-57.795,-58.030
958.535974,112.601,309.482,-58.030,-58.030
958.604999,112.366,309.482,-57.795,-58.030
958.704999,112.366,309.482,-57.795,-58.030
958.804999,112.366,309.482,-58.030,-58.030
958.904999,112.601,309.482,-57.795,-57.795
959.004999,112.601,309.482,-58.030,-57.795
959.104999,112.601,309.482,-58.030,-57.795
959.204999,112.366,309.716,-58.030,-57.795
959.304999,112.601,309.482,-57.795,-58.030
959.521000,112.366,309.482,-58.030,-58.030
959.535974,112.366,309.482,-58.030,-58.030
959.604999,112.366,309.716,-57.795,-57.795
959.704999,112.601,309.482,-58.030,-58.030
959.804999,112.601,309.716,-57.795,-58.030
959.904999,112.366,309.482,-57.795,-58.030
960.004999,112.601,309.482,-58.030,-58.030
960.104999,112.601,309.482,-57.795,-58.030
960.204999,112.601,309.482,-57.795,-58.030
960.304999,112.366,309.482,-58.030,-58.030
960.521000,112.601,309.482,-58.030,-58.030
960.535974,112.601,309.716,-57.795,-58.030
960.604999,112.601,309.482,-58.030,-58.030
960.704999,112.601,309.482,-58.030,-58.030
960.804999,112.601,309.482,-57.795,-58.030
960.904999,112.601,309.482,-57.795,-57.795
961.004999,112.601,309.482,-58.030,-57.795
961.104999,112.366,309.482,-57.795,-58.030
961.204999,112.366,309.716,-58.030,-57.795
961.304999,112.601,309.482,-57.795,-57.795
961.521000,112.601,309.716,-58.030,-57.795
961.535974,112.366,309.482,-57.795,-58.030
961.604999,112.601,309.482,-58.030,-57.795
961.704999,112.601,309.482,-57.795,-57.795
961.804999,112.601,309.482,-57.795,-57.795
961.904999,112.601,309.482,-58.030,-57.795
962.004999,112.835,309.482,-57.795,-57.795
962.104999,112.601,309.482,-58.030,-58.030
962.204999,112.601,309.716,-57.795,-57.561
962.304999,112.835,309.482,-58.030,-58.030
962.520000,112.601,309.247,-57.795,-57.795
962.534974,112.601,309.482,-58.030,-58.030
962.604999,112.601,309.482,-58.030,-58.030
962.704999,112.366,309.482,-57.795,-58.030
962.804999,112.366,309.716,-58.030,-58.030
962.904999,112.601,309.482,-57.795,-57.795
963.004999,112.366,309.716,-58.030,-57.795
963.104999,112.601,309.716,-57.795,-58.030
963.204999,112.366,309.482,-57.795,-58.030
963.304999,112.601,309.716,-58.030,-58.030
963.521000,112.601,309.716,-57.795,-57.795
963.535974,112.366,309.482,-58.030,-58.030
963.604999,112.366,309.482,-57.795,-57.795
963.704999,112.601,309.482,-57.795,-57.795
963.804999,112.601,309.247,-58.264,-57.795
963.904999,112.601,309.716,-58.030,-58.030
964.004999,112.601,309.716,-57.795,-58.030
964.104999,112.366,309.716,-57.795,-57.795
964.204999,112.601,309.716,-57.795,-58.030
964.304999,112.366,309.716,-58.030,-57.795
964.521000,112.366,309.482,-58.030,-58.030
964.535974,112.601,309.716,-57.795,-58.030
964.604999,112.601,309.247,-58.030,-57.795
964.704999,112.366,309.482,-57.795,-57.795
964.804999,112.366,309.482,-57.795,-57.795
964.904999,112.601,309.482,-57.795,-58.030
965.004999,112.366,309.482,-57.795,-57.795
965.104999,112.366,309.482,-57.795,-57.795
965.204999,112.601,309.482,-58.030,-57.795
965.304999,112.366,309.482,-57.795,-57.795
965.521000,112.601,309.482,-57.795,-58.030
965.535974,112.601,309.482,-58.030,-57.795
965.604999,112.601,309.482,-57.795,-57.795
965.704999,112.601,309.716,-58.030,-58.030
965.804999,112.366,309.482,-58.030,-57.795
965.904999,112.366,309.482,-57.795,-58.030
966.004999,112.366,309.247,-57.795,-57.795
966.104999,112.601,309.482,-57.561,-57.795
966.204999,112.601,309.482,-58.030,-58.030
966.304999,112.601,309.247,-57.795,-57.795
966.521001,112.601,309.482,-58.030,-58.030
966.542113,112.366,309.482,-57.795,-58.030
966.604999,112.366,309.482,-57.795,-57.795
966.704999,112.366,309.482,-58.030,-58.030
966.804999,112.366,309.247,-57.795,-57.795
966.904999,112.601,309.482,-58.030,-58.030
967.004999,112.601,309.482,-57.795,-58.030
967.104999,112.366,309.247,-58.030,-57.795
967.204999,112.366,309.247,-57.795,-57.795
967.304999,112.366,309.482,-57.795,-57.795
967.520000,112.366,309.482,-57.795,-58.264
967.534974,112.366,309.482,-58.030,-58.030
967.604999,112.366,309.482,-57.795,-57.795
967.704999,112.366,309.482,-57.795,-57.795
967.804999,112.366,309.482,-57.795,-57.795
967.904999,112.601,309.482,-58.030,-57.795
968.004999,112.366,309.482,-58.030,-57.795
968.104999,112.366,309.482,-58.030,-58.030
968.204999,112.601,309.482,-57.795,-58.030
968.304999,112.601,309.482,-57.795,-57.795
968.521000,112.601,309.482,-57.795,-57.795
968.535974,112.601,309.482,-57.795,-58.030
968.604999,112.601,309.482,-57.795,-57.795
968.704999,112.366,309.716,-58.030,-57.795
968.804999,112.366,309.247,-57.795,-58.030
968.904999,112.366,309.482,-57.795,-57.795
969.004999,112.601,309.482,-57.561,-58.030
969.104999,112.366,309.482,-58.030,-57.795
969.204999,112.601,309.482,-57.795,-58.030
969.304999,112.366,309.482,-57.795,-58.030
969.521000,112.366,309.482,-57.561,-58.030
969.535974,112.366,309.482,-57.795,-57.795
969.604999,112.366,309.247,-57.795,-57.795
969.704999,112.601,309.482,-57.795,-57.795
969.804999,112.366,309.482,-57.795,-57.795
969.904999,112.366,309.482,-58.030,-57.795
970.004999,112.132,309.482,-57.795,-58.030
970.104999,112.366,309.716,-58.264,-57.795
970.204999,112.601,309.716,-57.795,-57.795
970.304999,112.366,309.482,-58.030,-57.795
970.521000,112.366,309.482,-58.030,-57.795
970.535974,112.366,309.247,-58.030,-57.795
970.604999,112.366,309.247,-57.795,-58.030
970.704999,112.366,309.482,-57.795,-57.795
970.804999,112.366,309.247,-57.795,-57.795
970.904999,112.366,309.716,-58.030,-58.030
971.004999,112.366,309.482,-57.795,-57.795
971.104999,112.366,309.482,-57.795,-58.030
971.204999,112.366,309.482,-58.030,-57.795
971.304999,112.601,309.482,-57.795,-58.030
971.521000,112.601,309.482,-58.030,-57.795
971.535974,112.366,309.716,-57.795,-57.795
971.604999,112.132,309.482,-57.795,-58.030
971.704999,112.601,309.482,-58.030,-57.795
971.804999,112.601,309.716,-57.795,-58.030
971.904999,112.366,309.247,-57.795,-58.030
972.004999,112.601,309.482,-58.030,-57.795
972.104999,112.366,309.482,-57.795,-58.030
972.204999,112.366,309.482,-57.795,-58.030
972.304999,112.601,309.482,-57.795,-58.030
972.521000,112.366,309.247,-57.795,-58.030
972.535974,112.366,309.482,-57.795,-58.030
972.604999,112.366,309.482,-58.030,-58.030
972.704999,112.132,309.482,-57.795,-57.795
972.804999,112.366,309.482,-57.795,-58.030
972.904999,112.366,309.247,-57.795,-57.795
973.004999,112.601,309.482,-58.030,-57.795
973.104999,112.366,309.482,-57.795,-58.030
973.204999,112.366,309.482,-58.030,-58.030
973.304999,112.366,309.482,-57.795,-57.795
973.521000,112.366,309.482,-57.795,-58.030
973.535974,112.366,309.482,-58.030,-58.030
973.604999,112.366,309.482,-57.795,-57.795
973.704999,112.366,309.482,-58.030,-57.795
973.804999,112.366,309.482,-58.030,-57.795
973.904999,112.366,309.482,-58.030,-57.795
974.004999,112.366,309.482,-57.795,-57.795
974.104999,112.366,309.482,-57.795,-58.030
974.204999,112.366,309.482,-58.264,-58.030
974.304999,112.366,309.482,-57.795,-57.795
974.521001,112.366,309.716,-58.030,-57.795
974.535974,112.366,309.247,-58.030,-57.795
974.604999,112.366,309.482,-57.795,-57.795
974.704999,112.601,309.482,-57.795,-57.561
974.804999,112.366,309.482,-57.561,-57.795
974.904999,112.366,309.247,-57.795,-57.795
975.004999,112.366,309.716,-57.561,-57.795
975.104999,112.366,309.482,-57.795,-58.030
975.204999,112.366,309.482,-57.795,-58.030
975.304999,112.132,309.482,-58.030,-57.795
975.520000,112.601,309.482,-57.795,-58.030
975.534974,112.366,309.482,-57.795,-57.795
975.604999,112.366,309.716,-57.795,-58.030
975.704999,112.366,309.482,-57.795,-57.795
975.804999,112.366,309.716,-57.795,-58.030
975.904999,112.366,309.482,-58.030,-57.795
976.004999,112.601,309.716,-57.795,-57.795
976.104999,112.366,309.247,-57.795,-58.030
976.204999,112.366,309.482,-57.795,-57.795
976.304999,112.366,309.716,-57.795,-57.795
976.521000,112.132,309.482,-57.795,-57.795
976.535974,112.366,309.247,-57.795,-58.030
976.604999,112.601,309.482,-57.795,-57.795
976.704999,112.366,309.247,-57.795,-58.030
976.804999,112.132,309.482,-57.795,-58.030
976.904999,112.366,309.482,-57.561,-57.795
977.004999,112.366,309.482,-58.030,-58.030
977.104999,112.366,309.482,-58.030,-58.030
977.204999,112.366,309.247,-58.030,-58.030
977.304999,112.601,309.482,-57.795,-58.030
977.521000,112.366,309.482,-57.795,-58.030
977.535974,112.366,309.247,-57.795,-57.795
977.604999,112.366,309.482,-58.030,-57.795
977.704999,112.366,309.247,-57.795,-58.030
977.804999,112.132,309.482,-57.795,-58.030
977.904999,112.366,309.482,-57.795,-58.030
978.004999,112.366,309.482,-58.030,-57.795
978.104999,112.366,309.482,-57.795,-58.030
978.204999,112.366,309.482,-57.795,-57.795
978.304999,112.366,309.247,-57.795,-57.795
978.521000,112.366,309.716,-57.795,-58.030
978.535974,112.132,309.482,-57.795,-57.795
978.604999,112.132,309.247,-58.030,-58.030
978.704999,112.132,296.122,-57.795,-57.795
978.804999,112.366,296.122,-57.795,-58.030
978.904999,112.132,295.184,-57.795,-57.795
979.004999,112.132,295.184,-57.795,-57.795
979.104999,73.693,296.356,-57.795,-57.795
979.204999,72.990,296.122,-57.795,-58.030
979.304999,72.287,295.184,-57.561,-58.030
979.521000,73.459,284.872,-57.795,-57.795
979.535974,73.459,283.231,-57.795,-58.030
979.604999,73.459,271.980,-57.795,-57.795
979.704999,73.693,252.996,-57.795,-58.030
979.804999,74.162,232.839,-58.030,-58.030
979.904999,74.162,212.916,-58.030,-57.795
980.004999,73.928,192.994,-57.795,-58.030
980.104999,73.693,174.712,-57.795,-58.030
980.204999,72.756,158.071,-57.795,-57.795
980.304999,71.818,141.664,-57.795,-58.030
980.520000,70.177,108.382,-58.030,-58.030
980.534974,69.709,106.038,-58.030,-57.795
980.604999,67.834,96.194,-57.795,-58.030
980.704999,64.084,83.537,-57.795,-57.795
980.804999,60.568,71.349,-58.030,-57.795
980.904999,54.005,60.333,-57.795,-58.030
981.004999,46.739,50.255,-58.030,-57.795
981.104999,38.770,40.880,-57.795,-57.795
981.204999,31.036,32.676,-58.030,-57.795
981.304999,23.535,24.707,-58.030,-57.795
981.521000,8.769,9.941,-57.561,-58.030
981.535974,8.066,9.004,-57.561,-57.795
981.604999,3.613,4.785,-57.795,-57.795
981.704999,-1.543,-0.606,-57.795,-58.030
981.804999,-6.700,-5.762,-58.030,-58.030
981.904999,-11.388,-10.684,-58.030,-57.795
982.004999,-15.841,-15.138,-57.795,-57.795
982.104999,-20.060,-19.357,-58.030,-57.795
982.204999,-23.810,-23.341,-58.030,-57.795
982.304999,-27.326,-26.857,-57.795,-58.030
982.521000,-33.654,-33.419,-58.030,-57.795
982.535974,-34.357,-33.888,-57.795,-58.030
982.604999,-35.998,-35.763,-57.795,-57.795
982.704999,-38.576,-38.107,-58.030,-57.795
982.804999,-40.920,-40.451,-57.795,-58.030
982.904999,-43.263,-42.560,-57.795,-57.795
983.004999,-44.904,-44.904,-57.795,-58.030
983.104999,-47.248,-46.779,-57.795,-57.795
983.204999,-48.654,-48.420,-57.795,-58.030
983.304999,-50.295,-49.826,-57.795,-57.795
983.520000,-53.108,-52.873,-57.795,-57.795
983.534974,-53.108,-53.108,-57.795,-58.030
983.604999,-54.045,-53.576,-58.030,-57.795
983.704999,-54.748,-54.514,-57.795,-58.030
983.804999,-55.686,-55.451,-57.795,-57.795
983.904999,-56.155,-55.920,-57.795,-57.795
984.004999,-56.389,-56.389,-58.030,-57.795
984.104999,-56.623,-56.623,-58.030,-57.795
984.204999,-57.092,-57.092,-57.795,-57.795
984.304999,-57.092,-56.858,-57.795,-57.795
984.521000,-57.561,-57.092,-57.795,-57.795
984.535974,-57.326,-57.092,-57.795,-57.795
984.604999,-57.561,-57.326,-57.795,-57.795
984.704999,-57.561,-57.326,-57.795,-57.795
984.804999,-57.561,-57.326,-57.795,-58.030
984.904999,-57.326,-57.561,-57.795,-57.795
985.004999,-57.326,-57.561,-57.795,-57.795
985.104999,-57.561,-57.326,-58.030,-57.795
985.204999,-57.561,-57.092,-58.030,-57.795
985.304999,-57.326,-57.326,-57.561,-57.795
985.521000,-57.326,-57.092,-58.030,-58.030
985.535974,-57.561,-57.326,-57.795,-58.030
985.604999,-57.326,-57.326,-58.030,-57.795
985.704999,-57.326,-57.326,-58.030,-57.795
985.804999,-57.326,-57.561,-57.795,-57.561
985.904999,-57.326,-57.326,-57.795,-57.795
986.004999,-57.561,-57.326,-57.795,-57.795
986.104999,-57.561,-57.326,-58.030,-57.795
986.204999,-57.561,-57.326,-58.030,-57.795
986.304999,-57.326,-57.326,-57.795,-57.795
986.521001,-57.561,-57.561,-57.795,-58.030
986.535974,-57.326,-57.092,-58.030,-57.561
986.604999,-57.795,-57.561,-57.795,-58.030
986.704999,-57.326,-57.326,-57.795,-57.795
986.804999,-57.561,-57.561,-57.795,-57.795
986.904999,-57.561,-57.561,-57.795,-58.030
987.004999,-57.561,-57.326,-57.795,-57.795
987.104999,-57.326,-57.561,-57.795,-58.030
987.204999,-57.561,-57.326,-58.030,-57.795
987.304999,-57.326,-57.561,-57.795,-57.795
987.521000,-57.561,-57.326,-58.030,-57.795
987.535974,-57.561,-57.326,-57.795,-58.030
987.604999,-57.561,-57.326,-57.795,-57.795
987.704999,-57.326,-57.092,-58.030,-57.795
987.804999,-57.326,-57.561,-58.030,-57.795
987.904999,-57.561,-57.561,-57.795,-57.795
988.004999,-57.795,-57.561,-57.795,-57.795
988.104999,-57.092,-57.561,-57.795,-57.795
988.204999,-57.326,-57.561,-57.795,-57.561
988.304999,-57.795,-57.326,-58.030,-58.030
988.520001,-57.561,-57.326,-57.795,-58.030
988.534974,-57.326,-57.326,-57.795,-58.030
988.604999,-57.561,-57.326,-57.561,-58.030
988.704999,-57.561,-56.623,-57.795,-58.030
988.804999,-57.326,-57.326,-57.795,-58.030
988.904999,-57.561,-57.326,-57.795,-57.795
989.004999,-57.561,-57.326,-57.795,-57.795
989.104999,-57.326,-57.326,-57.795,-57.795
989.204999,-57.561,-57.326,-57.795,-57.795
989.304999,-57.326,-57.561,-57.795,-57.795
989.521000,-57.326,-57.326,-57.795,-57.795
989.535974,-57.326,-57.326,-57.795,-58.030
989.604999,-57.326,-57.326,-57.795,-57.795
989.704999,-57.561,-57.326,-57.795,-57.795
989.804999,-57.326,-57.326,-57.795,-57.795
989.904999,-57.326,-57.326,-57.795,-58.030
990.004999,-57.326,-57.326,-57.795,-58.030
990.104999,-57.561,-57.326,-57.795,-57.795
990.204999,-57.326,-57.326,-57.795,-57.795
990.304999,-57.326,-57.326,-57.795,-57.795
990.521000,-57.326,-57.326,-57.795,-57.795
990.535974,-57.326,-57.326,-57.795,-57.795
990.604999,-57.326,-57.561,-58.030,-57.795
990.704999,-57.561,-57.326,-57.795,-58.030
990.804999,-57.092,-57.561,-57.795,-57.795
990.904999,-57.326,-57.326,-57.795,-57.795
991.004999,-57.326,-57.092,-57.795,-58.030
991.104999,-57.561,-57.326,-58.030,-57.795
991.204999,-57.561,-57.326,-58.030,-58.030
991.304999,-57.326,-57.326,-57.795,-57.795
991.521001,-57.326,-57.561,-58.030,-57.795
991.535974,-57.326,-57.326,-58.030,-57.795
991.604999,-57.561,-57.326,-57.795,-57.795
991.704999,-57.326,-57.326,-57.795,-57.561
991.804999,-57.326,-57.326,-57.795,-57.795
991.904999,-57.326,-57.092,-57.795,-57.795
992.004999,-57.326,-57.326,-57.795,-58.030
992.104999,-57.326,-57.326,-57.795,-57.795
992.204999,-57.326,-57.326,-58.030,-57.795
992.304999,-57.326,-57.326,-57.795,-58.030
992.521000,-57.561,-57.326,-57.795,-58.030
992.535974,-57.326,-57.092,-58.030,-57.795
992.604999,-57.326,-57.326,-57.795,-57.795
992.704999,-57.326,-57.326,-57.795,-57.795
992.804999,-57.092,-57.326,-57.795,-58.030
992.904999,-57.326,-57.326,-57.795,-57.795
993.004999,-57.561,-57.561,-57.795,-57.795
993.104999,-57.092,-57.561,-57.795,-58.030
993.204999,-57.561,-57.561,-58.030,-58.030
993.304999,-57.326,-57.326,-57.795,-58.030
993.521000,-57.326,-57.326,-57.795,-57.795
993.535974,-57.561,-57.326,-57.795,-58.030
993.604999,-57.326,-57.092,-57.561,-57.795
993.704999,-57.092,-57.326,-58.030,-57.795
993.804999,-57.326,-57.092,-58.030,-58.030
993.904999,-57.326,-57.326,-57.795,-58.030
994.004999,-57.326,-57.326,-58.030,-58.030
994.104999,-57.326,-57.326,-58.030,-57.795
994.204999,-57.326,-57.092,-58.030,-58.030
994.304999,-57.326,-57.326,-58.030,-57.795
994.521000,-57.326,-57.092,-57.795,-57.795
994.535974,-57.326,-57.326,-57.795,-58.030
994.604999,-57.326,-57.326,-57.795,-58.030
994.704999,-57.326,-57.092,-58.030,-58.030
994.804999,-57.092,-57.092,-57.795,-58.030
994.904999,-57.326,-57.326,-58.030,-57.795
995.004999,-57.561,-57.326,-58.030,-58.030
995.104999,-57.326,-57.326,-57.795,-57.795
995.204999,-57.326,-57.092,-57.795,-57.795
995.304999,-57.326,-57.326,-57.795,-58.030
995.521001,-57.326,-57.092,-57.795,-58.030
995.535974,-57.561,-57.092,-57.795,-57.795
995.604999,-57.561,-57.561,-57.795,-58.030
995.704999,-57.326,-57.326,-57.795,-57.795
995.804999,-57.326,-57.326,-57.795,-58.030
995.904999,-57.326,-57.092,-57.795,-57.795
996.004999,-57.092,-57.326,-57.795,-58.030
996.104999,-57.326,-57.326,-58.030,-58.030
996.204999,-57.326,-57.092,-58.030,-58.030
996.304999,-57.092,-57.326,-57.795,-57.795
996.520000,-57.092,-57.326,-57.795,-57.795
996.534974,-57.326,-57.326,-57.795,-57.795
996.604999,-57.561,-57.092,-58.030,-58.030
996.704999,-57.326,-57.092,-58.030,-57.795
996.804999,-57.092,-57.326,-58.030,-58.030
996.904999,-57.326,-57.092,-57.795,-58.030
997.004999,-57.326,-57.326,-57.795,-57.795
997.104999,-57.326,-57.326,-57.795,-57.795
997.204999,-57.326,-57.326,-57.795,-58.030
997.304999,-57.326,-57.092,-58.030,-58.030
997.521001,-57.326,-57.326,-57.795,-58.030
997.535974,-57.326,-57.092,-57.795,-58.030
997.604999,-57.092,-57.326,-57.795,-58.030
997.704999,-57.326,-57.326,-57.795,-57.795
997.804999,-57.326,-57.326,-57.795,-57.795
997.904999,-57.326,-57.326,-57.795,-57.795
998.004999,-57.561,-57.326,-57.795,-57.795
998.104999,-57.326,-57.326,-57.795,-58.030
998.204999,-57.561,-57.326,-57.795,-58.030
998.304999,-57.326,-57.326,-57.795,-58.030
998.521000,-57.326,-57.092,-58.030,-57.795
998.535974,-57.092,-57.326,-57.795,-58.030
998.604999,-57.326,-57.092,-57.795,-57.795
998.704999,-57.326,-57.092,-58.030,-58.030
998.804999,-57.326,-57.092,-58.030,-58.030
998.904999,-57.092,-57.326,-57.795,-58.030
999.004999,-57.326,-57.326,-57.795,-57.795
999.104999,-57.092,-57.092,-58.030,-57.795
999.204999,-57.326,-57.326,-57.795,-57.795
999.304999,-57.326,-57.326,-58.030,-57.795
999.521001,-57.326,-57.092,-57.795,-57.795
999.535974,-57.326,-57.326,-57.795,-58.030
999.604999,-57.326,-57.326,-58.030,-57.795
999.704999,-57.326,-57.326,-57.795,-58.030
999.804999,-57.326,-57.326,-57.795,-57.795
999.904999,-57.326,-57.092,-57.795,-57.795
1000.004999,-57.326,-57.326,-57.795,-58.030
1000.104999,-57.326,-57.092,-58.030,-57.795
1000.204999,-57.326,-57.326,-58.030,-58.030
1000.304999,-57.561,-57.092,-58.030,-57.795
1000.521001,-57.326,-57.092,-57.795,-58.030
1000.535974,-57.326,-57.092,-57.795,-57.795
1000.604999,-57.326,-57.326,-57.795,-57.795
1000.704999,-57.326,-57.092,-57.795,-57.795
1000.804999,-57.326,-57.326,-57.795,-58.030
1000.904999,-57.326,-57.092,-57.795,-57.795
1001.004999,-57.326,-57.326,-57.795,-58.030
1001.104999,-57.326,-57.326,-57.795,-58.030
1001.204999,-57.326,-57.092,-57.795,-58.030
1001.304999,-57.092,-57.326,-57.795,-57.795
1001.520000,-57.561,-57.092,-57.795,-57.795
1001.534974,-57.092,-57.092,-58.030,-58.030
1001.604999,-57.326,-57.326,-57.795,-57.795
1001.704999,-57.326,-57.326,-58.030,-58.030
1001.804999,-57.326,-57.092,-57.795,-58.030
1001.904999,-57.092,-57.092,-57.561,-58.030
1002.004999,-57.326,-57.092,-57.795,-58.030
1002.104999,-57.326,-57.092,-57.795,-57.795
1002.204999,-57.326,-57.326,-57.795,-57.795
1002.304999,-57.326,-57.092,-57.795,-57.795
1002.521000,-57.092,-57.092,-57.795,-57.795
1002.535974,-57.092,-57.092,-57.795,-58.030
1002.604999,-57.092,-57.092,-58.030,-57.795
1002.704999,-57.326,-57.092,-57.795,-57.795
1002.804999,-57.326,-56.858,-57.795,-58.030
1002.904999,-57.326,-57.326,-57.795,-57.795
1003.004999,-57.561,-57.092,-58.030,-57.795
1003.104999,-57.326,-57.092,-58.030,-58.030
1003.204999,-57.326,-57.092,-57.795,-58.030
1003.304999,-57.092,-57.326,-57.795,-57.795
1003.521001,-57.092,-57.092,-57.795,-57.795
1003.535974,-57.326,-57.326,-57.795,-58.030
1003.604999,-57.326,-57.326,-58.030,-57.795
1003.704999,-57.326,-57.326,-57.795,-58.030
1003.804999,-57.326,-57.326,-57.795,-58.030
1003.904999,-57.092,-57.326,-57.795,-58.030
1004.004999,-57.326,-57.092,-57.795,-57.795
1004.104999,-57.092,-57.326,-58.030,-57.795
1004.204999,-57.326,-57.326,-57.795,-57.795
1004.304999,-57.326,-57.326,-58.030,-57.561
1004.521001,-57.326,-57.326,-57.795,-58.030
1004.535974,-57.326,-57.092,-57.795,-58.030
1004.604999,-57.326,-57.326,-57.795,-58.030
1004.704999,-57.092,-57.092,-58.030,-57.795
1004.804999,-57.092,-57.092,-58.030,-57.795
1004.904999,-57.326,-57.092,-57.795,-58.030
1005.004999,-57.092,-57.326,-58.030,-58.030
1005.104999,-57.326,-57.092,-57.795,-58.030
1005.204999,-57.092,-57.092,-57.795,-57.795
1005.304999,-57.326,-57.092,-57.795,-58.030
1005.521001,-57.092,-57.326,-58.030,-58.030
1005.535974,-57.326,-57.092,-58.030,-58.030
1005.604999,-57.326,-57.326,-57.795,-57.795
1005.704999,-57.326,-57.092,-57.795,-57.795
1005.804999,-57.326,-57.326,-57.795,-58.030
1005.904999,-57.326,-57.092,-58.030,-57.795
1006.004999,-57.092,-57.092,-57.795,-58.030
1006.104999,-57.326,-57.092,-57.795,-58.030
1006.204999,-57.326,-57.092,-57.795,-57.795
1006.304999,-57.092,-57.326,-57.795,-58.030
1006.521000,-57.326,-57.092,-57.795,-58.030
1006.535974,-57.326,-57.092,-57.795,-57.795
1006.604999,-57.092,-57.326,-57.795,-57.795
1006.704999,-57.326,-57.092,-57.795,-57.795
1006.804999,-57.092,-57.326,-58.030,-57.795
1006.904999,-57.326,-57.326,-57.795,-58.030
1007.004999,-57.561,-57.326,-57.795,-58.030
1007.104999,-57.326,-57.326,-57.795,-57.795
1007.204999,-57.326,-57.561,-57.795,-57.795
1007.304999,-57.092,-57.326,-58.030,-57.795
1007.521001,-57.326,-57.092,-58.030,-58.030
1007.535974,-57.092,-57.092,-57.795,-58.030
1007.604999,-57.326,-57.326,-58.030,-57.795
1007.704999,-57.326,-57.326,-57.795,-58.030
1007.804999,-57.092,-57.092,-58.030,-57.795
1007.904999,-57.326,-57.326,-57.561,-58.030
1008.004999,-57.326,-57.092,-57.795,-57.795
1008.104999,-57.326,-57.092,-57.795,-58.030
1008.204999,-57.092,-57.326,-58.030,-57.795
1008.304999,-57.092,-57.092,-57.795,-58.030
1008.521001,-57.326,-57.092,-57.795,-57.795
1008.535974,-57.326,-57.092,-57.795,-58.030
1008.604999,-57.326,-57.326,-58.264,-58.030
1008.704999,-57.092,-57.092,-57.795,-58.030
1008.804999,-57.326,-57.092,-57.795,-58.030
1008.904999,-57.326,-57.326,-57.795,-58.030
1009.004999,-57.326,-57.092,-57.795,-57.795
1009.104999,-57.326,-57.092,-58.030,-57.795
1009.204999,-57.326,-57.092,-58.030,-57.795
1009.304999,-57.092,-57.092,-58.030,-57.795
1009.520000,-57.092,-57.092,-57.795,-57.561
1009.534974,-57.092,-57.326,-58.030,-57.795
1009.604999,-57.326,-57.326,-57.795,-58.030
1009.704999,-57.326,-57.326,-57.795,-57.795
1009.804999,-57.326,-57.092,-57.795,-58.030
1009.904999,-57.326,-57.561,-58.030,-58.030
1010.004999,-57.092,-57.092,-57.795,-58.030
1010.104999,-57.326,-57.092,-57.795,-57.795
1010.204999,-57.326,-57.092,-58.030,-58.030
1010.304999,-57.326,-57.326,-57.795,-57.795
1010.521001,-57.092,-57.092,-57.795,-57.795
1010.535974,-57.092,-57.092,-57.795,-58.030
1010.604999,-57.326,-57.092,-57.795,-58.030
1010.704999,-57.092,-57.092,-57.795,-58.030
1010.804999,-57.326,-57.092,-57.795,-58.030
1010.904999,-57.092,-57.092,-58.030,-57.795
1011.004999,-57.092,-57.092,-57.795,-57.795
1011.104999,-57.092,-57.092,-57.795,-57.795
1011.204999,-57.326,-57.326,-57.795,-57.795
1011.304999,-57.326,-57.326,-57.795,-58.030
1011.521000,-57.092,-57.092,-57.795,-57.795
1011.535974,-57.092,-57.092,-57.795,-57.795
1011.604999,-57.326,-57.326,-57.561,-57.795
1011.704999,-57.092,-57.326,-57.795,-58.030
