time_s,P1_high_psi,P2_high_psi,P3_high_psi,P4_high_psi
0.000000,-625.000,-625.000,-625.000,-60.373
0.015353,-625.000,-625.000,-625.000,-59.436
0.030696,-625.000,-625.000,-625.000,-60.139
0.046051,-625.000,-625.000,-625.000,-60.139
0.061406,-625.000,-625.000,-625.000,-59.670
0.076760,-625.000,-625.000,-625.000,-60.373
0.092115,-625.000,-625.000,-625.000,-59.436
0.107470,-625.000,-625.000,-625.000,-59.436
0.122825,-625.000,-625.000,-625.000,-59.436
0.138180,-625.000,-625.000,-625.000,-59.436
0.153535,-625.000,-625.000,-625.000,-60.373
0.168891,-625.000,-625.000,-625.000,-59.670
0.184246,-625.000,-625.000,-625.000,-59.670
0.199601,-625.000,-625.000,-625.000,-60.139
0.214957,-625.000,-625.000,-625.000,-59.905
0.230312,-625.000,-625.000,-625.000,-59.436
0.245667,-625.000,-625.000,-625.000,-60.373
0.261022,-625.000,-625.000,-625.000,-59.436
0.276377,-625.000,-625.000,-625.000,-59.670
0.291732,-625.000,-625.000,-625.000,-60.373
0.307087,-625.000,-625.000,-625.000,-59.436
0.322442,-625.000,-625.000,-625.000,-60.373
0.337798,-625.000,-625.000,-625.000,-60.139
0.353153,-625.000,-625.000,-625.000,-59.201
0.368508,-625.000,-625.000,-625.000,-60.139
0.383863,-625.000,-625.000,-625.000,-59.905
0.399218,-625.000,-625.000,-625.000,-59.905
0.414573,-625.000,-625.000,-625.000,-60.373
0.429928,-625.000,-625.000,-625.000,-60.139
0.445283,-625.000,-625.000,-625.000,-60.608
0.460638,-625.000,-625.000,-625.000,-59.905
0.475994,-625.000,-625.000,-625.000,-59.436
0.491350,-625.000,-625.000,-625.000,-60.139
0.506705,-625.000,-625.000,-625.000,-59.670
0.522060,-625.000,-625.000,-625.000,-59.905
0.537415,-625.000,-625.000,-625.000,-60.139
0.552771,-625.000,-625.000,-625.000,-59.905
0.568126,-625.000,-625.000,-625.000,-60.139
0.583480,-625.000,-625.000,-625.000,-59.201
0.598835,-625.000,-625.000,-625.000,-58.967
0.614191,-625.000,-625.000,-625.000,-60.608
0.629546,-625.000,-625.000,-625.000,-59.670
0.644901,-625.000,-625.000,-625.000,-60.139
0.660258,-625.000,-625.000,-625.000,-60.139
0.675612,-625.000,-625.000,-625.000,-59.905
0.690968,-625.000,-625.000,-625.000,-59.670
0.706322,-625.000,-625.000,-625.000,-60.608
0.721678,-625.000,-625.000,-625.000,-59.436
0.737032,-625.000,-625.000,-625.000,-60.373
0.752387,-625.000,-625.000,-625.000,-59.670
0.767741,-625.000,-625.000,-625.000,-59.905
0.783096,-625.000,-625.000,-625.000,-59.670
0.798451,-625.000,-625.000,-625.000,-60.139
0.813806,-625.000,-625.000,-625.000,-58.967
0.829161,-625.000,-625.000,-625.000,-60.373
0.844517,-625.000,-625.000,-625.000,-59.436
0.859872,-625.000,-625.000,-625.000,-59.670
0.875227,-625.000,-625.000,-625.000,-59.905
0.890583,-625.000,-625.000,-625.000,-59.670
0.905938,-625.000,-625.000,-625.000,-59.436
0.921293,-625.000,-625.000,-625.000,-60.608
0.936648,-625.000,-625.000,-625.000,-59.201
0.952004,-625.000,-625.000,-625.000,-59.670
0.967360,-625.000,-625.000,-625.000,-59.905
0.982715,-625.000,-625.000,-625.000,-59.201
0.998070,-625.000,-625.000,-625.000,-60.139
1.013426,-625.000,-625.000,-625.000,-59.905
1.028781,-625.000,-625.000,-625.000,-59.670
1.044136,-625.000,-625.000,-625.000,-60.608
1.059491,-625.000,-625.000,-625.000,-59.436
1.074846,-625.000,-625.000,-625.000,-59.905
1.090202,-625.000,-625.000,-625.000,-59.905
1.105557,-625.000,-625.000,-625.000,-59.436
1.120912,-625.000,-625.000,-625.000,-59.905
1.136267,-625.000,-625.000,-625.000,-59.905
1.151621,-625.000,-625.000,-625.000,-60.373
1.166977,-625.000,-625.000,-625.000,-59.201
1.182331,-625.000,-625.000,-625.000,-59.905
1.197686,-625.000,-625.000,-625.000,-59.201
1.213041,-625.000,-625.000,-625.000,-60.608
1.228395,-625.000,-625.000,-625.000,-59.436
1.243750,-625.000,-625.000,-625.000,-59.436
1.259106,-625.000,-625.000,-625.000,-59.905
1.274460,-625.000,-625.000,-625.000,-60.139
1.289815,-625.000,-625.000,-625.000,-59.905
1.305170,-625.000,-625.000,-625.000,-59.670
1.320526,-625.000,-625.000,-625.000,-60.373
1.335881,-625.000,-625.000,-625.000,-59.201
1.351237,-625.000,-625.000,-625.000,-60.139
1.366593,-625.000,-625.000,-625.000,-59.670
1.381948,-625.000,-625.000,-625.000,-59.670
1.397304,-625.000,-625.000,-625.000,-60.373
1.412659,-625.000,-625.000,-625.000,-59.436
1.428014,-625.000,-625.000,-625.000,-59.905
1.443368,-625.000,-625.000,-625.000,-59.670
1.458724,-625.000,-625.000,-625.000,-59.905
1.474079,-625.000,-625.000,-625.000,-59.201
1.489434,-625.000,-625.000,-625.000,-60.139
1.504789,-625.000,-625.000,-625.000,-60.139
1.520145,-625.000,-625.000,-625.000,-59.670
1.535500,-625.000,-625.000,-625.000,-60.373
1.550854,-625.000,-625.000,-625.000,-59.670
1.566209,-625.000,-625.000,-625.000,-59.670
1.581565,-625.000,-625.000,-625.000,-59.436
1.596920,-625.000,-625.000,-625.000,-59.905
1.612275,-625.000,-625.000,-625.000,-58.967
1.627630,-625.000,-625.000,-625.000,-60.139
1.642985,-625.000,-625.000,-625.000,-59.436
1.658340,-625.000,-625.000,-625.000,-60.139
1.673694,-625.000,-625.000,-625.000,-60.139
1.689050,-625.000,-625.000,-625.000,-59.436
1.704405,-625.000,-625.000,-625.000,-59.905
1.719760,-625.000,-625.000,-625.000,-59.436
1.735115,-625.000,-625.000,-625.000,-60.139
1.750470,-625.000,-625.000,-625.000,-59.436
1.765825,-625.000,-625.000,-625.000,-59.905
1.781180,-625.000,-625.000,-625.000,-59.201
1.796536,-625.000,-625.000,-625.000,-59.905
1.811890,-625.000,-625.000,-625.000,-60.139
1.827246,-625.000,-625.000,-625.000,-59.436
1.842601,-625.000,-625.000,-625.000,-59.905
1.857957,-625.000,-625.000,-625.000,-59.436
1.873311,-625.000,-625.000,-625.000,-59.905
1.888666,-625.000,-625.000,-625.000,-59.670
1.904022,-625.000,-625.000,-625.000,-59.905
1.919377,-625.000,-625.000,-625.000,-58.733
1.934732,-625.000,-625.000,-625.000,-59.670
1.950088,-625.000,-625.000,-625.000,-60.139
1.965443,-625.000,-625.000,-625.000,-60.139
1.980798,-625.000,-625.000,-625.000,-60.373
1.996153,-625.000,-625.000,-625.000,-59.905
2.011509,-625.000,-625.000,-625.000,-60.373
2.026864,-625.000,-625.000,-625.000,-59.201
2.042219,-625.000,-625.000,-625.000,-60.139
2.057574,-625.000,-625.000,-625.000,-60.139
2.072930,-625.000,-625.000,-625.000,-59.670
2.088286,-625.000,-625.000,-625.000,-60.373
2.103641,-625.000,-625.000,-625.000,-59.201
2.118997,-625.000,-625.000,-625.000,-59.905
2.134351,-625.000,-625.000,-625.000,-59.201
2.149707,-625.000,-625.000,-625.000,-60.139
2.165062,-625.000,-625.000,-625.000,-59.201
2.180417,-625.000,-625.000,-625.000,-59.670
2.195772,-625.000,-625.000,-625.000,-60.139
2.211128,-625.000,-625.000,-625.000,-59.436
2.226484,-625.000,-625.000,-625.000,-60.373
2.241839,-625.000,-625.000,-625.000,-58.733
2.257194,-625.000,-625.000,-625.000,-59.905
2.272549,-625.000,-625.000,-625.000,-59.201
2.287904,-625.000,-625.000,-625.000,-60.373
2.303259,-625.000,-625.000,-625.000,-59.201
2.318614,-625.000,-625.000,-625.000,-59.670
2.333969,-625.000,-625.000,-625.000,-58.967
2.349325,-625.000,-625.000,-625.000,-60.139
2.364679,-625.000,-625.000,-625.000,-59.670
2.380035,-625.000,-625.000,-625.000,-59.905
2.395390,-625.000,-625.000,-625.000,-60.139
2.410745,-625.000,-625.000,-625.000,-59.436
2.426101,-625.000,-625.000,-625.000,-60.139
2.441456,-625.000,-625.000,-625.000,-60.139
2.456810,-625.000,-625.000,-625.000,-60.139
2.472166,-625.000,-625.000,-625.000,-59.670
2.487521,-625.000,-625.000,-625.000,-59.670
2.502876,-625.000,-625.000,-625.000,-60.139
2.518231,-625.000,-625.000,-625.000,-58.967
2.533586,-625.000,-625.000,-625.000,-59.670
2.548941,-625.000,-625.000,-625.000,-60.139
2.564297,-625.000,-625.000,-625.000,-59.670
2.579651,-625.000,-625.000,-625.000,-59.436
2.595006,-625.000,-625.000,-625.000,-59.905
2.610362,-625.000,-625.000,-625.000,-60.139
2.625717,-625.000,-625.000,-625.000,-59.670
2.641073,-625.000,-625.000,-625.000,-60.373
2.656428,-625.000,-625.000,-625.000,-59.670
2.671783,-625.000,-625.000,-625.000,-59.905
2.687138,-625.000,-625.000,-625.000,-59.436
2.702494,-625.000,-625.000,-625.000,-59.905
2.717849,-625.000,-625.000,-625.000,-59.201
2.733205,-625.000,-625.000,-625.000,-60.608
2.748560,-625.000,-625.000,-625.000,-59.436
2.763915,-625.000,-625.000,-625.000,-60.608
2.779271,-625.000,-625.000,-625.000,-59.905
2.794627,-625.000,-625.000,-625.000,-59.905
2.809982,-625.000,-625.000,-625.000,-59.436
2.825337,-625.000,-625.000,-625.000,-60.373
2.840692,-625.000,-625.000,-625.000,-59.436
2.856047,-625.000,-625.000,-625.000,-59.670
2.871402,-625.000,-625.000,-625.000,-59.201
2.886757,-625.000,-625.000,-625.000,-60.373
2.902112,-625.000,-625.000,-625.000,-59.436
2.917467,-625.000,-625.000,-625.000,-60.373
2.932822,-625.000,-625.000,-625.000,-59.670
2.948177,-625.000,-625.000,-625.000,-59.670
2.963532,-625.000,-625.000,-625.000,-59.905
2.978887,-625.000,-625.000,-625.000,-59.670
2.994243,-625.000,-625.000,-625.000,-59.905
3.009598,-625.000,-625.000,-625.000,-59.201
3.024953,-625.000,-625.000,-625.000,-59.905
3.040309,-625.000,-625.000,-625.000,-59.436
3.055664,-625.000,-625.000,-625.000,-59.905
3.071019,-625.000,-625.000,-625.000,-59.905
3.086374,-625.000,-625.000,-625.000,-59.670
3.101730,-625.000,-625.000,-625.000,-59.905
3.117086,-625.000,-625.000,-625.000,-59.670
3.132442,-625.000,-625.000,-625.000,-59.905
3.147797,-625.000,-625.000,-625.000,-59.670
3.163152,-625.000,-625.000,-625.000,-60.842
3.178508,-625.000,-625.000,-625.000,-59.905
3.193863,-625.000,-625.000,-625.000,-60.139
3.209217,-625.000,-625.000,-625.000,-60.373
3.224572,-625.000,-625.000,-625.000,-58.498
3.239927,-625.000,-625.000,-625.000,-60.373
3.255282,-625.000,-625.000,-625.000,-59.436
3.270637,-625.000,-625.000,-625.000,-60.373
3.285993,-625.000,-625.000,-625.000,-59.436
3.301349,-625.000,-625.000,-625.000,-59.905
3.316704,-625.000,-625.000,-625.000,-59.436
3.332058,-625.000,-625.000,-625.000,-59.670
3.347413,-625.000,-625.000,-625.000,-59.436
3.362768,-625.000,-625.000,-625.000,-60.139
3.378123,-625.000,-625.000,-625.000,-59.670
3.393479,-625.000,-625.000,-625.000,-59.436
3.408833,-625.000,-625.000,-625.000,-59.436
3.424189,-625.000,-625.000,-625.000,-59.436
3.439545,-625.000,-625.000,-625.000,-59.670
3.454900,-625.000,-625.000,-625.000,-60.373
3.470255,-625.000,-625.000,-625.000,-59.670
3.485610,-625.000,-625.000,-625.000,-59.670
3.508668,-625.000,-625.000,-625.000,-59.905
3.524010,-625.000,-625.000,-625.000,-58.967
3.539364,-625.000,-625.000,-625.000,-59.436
3.554719,-625.000,-625.000,-625.000,-59.670
3.570074,-625.000,-625.000,-625.000,-60.373
3.585429,-625.000,-625.000,-625.000,-59.905
3.600784,-625.000,-625.000,-625.000,-59.670
3.616138,-625.000,-625.000,-625.000,-60.608
3.631494,-625.000,-625.000,-625.000,-59.905
3.646850,-625.000,-625.000,-625.000,-59.905
3.662205,-625.000,-625.000,-625.000,-59.670
3.677560,-625.000,-625.000,-625.000,-60.139
3.692915,-625.000,-625.000,-625.000,-59.670
3.708270,-625.000,-625.000,-625.000,-60.139
3.723625,-625.000,-625.000,-625.000,-59.670
3.738980,-625.000,-625.000,-625.000,-60.139
3.754335,-625.000,-625.000,-625.000,-59.201
3.769690,-625.000,-625.000,-625.000,-60.373
3.785045,-625.000,-625.000,-625.000,-59.670
3.800401,-625.000,-625.000,-625.000,-60.373
3.815755,-625.000,-625.000,-625.000,-59.670
3.831110,-625.000,-625.000,-625.000,-59.436
3.846465,-625.000,-625.000,-625.000,-59.436
3.861820,-625.000,-625.000,-625.000,-59.670
3.877176,-625.000,-625.000,-625.000,-60.373
3.892530,-625.000,-625.000,-625.000,-59.436
3.907886,-625.000,-625.000,-625.000,-60.139
3.923241,-625.000,-625.000,-625.000,-59.670
3.938597,-625.000,-625.000,-625.000,-59.905
3.953952,-625.000,-625.000,-625.000,-59.670
3.969307,-625.000,-625.000,-625.000,-59.670
3.984663,-625.000,-625.000,-625.000,-59.201
4.000018,-625.000,-625.000,-625.000,-60.373
4.015374,-625.000,-625.000,-625.000,-59.436
4.030729,-625.000,-625.000,-625.000,-60.139
4.046084,-625.000,-625.000,-625.000,-59.201
4.061439,-625.000,-625.000,-625.000,-60.373
4.076794,-625.000,-625.000,-625.000,-59.905
4.092150,-625.000,-625.000,-625.000,-59.670
4.107505,-625.000,-625.000,-625.000,-59.905
4.122860,-625.000,-625.000,-625.000,-59.905
4.138216,-625.000,-625.000,-625.000,-60.373
4.153571,-625.000,-625.000,-625.000,-59.436
4.168926,-625.000,-625.000,-625.000,-60.608
4.184282,-625.000,-625.000,-625.000,-59.905
4.199637,-625.000,-625.000,-625.000,-60.608
4.214992,-625.000,-625.000,-625.000,-60.139
4.230346,-625.000,-625.000,-625.000,-60.608
4.245702,-625.000,-625.000,-625.000,-60.373
4.261056,-625.000,-625.000,-625.000,-59.201
4.276411,-625.000,-625.000,-625.000,-60.139
4.291765,-625.000,-625.000,-625.000,-59.905
4.307120,-625.000,-625.000,-625.000,-60.139
4.322476,-625.000,-625.000,-625.000,-60.139
4.337830,-625.000,-625.000,-625.000,-59.201
4.353185,-625.000,-625.000,-625.000,-60.373
4.368540,-625.000,-625.000,-625.000,-59.201
4.383896,-625.000,-625.000,-625.000,-60.139
4.399252,-625.000,-625.000,-625.000,-60.139
4.414607,-625.000,-625.000,-625.000,-59.670
4.429962,-625.000,-625.000,-625.000,-59.905
4.445317,-625.000,-625.000,-625.000,-60.373
4.460671,-625.000,-625.000,-625.000,-59.905
4.476026,-625.000,-625.000,-625.000,-59.201
4.491381,-625.000,-625.000,-625.000,-59.201
4.506735,-625.000,-625.000,-625.000,-60.842
4.522090,-625.000,-625.000,-625.000,-59.905
4.537445,-625.000,-625.000,-625.000,-60.139
4.552800,-625.000,-625.000,-625.000,-59.905
4.568155,-625.000,-625.000,-625.000,-59.436
4.583510,-625.000,-625.000,-625.000,-59.670
4.598865,-625.000,-625.000,-625.000,-60.373
4.614220,-625.000,-625.000,-625.000,-59.905
4.629575,-625.000,-625.000,-625.000,-60.373
4.644930,-625.000,-625.000,-625.000,-59.670
4.660285,-625.000,-625.000,-625.000,-60.139
4.675640,-625.000,-625.000,-625.000,-59.670
4.690995,-625.000,-625.000,-625.000,-58.967
4.706350,-625.000,-625.000,-625.000,-59.670
4.721705,-625.000,-625.000,-625.000,-58.967
4.737060,-625.000,-625.000,-625.000,-60.139
4.752415,-625.000,-625.000,-625.000,-59.201
4.767770,-625.000,-625.000,-625.000,-59.670
4.783125,-625.000,-625.000,-625.000,-60.139
4.798480,-625.000,-625.000,-625.000,-58.967
4.813835,-625.000,-625.000,-625.000,-60.139
4.829190,-625.000,-625.000,-625.000,-60.139
4.844545,-625.000,-625.000,-625.000,-58.967
4.859900,-625.000,-625.000,-625.000,-60.608
4.875256,-625.000,-625.000,-625.000,-59.436
4.890611,-625.000,-625.000,-625.000,-60.842
4.905966,-625.000,-625.000,-625.000,-58.967
4.921322,-625.000,-625.000,-625.000,-59.670
4.936676,-625.000,-625.000,-625.000,-60.139
4.952032,-625.000,-625.000,-625.000,-59.670
4.967387,-625.000,-625.000,-625.000,-59.905
4.982743,-625.000,-625.000,-625.000,-59.670
4.998097,-625.000,-625.000,-625.000,-60.373
5.013452,-625.000,-625.000,-625.000,-60.139
5.028818,-625.000,-625.000,-625.000,-59.670
5.044162,-625.000,-625.000,-625.000,-60.139
5.059516,-625.000,-625.000,-625.000,-59.905
5.074872,-625.000,-625.000,-625.000,-59.670
5.090227,-625.000,-625.000,-625.000,-59.436
5.105581,-625.000,-625.000,-625.000,-59.905
5.120937,-625.000,-625.000,-625.000,-58.967
5.136292,-625.000,-625.000,-625.000,-59.905
5.151647,-625.000,-625.000,-625.000,-59.436
5.167002,-625.000,-625.000,-625.000,-60.373
5.182358,-625.000,-625.000,-625.000,-59.670
5.197713,-625.000,-625.000,-625.000,-59.436
5.213069,-625.000,-625.000,-625.000,-60.373
5.228424,-625.000,-625.000,-625.000,-59.905
5.243779,-625.000,-625.000,-625.000,-59.670
5.259134,-625.000,-625.000,-625.000,-60.139
5.274490,-625.000,-625.000,-625.000,-59.670
5.289845,-625.000,-625.000,-625.000,-60.608
5.305200,-625.000,-625.000,-625.000,-59.436
5.320555,-625.000,-625.000,-625.000,-60.139
5.335910,-625.000,-625.000,-625.000,-60.139
5.351265,-625.000,-625.000,-625.000,-59.201
5.366621,-625.000,-625.000,-625.000,-59.905
5.381976,-625.000,-625.000,-625.000,-59.905
5.397331,-625.000,-625.000,-625.000,-59.201
5.412687,-625.000,-625.000,-625.000,-59.670
5.428042,-625.000,-625.000,-625.000,-59.670
5.443397,-625.000,-625.000,-625.000,-59.905
5.458752,-625.000,-625.000,-625.000,-60.608
5.474106,-625.000,-625.000,-625.000,-58.967
5.489462,-625.000,-625.000,-625.000,-59.436
5.504817,-625.000,-625.000,-625.000,-59.670
5.520172,-625.000,-625.000,-625.000,-59.670
5.535527,-625.000,-625.000,-625.000,-60.373
5.550883,-625.000,-625.000,-625.000,-60.139
5.566238,-625.000,-625.000,-625.000,-59.670
5.581593,-625.000,-625.000,-625.000,-59.905
5.596948,-625.000,-625.000,-625.000,-60.139
5.612303,-625.000,-625.000,-625.000,-59.436
5.627658,-625.000,-625.000,-625.000,-60.608
5.643013,-625.000,-625.000,-625.000,-60.373
5.658367,-625.000,-625.000,-625.000,-59.436
5.673722,-625.000,-625.000,-625.000,-59.905
5.689079,-625.000,-625.000,-625.000,-59.201
5.704434,-625.000,-625.000,-625.000,-59.905
5.719789,-625.000,-625.000,-625.000,-60.373
5.735144,-625.000,-625.000,-625.000,-59.905
5.750499,-625.000,-625.000,-625.000,-59.905
5.765854,-625.000,-625.000,-625.000,-60.608
5.781210,-625.000,-625.000,-625.000,-59.436
5.796564,-625.000,-625.000,-625.000,-59.670
5.811919,-625.000,-625.000,-625.000,-60.373
5.827273,-625.000,-625.000,-625.000,-59.201
5.842629,-625.000,-625.000,-625.000,-58.967
5.857984,-625.000,-625.000,-625.000,-60.842
5.873340,-625.000,-625.000,-625.000,-59.670
5.888695,-625.000,-625.000,-625.000,-60.139
5.904051,-625.000,-625.000,-625.000,-60.842
5.919406,-625.000,-625.000,-625.000,-59.436
5.934760,-625.000,-625.000,-625.000,-60.608
5.950115,-625.000,-625.000,-625.000,-59.670
5.965471,-625.000,-625.000,-625.000,-59.670
5.980826,-625.000,-625.000,-625.000,-59.436
5.996182,-625.000,-625.000,-625.000,-59.670
6.011537,-625.000,-625.000,-625.000,-59.905
6.026893,-625.000,-625.000,-625.000,-60.139
6.042248,-625.000,-625.000,-625.000,-59.905
6.057604,-625.000,-625.000,-625.000,-60.608
6.072959,-625.000,-625.000,-625.000,-59.670
6.088314,-625.000,-625.000,-625.000,-58.967
6.103669,-625.000,-625.000,-625.000,-60.139
6.119024,-625.000,-625.000,-625.000,-60.139
6.134379,-625.000,-625.000,-625.000,-59.905
6.149734,-625.000,-625.000,-625.000,-60.139
6.165089,-625.000,-625.000,-625.000,-59.905
6.180445,-625.000,-625.000,-625.000,-59.905
6.195800,-625.000,-625.000,-625.000,-60.139
6.211155,-625.000,-625.000,-625.000,-59.905
6.226510,-625.000,-625.000,-625.000,-59.201
6.241866,-625.000,-625.000,-625.000,-60.608
6.257221,-625.000,-625.000,-625.000,-59.436
6.272576,-625.000,-625.000,-625.000,-60.373
6.287931,-625.000,-625.000,-625.000,-60.373
6.303286,-625.000,-625.000,-625.000,-59.670
6.318641,-625.000,-625.000,-625.000,-60.139
6.333996,-625.000,-625.000,-625.000,-60.373
6.349352,-625.000,-625.000,-625.000,-59.436
6.364707,-625.000,-625.000,-625.000,-60.139
6.380062,-625.000,-625.000,-625.000,-59.670
6.395418,-625.000,-625.000,-625.000,-59.201
6.410773,-625.000,-625.000,-625.000,-60.139
6.426128,-625.000,-625.000,-625.000,-59.436
6.441483,-625.000,-625.000,-625.000,-60.139
6.456839,-625.000,-625.000,-625.000,-60.139
6.472194,-625.000,-625.000,-625.000,-59.201
6.487549,-625.000,-625.000,-625.000,-59.670
6.502905,-625.000,-625.000,-625.000,-60.842
6.518260,-625.000,-625.000,-625.000,-59.436
6.533614,-625.000,-625.000,-625.000,-59.905
6.548969,-625.000,-625.000,-625.000,-60.373
6.564324,-625.000,-625.000,-625.000,-59.436
6.579679,-625.000,-625.000,-625.000,-59.670
6.595034,-625.000,-625.000,-625.000,-59.905
6.610389,-625.000,-625.000,-625.000,-60.139
6.625745,-625.000,-625.000,-625.000,-58.967
6.641100,-625.000,-625.000,-625.000,-59.905
6.656455,-625.000,-625.000,-625.000,-60.373
6.671810,-625.000,-625.000,-625.000,-59.670
6.687164,-625.000,-625.000,-625.000,-59.905
6.702519,-625.000,-625.000,-625.000,-60.373
6.717874,-625.000,-625.000,-625.000,-59.670
6.733230,-625.000,-625.000,-625.000,-59.905
6.748585,-625.000,-625.000,-625.000,-60.139
6.763940,-625.000,-625.000,-625.000,-60.139
6.779295,-625.000,-625.000,-625.000,-59.201
6.794650,-625.000,-625.000,-625.000,-60.139
6.810005,-625.000,-625.000,-625.000,-59.905
6.825360,-625.000,-625.000,-625.000,-58.967
6.840715,-625.000,-625.000,-625.000,-60.139
6.856071,-625.000,-625.000,-625.000,-59.201
6.871426,-625.000,-625.000,-625.000,-59.670
6.886781,-625.000,-625.000,-625.000,-60.139
6.902136,-625.000,-625.000,-625.000,-60.139
6.917492,-625.000,-625.000,-625.000,-59.670
6.932847,-625.000,-625.000,-625.000,-60.139
6.948202,-625.000,-625.000,-625.000,-59.905
6.963558,-625.000,-625.000,-625.000,-58.733
6.978913,-625.000,-625.000,-625.000,-59.905
7.007802,-625.000,-625.000,-625.000,-60.139
7.023145,-625.000,-625.000,-625.000,-60.139
7.038501,-625.000,-625.000,-625.000,-59.670
7.053856,-625.000,-625.000,-625.000,-59.201
7.069211,-625.000,-625.000,-625.000,-60.373
7.084566,-625.000,-625.000,-625.000,-59.436
7.099921,-625.000,-625.000,-625.000,-59.201
7.115275,-625.000,-625.000,-625.000,-60.139
7.130631,-625.000,-625.000,-625.000,-59.905
7.145986,-625.000,-625.000,-625.000,-59.670
7.161342,-625.000,-625.000,-625.000,-60.139
7.176698,-625.000,-625.000,-625.000,-59.670
7.192053,-625.000,-625.000,-625.000,-59.905
7.207408,-625.000,-625.000,-625.000,-60.373
7.222763,-625.000,-625.000,-625.000,-60.373
7.238118,-625.000,-625.000,-625.000,-59.670
7.253473,-625.000,-625.000,-625.000,-59.436
7.268829,-625.000,-625.000,-625.000,-60.373
7.284184,-625.000,-625.000,-625.000,-59.436
7.299540,-625.000,-625.000,-625.000,-59.905
7.314895,-625.000,-625.000,-625.000,-60.139
7.330250,-625.000,-625.000,-625.000,-59.670
7.345605,-625.000,-625.000,-625.000,-60.139
7.360961,-625.000,-625.000,-625.000,-60.608
7.376316,-625.000,-625.000,-625.000,-59.905
7.391671,-625.000,-625.000,-625.000,-59.670
7.407027,-625.000,-625.000,-625.000,-59.670
7.422383,-625.000,-625.000,-625.000,-59.436
7.437738,-625.000,-625.000,-625.000,-60.139
7.453092,-625.000,-625.000,-625.000,-60.139
7.468447,-625.000,-625.000,-625.000,-59.436
7.483802,-625.000,-625.000,-625.000,-59.905
7.499157,-625.000,-625.000,-625.000,-58.967
7.514512,-625.000,-625.000,-625.000,-60.373
7.529867,-625.000,-625.000,-625.000,-60.373
7.545222,-625.000,-625.000,-625.000,-59.201
7.560578,-625.000,-625.000,-625.000,-60.139
7.575934,-625.000,-625.000,-625.000,-60.373
7.591289,-625.000,-625.000,-625.000,-59.436
7.606644,-625.000,-625.000,-625.000,-59.670
7.621999,-625.000,-625.000,-625.000,-60.608
7.637355,-625.000,-625.000,-625.000,-59.436
7.652710,-625.000,-625.000,-625.000,-59.905
7.668064,-625.000,-625.000,-625.000,-60.139
7.683419,-625.000,-625.000,-625.000,-60.139
7.698775,-625.000,-625.000,-625.000,-59.905
7.714130,-625.000,-625.000,-625.000,-59.670
7.729485,-625.000,-625.000,-625.000,-60.608
7.744841,-625.000,-625.000,-625.000,-59.905
7.760196,-625.000,-625.000,-625.000,-59.905
7.775552,-625.000,-625.000,-625.000,-60.842
7.790907,-625.000,-625.000,-625.000,-59.905
7.806262,-625.000,-625.000,-625.000,-59.201
7.821617,-625.000,-625.000,-625.000,-59.905
7.836972,-625.000,-625.000,-625.000,-60.373
7.852327,-625.000,-625.000,-625.000,-59.670
7.867683,-625.000,-625.000,-625.000,-58.967
7.883037,-625.000,-625.000,-625.000,-60.139
7.898392,-625.000,-625.000,-625.000,-60.373
7.913747,-625.000,-625.000,-625.000,-59.670
7.929103,-625.000,-625.000,-625.000,-59.670
7.944458,-625.000,-625.000,-625.000,-60.373
7.959814,-625.000,-625.000,-625.000,-59.436
7.975170,-625.000,-625.000,-625.000,-59.436
7.990525,-625.000,-625.000,-625.000,-60.139
8.005880,-625.000,-625.000,-625.000,-59.905
8.021236,-625.000,-625.000,-625.000,-59.436
8.036591,-625.000,-625.000,-625.000,-60.373
8.051947,-625.000,-625.000,-625.000,-60.608
8.067301,-625.000,-625.000,-625.000,-60.139
8.082656,-625.000,-625.000,-625.000,-59.670
8.098012,-625.000,-625.000,-625.000,-59.905
8.113367,-625.000,-625.000,-625.000,-60.139
8.128722,-625.000,-625.000,-625.000,-59.670
8.144076,-625.000,-625.000,-625.000,-59.436
8.159432,-625.000,-625.000,-625.000,-59.670
8.174786,-625.000,-625.000,-625.000,-60.139
8.190141,-625.000,-625.000,-625.000,-59.670
8.205497,-625.000,-625.000,-625.000,-59.436
8.220852,-625.000,-625.000,-625.000,-59.905
8.236207,-625.000,-625.000,-625.000,-60.139
8.251562,-625.000,-625.000,-625.000,-59.201
8.266917,-625.000,-625.000,-625.000,-59.905
8.282272,-625.000,-625.000,-625.000,-59.905
8.297628,-625.000,-625.000,-625.000,-60.373
8.312983,-625.000,-625.000,-625.000,-59.905
8.328339,-625.000,-625.000,-625.000,-59.670
8.343694,-625.000,-625.000,-625.000,-60.373
8.359049,-625.000,-625.000,-625.000,-60.139
8.374405,-625.000,-625.000,-625.000,-59.670
8.389760,-625.000,-625.000,-625.000,-59.670
8.405115,-625.000,-625.000,-625.000,-60.139
8.420470,-625.000,-625.000,-625.000,-60.373
8.435826,-625.000,-625.000,-625.000,-58.967
8.451181,-625.000,-625.000,-625.000,-59.905
8.466536,-625.000,-625.000,-625.000,-60.373
8.481892,-625.000,-625.000,-625.000,-60.373
8.497247,-625.000,-625.000,-625.000,-59.436
8.512602,-625.000,-625.000,-625.000,-59.436
8.527956,-625.000,-625.000,-625.000,-60.373
8.543312,-625.000,-625.000,-625.000,-59.905
8.558667,-625.000,-625.000,-625.000,-60.373
8.574022,-625.000,-625.000,-625.000,-59.436
8.589377,-625.000,-625.000,-625.000,-59.905
8.604732,-625.000,-625.000,-625.000,-60.608
8.620087,-625.000,-625.000,-625.000,-59.905
8.635442,-625.000,-625.000,-625.000,-58.967
8.650796,-625.000,-625.000,-625.000,-59.436
8.666151,-625.000,-625.000,-625.000,-59.905
8.681506,-625.000,-625.000,-625.000,-60.373
8.696862,-625.000,-625.000,-625.000,-59.905
8.712217,-625.000,-625.000,-625.000,-60.139
8.727572,-625.000,-625.000,-625.000,-59.436
8.742927,-625.000,-625.000,-625.000,-60.139
8.758282,-625.000,-625.000,-625.000,-60.373
8.773638,-625.000,-625.000,-625.000,-59.436
8.788992,-625.000,-625.000,-625.000,-59.436
8.804346,-625.000,-625.000,-625.000,-59.201
8.819702,-625.000,-625.000,-625.000,-60.139
8.835056,-625.000,-625.000,-625.000,-59.905
8.850411,-625.000,-625.000,-625.000,-60.373
8.865767,-625.000,-625.000,-625.000,-60.373
8.881122,-625.000,-625.000,-625.000,-59.670
8.896478,-625.000,-625.000,-625.000,-60.139
8.911833,-625.000,-625.000,-625.000,-59.670
8.927189,-625.000,-625.000,-625.000,-59.436
8.942544,-625.000,-625.000,-625.000,-59.670
8.957900,-625.000,-625.000,-625.000,-60.139
8.973255,-625.000,-625.000,-625.000,-60.608
8.988610,-625.000,-625.000,-625.000,-59.905
9.003966,-625.000,-625.000,-625.000,-59.905
9.019321,-625.000,-625.000,-625.000,-59.905
9.034676,-625.000,-625.000,-625.000,-60.139
9.050031,-625.000,-625.000,-625.000,-60.139
9.065387,-625.000,-625.000,-625.000,-59.670
9.080742,-625.000,-625.000,-625.000,-59.905
9.096098,-625.000,-625.000,-625.000,-60.139
9.111453,-625.000,-625.000,-625.000,-59.905
9.126808,-625.000,-625.000,-625.000,-60.139
9.142163,-625.000,-625.000,-625.000,-59.670
9.157518,-625.000,-625.000,-625.000,-59.201
9.172873,-625.000,-625.000,-625.000,-60.608
9.188229,-625.000,-625.000,-625.000,-60.373
9.203584,-625.000,-625.000,-625.000,-59.905
9.218939,-625.000,-625.000,-625.000,-59.436
9.234294,-625.000,-625.000,-625.000,-59.201
9.249649,-625.000,-625.000,-625.000,-59.670
9.265004,-625.000,-625.000,-625.000,-60.139
9.280359,-625.000,-625.000,-625.000,-59.436
9.295714,-625.000,-625.000,-625.000,-60.373
9.311069,-625.000,-625.000,-625.000,-59.670
9.326423,-625.000,-625.000,-625.000,-59.905
9.341778,-625.000,-625.000,-625.000,-59.670
9.357133,-625.000,-625.000,-625.000,-59.670
9.372488,-625.000,-625.000,-625.000,-60.139
9.387843,-625.000,-625.000,-625.000,-59.670
9.403198,-625.000,-625.000,-625.000,-59.905
9.418553,-625.000,-625.000,-625.000,-59.436
9.433908,-625.000,-625.000,-625.000,-60.373
9.449263,-625.000,-625.000,-625.000,-60.373
9.464619,-625.000,-625.000,-625.000,-59.670
9.479973,-625.000,-625.000,-625.000,-60.139
9.495328,-625.000,-625.000,-625.000,-59.905
9.510683,-625.000,-625.000,-625.000,-59.905
9.526038,-625.000,-625.000,-625.000,-60.373
9.541393,-625.000,-625.000,-625.000,-59.436
9.556748,-625.000,-625.000,-625.000,-59.905
9.572103,-625.000,-625.000,-625.000,-59.905
9.587458,-625.000,-625.000,-625.000,-60.139
9.602813,-625.000,-625.000,-625.000,-59.436
9.618168,-625.000,-625.000,-625.000,-59.436
9.633524,-625.000,-625.000,-625.000,-59.905
9.648879,-625.000,-625.000,-625.000,-60.373
9.664234,-625.000,-625.000,-625.000,-60.373
9.679589,-625.000,-625.000,-625.000,-59.905
9.694944,-625.000,-625.000,-625.000,-59.436
9.710299,-625.000,-625.000,-625.000,-60.139
9.725653,-625.000,-625.000,-625.000,-59.670
9.741009,-625.000,-625.000,-625.000,-60.139
9.756364,-625.000,-625.000,-625.000,-60.139
9.771720,-625.000,-625.000,-625.000,-60.373
9.787074,-625.000,-625.000,-625.000,-59.905
9.802430,-625.000,-625.000,-625.000,-59.670
9.817785,-625.000,-625.000,-625.000,-59.201
9.833140,-625.000,-625.000,-625.000,-59.670
9.848495,-625.000,-625.000,-625.000,-60.139
9.863850,-625.000,-625.000,-625.000,-60.139
9.879206,-625.000,-625.000,-625.000,-59.436
9.894562,-625.000,-625.000,-625.000,-59.436
9.909918,-625.000,-625.000,-625.000,-59.905
9.925273,-625.000,-625.000,-625.000,-60.373
9.940628,-625.000,-625.000,-625.000,-59.905
9.955983,-625.000,-625.000,-625.000,-60.139
9.971339,-625.000,-625.000,-625.000,-59.905
9.986693,-625.000,-625.000,-625.000,-59.436
10.002048,-625.000,-625.000,-625.000,-60.373
10.017403,-625.000,-625.000,-625.000,-59.905
10.032770,-625.000,-625.000,-625.000,-59.905
10.048113,-625.000,-625.000,-625.000,-59.670
10.063468,-625.000,-625.000,-625.000,-59.905
10.078823,-625.000,-625.000,-625.000,-60.373
10.094178,-625.000,-625.000,-625.000,-59.670
10.109533,-625.000,-625.000,-625.000,-59.436
10.124888,-625.000,-625.000,-625.000,-58.967
10.140243,-625.000,-625.000,-625.000,-59.670
10.155599,-625.000,-625.000,-625.000,-60.139
10.170954,-625.000,-625.000,-625.000,-59.436
10.186308,-625.000,-625.000,-625.000,-60.139
10.201663,-625.000,-625.000,-625.000,-60.139
10.217018,-625.000,-625.000,-625.000,-59.905
10.232373,-625.000,-625.000,-625.000,-60.373
10.247728,-625.000,-625.000,-625.000,-59.670
10.263083,-625.000,-625.000,-625.000,-59.905
10.278439,-625.000,-625.000,-625.000,-59.905
10.293793,-625.000,-625.000,-625.000,-60.373
10.309149,-625.000,-625.000,-625.000,-60.139
10.324504,-625.000,-625.000,-625.000,-59.905
10.339859,-625.000,-625.000,-625.000,-59.905
10.355214,-625.000,-625.000,-625.000,-59.670
10.370569,-625.000,-625.000,-625.000,-59.670
10.385924,-625.000,-625.000,-625.000,-59.670
10.401279,-625.000,-625.000,-625.000,-58.733
10.416634,-625.000,-625.000,-625.000,-59.905
10.431989,-625.000,-625.000,-625.000,-59.436
10.447344,-625.000,-625.000,-625.000,-60.842
10.462700,-625.000,-625.000,-625.000,-60.139
10.478055,-625.000,-625.000,-625.000,-59.670
10.501507,-625.000,-625.000,-625.000,-59.905
10.516850,-625.000,-625.000,-625.000,-59.436
10.532205,-625.000,-625.000,-625.000,-60.373
10.547560,-625.000,-625.000,-625.000,-60.139
10.562915,-625.000,-625.000,-625.000,-60.373
10.578270,-625.000,-625.000,-625.000,-60.139
10.593626,-625.000,-625.000,-625.000,-60.373
10.608981,-625.000,-625.000,-625.000,-59.670
10.624336,-625.000,-625.000,-625.000,-59.436
10.639691,-625.000,-625.000,-625.000,-59.436
10.655046,-625.000,-625.000,-625.000,-59.905
10.670402,-625.000,-625.000,-625.000,-60.608
10.685757,-625.000,-625.000,-625.000,-60.139
10.701112,-625.000,-625.000,-625.000,-59.670
10.716467,-625.000,-625.000,-625.000,-60.139
10.731823,-625.000,-625.000,-625.000,-59.201
10.747178,-625.000,-625.000,-625.000,-59.670
10.762532,-625.000,-625.000,-625.000,-59.436
10.777887,-625.000,-625.000,-625.000,-59.905
10.793244,-625.000,-625.000,-625.000,-60.608
10.808599,-625.000,-625.000,-625.000,-59.905
10.823954,-625.000,-625.000,-625.000,-59.436
10.839309,-625.000,-625.000,-625.000,-60.139
10.854664,-625.000,-625.000,-625.000,-59.670
10.870020,-625.000,-625.000,-625.000,-59.670
10.885375,-625.000,-625.000,-625.000,-59.670
10.900731,-625.000,-625.000,-625.000,-60.373
10.916086,-625.000,-625.000,-625.000,-59.905
10.931442,-625.000,-625.000,-625.000,-60.373
10.946797,-625.000,-625.000,-625.000,-59.670
10.962152,-625.000,-625.000,-625.000,-59.905
10.977507,-625.000,-625.000,-625.000,-59.436
10.992862,-625.000,-625.000,-625.000,-60.139
11.008217,-625.000,-625.000,-625.000,-60.139
11.023572,-625.000,-625.000,-625.000,-60.608
11.038927,-625.000,-625.000,-625.000,-60.373
11.054282,-625.000,-625.000,-625.000,-60.139
11.069638,-625.000,-625.000,-625.000,-59.436
11.084993,-625.000,-625.000,-625.000,-59.436
11.100348,-625.000,-625.000,-625.000,-60.139
11.115703,-625.000,-625.000,-625.000,-59.905
11.131059,-625.000,-625.000,-625.000,-59.670
11.146414,-625.000,-625.000,-625.000,-60.842
11.161769,-625.000,-625.000,-625.000,-60.139
11.177124,-625.000,-625.000,-625.000,-60.608
11.192479,-625.000,-625.000,-625.000,-59.201
11.207834,-625.000,-625.000,-625.000,-59.436
11.223189,-625.000,-625.000,-625.000,-59.201
11.238544,-625.000,-625.000,-625.000,-59.436
11.253900,-625.000,-625.000,-625.000,-59.905
11.269255,-625.000,-625.000,-625.000,-60.139
11.284611,-625.000,-625.000,-625.000,-59.905
11.299966,-625.000,-625.000,-625.000,-60.373
11.315321,-625.000,-625.000,-625.000,-59.201
11.330677,-625.000,-625.000,-625.000,-59.670
11.346032,-625.000,-625.000,-625.000,-60.608
11.361387,-625.000,-625.000,-625.000,-59.905
11.376742,-625.000,-625.000,-625.000,-60.373
11.392097,-625.000,-625.000,-625.000,-59.670
11.407452,-625.000,-625.000,-625.000,-60.608
11.422807,-625.000,-625.000,-625.000,-59.905
11.438162,-625.000,-625.000,-625.000,-59.201
11.453517,-625.000,-625.000,-625.000,-59.905
11.468872,-625.000,-625.000,-625.000,-60.373
11.484226,-625.000,-625.000,-625.000,-60.373
11.499582,-625.000,-625.000,-625.000,-59.905
11.514937,-625.000,-625.000,-625.000,-60.373
11.530292,-625.000,-625.000,-625.000,-60.373
11.545648,-625.000,-625.000,-625.000,-59.670
11.561002,-625.000,-625.000,-625.000,-60.139
11.576357,-625.000,-625.000,-625.000,-59.436
11.591713,-625.000,-625.000,-625.000,-60.139
11.607067,-625.000,-625.000,-625.000,-60.139
11.622422,-625.000,-625.000,-625.000,-59.905
11.637777,-625.000,-625.000,-625.000,-59.436
11.653133,-625.000,-625.000,-625.000,-60.373
11.668488,-625.000,-625.000,-625.000,-59.670
11.683843,-625.000,-625.000,-625.000,-60.608
11.699197,-625.000,-625.000,-625.000,-59.905
11.714553,-625.000,-625.000,-625.000,-59.436
11.729907,-625.000,-625.000,-625.000,-60.373
11.745262,-625.000,-625.000,-625.000,-59.905
11.760616,-625.000,-625.000,-625.000,-60.373
11.775970,-625.000,-625.000,-625.000,-59.201
11.791326,-625.000,-625.000,-625.000,-59.670
11.806681,-625.000,-625.000,-625.000,-59.436
11.822036,-625.000,-625.000,-625.000,-59.201
11.837391,-625.000,-625.000,-625.000,-59.670
11.852746,-625.000,-625.000,-625.000,-60.139
11.868101,-625.000,-625.000,-625.000,-60.139
11.883457,-625.000,-625.000,-625.000,-59.201
11.898811,-625.000,-625.000,-625.000,-60.373
11.914166,-625.000,-625.000,-625.000,-59.905
11.929522,-625.000,-625.000,-625.000,-60.373
11.944877,-625.000,-625.000,-625.000,-59.905
11.960233,-625.000,-625.000,-625.000,-59.905
11.975588,-625.000,-625.000,-625.000,-59.905
11.990943,-625.000,-625.000,-625.000,-59.905
12.006298,-625.000,-625.000,-625.000,-59.436
12.021654,-625.000,-625.000,-625.000,-59.670
12.037008,-625.000,-625.000,-625.000,-59.670
12.052363,-625.000,-625.000,-625.000,-59.670
12.067718,-625.000,-625.000,-625.000,-59.670
12.083073,-625.000,-625.000,-625.000,-59.436
12.098428,-625.000,-625.000,-625.000,-59.670
12.113784,-625.000,-625.000,-625.000,-60.139
12.129139,-625.000,-625.000,-625.000,-60.139
12.144494,-625.000,-625.000,-625.000,-59.905
12.159849,-625.000,-625.000,-625.000,-60.373
12.175205,-625.000,-625.000,-625.000,-60.139
12.190559,-625.000,-625.000,-625.000,-59.670
12.205915,-625.000,-625.000,-625.000,-59.905
12.221270,-625.000,-625.000,-625.000,-59.436
12.236626,-625.000,-625.000,-625.000,-59.670
12.251981,-625.000,-625.000,-625.000,-60.139
12.267337,-625.000,-625.000,-625.000,-59.436
12.282691,-625.000,-625.000,-625.000,-59.670
12.298046,-625.000,-625.000,-625.000,-59.670
12.313400,-625.000,-625.000,-625.000,-60.608
12.328755,-625.000,-625.000,-625.000,-59.670
12.344111,-625.000,-625.000,-625.000,-60.139
12.359467,-625.000,-625.000,-625.000,-60.608
12.374822,-625.000,-625.000,-625.000,-60.842
12.390177,-625.000,-625.000,-625.000,-60.139
12.405532,-625.000,-625.000,-625.000,-59.905
12.420887,-625.000,-625.000,-625.000,-60.139
12.436242,-625.000,-625.000,-625.000,-59.436
12.451598,-625.000,-625.000,-625.000,-59.436
12.466953,-625.000,-625.000,-625.000,-59.670
12.482308,-625.000,-625.000,-625.000,-59.201
12.497664,-625.000,-625.000,-625.000,-60.139
12.513019,-625.000,-625.000,-625.000,-59.201
12.528374,-625.000,-625.000,-625.000,-59.905
12.543729,-625.000,-625.000,-625.000,-59.905
12.559084,-625.000,-625.000,-625.000,-59.905
12.574440,-625.000,-625.000,-625.000,-60.608
12.589794,-625.000,-625.000,-625.000,-60.139
12.605150,-625.000,-625.000,-625.000,-60.373
12.620505,-625.000,-625.000,-625.000,-59.905
12.635861,-625.000,-625.000,-625.000,-59.436
12.651216,-625.000,-625.000,-625.000,-60.139
12.666571,-625.000,-625.000,-625.000,-59.670
12.681926,-625.000,-625.000,-625.000,-59.670
12.697281,-625.000,-625.000,-625.000,-59.670
12.712636,-625.000,-625.000,-625.000,-59.670
12.727991,-625.000,-625.000,-625.000,-59.436
12.743345,-625.000,-625.000,-625.000,-58.967
12.758700,-625.000,-625.000,-625.000,-59.670
12.774055,-625.000,-625.000,-625.000,-59.670
12.789410,-625.000,-625.000,-625.000,-59.670
12.804765,-625.000,-625.000,-625.000,-59.670
12.820121,-625.000,-625.000,-625.000,-59.436
12.835476,-625.000,-625.000,-625.000,-59.670
12.850831,-625.000,-625.000,-625.000,-59.436
12.866186,-625.000,-625.000,-625.000,-59.436
12.881542,-625.000,-625.000,-625.000,-59.670
12.896897,-625.000,-625.000,-625.000,-60.373
12.912253,-625.000,-625.000,-625.000,-60.373
12.927609,-625.000,-625.000,-625.000,-59.436
12.942964,-625.000,-625.000,-625.000,-60.139
12.958319,-625.000,-625.000,-625.000,-60.139
12.973675,-625.000,-625.000,-625.000,-60.139
12.989030,-625.000,-625.000,-625.000,-60.139
13.004385,-625.000,-625.000,-625.000,-59.905
13.019740,-625.000,-625.000,-625.000,-59.670
13.035095,-625.000,-625.000,-625.000,-59.905
13.050450,-625.000,-625.000,-625.000,-60.139
13.065805,-625.000,-625.000,-625.000,-59.201
13.081161,-625.000,-625.000,-625.000,-59.905
13.096516,-625.000,-625.000,-625.000,-59.436
13.111870,-625.000,-625.000,-625.000,-58.967
13.127226,-625.000,-625.000,-625.000,-59.670
13.142580,-625.000,-625.000,-625.000,-59.436
13.157935,-625.000,-625.000,-625.000,-59.201
13.173291,-625.000,-625.000,-625.000,-59.670
13.188646,-625.000,-625.000,-625.000,-59.436
13.204001,-625.000,-625.000,-625.000,-59.436
13.219355,-625.000,-625.000,-625.000,-59.436
13.234711,-625.000,-625.000,-625.000,-59.670
13.250066,-625.000,-625.000,-625.000,-60.373
13.265422,-625.000,-625.000,-625.000,-60.139
13.280777,-625.000,-625.000,-625.000,-59.436
13.296132,-625.000,-625.000,-625.000,-59.436
13.311487,-625.000,-625.000,-625.000,-58.733
13.326842,-625.000,-625.000,-625.000,-59.436
13.342197,-625.000,-625.000,-625.000,-59.670
13.357552,-625.000,-625.000,-625.000,-59.670
13.372907,-625.000,-625.000,-625.000,-59.201
13.388262,-625.000,-625.000,-625.000,-59.670
13.403618,-625.000,-625.000,-625.000,-59.670
13.418973,-625.000,-625.000,-625.000,-59.670
13.434328,-625.000,-625.000,-625.000,-60.139
13.449684,-625.000,-625.000,-625.000,-60.373
13.465039,-625.000,-625.000,-625.000,-60.139
13.480394,-625.000,-625.000,-625.000,-59.905
13.495748,-625.000,-625.000,-625.000,-59.436
13.511104,-625.000,-625.000,-625.000,-60.373
13.526459,-625.000,-625.000,-625.000,-59.670
13.541813,-625.000,-625.000,-625.000,-60.139
13.557169,-625.000,-625.000,-625.000,-59.905
13.572523,-625.000,-625.000,-625.000,-59.436
13.587879,-625.000,-625.000,-625.000,-60.373
13.603234,-625.000,-625.000,-625.000,-60.139
13.618589,-625.000,-625.000,-625.000,-59.905
13.633944,-625.000,-625.000,-625.000,-59.436
13.649299,-625.000,-625.000,-625.000,-59.905
13.664654,-625.000,-625.000,-625.000,-59.670
13.680009,-625.000,-625.000,-625.000,-59.905
13.695365,-625.000,-625.000,-625.000,-59.436
13.710719,-625.000,-625.000,-625.000,-59.670
13.726074,-625.000,-625.000,-625.000,-59.201
13.741430,-625.000,-625.000,-625.000,-59.436
13.756785,-625.000,-625.000,-625.000,-59.670
13.772139,-625.000,-625.000,-625.000,-58.967
13.787494,-625.000,-625.000,-625.000,-60.139
13.802849,-625.000,-625.000,-625.000,-59.905
13.818205,-625.000,-625.000,-625.000,-59.905
13.833559,-625.000,-625.000,-625.000,-59.670
13.848915,-625.000,-625.000,-625.000,-59.670
13.864270,-625.000,-625.000,-625.000,-59.670
13.879625,-625.000,-625.000,-625.000,-59.201
13.894980,-625.000,-625.000,-625.000,-59.905
13.910335,-625.000,-625.000,-625.000,-60.608
13.925690,-625.000,-625.000,-625.000,-60.608
13.941045,-625.000,-625.000,-625.000,-60.373
13.956400,-625.000,-625.000,-625.000,-60.373
13.971755,-625.000,-625.000,-625.000,-60.608
14.000913,-625.000,-625.000,-625.000,-60.139
14.016257,-625.000,-625.000,-625.000,-59.436
14.031612,-625.000,-625.000,-625.000,-59.436
14.046967,-625.000,-625.000,-625.000,-59.436
14.062322,-625.000,-625.000,-625.000,-59.201
14.077678,-625.000,-625.000,-625.000,-59.436
14.093033,-625.000,-625.000,-625.000,-59.905
14.108389,-625.000,-625.000,-625.000,-59.436
14.123744,-625.000,-625.000,-625.000,-59.201
14.139099,-625.000,-625.000,-625.000,-59.436
14.154455,-625.000,-625.000,-625.000,-59.905
14.169809,-625.000,-625.000,-625.000,-59.436
14.185165,-625.000,-625.000,-625.000,-59.436
14.200520,-625.000,-625.000,-625.000,-59.436
14.215874,-625.000,-625.000,-625.000,-59.436
14.231230,-625.000,-625.000,-625.000,-59.201
14.246585,-625.000,-625.000,-625.000,-59.201
14.261940,-625.000,-625.000,-625.000,-59.436
14.277296,-625.000,-625.000,-625.000,-59.905
14.292651,-625.000,-625.000,-625.000,-60.373
14.308006,-625.000,-625.000,-625.000,-59.436
14.323362,-625.000,-625.000,-625.000,-59.905
14.338717,-625.000,-625.000,-625.000,-59.670
14.354072,-625.000,-625.000,-625.000,-59.905
14.369427,-625.000,-625.000,-625.000,-60.608
14.384783,-625.000,-625.000,-625.000,-60.139
14.400138,-625.000,-625.000,-625.000,-59.905
14.415494,-625.000,-625.000,-625.000,-60.139
14.430849,-625.000,-625.000,-625.000,-59.905
14.446205,-625.000,-625.000,-625.000,-60.608
14.461559,-625.000,-625.000,-625.000,-60.373
14.476915,-625.000,-625.000,-625.000,-59.905
14.492271,-625.000,-625.000,-625.000,-60.373
14.507626,-625.000,-625.000,-625.000,-60.139
14.522981,-625.000,-625.000,-625.000,-60.373
14.538336,-625.000,-625.000,-625.000,-59.905
14.553691,-625.000,-625.000,-625.000,-60.139
14.569046,-625.000,-625.000,-625.000,-59.670
14.584401,-625.000,-625.000,-625.000,-59.905
14.599755,-625.000,-625.000,-625.000,-59.436
14.615110,-625.000,-625.000,-625.000,-59.436
14.630466,-625.000,-625.000,-625.000,-59.201
14.645821,-625.000,-625.000,-625.000,-58.967
14.661176,-625.000,-625.000,-625.000,-59.905
14.676531,-625.000,-625.000,-625.000,-59.905
14.691886,-625.000,-625.000,-625.000,-60.373
14.707241,-625.000,-625.000,-625.000,-60.842
14.722596,-625.000,-625.000,-625.000,-59.905
14.737950,-625.000,-625.000,-625.000,-59.905
14.753305,-625.000,-625.000,-625.000,-60.139
14.768660,-625.000,-625.000,-625.000,-59.670
14.784015,-625.000,-625.000,-625.000,-59.436
14.799371,-625.000,-625.000,-625.000,-59.436
14.814726,-625.000,-625.000,-625.000,-59.201
14.830081,-625.000,-625.000,-625.000,-59.905
14.845437,-625.000,-625.000,-625.000,-59.670
14.860792,-625.000,-625.000,-625.000,-59.905
14.876147,-625.000,-625.000,-625.000,-60.139
14.891502,-625.000,-625.000,-625.000,-60.373
14.906858,-625.000,-625.000,-625.000,-59.670
14.922213,-625.000,-625.000,-625.000,-60.373
14.937568,-625.000,-625.000,-625.000,-59.905
14.952923,-625.000,-625.000,-625.000,-60.139
14.968279,-625.000,-625.000,-625.000,-60.139
14.983634,-625.000,-625.000,-625.000,-59.905
14.998989,-625.000,-625.000,-625.000,-60.139
15.014344,-625.000,-625.000,-625.000,-60.139
15.029700,-625.000,-625.000,-625.000,-60.842
15.045067,-625.000,-625.000,-625.000,-60.139
15.060410,-625.000,-625.000,-625.000,-60.373
15.075766,-625.000,-625.000,-625.000,-59.905
15.091121,-625.000,-625.000,-625.000,-59.670
15.106476,-625.000,-625.000,-625.000,-59.670
15.121831,-625.000,-625.000,-625.000,-58.733
15.137186,-625.000,-625.000,-625.000,-59.905
15.152542,-625.000,-625.000,-625.000,-59.201
15.167897,-625.000,-625.000,-625.000,-59.905
15.183252,-625.000,-625.000,-625.000,-60.139
15.198608,-625.000,-625.000,-625.000,-59.436
15.213963,-625.000,-625.000,-625.000,-60.842
15.229319,-625.000,-625.000,-625.000,-60.139
15.244674,-625.000,-625.000,-625.000,-60.139
15.260029,-625.000,-625.000,-625.000,-59.905
15.275384,-625.000,-625.000,-625.000,-59.905
15.290739,-625.000,-625.000,-625.000,-60.139
15.306094,-625.000,-625.000,-625.000,-59.905
15.321449,-625.000,-625.000,-625.000,-59.905
15.336804,-625.000,-625.000,-625.000,-59.670
15.352159,-625.000,-625.000,-625.000,-59.436
15.367514,-625.000,-625.000,-625.000,-59.905
15.382869,-625.000,-625.000,-625.000,-60.139
15.398224,-625.000,-625.000,-625.000,-60.842
15.413579,-625.000,-625.000,-625.000,-59.905
15.428934,-625.000,-625.000,-625.000,-60.373
15.444290,-625.000,-625.000,-625.000,-60.139
15.459645,-625.000,-625.000,-625.000,-59.905
15.475000,-625.000,-625.000,-625.000,-59.670
15.490356,-625.000,-625.000,-625.000,-59.670
15.505711,-625.000,-625.000,-625.000,-59.905
15.521066,-625.000,-625.000,-625.000,-59.201
15.536422,-625.000,-625.000,-625.000,-59.670
15.551777,-625.000,-625.000,-625.000,-59.670
15.567132,-625.000,-625.000,-625.000,-60.373
15.582487,-625.000,-625.000,-625.000,-60.373
15.597841,-625.000,-625.000,-625.000,-60.139
15.613196,-625.000,-625.000,-625.000,-60.373
15.628551,-625.000,-625.000,-625.000,-58.733
15.643906,-625.000,-625.000,-625.000,-60.139
15.659262,-625.000,-625.000,-625.000,-59.670
15.674616,-625.000,-625.000,-625.000,-59.436
15.689971,-625.000,-625.000,-625.000,-59.905
15.705325,-625.000,-625.000,-625.000,-60.139
15.720680,-625.000,-625.000,-625.000,-60.139
15.736036,-625.000,-625.000,-625.000,-60.139
15.751391,-625.000,-625.000,-625.000,-59.670
15.766746,-625.000,-625.000,-625.000,-59.905
15.782102,-625.000,-625.000,-625.000,-59.201
15.797457,-625.000,-625.000,-625.000,-59.905
15.812812,-625.000,-625.000,-625.000,-60.139
15.828167,-625.000,-625.000,-625.000,-59.670
15.843523,-625.000,-625.000,-625.000,-59.670
15.858878,-625.000,-625.000,-625.000,-59.905
15.874234,-625.000,-625.000,-625.000,-60.373
15.889589,-625.000,-625.000,-625.000,-60.373
15.904944,-625.000,-625.000,-625.000,-60.373
15.920300,-625.000,-625.000,-625.000,-60.373
15.935656,-625.000,-625.000,-625.000,-60.139
15.951012,-625.000,-625.000,-625.000,-60.842
15.966367,-625.000,-625.000,-625.000,-59.905
15.981722,-625.000,-625.000,-625.000,-60.139
15.997077,-625.000,-625.000,-625.000,-59.436
16.012432,-625.000,-625.000,-625.000,-59.436
16.027787,-625.000,-625.000,-625.000,-60.608
16.043142,-625.000,-625.000,-625.000,-59.905
16.058497,-625.000,-625.000,-625.000,-60.139
16.073853,-625.000,-625.000,-625.000,-60.373
16.089208,-625.000,-625.000,-625.000,-59.905
16.104563,-625.000,-625.000,-625.000,-59.905
16.119918,-625.000,-625.000,-625.000,-59.905
16.135273,-625.000,-625.000,-625.000,-59.670
16.150628,-625.000,-625.000,-625.000,-59.436
16.165983,-625.000,-625.000,-625.000,-59.670
16.181339,-625.000,-625.000,-625.000,-59.905
16.196695,-625.000,-625.000,-625.000,-60.139
16.212049,-625.000,-625.000,-625.000,-59.905
16.227405,-625.000,-625.000,-625.000,-60.139
16.242760,-625.000,-625.000,-625.000,-59.670
16.258116,-625.000,-625.000,-625.000,-59.905
16.273472,-625.000,-625.000,-625.000,-59.436
16.288827,-625.000,-625.000,-625.000,-59.201
16.304182,-625.000,-625.000,-625.000,-59.905
16.319537,-625.000,-625.000,-625.000,-59.436
16.334892,-625.000,-625.000,-625.000,-59.201
16.350247,-625.000,-625.000,-625.000,-60.373
16.365602,-625.000,-625.000,-625.000,-60.373
16.380958,-625.000,-625.000,-625.000,-60.139
16.396313,-625.000,-625.000,-625.000,-59.905
16.411669,-625.000,-625.000,-625.000,-59.905
16.427024,-625.000,-625.000,-625.000,-59.436
16.442379,-625.000,-625.000,-625.000,-59.670
16.457734,-625.000,-625.000,-625.000,-59.670
16.473089,-625.000,-625.000,-625.000,-60.139
16.488445,-625.000,-625.000,-625.000,-60.608
16.503799,-625.000,-625.000,-625.000,-60.139
16.519155,-625.000,-625.000,-625.000,-59.905
16.534510,-625.000,-625.000,-625.000,-60.608
16.549866,-625.000,-625.000,-625.000,-59.905
16.565221,-625.000,-625.000,-625.000,-59.670
16.580576,-625.000,-625.000,-625.000,-59.670
16.595931,-625.000,-625.000,-625.000,-59.905
16.611286,-625.000,-625.000,-625.000,-60.139
16.626641,-625.000,-625.000,-625.000,-60.139
16.641996,-625.000,-625.000,-625.000,-60.373
16.657351,-625.000,-625.000,-625.000,-60.373
16.672707,-625.000,-625.000,-625.000,-59.436
16.688062,-625.000,-625.000,-625.000,-59.905
16.703418,-625.000,-625.000,-625.000,-59.670
16.718773,-625.000,-625.000,-625.000,-59.670
16.734128,-625.000,-625.000,-625.000,-59.905
16.749484,-625.000,-625.000,-625.000,-59.670
16.764839,-625.000,-625.000,-625.000,-59.905
16.780195,-625.000,-625.000,-625.000,-60.373
16.795550,-625.000,-625.000,-625.000,-60.139
16.810905,-625.000,-625.000,-625.000,-59.436
16.826261,-625.000,-625.000,-625.000,-59.670
16.841616,-625.000,-625.000,-625.000,-59.670
16.856971,-625.000,-625.000,-625.000,-59.436
16.872327,-625.000,-625.000,-625.000,-59.905
16.887682,-625.000,-625.000,-625.000,-59.905
16.903037,-625.000,-625.000,-625.000,-59.670
16.918392,-625.000,-625.000,-625.000,-59.905
16.933747,-625.000,-625.000,-625.000,-59.201
16.949103,-625.000,-625.000,-625.000,-59.670
16.964458,-625.000,-625.000,-625.000,-59.670
16.979813,-625.000,-625.000,-625.000,-59.905
16.995169,-625.000,-625.000,-625.000,-60.139
17.010524,-625.000,-625.000,-625.000,-60.139
17.025879,-625.000,-625.000,-625.000,-59.670
17.041233,-625.000,-625.000,-625.000,-59.201
17.056588,-625.000,-625.000,-625.000,-59.436
17.071943,-625.000,-625.000,-625.000,-59.905
17.087299,-625.000,-625.000,-625.000,-60.139
17.102654,-625.000,-625.000,-625.000,-59.670
17.118010,-625.000,-625.000,-625.000,-60.608
17.133366,-625.000,-625.000,-625.000,-60.139
17.148721,-625.000,-625.000,-625.000,-60.373
17.164076,-625.000,-625.000,-625.000,-58.498
17.179432,-625.000,-625.000,-625.000,-59.436
17.194786,-625.000,-625.000,-625.000,-60.139
17.210141,-625.000,-625.000,-625.000,-60.139
17.225497,-625.000,-625.000,-625.000,-60.139
17.240853,-625.000,-625.000,-625.000,-60.139
17.256209,-625.000,-625.000,-625.000,-60.139
17.271564,-625.000,-625.000,-625.000,-60.608
17.286919,-625.000,-625.000,-625.000,-59.436
17.302273,-625.000,-625.000,-625.000,-59.905
17.317629,-625.000,-625.000,-625.000,-59.670
17.332983,-625.000,-625.000,-625.000,-60.373
17.348339,-625.000,-625.000,-625.000,-60.139
17.363694,-625.000,-625.000,-625.000,-60.842
17.379050,-625.000,-625.000,-625.000,-59.201
17.394405,-625.000,-625.000,-625.000,-59.436
17.409761,-625.000,-625.000,-625.000,-59.436
17.425116,-625.000,-625.000,-625.000,-59.201
17.440472,-625.000,-625.000,-625.000,-59.905
17.455827,-625.000,-625.000,-625.000,-60.139
17.471181,-625.000,-625.000,-625.000,-60.139
17.494228,-625.000,-625.000,-625.000,-60.139
17.509571,-625.000,-625.000,-625.000,-59.436
17.524926,-625.000,-625.000,-625.000,-59.670
17.540280,-625.000,-625.000,-625.000,-60.373
17.555635,-625.000,-625.000,-625.000,-60.139
17.570991,-625.000,-625.000,-625.000,-60.139
17.586346,-625.000,-625.000,-625.000,-59.670
17.601701,-625.000,-625.000,-625.000,-60.139
17.617056,-625.000,-625.000,-625.000,-59.905
17.632411,-625.000,-625.000,-625.000,-60.139
17.647765,-625.000,-625.000,-625.000,-60.842
17.663120,-625.000,-625.000,-625.000,-59.905
17.678475,-625.000,-625.000,-625.000,-59.670
17.693830,-625.000,-625.000,-625.000,-59.201
17.709185,-625.000,-625.000,-625.000,-60.139
17.724541,-625.000,-625.000,-625.000,-59.905
17.739896,-625.000,-625.000,-625.000,-59.905
17.755251,-625.000,-625.000,-625.000,-59.905
17.770606,-625.000,-625.000,-625.000,-59.905
17.785960,-625.000,-625.000,-625.000,-60.139
17.801315,-625.000,-625.000,-625.000,-60.373
17.816671,-625.000,-625.000,-625.000,-59.670
17.832026,-625.000,-625.000,-625.000,-60.139
17.847381,-625.000,-625.000,-625.000,-60.139
17.862737,-625.000,-625.000,-625.000,-59.436
17.878091,-625.000,-625.000,-625.000,-59.436
17.893446,-625.000,-625.000,-625.000,-60.373
17.908802,-625.000,-625.000,-625.000,-59.670
17.924157,-625.000,-625.000,-625.000,-59.905
17.939512,-625.000,-625.000,-625.000,-59.670
17.954867,-625.000,-625.000,-625.000,-59.201
17.970222,-625.000,-625.000,-625.000,-59.905
17.985577,-625.000,-625.000,-625.000,-59.201
18.000933,-625.000,-625.000,-625.000,-59.905
18.016288,-625.000,-625.000,-625.000,-60.608
18.031643,-625.000,-625.000,-625.000,-59.905
18.046999,-625.000,-625.000,-625.000,-59.670
18.062353,-625.000,-625.000,-625.000,-59.436
18.077708,-625.000,-625.000,-625.000,-60.139
18.093064,-625.000,-625.000,-625.000,-59.436
18.108420,-625.000,-625.000,-625.000,-60.139
18.123775,-625.000,-625.000,-625.000,-60.139
18.139130,-625.000,-625.000,-625.000,-60.608
18.154486,-625.000,-625.000,-625.000,-60.373
18.169841,-625.000,-625.000,-625.000,-60.139
18.185197,-625.000,-625.000,-625.000,-59.436
18.200552,-625.000,-625.000,-625.000,-58.967
18.215906,-625.000,-625.000,-625.000,-59.436
18.231262,-625.000,-625.000,-625.000,-59.905
18.246618,-625.000,-625.000,-625.000,-60.139
18.261972,-625.000,-625.000,-625.000,-59.201
18.277328,-625.000,-625.000,-625.000,-59.905
18.292683,-625.000,-625.000,-625.000,-59.905
18.308038,-625.000,-625.000,-625.000,-60.139
18.323393,-625.000,-625.000,-625.000,-60.373
18.338748,-625.000,-625.000,-625.000,-59.905
18.354104,-625.000,-625.000,-625.000,-59.670
18.369460,-625.000,-625.000,-625.000,-60.139
18.384815,-625.000,-625.000,-625.000,-59.905
18.400171,-625.000,-625.000,-625.000,-59.436
18.415526,-625.000,-625.000,-625.000,-59.905
18.430881,-625.000,-625.000,-625.000,-60.139
18.446236,-625.000,-625.000,-625.000,-59.670
18.461591,-625.000,-625.000,-625.000,-59.905
18.476947,-625.000,-625.000,-625.000,-59.670
18.492302,-625.000,-625.000,-625.000,-60.608
18.507656,-625.000,-625.000,-625.000,-60.139
18.523012,-625.000,-625.000,-625.000,-60.608
18.538367,-625.000,-625.000,-625.000,-59.436
18.553722,-625.000,-625.000,-625.000,-59.201
18.569078,-625.000,-625.000,-625.000,-60.373
18.584433,-625.000,-625.000,-625.000,-60.373
18.599788,-625.000,-625.000,-625.000,-60.373
18.615144,-625.000,-625.000,-625.000,-60.842
18.630499,-625.000,-625.000,-625.000,-60.139
18.645855,-625.000,-625.000,-625.000,-59.905
18.661210,-625.000,-625.000,-625.000,-59.670
18.676565,-625.000,-625.000,-625.000,-60.373
18.691920,-625.000,-625.000,-625.000,-59.436
18.707275,-625.000,-625.000,-625.000,-59.436
18.722630,-625.000,-625.000,-625.000,-58.967
18.737985,-625.000,-625.000,-625.000,-59.905
18.753341,-625.000,-625.000,-625.000,-59.670
18.768697,-625.000,-625.000,-625.000,-60.139
18.784052,-625.000,-625.000,-625.000,-60.139
18.799407,-625.000,-625.000,-625.000,-60.373
18.814763,-625.000,-625.000,-625.000,-59.670
18.830118,-625.000,-625.000,-625.000,-59.436
18.845473,-625.000,-625.000,-625.000,-60.139
18.860829,-625.000,-625.000,-625.000,-59.905
18.876184,-625.000,-625.000,-625.000,-59.436
18.891539,-625.000,-625.000,-625.000,-59.670
18.906894,-625.000,-625.000,-625.000,-59.905
18.922249,-625.000,-625.000,-625.000,-59.670
18.937605,-625.000,-625.000,-625.000,-60.139
18.952960,-625.000,-625.000,-625.000,-60.373
18.968315,-625.000,-625.000,-625.000,-59.436
18.983671,-625.000,-625.000,-625.000,-59.905
18.999026,-625.000,-625.000,-625.000,-60.139
19.014381,-625.000,-625.000,-625.000,-59.670
19.029736,-625.000,-625.000,-625.000,-59.436
19.045092,-625.000,-625.000,-625.000,-58.967
19.060448,-625.000,-625.000,-625.000,-59.905
19.075803,-625.000,-625.000,-625.000,-59.905
19.091158,-625.000,-625.000,-625.000,-59.436
19.106513,-625.000,-625.000,-625.000,-60.608
19.121868,-625.000,-625.000,-625.000,-59.436
19.137224,-625.000,-625.000,-625.000,-60.139
19.152579,-625.000,-625.000,-625.000,-60.139
19.167934,-625.000,-625.000,-625.000,-59.905
19.183289,-625.000,-625.000,-625.000,-59.201
19.198645,-625.000,-625.000,-625.000,-58.967
19.214000,-625.000,-625.000,-625.000,-60.139
19.229355,-625.000,-625.000,-625.000,-60.608
19.244711,-625.000,-625.000,-625.000,-60.608
19.260066,-625.000,-625.000,-625.000,-58.733
19.275422,-625.000,-625.000,-625.000,-59.905
19.290777,-625.000,-625.000,-625.000,-59.905
19.306132,-625.000,-625.000,-625.000,-60.842
19.321487,-625.000,-625.000,-625.000,-59.436
19.336844,-625.000,-625.000,-625.000,-59.905
19.352199,-625.000,-625.000,-625.000,-59.436
19.367554,-625.000,-625.000,-625.000,-59.436
19.382909,-625.000,-625.000,-625.000,-59.670
19.398264,-625.000,-625.000,-625.000,-60.373
19.413620,-625.000,-625.000,-625.000,-60.373
19.428975,-625.000,-625.000,-625.000,-58.733
19.444330,-625.000,-625.000,-625.000,-59.201
19.459686,-625.000,-625.000,-625.000,-59.905
19.475041,-625.000,-625.000,-625.000,-60.373
19.490396,-625.000,-625.000,-625.000,-60.842
19.505751,-625.000,-625.000,-625.000,-60.139
19.521107,-625.000,-625.000,-625.000,-59.436
19.536463,-625.000,-625.000,-625.000,-59.670
19.551818,-625.000,-625.000,-625.000,-60.373
19.567174,-625.000,-625.000,-625.000,-59.905
19.582529,-625.000,-625.000,-625.000,-60.373
19.597883,-625.000,-625.000,-625.000,-59.905
19.613239,-625.000,-625.000,-625.000,-59.201
19.628594,-625.000,-625.000,-625.000,-60.139
19.643949,-625.000,-625.000,-625.000,-60.608
19.659304,-625.000,-625.000,-625.000,-60.373
19.674659,-625.000,-625.000,-625.000,-59.436
19.690015,-625.000,-625.000,-625.000,-59.201
19.705370,-625.000,-625.000,-625.000,-59.905
19.720725,-625.000,-625.000,-625.000,-60.842
19.736081,-625.000,-625.000,-625.000,-59.670
19.751435,-625.000,-625.000,-625.000,-59.670
19.766790,-625.000,-625.000,-625.000,-60.373
19.782145,-625.000,-625.000,-625.000,-59.670
19.797501,-625.000,-625.000,-625.000,-59.905
19.812856,-625.000,-625.000,-625.000,-59.905
19.828212,-625.000,-625.000,-625.000,-59.436
19.843567,-625.000,-625.000,-625.000,-59.436
19.858922,-625.000,-625.000,-625.000,-60.139
19.874277,-625.000,-625.000,-625.000,-60.139
19.889632,-625.000,-625.000,-625.000,-59.905
19.904987,-625.000,-625.000,-625.000,-58.733
19.920343,-625.000,-625.000,-625.000,-60.139
19.935698,-625.000,-625.000,-625.000,-59.905
19.951054,-625.000,-625.000,-625.000,-59.905
19.966408,-625.000,-625.000,-625.000,-59.201
19.981764,-625.000,-625.000,-625.000,-59.670
19.997119,-625.000,-625.000,-625.000,-60.139
20.012475,-625.000,-625.000,-625.000,-60.373
20.027830,-625.000,-625.000,-625.000,-59.201
20.043185,-625.000,-625.000,-625.000,-59.905
20.058552,-625.000,-625.000,-625.000,-60.373
20.073896,-625.000,-625.000,-625.000,-59.905
20.089252,-625.000,-625.000,-625.000,-59.905
20.104607,-625.000,-625.000,-625.000,-59.905
20.119962,-625.000,-625.000,-625.000,-59.905
20.135318,-625.000,-625.000,-625.000,-60.139
20.150673,-625.000,-625.000,-625.000,-59.670
20.166028,-625.000,-625.000,-625.000,-59.670
20.181384,-625.000,-625.000,-625.000,-60.608
20.196738,-625.000,-625.000,-625.000,-59.905
20.212094,-625.000,-625.000,-625.000,-59.670
20.227449,-625.000,-625.000,-625.000,-59.670
20.242804,-625.000,-625.000,-625.000,-60.139
20.258159,-625.000,-625.000,-625.000,-60.139
20.273514,-625.000,-625.000,-625.000,-59.670
20.288870,-625.000,-625.000,-625.000,-59.905
20.304225,-625.000,-625.000,-625.000,-60.139
20.319580,-625.000,-625.000,-625.000,-60.139
20.334935,-625.000,-625.000,-625.000,-59.436
20.350291,-625.000,-625.000,-625.000,-60.139
20.365646,-625.000,-625.000,-625.000,-60.139
20.381000,-625.000,-625.000,-625.000,-59.670
20.396355,-625.000,-625.000,-625.000,-59.670
20.411710,-625.000,-625.000,-625.000,-60.842
20.427064,-625.000,-625.000,-625.000,-59.201
20.442418,-625.000,-625.000,-625.000,-60.373
20.457773,-625.000,-625.000,-625.000,-60.373
20.473128,-625.000,-625.000,-625.000,-58.967
20.488483,-625.000,-625.000,-625.000,-59.905
20.503838,-625.000,-625.000,-625.000,-60.608
20.519194,-625.000,-625.000,-625.000,-60.373
20.534548,-625.000,-625.000,-625.000,-59.670
20.549904,-625.000,-625.000,-625.000,-59.670
20.565259,-625.000,-625.000,-625.000,-60.608
20.580614,-625.000,-625.000,-625.000,-59.905
20.595969,-625.000,-625.000,-625.000,-59.436
20.611324,-625.000,-625.000,-625.000,-59.905
20.626679,-625.000,-625.000,-625.000,-60.373
20.642035,-625.000,-625.000,-625.000,-60.139
20.657390,-625.000,-625.000,-625.000,-59.670
20.672745,-625.000,-625.000,-625.000,-59.201
20.688101,-625.000,-625.000,-625.000,-60.139
20.703455,-625.000,-625.000,-625.000,-59.905
20.718810,-625.000,-625.000,-625.000,-59.670
20.734165,-625.000,-625.000,-625.000,-60.608
20.749521,-625.000,-625.000,-625.000,-60.139
20.764876,-625.000,-625.000,-625.000,-59.436
20.780232,-625.000,-625.000,-625.000,-59.436
20.795587,-625.000,-625.000,-625.000,-59.670
20.810942,-625.000,-625.000,-625.000,-59.905
20.826297,-625.000,-625.000,-625.000,-59.905
20.841653,-625.000,-625.000,-625.000,-59.436
20.857008,-625.000,-625.000,-625.000,-59.670
20.872363,-625.000,-625.000,-625.000,-60.608
20.887718,-625.000,-625.000,-625.000,-59.436
20.903073,-625.000,-625.000,-625.000,-59.670
20.918428,-625.000,-625.000,-625.000,-60.373
20.933783,-625.000,-625.000,-625.000,-59.905
20.949138,-625.000,-625.000,-625.000,-60.139
20.964493,-625.000,-625.000,-625.000,-60.373
20.993384,-625.000,-625.000,-625.000,-60.373
21.008728,-625.000,-625.000,-625.000,-60.139
21.024084,-625.000,-625.000,-625.000,-60.139
21.039440,-625.000,-625.000,-625.000,-59.905
21.054794,-625.000,-625.000,-625.000,-60.139
21.070150,-625.000,-625.000,-625.000,-60.373
21.085504,-625.000,-625.000,-625.000,-59.436
21.100859,-625.000,-625.000,-625.000,-59.905
21.116215,-625.000,-625.000,-625.000,-60.608
21.131570,-625.000,-625.000,-625.000,-60.139
21.146926,-625.000,-625.000,-625.000,-59.670
21.162280,-625.000,-625.000,-625.000,-60.139
21.177635,-625.000,-625.000,-625.000,-59.905
21.192991,-625.000,-625.000,-625.000,-58.967
21.208346,-625.000,-625.000,-625.000,-58.967
21.223702,-625.000,-625.000,-625.000,-59.670
21.239058,-625.000,-625.000,-625.000,-60.373
21.254413,-625.000,-625.000,-625.000,-59.905
21.269768,-625.000,-625.000,-625.000,-59.670
21.285124,-625.000,-625.000,-625.000,-60.139
21.300479,-625.000,-625.000,-625.000,-59.905
21.315834,-625.000,-625.000,-625.000,-59.436
21.331189,-625.000,-625.000,-625.000,-59.670
21.346544,-625.000,-625.000,-625.000,-59.905
21.361899,-625.000,-625.000,-625.000,-60.139
21.377255,-625.000,-625.000,-625.000,-59.670
21.392610,-625.000,-625.000,-625.000,-60.139
21.407965,-625.000,-625.000,-625.000,-58.967
21.423321,-625.000,-625.000,-625.000,-60.139
21.438675,-625.000,-625.000,-625.000,-59.905
21.454031,-625.000,-625.000,-625.000,-60.139
21.469385,-625.000,-625.000,-625.000,-59.905
21.484741,-625.000,-625.000,-625.000,-59.670
21.500096,-625.000,-625.000,-625.000,-59.670
21.515451,-625.000,-625.000,-625.000,-60.139
21.530805,-625.000,-625.000,-625.000,-60.373
21.546160,-625.000,-625.000,-625.000,-59.905
21.561515,-625.000,-625.000,-625.000,-59.201
21.576870,-625.000,-625.000,-625.000,-59.670
21.592225,-625.000,-625.000,-625.000,-60.373
21.607580,-625.000,-625.000,-625.000,-61.077
21.622935,-625.000,-625.000,-625.000,-59.905
21.638291,-625.000,-625.000,-625.000,-59.905
21.653646,-625.000,-625.000,-625.000,-59.201
21.669001,-625.000,-625.000,-625.000,-60.373
21.684356,-625.000,-625.000,-625.000,-59.905
21.699711,-625.000,-625.000,-625.000,-60.373
21.715066,-625.000,-625.000,-625.000,-59.436
21.730421,-625.000,-625.000,-625.000,-59.905
21.745776,-625.000,-625.000,-625.000,-60.842
21.761131,-625.000,-625.000,-625.000,-60.139
21.776486,-625.000,-625.000,-625.000,-58.967
21.791842,-625.000,-625.000,-625.000,-59.670
21.807198,-625.000,-625.000,-625.000,-60.139
21.822552,-625.000,-625.000,-625.000,-59.201
21.837907,-625.000,-625.000,-625.000,-59.905
21.853262,-625.000,-625.000,-625.000,-59.905
21.868618,-625.000,-625.000,-625.000,-59.670
21.883973,-625.000,-625.000,-625.000,-59.905
21.899328,-625.000,-625.000,-625.000,-59.905
21.914683,-625.000,-625.000,-625.000,-59.905
21.930038,-625.000,-625.000,-625.000,-59.905
21.945393,-625.000,-625.000,-625.000,-58.733
21.960748,-625.000,-625.000,-625.000,-59.905
21.976103,-625.000,-625.000,-625.000,-59.436
21.991458,-625.000,-625.000,-625.000,-60.139
22.006814,-625.000,-625.000,-625.000,-59.670
22.022169,-625.000,-625.000,-625.000,-59.670
22.037524,-625.000,-625.000,-625.000,-59.905
22.052879,-625.000,-625.000,-625.000,-59.905
22.068235,-625.000,-625.000,-625.000,-60.842
22.083590,-625.000,-625.000,-625.000,-59.670
22.098945,-625.000,-625.000,-625.000,-59.905
22.114300,-625.000,-625.000,-625.000,-60.139
22.129655,-625.000,-625.000,-625.000,-59.670
22.145010,-625.000,-625.000,-625.000,-59.905
22.160366,-625.000,-625.000,-625.000,-60.139
22.175722,-625.000,-625.000,-625.000,-59.905
22.191077,-625.000,-625.000,-625.000,-59.436
22.206432,-625.000,-625.000,-625.000,-59.905
22.221787,-625.000,-625.000,-625.000,-60.139
22.237142,-625.000,-625.000,-625.000,-59.905
22.252497,-625.000,-625.000,-625.000,-59.436
22.267852,-625.000,-625.000,-625.000,-59.670
22.283208,-625.000,-625.000,-625.000,-59.436
22.298562,-625.000,-625.000,-625.000,-60.373
22.313917,-625.000,-625.000,-625.000,-59.905
22.329273,-625.000,-625.000,-625.000,-59.436
22.344629,-625.000,-625.000,-625.000,-60.139
22.359984,-625.000,-625.000,-625.000,-58.733
22.375339,-625.000,-625.000,-625.000,-60.139
22.390694,-625.000,-625.000,-625.000,-59.905
22.406050,-625.000,-625.000,-625.000,-59.905
22.421405,-625.000,-625.000,-625.000,-59.670
22.436760,-625.000,-625.000,-625.000,-60.139
22.452115,-625.000,-625.000,-625.000,-59.436
22.467469,-625.000,-625.000,-625.000,-60.373
22.482825,-625.000,-625.000,-625.000,-59.201
22.498180,-625.000,-625.000,-625.000,-59.905
22.513534,-625.000,-625.000,-625.000,-59.670
22.528889,-625.000,-625.000,-625.000,-59.905
22.544244,-625.000,-625.000,-625.000,-60.608
22.559599,-625.000,-625.000,-625.000,-59.905
22.574955,-625.000,-625.000,-625.000,-60.139
22.590310,-625.000,-625.000,-625.000,-59.905
22.605665,-625.000,-625.000,-625.000,-59.905
22.621020,-625.000,-625.000,-625.000,-59.905
22.636375,-625.000,-625.000,-625.000,-59.670
22.651731,-625.000,-625.000,-625.000,-59.436
22.667086,-625.000,-625.000,-625.000,-59.905
22.682441,-625.000,-625.000,-625.000,-60.139
22.697796,-625.000,-625.000,-625.000,-59.905
22.713151,-625.000,-625.000,-625.000,-60.139
22.728506,-625.000,-625.000,-625.000,-59.905
22.743861,-625.000,-625.000,-625.000,-60.373
22.759217,-625.000,-625.000,-625.000,-59.905
22.774572,-625.000,-625.000,-625.000,-59.436
22.789927,-625.000,-625.000,-625.000,-60.139
22.805283,-625.000,-625.000,-625.000,-60.608
22.820638,-625.000,-625.000,-625.000,-58.967
22.835993,-625.000,-625.000,-625.000,-60.373
22.851348,-625.000,-625.000,-625.000,-59.905
22.866704,-625.000,-625.000,-625.000,-59.670
22.882059,-625.000,-625.000,-625.000,-59.670
22.897414,-625.000,-625.000,-625.000,-60.139
22.912768,-625.000,-625.000,-625.000,-60.139
22.928123,-625.000,-625.000,-625.000,-59.201
22.943479,-625.000,-625.000,-625.000,-59.670
22.958834,-625.000,-625.000,-625.000,-59.670
22.974189,-625.000,-625.000,-625.000,-59.436
22.989545,-625.000,-625.000,-625.000,-60.373
23.004900,-625.000,-625.000,-625.000,-59.670
23.020256,-625.000,-625.000,-625.000,-59.436
23.035611,-625.000,-625.000,-625.000,-60.139
23.050968,-625.000,-625.000,-625.000,-59.905
23.066322,-625.000,-625.000,-625.000,-59.436
23.081678,-625.000,-625.000,-625.000,-60.373
23.097033,-625.000,-625.000,-625.000,-59.436
23.112389,-625.000,-625.000,-625.000,-59.201
23.127745,-625.000,-625.000,-625.000,-60.373
23.143100,-625.000,-625.000,-625.000,-59.905
23.158456,-625.000,-625.000,-625.000,-59.905
23.173810,-625.000,-625.000,-625.000,-60.373
23.189165,-625.000,-625.000,-625.000,-59.670
23.204520,-625.000,-625.000,-625.000,-60.139
23.219875,-625.000,-625.000,-625.000,-59.670
23.235229,-625.000,-625.000,-625.000,-59.905
23.250584,-625.000,-625.000,-625.000,-59.670
23.265940,-625.000,-625.000,-625.000,-59.670
23.281295,-625.000,-625.000,-625.000,-60.608
23.296650,-625.000,-625.000,-625.000,-59.201
23.312005,-625.000,-625.000,-625.000,-60.139
23.327361,-625.000,-625.000,-625.000,-60.373
23.342716,-625.000,-625.000,-625.000,-59.670
23.358072,-625.000,-625.000,-625.000,-60.842
23.373427,-625.000,-625.000,-625.000,-59.670
23.388782,-625.000,-625.000,-625.000,-59.905
23.404138,-625.000,-625.000,-625.000,-59.905
23.419493,-625.000,-625.000,-625.000,-59.201
23.434848,-625.000,-625.000,-625.000,-59.670
23.450203,-625.000,-625.000,-625.000,-59.905
23.465558,-625.000,-625.000,-625.000,-59.436
23.480914,-625.000,-625.000,-625.000,-60.608
23.496270,-625.000,-625.000,-625.000,-60.139
23.511625,-625.000,-625.000,-625.000,-59.436
23.526980,-625.000,-625.000,-625.000,-60.373
23.542335,-625.000,-625.000,-625.000,-60.139
23.557690,-625.000,-625.000,-625.000,-60.373
23.573045,-625.000,-625.000,-625.000,-59.436
23.588400,-625.000,-625.000,-625.000,-60.139
23.603756,-625.000,-625.000,-625.000,-60.139
23.619111,-625.000,-625.000,-625.000,-59.670
23.634466,-625.000,-625.000,-625.000,-60.608
23.649821,-625.000,-625.000,-625.000,-60.139
23.665177,-625.000,-625.000,-625.000,-60.608
23.680532,-625.000,-625.000,-625.000,-59.905
23.695887,-625.000,-625.000,-625.000,-59.201
23.711243,-625.000,-625.000,-625.000,-59.905
23.726598,-625.000,-625.000,-625.000,-60.139
23.741953,-625.000,-625.000,-625.000,-58.967
23.757308,-625.000,-625.000,-625.000,-60.842
23.772663,-625.000,-625.000,-625.000,-59.436
23.788019,-625.000,-625.000,-625.000,-60.139
23.803374,-625.000,-625.000,-625.000,-60.373
23.818730,-625.000,-625.000,-625.000,-60.139
23.834086,-625.000,-625.000,-625.000,-60.139
23.849441,-625.000,-625.000,-625.000,-59.201
23.864796,-625.000,-625.000,-625.000,-59.670
23.880151,-625.000,-625.000,-625.000,-60.139
23.895506,-625.000,-625.000,-625.000,-59.201
23.910861,-625.000,-625.000,-625.000,-60.842
23.926216,-625.000,-625.000,-625.000,-59.436
23.941571,-625.000,-625.000,-625.000,-59.670
23.956926,-625.000,-625.000,-625.000,-59.905
23.972281,-625.000,-625.000,-625.000,-59.436
23.987636,-625.000,-625.000,-625.000,-60.139
24.002991,-625.000,-625.000,-625.000,-59.201
24.018347,-625.000,-625.000,-625.000,-60.608
24.033702,-625.000,-625.000,-625.000,-59.905
24.049057,-625.000,-625.000,-625.000,-59.905
24.064412,-625.000,-625.000,-625.000,-59.670
24.079767,-625.000,-625.000,-625.000,-59.905
24.095123,-625.000,-625.000,-625.000,-60.139
24.110478,-625.000,-625.000,-625.000,-58.967
24.125833,-625.000,-625.000,-625.000,-60.842
24.141188,-625.000,-625.000,-625.000,-59.201
24.156543,-625.000,-625.000,-625.000,-60.139
24.171898,-625.000,-625.000,-625.000,-59.670
24.187252,-625.000,-625.000,-625.000,-60.139
24.202607,-625.000,-625.000,-625.000,-59.670
24.217962,-625.000,-625.000,-625.000,-59.436
24.233317,-625.000,-625.000,-625.000,-59.905
24.248672,-625.000,-625.000,-625.000,-59.905
24.264027,-625.000,-625.000,-625.000,-59.905
24.279381,-625.000,-625.000,-625.000,-59.905
24.294737,-625.000,-625.000,-625.000,-60.139
24.310091,-625.000,-625.000,-625.000,-59.201
24.325446,-625.000,-625.000,-625.000,-59.201
24.340802,-625.000,-625.000,-625.000,-59.905
24.356157,-625.000,-625.000,-625.000,-59.670
24.371512,-625.000,-625.000,-625.000,-59.201
24.386867,-625.000,-625.000,-625.000,-59.905
24.402223,-625.000,-625.000,-625.000,-59.201
24.417577,-625.000,-625.000,-625.000,-59.905
24.432933,-625.000,-625.000,-625.000,-60.608
24.448288,-625.000,-625.000,-625.000,-59.670
24.463644,-625.000,-625.000,-625.000,-60.373
24.487098,-625.000,-625.000,-625.000,-59.436
24.502441,-625.000,-625.000,-625.000,-59.670
24.517796,-625.000,-625.000,-625.000,-59.905
24.533152,-625.000,-625.000,-625.000,-60.139
24.548507,-625.000,-625.000,-625.000,-59.670
24.563862,-625.000,-625.000,-625.000,-60.373
24.579217,-625.000,-625.000,-625.000,-59.905
24.594571,-625.000,-625.000,-625.000,-60.139
24.609927,-625.000,-625.000,-625.000,-60.139
24.625282,-625.000,-625.000,-625.000,-61.077
24.640636,-625.000,-625.000,-625.000,-59.436
24.655992,-625.000,-625.000,-625.000,-59.905
24.671346,-625.000,-625.000,-625.000,-60.139
24.686701,-625.000,-625.000,-625.000,-60.842
24.702056,-625.000,-625.000,-625.000,-59.436
24.717411,-625.000,-625.000,-625.000,-60.842
24.732766,-625.000,-625.000,-625.000,-59.670
24.748121,-625.000,-625.000,-625.000,-59.905
24.763476,-625.000,-625.000,-625.000,-59.436
24.778831,-625.000,-625.000,-625.000,-59.670
24.794186,-625.000,-625.000,-625.000,-59.905
24.809541,-625.000,-625.000,-625.000,-60.139
24.824896,-625.000,-625.000,-625.000,-59.670
24.840252,-625.000,-625.000,-625.000,-59.670
24.855606,-625.000,-625.000,-625.000,-59.436
24.870961,-625.000,-625.000,-625.000,-60.373
24.886317,-625.000,-625.000,-625.000,-59.905
24.901672,-625.000,-625.000,-625.000,-59.436
24.917027,-625.000,-625.000,-625.000,-60.139
24.932382,-625.000,-625.000,-625.000,-59.905
24.947738,-625.000,-625.000,-625.000,-59.905
24.963093,-625.000,-625.000,-625.000,-59.905
24.978448,-625.000,-625.000,-625.000,-60.608
24.993802,-625.000,-625.000,-625.000,-59.905
25.009157,-625.000,-625.000,-625.000,-60.373
25.024512,-625.000,-625.000,-625.000,-59.436
25.039868,-625.000,-625.000,-625.000,-59.670
25.055224,-625.000,-625.000,-625.000,-59.905
25.070591,-625.000,-625.000,-625.000,-59.905
25.085934,-625.000,-625.000,-625.000,-60.139
25.101289,-625.000,-625.000,-625.000,-59.905
25.116644,-625.000,-625.000,-625.000,-60.139
25.132000,-625.000,-625.000,-625.000,-58.733
25.147354,-625.000,-625.000,-625.000,-60.139
25.162710,-625.000,-625.000,-625.000,-59.905
25.178066,-625.000,-625.000,-625.000,-60.139
25.193421,-625.000,-625.000,-625.000,-60.608
25.208776,-625.000,-625.000,-625.000,-59.905
25.224131,-625.000,-625.000,-625.000,-59.670
25.239487,-625.000,-625.000,-625.000,-59.670
25.254842,-625.000,-625.000,-625.000,-60.139
25.270197,-625.000,-625.000,-625.000,-59.670
25.285552,-625.000,-625.000,-625.000,-59.905
25.300907,-625.000,-625.000,-625.000,-59.905
25.316263,-625.000,-625.000,-625.000,-59.905
25.331618,-625.000,-625.000,-625.000,-59.670
25.346974,-625.000,-625.000,-625.000,-59.905
25.362329,-625.000,-625.000,-625.000,-59.905
25.377685,-625.000,-625.000,-625.000,-59.436
25.393040,-625.000,-625.000,-625.000,-60.139
25.408395,-625.000,-625.000,-625.000,-59.905
25.423750,-625.000,-625.000,-625.000,-59.670
25.439106,-625.000,-625.000,-625.000,-60.373
25.454462,-625.000,-625.000,-625.000,-59.670
25.469817,-625.000,-625.000,-625.000,-60.608
25.485173,-625.000,-625.000,-625.000,-59.905
25.500528,-625.000,-625.000,-625.000,-59.905
25.515884,-625.000,-625.000,-625.000,-60.139
25.531239,-625.000,-625.000,-625.000,-59.670
25.546595,-625.000,-625.000,-625.000,-59.905
25.561949,-625.000,-625.000,-625.000,-59.201
25.577305,-625.000,-625.000,-625.000,-60.373
25.592660,-625.000,-625.000,-625.000,-59.670
25.608016,-625.000,-625.000,-625.000,-60.139
25.623371,-625.000,-625.000,-625.000,-59.670
25.638727,-625.000,-625.000,-625.000,-59.201
25.654082,-625.000,-625.000,-625.000,-59.670
25.669437,-625.000,-625.000,-625.000,-60.139
25.684792,-625.000,-625.000,-625.000,-60.373
25.700147,-625.000,-625.000,-625.000,-59.670
25.715502,-625.000,-625.000,-625.000,-59.670
25.730857,-625.000,-625.000,-625.000,-60.373
25.746212,-625.000,-625.000,-625.000,-59.436
25.761567,-625.000,-625.000,-625.000,-59.905
25.776922,-625.000,-625.000,-625.000,-59.436
25.792276,-625.000,-625.000,-625.000,-59.670
25.807631,-625.000,-625.000,-625.000,-59.201
25.822986,-625.000,-625.000,-625.000,-59.436
25.838342,-625.000,-625.000,-625.000,-59.201
25.853697,-625.000,-625.000,-625.000,-60.373
25.869052,-625.000,-625.000,-625.000,-59.436
25.884406,-625.000,-625.000,-625.000,-60.139
25.899762,-625.000,-625.000,-625.000,-59.201
25.915117,-625.000,-625.000,-625.000,-60.139
25.930473,-625.000,-625.000,-625.000,-59.905
25.945827,-625.000,-625.000,-625.000,-60.373
25.961183,-625.000,-625.000,-625.000,-59.201
25.976538,-625.000,-625.000,-625.000,-59.905
25.991893,-625.000,-625.000,-625.000,-59.670
26.007249,-625.000,-625.000,-625.000,-59.905
26.022604,-625.000,-625.000,-625.000,-59.436
26.037960,-625.000,-625.000,-625.000,-59.905
26.053315,-625.000,-625.000,-625.000,-59.436
26.068671,-625.000,-625.000,-625.000,-59.905
26.084026,-625.000,-625.000,-625.000,-60.608
26.099381,-625.000,-625.000,-625.000,-59.201
26.114737,-625.000,-625.000,-625.000,-59.905
26.130092,-625.000,-625.000,-625.000,-59.436
26.145447,-625.000,-625.000,-625.000,-61.077
26.160802,-625.000,-625.000,-625.000,-59.670
26.176157,-625.000,-625.000,-625.000,-60.608
26.191513,-625.000,-625.000,-625.000,-59.905
26.206869,-625.000,-625.000,-625.000,-59.905
26.222224,-625.000,-625.000,-625.000,-59.201
26.237578,-625.000,-625.000,-625.000,-60.842
26.252934,-625.000,-625.000,-625.000,-59.670
26.268289,-625.000,-625.000,-625.000,-59.905
26.283645,-625.000,-625.000,-625.000,-59.905
26.299000,-625.000,-625.000,-625.000,-59.436
26.314355,-625.000,-625.000,-625.000,-59.905
26.329710,-625.000,-625.000,-625.000,-60.139
26.345065,-625.000,-625.000,-625.000,-59.201
26.360420,-625.000,-625.000,-625.000,-60.373
26.375775,-625.000,-625.000,-625.000,-59.436
26.391130,-625.000,-625.000,-625.000,-60.373
26.406486,-625.000,-625.000,-625.000,-59.670
26.421841,-625.000,-625.000,-625.000,-60.842
26.437196,-625.000,-625.000,-625.000,-58.967
26.452551,-625.000,-625.000,-625.000,-59.905
26.467906,-625.000,-625.000,-625.000,-59.436
26.483263,-625.000,-625.000,-625.000,-59.905
26.498618,-625.000,-625.000,-625.000,-59.201
26.513973,-625.000,-625.000,-625.000,-60.139
26.529329,-625.000,-625.000,-625.000,-59.201
26.544684,-625.000,-625.000,-625.000,-60.139
26.560039,-625.000,-625.000,-625.000,-59.905
26.575394,-625.000,-625.000,-625.000,-60.139
26.590749,-625.000,-625.000,-625.000,-59.436
26.606104,-625.000,-625.000,-625.000,-59.436
26.621459,-625.000,-625.000,-625.000,-59.905
26.636814,-625.000,-625.000,-625.000,-60.373
26.652169,-625.000,-625.000,-625.000,-58.733
26.667524,-625.000,-625.000,-625.000,-60.373
26.682879,-625.000,-625.000,-625.000,-59.436
26.698235,-625.000,-625.000,-625.000,-59.670
26.713590,-625.000,-625.000,-625.000,-59.670
26.728945,-625.000,-625.000,-625.000,-60.139
26.744301,-625.000,-625.000,-625.000,-59.436
26.759656,-625.000,-625.000,-625.000,-60.608
26.775011,-625.000,-625.000,-625.000,-59.670
26.790366,-625.000,-625.000,-625.000,-60.139
26.805721,-625.000,-625.000,-625.000,-60.139
26.821077,-625.000,-625.000,-625.000,-60.842
26.836432,-625.000,-625.000,-625.000,-59.670
26.851787,-625.000,-625.000,-625.000,-60.608
26.867142,-625.000,-625.000,-625.000,-59.436
26.882497,-625.000,-625.000,-625.000,-60.608
26.897853,-625.000,-625.000,-625.000,-59.670
26.913208,-625.000,-625.000,-625.000,-60.608
26.928563,-625.000,-625.000,-625.000,-59.670
26.943918,-625.000,-625.000,-625.000,-59.905
26.959273,-625.000,-625.000,-625.000,-59.670
26.974628,-625.000,-625.000,-625.000,-60.139
26.989983,-625.000,-625.000,-625.000,-59.436
27.005339,-625.000,-625.000,-625.000,-60.608
27.020694,-625.000,-625.000,-625.000,-59.905
27.036048,-625.000,-625.000,-625.000,-59.905
27.051404,-625.000,-625.000,-625.000,-59.670
27.066759,-625.000,-625.000,-625.000,-59.670
27.082114,-625.000,-625.000,-625.000,-60.608
27.097470,-625.000,-625.000,-625.000,-60.139
27.112825,-625.000,-625.000,-625.000,-59.905
27.128180,-625.000,-625.000,-625.000,-60.139
27.143536,-625.000,-625.000,-625.000,-59.905
27.158891,-625.000,-625.000,-625.000,-59.201
27.174246,-625.000,-625.000,-625.000,-60.139
27.189602,-625.000,-625.000,-625.000,-59.905
27.204957,-625.000,-625.000,-625.000,-59.670
27.220312,-625.000,-625.000,-625.000,-59.436
27.235668,-625.000,-625.000,-625.000,-59.670
27.251023,-625.000,-625.000,-625.000,-59.670
27.266378,-625.000,-625.000,-625.000,-59.201
27.281734,-625.000,-625.000,-625.000,-60.139
27.297089,-625.000,-625.000,-625.000,-60.139
27.312444,-625.000,-625.000,-625.000,-59.436
27.327798,-625.000,-625.000,-625.000,-59.670
27.343153,-625.000,-625.000,-625.000,-59.670
27.358508,-625.000,-625.000,-625.000,-59.670
27.373863,-625.000,-625.000,-625.000,-60.608
27.389218,-625.000,-625.000,-625.000,-59.905
27.404573,-625.000,-625.000,-625.000,-59.905
27.419928,-625.000,-625.000,-625.000,-60.139
27.435283,-625.000,-625.000,-625.000,-60.139
27.450638,-625.000,-625.000,-625.000,-59.670
27.465993,-625.000,-625.000,-625.000,-59.670
27.481349,-625.000,-625.000,-625.000,-60.608
27.496704,-625.000,-625.000,-625.000,-60.139
27.512059,-625.000,-625.000,-625.000,-60.608
27.527414,-625.000,-625.000,-625.000,-59.905
27.542769,-625.000,-625.000,-625.000,-59.201
27.558124,-625.000,-625.000,-625.000,-59.670
27.573479,-625.000,-625.000,-625.000,-60.139
27.588835,-625.000,-625.000,-625.000,-59.670
27.604190,-625.000,-625.000,-625.000,-60.373
27.619545,-625.000,-625.000,-625.000,-59.670
27.634900,-625.000,-625.000,-625.000,-59.436
27.650256,-625.000,-625.000,-625.000,-59.670
27.665611,-625.000,-625.000,-625.000,-59.905
27.680966,-625.000,-625.000,-625.000,-59.905
27.696322,-625.000,-625.000,-625.000,-59.436
27.711677,-625.000,-625.000,-625.000,-59.670
27.727032,-625.000,-625.000,-625.000,-60.373
27.742387,-625.000,-625.000,-625.000,-59.905
27.757743,-625.000,-625.000,-625.000,-59.670
27.773098,-625.000,-625.000,-625.000,-60.373
27.788453,-625.000,-625.000,-625.000,-60.139
27.803808,-625.000,-625.000,-625.000,-59.905
27.819164,-625.000,-625.000,-625.000,-60.139
27.834519,-625.000,-625.000,-625.000,-59.905
27.849874,-625.000,-625.000,-625.000,-59.905
27.865230,-625.000,-625.000,-625.000,-60.373
27.880585,-625.000,-625.000,-625.000,-59.905
27.895940,-625.000,-625.000,-625.000,-60.373
27.911295,-625.000,-625.000,-625.000,-60.608
27.926650,-625.000,-625.000,-625.000,-59.905
27.942005,-625.000,-625.000,-625.000,-60.373
27.957360,-625.000,-625.000,-625.000,-59.905
27.986523,-625.000,-625.000,-625.000,-60.139
28.001865,-625.000,-625.000,-625.000,-60.139
28.017220,-625.000,-625.000,-625.000,-59.436
28.032576,-625.000,-625.000,-625.000,-59.670
28.047930,-625.000,-625.000,-625.000,-59.436
28.063286,-625.000,-625.000,-625.000,-60.139
28.078641,-625.000,-625.000,-625.000,-59.670
28.093997,-625.000,-625.000,-625.000,-59.670
28.109351,-625.000,-625.000,-625.000,-60.139
28.124707,-625.000,-625.000,-625.000,-60.373
28.140063,-625.000,-625.000,-625.000,-59.670
28.155418,-625.000,-625.000,-625.000,-60.139
28.170773,-625.000,-625.000,-625.000,-60.139
28.186128,-625.000,-625.000,-625.000,-59.670
28.201484,-625.000,-625.000,-625.000,-60.139
28.216839,-625.000,-625.000,-625.000,-59.201
28.232194,-625.000,-625.000,-625.000,-60.373
28.247549,-625.000,-625.000,-625.000,-60.139
28.262904,-625.000,-625.000,-625.000,-59.905
28.278259,-625.000,-625.000,-625.000,-60.842
28.293614,-625.000,-625.000,-625.000,-59.436
28.308969,-625.000,-625.000,-625.000,-60.139
28.324323,-625.000,-625.000,-625.000,-60.139
28.339678,-625.000,-625.000,-625.000,-59.905
28.355034,-625.000,-625.000,-625.000,-59.905
28.370389,-625.000,-625.000,-625.000,-59.670
28.385744,-625.000,-625.000,-625.000,-59.905
28.401099,-625.000,-625.000,-625.000,-60.139
28.416454,-625.000,-625.000,-625.000,-59.670
28.431809,-625.000,-625.000,-625.000,-59.436
28.447164,-625.000,-625.000,-625.000,-59.670
28.462519,-625.000,-625.000,-625.000,-59.670
28.477874,-625.000,-625.000,-625.000,-59.436
28.493229,-625.000,-625.000,-625.000,-60.139
28.508585,-625.000,-625.000,-625.000,-59.670
28.523940,-625.000,-625.000,-625.000,-59.670
28.539294,-625.000,-625.000,-625.000,-59.670
28.554650,-625.000,-625.000,-625.000,-59.905
28.570004,-625.000,-625.000,-625.000,-60.139
28.585360,-625.000,-625.000,-625.000,-60.373
28.600715,-625.000,-625.000,-625.000,-60.139
28.616071,-625.000,-625.000,-625.000,-59.670
28.631426,-625.000,-625.000,-625.000,-59.436
28.646780,-625.000,-625.000,-625.000,-60.139
28.662136,-625.000,-625.000,-625.000,-60.608
28.677491,-625.000,-625.000,-625.000,-60.139
28.692846,-625.000,-625.000,-625.000,-60.139
28.708202,-625.000,-625.000,-625.000,-59.436
28.723557,-625.000,-625.000,-625.000,-60.139
28.738912,-625.000,-625.000,-625.000,-59.905
28.754267,-625.000,-625.000,-625.000,-59.905
28.769622,-625.000,-625.000,-625.000,-60.842
28.784978,-625.000,-625.000,-625.000,-59.670
28.800333,-625.000,-625.000,-625.000,-60.139
28.815688,-625.000,-625.000,-625.000,-59.436
28.831043,-625.000,-625.000,-625.000,-60.842
28.846399,-625.000,-625.000,-625.000,-60.139
28.861755,-625.000,-625.000,-625.000,-59.905
28.877110,-625.000,-625.000,-625.000,-59.670
28.892466,-625.000,-625.000,-625.000,-59.201
28.907821,-625.000,-625.000,-625.000,-60.373
28.923175,-625.000,-625.000,-625.000,-59.436
28.938530,-625.000,-625.000,-625.000,-60.139
28.953885,-625.000,-625.000,-625.000,-60.139
28.969241,-625.000,-625.000,-625.000,-60.373
28.984596,-625.000,-625.000,-625.000,-59.670
28.999951,-625.000,-625.000,-625.000,-59.436
29.015306,-625.000,-625.000,-625.000,-60.373
29.030661,-625.000,-625.000,-625.000,-59.201
29.046016,-625.000,-625.000,-625.000,-60.139
29.061371,-625.000,-625.000,-625.000,-59.905
29.076727,-625.000,-625.000,-625.000,-59.905
29.092082,-625.000,-625.000,-625.000,-60.842
29.107437,-625.000,-625.000,-625.000,-59.201
29.122792,-625.000,-625.000,-625.000,-60.139
29.138147,-625.000,-625.000,-625.000,-59.670
29.153503,-625.000,-625.000,-625.000,-59.670
29.168858,-625.000,-625.000,-625.000,-60.373
29.184213,-625.000,-625.000,-625.000,-59.201
29.199568,-625.000,-625.000,-625.000,-60.139
29.214923,-625.000,-625.000,-625.000,-59.905
29.230278,-625.000,-625.000,-625.000,-59.905
29.245634,-625.000,-625.000,-625.000,-60.139
29.260989,-625.000,-625.000,-625.000,-59.905
29.276344,-625.000,-625.000,-625.000,-60.139
29.291700,-625.000,-625.000,-625.000,-59.905
29.307055,-625.000,-625.000,-625.000,-59.905
29.322411,-625.000,-625.000,-625.000,-59.201
29.337766,-625.000,-625.000,-625.000,-60.608
29.353122,-625.000,-625.000,-625.000,-59.670
29.368477,-625.000,-625.000,-625.000,-59.905
29.383832,-625.000,-625.000,-625.000,-59.670
29.399187,-625.000,-625.000,-625.000,-60.139
29.414542,-625.000,-625.000,-625.000,-60.608
29.429897,-625.000,-625.000,-625.000,-59.436
29.445252,-625.000,-625.000,-625.000,-60.139
29.460607,-625.000,-625.000,-625.000,-60.139
29.475962,-625.000,-625.000,-625.000,-59.670
29.491317,-625.000,-625.000,-625.000,-59.905
29.506672,-625.000,-625.000,-625.000,-60.139
29.522027,-625.000,-625.000,-625.000,-59.670
29.537382,-625.000,-625.000,-625.000,-60.139
29.552737,-625.000,-625.000,-625.000,-59.670
29.568093,-625.000,-625.000,-625.000,-59.201
29.583449,-625.000,-625.000,-625.000,-59.436
29.598804,-625.000,-625.000,-625.000,-60.373
29.614159,-625.000,-625.000,-625.000,-59.905
29.629514,-625.000,-625.000,-625.000,-60.608
29.644870,-625.000,-625.000,-625.000,-59.905
29.660225,-625.000,-625.000,-625.000,-60.139
29.675580,-625.000,-625.000,-625.000,-59.905
29.690935,-625.000,-625.000,-625.000,-59.201
29.706290,-625.000,-625.000,-625.000,-59.670
29.721645,-625.000,-625.000,-625.000,-58.967
29.737001,-625.000,-625.000,-625.000,-60.373
29.752356,-625.000,-625.000,-625.000,-60.139
29.767712,-625.000,-625.000,-625.000,-59.670
29.783067,-625.000,-625.000,-625.000,-60.373
29.798422,-625.000,-625.000,-625.000,-59.670
29.813776,-625.000,-625.000,-625.000,-59.905
29.829131,-625.000,-625.000,-625.000,-60.373
29.844485,-625.000,-625.000,-625.000,-59.201
29.859840,-625.000,-625.000,-625.000,-59.670
29.875195,-625.000,-625.000,-625.000,-59.436
29.890550,-625.000,-625.000,-625.000,-59.436
29.905905,-625.000,-625.000,-625.000,-60.373
29.921261,-625.000,-625.000,-625.000,-59.905
29.936616,-625.000,-625.000,-625.000,-60.373
29.951971,-625.000,-625.000,-625.000,-58.733
29.967327,-625.000,-625.000,-625.000,-60.373
29.982682,-625.000,-625.000,-625.000,-59.905
29.998038,-625.000,-625.000,-625.000,-60.373
30.013392,-625.000,-625.000,-625.000,-59.670
30.028748,-625.000,-625.000,-625.000,-60.139
30.044103,-625.000,-625.000,-625.000,-60.139
30.059459,-625.000,-625.000,-625.000,-59.201
30.074826,-625.000,-625.000,-625.000,-59.670
30.090170,-625.000,-625.000,-625.000,-59.436
30.105525,-625.000,-625.000,-625.000,-60.139
30.120880,-625.000,-625.000,-625.000,-59.436
30.136236,-625.000,-625.000,-625.000,-59.905
30.151591,-625.000,-625.000,-625.000,-59.905
30.166947,-625.000,-625.000,-625.000,-58.967
30.182302,-625.000,-625.000,-625.000,-60.608
30.197657,-625.000,-625.000,-625.000,-59.670
30.213013,-625.000,-625.000,-625.000,-59.670
30.228368,-625.000,-625.000,-625.000,-60.139
30.243723,-625.000,-625.000,-625.000,-59.201
30.259079,-625.000,-625.000,-625.000,-60.139
30.274434,-625.000,-625.000,-625.000,-60.139
30.289789,-625.000,-625.000,-625.000,-59.905
30.305144,-625.000,-625.000,-625.000,-60.139
30.320499,-625.000,-625.000,-625.000,-59.436
30.335854,-625.000,-625.000,-625.000,-60.373
30.351209,-625.000,-625.000,-625.000,-59.905
30.366565,-625.000,-625.000,-625.000,-59.905
30.381920,-625.000,-625.000,-625.000,-60.608
30.397275,-625.000,-625.000,-625.000,-60.139
30.412631,-625.000,-625.000,-625.000,-60.608
30.427986,-625.000,-625.000,-625.000,-59.670
30.443342,-625.000,-625.000,-625.000,-60.373
30.458697,-625.000,-625.000,-625.000,-59.905
30.474052,-625.000,-625.000,-625.000,-59.201
30.489407,-625.000,-625.000,-625.000,-60.139
30.504762,-625.000,-625.000,-625.000,-59.670
30.520118,-625.000,-625.000,-625.000,-59.905
30.535473,-625.000,-625.000,-625.000,-60.139
30.550828,-625.000,-625.000,-625.000,-60.373
30.566182,-625.000,-625.000,-625.000,-60.139
30.581538,-625.000,-625.000,-625.000,-60.373
30.596892,-625.000,-625.000,-625.000,-59.670
30.612248,-625.000,-625.000,-625.000,-59.905
30.627603,-625.000,-625.000,-625.000,-60.139
30.642958,-625.000,-625.000,-625.000,-59.905
30.658313,-625.000,-625.000,-625.000,-60.842
30.673668,-625.000,-625.000,-625.000,-59.905
30.689023,-625.000,-625.000,-625.000,-59.670
30.704378,-625.000,-625.000,-625.000,-59.905
30.719733,-625.000,-625.000,-625.000,-60.139
30.735089,-625.000,-625.000,-625.000,-59.670
30.750445,-625.000,-625.000,-625.000,-59.436
30.765799,-625.000,-625.000,-625.000,-59.436
30.781155,-625.000,-625.000,-625.000,-60.373
30.796510,-625.000,-625.000,-625.000,-59.905
30.811866,-625.000,-625.000,-625.000,-60.139
30.827221,-625.000,-625.000,-625.000,-59.436
30.842576,-625.000,-625.000,-625.000,-59.670
30.857930,-625.000,-625.000,-625.000,-59.670
30.873286,-625.000,-625.000,-625.000,-60.373
30.888641,-625.000,-625.000,-625.000,-59.670
30.903996,-625.000,-625.000,-625.000,-60.373
30.919351,-625.000,-625.000,-625.000,-60.139
30.934706,-625.000,-625.000,-625.000,-59.905
30.950061,-625.000,-625.000,-625.000,-60.139
30.965417,-625.000,-625.000,-625.000,-60.608
30.980772,-625.000,-625.000,-625.000,-59.201
30.996127,-625.000,-625.000,-625.000,-59.670
31.011483,-625.000,-625.000,-625.000,-60.139
31.026838,-625.000,-625.000,-625.000,-60.373
31.042192,-625.000,-625.000,-625.000,-59.905
31.057547,-625.000,-625.000,-625.000,-59.670
31.072903,-625.000,-625.000,-625.000,-59.201
31.088258,-625.000,-625.000,-625.000,-60.139
31.103613,-625.000,-625.000,-625.000,-59.905
31.118968,-625.000,-625.000,-625.000,-60.139
31.134323,-625.000,-625.000,-625.000,-60.373
31.149678,-625.000,-625.000,-625.000,-60.373
31.165033,-625.000,-625.000,-625.000,-58.967
31.180389,-625.000,-625.000,-625.000,-60.608
31.195744,-625.000,-625.000,-625.000,-59.670
31.211100,-625.000,-625.000,-625.000,-59.670
31.226455,-625.000,-625.000,-625.000,-59.905
31.241810,-625.000,-625.000,-625.000,-59.670
31.257165,-625.000,-625.000,-625.000,-60.139
31.272521,-625.000,-625.000,-625.000,-59.670
31.287876,-625.000,-625.000,-625.000,-59.670
31.303231,-625.000,-625.000,-625.000,-60.842
31.318586,-625.000,-625.000,-625.000,-59.670
31.333941,-625.000,-625.000,-625.000,-59.670
31.349297,-625.000,-625.000,-625.000,-60.373
31.364652,-625.000,-625.000,-625.000,-59.201
31.380007,-625.000,-625.000,-625.000,-60.842
31.395362,-625.000,-625.000,-625.000,-60.139
31.410717,-625.000,-625.000,-625.000,-59.436
31.426073,-625.000,-625.000,-625.000,-59.670
31.441428,-625.000,-625.000,-625.000,-59.905
31.456783,-625.000,-625.000,-625.000,-60.139
31.479843,-625.000,-625.000,-625.000,-59.436
31.495186,-625.000,-625.000,-625.000,-59.436
31.510542,-625.000,-625.000,-625.000,-59.670
31.525897,-625.000,-625.000,-625.000,-59.436
31.541253,-625.000,-625.000,-625.000,-59.436
31.556609,-625.000,-625.000,-625.000,-60.139
31.571963,-625.000,-625.000,-625.000,-59.905
31.587318,-625.000,-625.000,-625.000,-59.670
31.602674,-625.000,-625.000,-625.000,-60.139
31.618029,-625.000,-625.000,-625.000,-59.670
31.633384,-625.000,-625.000,-625.000,-59.670
31.648739,-625.000,-625.000,-625.000,-59.905
31.664095,-625.000,-625.000,-625.000,-59.670
31.679450,-625.000,-625.000,-625.000,-59.670
31.694805,-625.000,-625.000,-625.000,-59.670
31.710160,-625.000,-625.000,-625.000,-59.905
31.725515,-625.000,-625.000,-625.000,-60.139
31.740870,-625.000,-625.000,-625.000,-59.670
31.756226,-625.000,-625.000,-625.000,-60.139
31.771581,-625.000,-625.000,-625.000,-59.905
31.786937,-625.000,-625.000,-625.000,-58.967
31.802292,-625.000,-625.000,-625.000,-60.139
31.817648,-625.000,-625.000,-625.000,-59.670
31.833004,-625.000,-625.000,-625.000,-59.670
31.848359,-625.000,-625.000,-625.000,-60.139
31.863715,-625.000,-625.000,-625.000,-60.373
31.879070,-625.000,-625.000,-625.000,-60.139
31.894425,-625.000,-625.000,-625.000,-60.373
31.909780,-625.000,-625.000,-625.000,-59.905
31.925135,-625.000,-625.000,-625.000,-60.373
31.940491,-625.000,-625.000,-625.000,-59.201
31.955846,-625.000,-625.000,-625.000,-59.905
31.971201,-625.000,-625.000,-625.000,-59.905
31.986556,-625.000,-625.000,-625.000,-60.139
32.001912,-625.000,-625.000,-625.000,-60.139
32.017267,-625.000,-625.000,-625.000,-60.608
32.032622,-625.000,-625.000,-625.000,-60.139
32.047978,-625.000,-625.000,-625.000,-59.436
32.063333,-625.000,-625.000,-625.000,-60.373
32.078687,-625.000,-625.000,-625.000,-59.201
32.094043,-625.000,-625.000,-625.000,-60.842
32.109398,-625.000,-625.000,-625.000,-60.139
32.124754,-625.000,-625.000,-625.000,-59.905
32.140108,-625.000,-625.000,-625.000,-60.139
32.155464,-625.000,-625.000,-625.000,-59.905
32.170818,-625.000,-625.000,-625.000,-59.670
32.186173,-625.000,-625.000,-625.000,-59.201
32.201529,-625.000,-625.000,-625.000,-59.670
32.216884,-625.000,-625.000,-625.000,-59.201
32.232239,-625.000,-625.000,-625.000,-59.436
32.247594,-625.000,-625.000,-625.000,-59.905
32.262949,-625.000,-625.000,-625.000,-59.670
32.278304,-625.000,-625.000,-625.000,-60.373
32.293659,-625.000,-625.000,-625.000,-59.905
32.309014,-625.000,-625.000,-625.000,-59.905
32.324370,-625.000,-625.000,-625.000,-60.139
32.339726,-625.000,-625.000,-625.000,-59.670
32.355082,-625.000,-625.000,-625.000,-59.905
32.370437,-625.000,-625.000,-625.000,-59.670
32.385792,-625.000,-625.000,-625.000,-59.905
32.401148,-625.000,-625.000,-625.000,-60.373
32.416503,-625.000,-625.000,-625.000,-59.905
32.431859,-625.000,-625.000,-625.000,-60.139
32.447214,-625.000,-625.000,-625.000,-60.842
32.462569,-625.000,-625.000,-625.000,-60.608
32.477924,-625.000,-625.000,-625.000,-59.905
32.493278,-625.000,-625.000,-625.000,-60.373
32.508634,-625.000,-625.000,-625.000,-60.139
32.523989,-625.000,-625.000,-625.000,-59.670
32.539344,-625.000,-625.000,-625.000,-59.905
32.554699,-625.000,-625.000,-625.000,-60.139
32.570054,-625.000,-625.000,-625.000,-59.436
32.585410,-625.000,-625.000,-625.000,-59.436
32.600764,-625.000,-625.000,-625.000,-60.139
32.616121,-625.000,-625.000,-625.000,-59.201
32.631475,-625.000,-625.000,-625.000,-59.670
32.646830,-625.000,-625.000,-625.000,-60.139
32.662185,-625.000,-625.000,-625.000,-60.373
32.677540,-625.000,-625.000,-625.000,-59.201
32.692896,-625.000,-625.000,-625.000,-60.373
32.708251,-625.000,-625.000,-625.000,-60.373
32.723606,-625.000,-625.000,-625.000,-59.436
32.738961,-625.000,-625.000,-625.000,-60.139
32.754316,-625.000,-625.000,-625.000,-60.608
32.769671,-625.000,-625.000,-625.000,-59.905
32.785025,-625.000,-625.000,-625.000,-59.670
32.800381,-625.000,-625.000,-625.000,-60.139
32.815736,-625.000,-625.000,-625.000,-60.139
32.831091,-625.000,-625.000,-625.000,-59.905
32.846446,-625.000,-625.000,-625.000,-59.670
32.861801,-625.000,-625.000,-625.000,-60.139
32.877156,-625.000,-625.000,-625.000,-59.905
32.892511,-625.000,-625.000,-625.000,-60.139
32.907866,-625.000,-625.000,-625.000,-60.373
32.923221,-625.000,-625.000,-625.000,-59.436
32.938576,-625.000,-625.000,-625.000,-59.436
32.953931,-625.000,-625.000,-625.000,-59.905
32.969287,-625.000,-625.000,-625.000,-60.373
32.984642,-625.000,-625.000,-625.000,-60.608
32.999998,-625.000,-625.000,-625.000,-60.373
33.015353,-625.000,-625.000,-625.000,-59.905
33.030709,-625.000,-625.000,-625.000,-59.905
33.046064,-625.000,-625.000,-625.000,-60.139
33.061420,-625.000,-625.000,-625.000,-60.139
33.076775,-625.000,-625.000,-625.000,-59.670
33.092130,-625.000,-625.000,-625.000,-59.905
33.107485,-625.000,-625.000,-625.000,-59.670
33.122840,-625.000,-625.000,-625.000,-59.670
33.138195,-625.000,-625.000,-625.000,-60.373
33.153550,-625.000,-625.000,-625.000,-60.608
33.168905,-625.000,-625.000,-625.000,-60.139
33.184261,-625.000,-625.000,-625.000,-60.373
33.199616,-625.000,-625.000,-625.000,-60.373
33.214971,-625.000,-625.000,-625.000,-59.670
33.230326,-625.000,-625.000,-625.000,-58.967
33.245681,-625.000,-625.000,-625.000,-60.608
33.261036,-625.000,-625.000,-625.000,-59.670
33.276392,-625.000,-625.000,-625.000,-59.670
33.291747,-625.000,-625.000,-625.000,-58.967
33.307103,-625.000,-625.000,-625.000,-59.201
33.322458,-625.000,-625.000,-625.000,-59.905
33.337814,-625.000,-625.000,-625.000,-60.373
33.353169,-625.000,-625.000,-625.000,-59.201
33.368525,-625.000,-625.000,-625.000,-60.139
33.383880,-625.000,-625.000,-625.000,-59.201
33.399235,-625.000,-625.000,-625.000,-59.670
33.414590,-625.000,-625.000,-625.000,-60.373
33.429945,-625.000,-625.000,-625.000,-60.373
33.445301,-625.000,-625.000,-625.000,-59.670
33.460656,-625.000,-625.000,-625.000,-59.905
33.476012,-625.000,-625.000,-625.000,-60.373
33.491367,-625.000,-625.000,-625.000,-58.967
33.506722,-625.000,-625.000,-625.000,-59.670
33.522078,-625.000,-625.000,-625.000,-59.670
33.537433,-625.000,-625.000,-625.000,-59.201
33.552788,-625.000,-625.000,-625.000,-59.905
33.568143,-625.000,-625.000,-625.000,-60.373
33.583498,-625.000,-625.000,-625.000,-59.670
33.598854,-625.000,-625.000,-625.000,-59.670
33.614209,-625.000,-625.000,-625.000,-60.139
33.629564,-625.000,-625.000,-625.000,-60.373
33.644919,-625.000,-625.000,-625.000,-59.201
33.660275,-625.000,-625.000,-625.000,-60.139
33.675630,-625.000,-625.000,-625.000,-60.139
33.690985,-625.000,-625.000,-625.000,-59.436
33.706341,-625.000,-625.000,-625.000,-60.139
33.721696,-625.000,-625.000,-625.000,-60.373
33.737051,-625.000,-625.000,-625.000,-58.733
33.752406,-625.000,-625.000,-625.000,-59.670
33.767761,-625.000,-625.000,-625.000,-59.905
33.783117,-625.000,-625.000,-625.000,-59.670
33.798472,-625.000,-625.000,-625.000,-60.373
33.813827,-625.000,-625.000,-625.000,-60.139
33.829182,-625.000,-625.000,-625.000,-60.373
33.844537,-625.000,-625.000,-625.000,-60.608
33.859892,-625.000,-625.000,-625.000,-59.670
33.875247,-625.000,-625.000,-625.000,-60.373
33.890603,-625.000,-625.000,-625.000,-59.670
33.905957,-625.000,-625.000,-625.000,-59.905
33.921312,-625.000,-625.000,-625.000,-59.670
33.936667,-625.000,-625.000,-625.000,-60.373
33.952024,-625.000,-625.000,-625.000,-59.905
33.967378,-625.000,-625.000,-625.000,-60.139
33.982734,-625.000,-625.000,-625.000,-59.905
33.998089,-625.000,-625.000,-625.000,-60.139
34.013444,-625.000,-625.000,-625.000,-59.201
34.028799,-625.000,-625.000,-625.000,-60.139
34.044154,-625.000,-625.000,-625.000,-60.608
34.059509,-625.000,-625.000,-625.000,-59.905
34.074865,-625.000,-625.000,-625.000,-59.905
34.090220,-625.000,-625.000,-625.000,-60.139
34.105575,-625.000,-625.000,-625.000,-60.373
34.120929,-625.000,-625.000,-625.000,-59.905
34.136284,-625.000,-625.000,-625.000,-59.436
34.151640,-625.000,-625.000,-625.000,-60.608
34.166995,-625.000,-625.000,-625.000,-60.608
34.182351,-625.000,-625.000,-625.000,-59.905
34.197706,-625.000,-625.000,-625.000,-60.608
34.213061,-625.000,-625.000,-625.000,-59.670
34.228416,-625.000,-625.000,-625.000,-59.905
34.243772,-625.000,-625.000,-625.000,-58.498
34.259126,-625.000,-625.000,-625.000,-60.139
34.274482,-625.000,-625.000,-625.000,-60.139
34.289837,-625.000,-625.000,-625.000,-59.905
34.305192,-625.000,-625.000,-625.000,-59.905
34.320547,-625.000,-625.000,-625.000,-59.670
34.335901,-625.000,-625.000,-625.000,-59.905
34.351257,-625.000,-625.000,-625.000,-60.373
34.366612,-625.000,-625.000,-625.000,-59.670
34.381967,-625.000,-625.000,-625.000,-60.373
34.397322,-625.000,-625.000,-625.000,-59.905
34.412676,-625.000,-625.000,-625.000,-60.608
34.428031,-625.000,-625.000,-625.000,-59.670
34.443386,-625.000,-625.000,-625.000,-60.373
34.458741,-625.000,-625.000,-625.000,-60.373
34.474096,-625.000,-625.000,-625.000,-59.670
34.489453,-625.000,-625.000,-625.000,-58.733
34.504807,-625.000,-625.000,-625.000,-59.905
34.520162,-625.000,-625.000,-625.000,-60.373
34.535517,-625.000,-625.000,-625.000,-59.436
34.550872,-625.000,-625.000,-625.000,-59.201
34.566227,-625.000,-625.000,-625.000,-60.608
34.581582,-625.000,-625.000,-625.000,-60.373
34.596936,-625.000,-625.000,-625.000,-61.077
34.612291,-625.000,-625.000,-625.000,-58.967
34.627646,-625.000,-625.000,-625.000,-60.139
34.643002,-625.000,-625.000,-625.000,-60.373
34.658356,-625.000,-625.000,-625.000,-60.373
34.673712,-625.000,-625.000,-625.000,-59.905
34.689067,-625.000,-625.000,-625.000,-59.670
34.704422,-625.000,-625.000,-625.000,-59.905
34.719777,-625.000,-625.000,-625.000,-59.436
34.735132,-625.000,-625.000,-625.000,-59.670
34.750488,-625.000,-625.000,-625.000,-59.905
34.765842,-625.000,-625.000,-625.000,-59.670
34.781198,-625.000,-625.000,-625.000,-59.905
34.796553,-625.000,-625.000,-625.000,-59.905
34.811908,-625.000,-625.000,-625.000,-60.139
34.827264,-625.000,-625.000,-625.000,-60.373
34.842618,-625.000,-625.000,-625.000,-59.905
34.857973,-625.000,-625.000,-625.000,-58.733
34.873328,-625.000,-625.000,-625.000,-60.608
34.888683,-625.000,-625.000,-625.000,-60.139
34.904038,-625.000,-625.000,-625.000,-60.139
34.919393,-625.000,-625.000,-625.000,-59.670
34.934748,-625.000,-625.000,-625.000,-59.670
