time_s,P1_high_psi,P2_high_psi,P3_high_psi,P4_high_psi
0.000000,-625.000,-625.000,-625.000,-59.670
0.215001,-625.000,-625.000,-625.000,-59.436
0.229974,-625.000,-625.000,-625.000,-59.436
0.244960,-625.000,-625.000,-625.000,-59.436
0.259945,-625.000,-625.000,-625.000,-59.905
0.274930,-625.000,-625.000,-625.000,-59.201
0.289915,-625.000,-625.000,-625.000,-59.905
0.304901,-625.000,-625.000,-625.000,-59.436
0.319887,-625.000,-625.000,-625.000,-59.670
0.334873,-625.000,-625.000,-625.000,-59.670
0.349859,-625.000,-625.000,-625.000,-59.201
0.565000,-625.000,-625.000,-625.000,-59.670
0.579974,-625.000,-625.000,-625.000,-59.905
0.594960,-625.000,-625.000,-625.000,-59.201
0.609946,-625.000,-625.000,-625.000,-59.905
0.624931,-625.000,-625.000,-625.000,-59.670
0.639917,-625.000,-625.000,-625.000,-59.436
0.654903,-625.000,-625.000,-625.000,-59.905
0.669889,-625.000,-625.000,-625.000,-59.670
0.684875,-625.000,-625.000,-625.000,-60.139
0.699861,-625.000,-625.000,-625.000,-59.905
0.915000,-625.000,-625.000,-625.000,-59.905
0.929974,-625.000,-625.000,-625.000,-59.436
0.944960,-625.000,-625.000,-625.000,-59.670
0.959946,-625.000,-625.000,-625.000,-59.436
0.974932,-625.000,-625.000,-625.000,-59.670
0.989918,-625.000,-625.000,-625.000,-59.670
1.004904,-625.000,-625.000,-625.000,-59.905
1.019890,-625.000,-625.000,-625.000,-59.905
1.034876,-625.000,-625.000,-625.000,-59.436
1.049862,-625.000,-625.000,-625.000,-59.905
1.265000,-625.000,-625.000,-625.000,-59.905
1.279974,-625.000,-625.000,-625.000,-59.905
1.294960,-625.000,-625.000,-625.000,-59.436
1.309945,-625.000,-625.000,-625.000,-59.670
1.324931,-625.000,-625.000,-625.000,-59.905
1.339917,-625.000,-625.000,-625.000,-59.436
1.354903,-625.000,-625.000,-625.000,-60.139
1.369889,-625.000,-625.000,-625.000,-59.670
1.384875,-625.000,-625.000,-625.000,-59.670
1.399861,-625.000,-625.000,-625.000,-59.905
1.615000,-625.000,-625.000,-625.000,-59.905
1.629974,-625.000,-625.000,-625.000,-59.436
1.644960,-625.000,-625.000,-625.000,-59.905
1.659946,-625.000,-625.000,-625.000,-59.670
1.674932,-625.000,-625.000,-625.000,-60.139
1.689918,-625.000,-625.000,-625.000,-59.670
1.704904,-625.000,-625.000,-625.000,-59.670
1.719890,-625.000,-625.000,-625.000,-59.436
1.734876,-625.000,-625.000,-625.000,-60.139
1.749862,-625.000,-625.000,-625.000,-59.201
1.965000,-625.000,-625.000,-625.000,-59.670
1.979973,-625.000,-625.000,-625.000,-59.670
1.994959,-625.000,-625.000,-625.000,-60.139
2.009945,-625.000,-625.000,-625.000,-59.436
2.024931,-625.000,-625.000,-625.000,-59.905
2.039917,-625.000,-625.000,-625.000,-59.905
2.054903,-625.000,-625.000,-625.000,-60.139
2.069888,-625.000,-625.000,-625.000,-59.670
2.084874,-625.000,-625.000,-625.000,-60.139
2.099860,-625.000,-625.000,-625.000,-59.670
2.315000,-625.000,-625.000,-625.000,-59.670
2.329974,-625.000,-625.000,-625.000,-60.139
2.344960,-625.000,-625.000,-625.000,-59.905
2.359946,-625.000,-625.000,-625.000,-59.905
2.374932,-625.000,-625.000,-625.000,-59.670
2.389918,-625.000,-625.000,-625.000,-59.670
2.404904,-625.000,-625.000,-625.000,-59.670
2.419890,-625.000,-625.000,-625.000,-59.905
2.434876,-625.000,-625.000,-625.000,-59.670
2.449862,-625.000,-625.000,-625.000,-59.670
2.665001,-625.000,-625.000,-625.000,-59.905
2.679974,-625.000,-625.000,-625.000,-59.670
2.694959,-625.000,-625.000,-625.000,-59.670
2.709945,-625.000,-625.000,-625.000,-59.905
2.724931,-625.000,-625.000,-625.000,-59.670
2.739917,-625.000,-625.000,-625.000,-59.905
2.754903,-625.000,-625.000,-625.000,-59.436
2.769889,-625.000,-625.000,-625.000,-59.905
2.784875,-625.000,-625.000,-625.000,-59.905
2.799861,-625.000,-625.000,-625.000,-59.670
3.015001,-625.000,-625.000,-625.000,-59.436
3.029974,-625.000,-625.000,-625.000,-59.905
3.044960,-625.000,-625.000,-625.000,-59.670
3.059945,-625.000,-625.000,-625.000,-59.905
3.074931,-625.000,-625.000,-625.000,-60.139
3.089917,-625.000,-625.000,-625.000,-59.436
3.104903,-625.000,-625.000,-625.000,-59.670
3.119889,-625.000,-625.000,-625.000,-59.670
3.134875,-625.000,-625.000,-625.000,-59.670
3.149861,-625.000,-625.000,-625.000,-59.905
3.365000,-625.000,-625.000,-625.000,-59.436
3.379974,-625.000,-625.000,-625.000,-59.905
3.394960,-625.000,-625.000,-625.000,-60.139
3.409946,-625.000,-625.000,-625.000,-59.670
3.424932,-625.000,-625.000,-625.000,-59.905
3.439918,-625.000,-625.000,-625.000,-59.670
3.454904,-625.000,-625.000,-625.000,-59.670
3.469890,-625.000,-625.000,-625.000,-60.139
3.484876,-625.000,-625.000,-625.000,-59.436
3.499862,-625.000,-625.000,-625.000,-59.670
3.715000,-625.000,-625.000,-625.000,-59.905
3.729974,-625.000,-625.000,-625.000,-59.436
3.744960,-625.000,-625.000,-625.000,-59.905
3.759946,-625.000,-625.000,-625.000,-59.905
3.774932,-625.000,-625.000,-625.000,-60.139
3.789918,-625.000,-625.000,-625.000,-59.905
3.804904,-625.000,-625.000,-625.000,-59.905
3.819890,-625.000,-625.000,-625.000,-59.905
3.834876,-625.000,-625.000,-625.000,-59.905
3.849862,-625.000,-625.000,-625.000,-59.905
4.065000,-625.000,-625.000,-625.000,-59.201
4.079974,-625.000,-625.000,-625.000,-59.905
4.094960,-625.000,-625.000,-625.000,-59.670
4.109945,-625.000,-625.000,-625.000,-59.436
4.124931,-625.000,-625.000,-625.000,-59.905
4.139917,-625.000,-625.000,-625.000,-59.905
4.154903,-625.000,-625.000,-625.000,-59.670
4.169889,-625.000,-625.000,-625.000,-60.139
4.184875,-625.000,-625.000,-625.000,-59.436
4.199861,-625.000,-625.000,-625.000,-59.670
4.415000,-625.000,-625.000,-625.000,-59.670
4.429974,-625.000,-625.000,-625.000,-59.670
4.444960,-625.000,-625.000,-625.000,-59.905
4.459946,-625.000,-625.000,-625.000,-59.436
4.474932,-625.000,-625.000,-625.000,-59.905
4.489917,-625.000,-625.000,-625.000,-60.139
4.504903,-625.000,-625.000,-625.000,-59.670
4.519889,-625.000,-625.000,-625.000,-59.905
4.534875,-625.000,-625.000,-625.000,-59.670
4.549861,-625.000,-625.000,-625.000,-59.670
4.765000,-625.000,-625.000,-625.000,-59.670
4.779974,-625.000,-625.000,-625.000,-60.139
4.794959,-625.000,-625.000,-625.000,-59.905
4.809945,-625.000,-625.000,-625.000,-59.905
4.824931,-625.000,-625.000,-625.000,-59.670
4.839917,-625.000,-625.000,-625.000,-59.670
4.854903,-625.000,-625.000,-625.000,-59.670
4.869889,-625.000,-625.000,-625.000,-59.905
4.884875,-625.000,-625.000,-625.000,-60.139
4.899861,-625.000,-625.000,-625.000,-59.436
5.115000,-625.000,-625.000,-625.000,-59.670
5.129974,-625.000,-625.000,-625.000,-59.905
5.144960,-625.000,-625.000,-625.000,-59.905
5.159946,-625.000,-625.000,-625.000,-59.436
5.174932,-625.000,-625.000,-625.000,-59.670
5.189917,-625.000,-625.000,-625.000,-59.905
5.204902,-625.000,-625.000,-625.000,-59.905
5.219888,-625.000,-625.000,-625.000,-59.201
5.234874,-625.000,-625.000,-625.000,-59.436
5.313999,-625.000,-625.000,-625.000,-59.670
5.530001,-625.000,-625.000,-625.000,-59.905
5.544974,-625.000,-625.000,-625.000,-60.139
5.613999,-625.000,-625.000,-625.000,-59.670
5.713999,-625.000,-625.000,-625.000,-59.905
5.813999,-625.000,-625.000,-625.000,-59.436
5.913999,-625.000,-625.000,-625.000,-60.139
6.013999,-625.000,-625.000,-625.000,-59.670
6.113999,-625.000,-625.000,-625.000,-59.436
6.213999,-625.000,-625.000,-625.000,-59.905
6.313999,-625.000,-625.000,-625.000,-59.670
6.530001,-625.000,-625.000,-625.000,-60.139
6.544974,-625.000,-625.000,-625.000,-59.670
6.613999,-625.000,-625.000,-625.000,-59.670
6.713999,-625.000,-625.000,-625.000,-59.670
6.813999,-625.000,-625.000,-625.000,-59.670
6.913999,-625.000,-625.000,-625.000,-59.905
7.013999,-625.000,-625.000,-625.000,-59.905
7.113999,-625.000,-625.000,-625.000,-59.670
7.213999,-625.000,-625.000,-625.000,-59.905
7.313999,-625.000,-625.000,-625.000,-59.905
7.530000,-625.000,-625.000,-625.000,-59.670
7.544974,-625.000,-625.000,-625.000,-60.139
7.613999,-625.000,-625.000,-625.000,-59.670
7.713999,-625.000,-625.000,-625.000,-59.670
7.813999,-625.000,-625.000,-625.000,-59.436
7.913999,-625.000,-625.000,-625.000,-59.670
8.013999,-625.000,-625.000,-625.000,-59.905
8.113999,-625.000,-625.000,-625.000,-59.670
8.213999,-625.000,-625.000,-625.000,-59.905
8.313999,-625.000,-625.000,-625.000,-59.670
8.530001,-625.000,-625.000,-625.000,-59.670
8.544974,-625.000,-625.000,-625.000,-59.670
8.613999,-625.000,-625.000,-625.000,-59.670
8.713999,-625.000,-625.000,-625.000,-59.670
8.813999,-625.000,-625.000,-625.000,-59.670
8.913999,-625.000,-625.000,-625.000,-59.905
9.013999,-625.000,-625.000,-625.000,-59.670
9.113999,-625.000,-625.000,-625.000,-59.670
9.213999,-625.000,-625.000,-625.000,-59.436
9.313999,-625.000,-625.000,-625.000,-59.670
9.530000,-625.000,-625.000,-625.000,-59.670
9.544974,-625.000,-625.000,-625.000,-59.905
9.613999,-625.000,-625.000,-625.000,-59.436
9.713999,-625.000,-625.000,-625.000,-59.436
9.813999,-625.000,-625.000,-625.000,-59.905
9.913999,-625.000,-625.000,-625.000,-59.670
10.013999,-625.000,-625.000,-625.000,-59.436
10.113999,-625.000,-625.000,-625.000,-59.436
10.213999,-625.000,-625.000,-625.000,-59.670
10.313999,-625.000,-625.000,-625.000,-60.139
10.530000,-625.000,-625.000,-625.000,-59.905
10.544974,-625.000,-625.000,-625.000,-59.905
10.613999,-625.000,-625.000,-625.000,-60.139
10.713999,-625.000,-625.000,-625.000,-59.905
10.813999,-625.000,-625.000,-625.000,-59.905
10.913999,-625.000,-625.000,-625.000,-59.905
11.013999,-625.000,-625.000,-625.000,-59.905
11.113999,-625.000,-625.000,-625.000,-59.905
11.213999,-625.000,-625.000,-625.000,-59.905
11.313999,-625.000,-625.000,-625.000,-59.436
11.530001,-625.000,-625.000,-625.000,-59.670
11.544974,-625.000,-625.000,-625.000,-59.670
11.613999,-625.000,-625.000,-625.000,-59.436
11.713999,-625.000,-625.000,-625.000,-59.670
11.813999,-625.000,-625.000,-625.000,-59.905
11.913999,-625.000,-625.000,-625.000,-59.905
12.013999,-625.000,-625.000,-625.000,-59.905
12.113999,-625.000,-625.000,-625.000,-59.905
12.213999,-625.000,-625.000,-625.000,-59.905
12.313999,-625.000,-625.000,-625.000,-59.905
12.529000,-625.000,-625.000,-625.000,-60.139
12.543974,-625.000,-625.000,-625.000,-59.905
12.613999,-625.000,-625.000,-625.000,-59.436
12.713999,-625.000,-625.000,-625.000,-59.905
12.813999,-625.000,-625.000,-625.000,-59.436
12.913999,-625.000,-625.000,-625.000,-59.905
13.013999,-625.000,-625.000,-625.000,-59.905
13.113999,-625.000,-625.000,-625.000,-59.670
13.213999,-625.000,-625.000,-625.000,-59.670
13.313999,-625.000,-625.000,-625.000,-59.905
13.530000,-625.000,-625.000,-625.000,-59.905
13.544974,-625.000,-625.000,-625.000,-59.670
13.613999,-625.000,-625.000,-625.000,-59.436
13.713999,-625.000,-625.000,-625.000,-59.670
13.813999,-625.000,-625.000,-625.000,-60.139
13.913999,-625.000,-625.000,-625.000,-59.905
14.013999,-625.000,-625.000,-625.000,-59.670
14.113999,-625.000,-625.000,-625.000,-59.670
14.213999,-625.000,-625.000,-625.000,-59.905
14.313999,-625.000,-625.000,-625.000,-59.905
14.530001,-625.000,-625.000,-625.000,-59.670
14.544974,-625.000,-625.000,-625.000,-59.670
14.613999,-625.000,-625.000,-625.000,-59.670
14.713999,-625.000,-625.000,-625.000,-60.139
14.813999,-625.000,-625.000,-625.000,-59.670
14.913999,-625.000,-625.000,-625.000,-59.905
15.013999,-625.000,-625.000,-625.000,-59.905
15.113999,-625.000,-625.000,-625.000,-59.670
15.213999,-625.000,-625.000,-625.000,-59.670
15.313999,-625.000,-625.000,-625.000,-60.139
15.530001,-625.000,-625.000,-625.000,-59.670
15.544974,-625.000,-625.000,-625.000,-59.905
15.613999,-625.000,-625.000,-625.000,-59.670
15.713999,-625.000,-625.000,-625.000,-60.139
15.813999,-625.000,-625.000,-625.000,-59.905
15.913999,-625.000,-625.000,-625.000,-59.905
16.013999,-625.000,-625.000,-625.000,-59.905
16.113999,-625.000,-625.000,-625.000,-59.670
16.213999,-625.000,-625.000,-625.000,-60.139
16.313999,-625.000,-625.000,-625.000,-59.670
16.530000,-625.000,-625.000,-625.000,-59.670
16.544973,-625.000,-625.000,-625.000,-59.905
16.613999,-625.000,-625.000,-625.000,-59.670
16.713999,-625.000,-625.000,-625.000,-59.905
16.813999,-625.000,-625.000,-625.000,-59.905
16.913999,-625.000,-625.000,-625.000,-59.905
17.013999,-625.000,-625.000,-625.000,-60.139
17.113999,-625.000,-625.000,-625.000,-59.670
17.213999,-625.000,-625.000,-625.000,-59.670
17.313999,-625.000,-625.000,-625.000,-59.670
17.529000,-625.000,-625.000,-625.000,-59.670
17.543974,-625.000,-625.000,-625.000,-59.436
17.613999,-625.000,-625.000,-625.000,-59.670
17.713999,-625.000,-625.000,-625.000,-59.670
17.813999,-625.000,-625.000,-625.000,-59.905
17.913999,-625.000,-625.000,-625.000,-59.905
18.013999,-625.000,-625.000,-625.000,-60.139
18.113999,-625.000,-625.000,-625.000,-59.670
18.213999,-625.000,-625.000,-625.000,-59.670
18.313999,-625.000,-625.000,-625.000,-59.905
18.530000,-625.000,-625.000,-625.000,-60.139
18.544974,-625.000,-625.000,-625.000,-59.670
18.613999,-625.000,-625.000,-625.000,-59.905
18.713999,-625.000,-625.000,-625.000,-60.139
18.813999,-625.000,-625.000,-625.000,-60.139
18.913999,-625.000,-625.000,-625.000,-60.139
19.013999,-625.000,-625.000,-625.000,-60.139
19.113999,-625.000,-625.000,-625.000,-59.905
19.213999,-625.000,-625.000,-625.000,-60.139
19.313999,-625.000,-625.000,-625.000,-59.670
19.530001,-625.000,-625.000,-625.000,-59.670
19.544974,-625.000,-625.000,-625.000,-59.905
19.613999,-625.000,-625.000,-625.000,-60.139
19.713999,-625.000,-625.000,-625.000,-60.373
19.813999,-625.000,-625.000,-625.000,-59.670
19.913999,-625.000,-625.000,-625.000,-59.905
20.013999,-625.000,-625.000,-625.000,-59.670
20.113999,-625.000,-625.000,-625.000,-59.905
20.213999,-625.000,-625.000,-625.000,-59.905
20.313999,-625.000,-625.000,-625.000,-59.670
20.530001,-625.000,-625.000,-625.000,-59.905
20.544974,-625.000,-625.000,-625.000,-59.670
20.613999,-625.000,-625.000,-625.000,-59.436
20.713999,-625.000,-625.000,-625.000,-59.436
20.813999,-625.000,-625.000,-625.000,-59.905
20.913999,-625.000,-625.000,-625.000,-59.201
21.013999,-625.000,-625.000,-625.000,-59.436
21.113999,-625.000,-625.000,-625.000,-59.670
21.213999,-625.000,-625.000,-625.000,-59.670
21.313999,-625.000,-625.000,-625.000,-59.905
21.530000,-625.000,-625.000,-625.000,-59.670
21.544974,-625.000,-625.000,-625.000,-59.905
21.613999,-625.000,-625.000,-625.000,-59.436
21.713999,-625.000,-625.000,-625.000,-59.905
21.813999,-625.000,-625.000,-625.000,-59.905
21.913999,-625.000,-625.000,-625.000,-59.905
22.013999,-625.000,-625.000,-625.000,-59.905
22.113999,-625.000,-625.000,-625.000,-59.905
22.213999,-625.000,-625.000,-625.000,-60.139
22.313999,-625.000,-625.000,-625.000,-59.905
22.530000,-625.000,-625.000,-625.000,-59.436
22.544973,-625.000,-625.000,-625.000,-59.905
22.613999,-625.000,-625.000,-625.000,-59.670
22.713999,-625.000,-625.000,-625.000,-59.670
22.813999,-625.000,-625.000,-625.000,-59.670
22.913999,-625.000,-625.000,-625.000,-59.670
23.013999,-625.000,-625.000,-625.000,-59.670
23.113999,-625.000,-625.000,-625.000,-60.139
23.213999,-625.000,-625.000,-625.000,-59.670
23.313999,-625.000,-625.000,-625.000,-59.905
23.530001,-625.000,-625.000,-625.000,-59.905
23.544974,-625.000,-625.000,-625.000,-59.670
23.613999,-625.000,-625.000,-625.000,-60.139
23.713999,-625.000,-625.000,-625.000,-59.905
23.813999,-625.000,-625.000,-625.000,-60.139
23.913999,-625.000,-625.000,-625.000,-60.139
24.013999,-625.000,-625.000,-625.000,-59.905
24.113999,-625.000,-625.000,-625.000,-59.670
24.213999,-625.000,-625.000,-625.000,-59.670
24.313999,-625.000,-625.000,-625.000,-59.670
24.530001,-625.000,-625.000,-625.000,-59.670
24.544974,-625.000,-625.000,-625.000,-59.670
24.613999,-625.000,-625.000,-625.000,-59.905
24.713999,-625.000,-625.000,-625.000,-59.905
24.813999,-625.000,-625.000,-625.000,-59.436
24.913999,-625.000,-625.000,-625.000,-59.905
25.013999,-625.000,-625.000,-625.000,-59.670
25.113999,-625.000,-625.000,-625.000,-59.670
25.213999,-625.000,-625.000,-625.000,-59.905
25.313999,-625.000,-625.000,-625.000,-60.139
25.529001,-625.000,-625.000,-625.000,-59.905
25.543974,-625.000,-625.000,-625.000,-59.905
25.613999,-625.000,-625.000,-625.000,-60.139
25.713999,-625.000,-625.000,-625.000,-60.139
25.813999,-625.000,-625.000,-625.000,-59.905
25.913999,-625.000,-625.000,-625.000,-60.139
26.013999,-625.000,-625.000,-625.000,-59.670
26.113999,-625.000,-625.000,-625.000,-59.670
26.213999,-625.000,-625.000,-625.000,-59.905
26.313999,-625.000,-625.000,-625.000,-59.905
26.530000,-625.000,-625.000,-625.000,-59.905
26.544973,-625.000,-625.000,-625.000,-59.670
26.613999,-625.000,-625.000,-625.000,-60.373
26.713999,-625.000,-625.000,-625.000,-59.905
26.813999,-625.000,-625.000,-625.000,-59.670
26.913999,-625.000,-625.000,-625.000,-60.139
27.013999,-625.000,-625.000,-625.000,-59.670
27.113999,-625.000,-625.000,-625.000,-59.436
27.213999,-625.000,-625.000,-625.000,-59.670
27.313999,-625.000,-625.000,-625.000,-59.905
27.530000,-625.000,-625.000,-625.000,-59.905
27.544974,-625.000,-625.000,-625.000,-59.905
27.613999,-625.000,-625.000,-625.000,-59.670
27.713999,-625.000,-625.000,-625.000,-59.905
27.813999,-625.000,-625.000,-625.000,-59.670
27.913999,-625.000,-625.000,-625.000,-60.139
28.013999,-625.000,-625.000,-625.000,-59.670
28.113999,-625.000,-625.000,-625.000,-60.139
28.213999,-625.000,-625.000,-625.000,-59.905
28.313999,-625.000,-625.000,-625.000,-59.905
28.530001,-625.000,-625.000,-625.000,-59.905
28.544974,-625.000,-625.000,-625.000,-59.905
28.613999,-625.000,-625.000,-625.000,-59.670
28.713999,-625.000,-625.000,-625.000,-60.139
28.813999,-625.000,-625.000,-625.000,-59.670
28.913999,-625.000,-625.000,-625.000,-59.905
29.013999,-625.000,-625.000,-625.000,-59.436
29.113999,-625.000,-625.000,-625.000,-59.670
29.213999,-625.000,-625.000,-625.000,-59.670
29.313999,-625.000,-625.000,-625.000,-60.139
29.530000,-625.000,-625.000,-625.000,-59.905
29.544974,-625.000,-625.000,-625.000,-59.670
29.613999,-625.000,-625.000,-625.000,-59.905
29.713999,-625.000,-625.000,-625.000,-59.905
29.813999,-625.000,-625.000,-625.000,-59.905
29.913999,-625.000,-625.000,-625.000,-59.670
30.013999,-625.000,-625.000,-625.000,-60.139
30.113999,-625.000,-625.000,-625.000,-59.905
30.213999,-625.000,-625.000,-625.000,-59.905
30.313999,-625.000,-625.000,-625.000,-60.139
30.529001,-625.000,-625.000,-625.000,-59.905
30.543974,-625.000,-625.000,-625.000,-59.905
30.613999,-625.000,-625.000,-625.000,-59.670
30.713999,-625.000,-625.000,-625.000,-59.436
30.813999,-625.000,-625.000,-625.000,-60.139
30.913999,-625.000,-625.000,-625.000,-60.139
31.013999,-625.000,-625.000,-625.000,-59.905
31.113999,-625.000,-625.000,-625.000,-59.905
31.213999,-625.000,-625.000,-625.000,-59.905
31.313999,-625.000,-625.000,-625.000,-59.436
31.530000,-625.000,-625.000,-625.000,-59.670
31.544974,-625.000,-625.000,-625.000,-59.670
31.613999,-625.000,-625.000,-625.000,-59.670
31.713999,-625.000,-625.000,-625.000,-59.905
31.813999,-625.000,-625.000,-625.000,-59.905
31.913999,-625.000,-625.000,-625.000,-59.905
32.013999,-625.000,-625.000,-625.000,-59.670
32.113999,-625.000,-625.000,-625.000,-59.905
32.213999,-625.000,-625.000,-625.000,-59.905
32.313999,-625.000,-625.000,-625.000,-60.139
32.530001,-625.000,-625.000,-625.000,-59.670
32.544974,-625.000,-625.000,-625.000,-59.905
32.613999,-625.000,-625.000,-625.000,-60.139
32.713999,-625.000,-625.000,-625.000,-59.905
32.813999,-625.000,-625.000,-625.000,-59.670
32.913999,-625.000,-625.000,-625.000,-59.905
33.013999,-625.000,-625.000,-625.000,-59.905
33.113999,-625.000,-625.000,-625.000,-59.670
33.213999,-625.000,-625.000,-625.000,-59.905
33.313999,-625.000,-625.000,-625.000,-59.670
33.530001,-625.000,-625.000,-625.000,-59.905
33.544974,-625.000,-625.000,-625.000,-59.670
33.613999,-625.000,-625.000,-625.000,-59.905
33.713999,-625.000,-625.000,-625.000,-59.905
33.813999,-625.000,-625.000,-625.000,-59.670
33.913999,-625.000,-625.000,-625.000,-60.139
34.013999,-625.000,-625.000,-625.000,-59.905
34.113999,-625.000,-625.000,-625.000,-59.905
34.213999,-625.000,-625.000,-625.000,-59.670
34.313999,-625.000,-625.000,-625.000,-59.670
34.530000,-625.000,-625.000,-625.000,-59.905
34.544974,-625.000,-625.000,-625.000,-59.905
34.613999,-625.000,-625.000,-625.000,-59.670
34.713999,-625.000,-625.000,-625.000,-59.905
34.813999,-625.000,-625.000,-625.000,-59.670
34.913999,-625.000,-625.000,-625.000,-59.436
35.013999,-625.000,-625.000,-625.000,-59.905
35.113999,-625.000,-625.000,-625.000,-59.436
35.213999,-625.000,-625.000,-625.000,-59.436
35.313999,-625.000,-625.000,-625.000,-59.905
35.530000,-625.000,-625.000,-625.000,-59.905
35.544973,-625.000,-625.000,-625.000,-59.670
35.613999,-625.000,-625.000,-625.000,-59.670
35.713999,-625.000,-625.000,-625.000,-59.905
35.813999,-625.000,-625.000,-625.000,-59.436
35.913999,-625.000,-625.000,-625.000,-59.670
36.013999,-625.000,-625.000,-625.000,-59.670
36.113999,-625.000,-625.000,-625.000,-59.905
36.213999,-625.000,-625.000,-625.000,-59.436
36.313999,-625.000,-625.000,-625.000,-60.139
36.530000,-625.000,-625.000,-625.000,-59.905
36.544974,-625.000,-625.000,-625.000,-59.670
36.613999,-625.000,-625.000,-625.000,-59.670
36.713999,-625.000,-625.000,-625.000,-59.670
36.813999,-625.000,-625.000,-625.000,-59.436
36.913999,-625.000,-625.000,-625.000,-59.670
37.013999,-625.000,-625.000,-625.000,-59.905
37.113999,-625.000,-625.000,-625.000,-59.905
37.213999,-625.000,-625.000,-625.000,-60.139
37.313999,-625.000,-625.000,-625.000,-59.905
37.530001,-625.000,-625.000,-625.000,-59.670
37.544973,-625.000,-625.000,-625.000,-59.670
37.613999,-625.000,-625.000,-625.000,-59.905
37.713999,-625.000,-625.000,-625.000,-59.905
37.813999,-625.000,-625.000,-625.000,-59.905
37.913999,-625.000,-625.000,-625.000,-59.670
38.013999,-625.000,-625.000,-625.000,-59.905
38.113999,-625.000,-625.000,-625.000,-59.670
38.213999,-625.000,-625.000,-625.000,-59.670
38.313999,-625.000,-625.000,-625.000,-59.670
38.529000,-625.000,-625.000,-625.000,-59.436
38.543974,-625.000,-625.000,-625.000,-59.670
38.613999,-625.000,-625.000,-625.000,-59.905
38.713999,-625.000,-625.000,-625.000,-59.905
38.813999,-625.000,-625.000,-625.000,-59.436
38.913999,-625.000,-625.000,-625.000,-59.905
39.013999,-625.000,-625.000,-625.000,-59.670
39.113999,-625.000,-625.000,-625.000,-59.905
39.213999,-625.000,-625.000,-625.000,-59.670
39.313999,-625.000,-625.000,-625.000,-59.905
39.530000,-625.000,-625.000,-625.000,-59.670
39.544974,-625.000,-625.000,-625.000,-59.905
39.613999,-625.000,-625.000,-625.000,-59.905
39.713999,-625.000,-625.000,-625.000,-59.670
39.813999,-625.000,-625.000,-625.000,-59.905
39.913999,-625.000,-625.000,-625.000,-59.905
40.013999,-625.000,-625.000,-625.000,-59.670
40.113999,-625.000,-625.000,-625.000,-59.670
40.213999,-625.000,-625.000,-625.000,-59.670
40.313999,-625.000,-625.000,-625.000,-60.139
40.530000,-625.000,-625.000,-625.000,-59.436
40.544974,-625.000,-625.000,-625.000,-59.905
40.613999,-625.000,-625.000,-625.000,-59.670
40.713999,-625.000,-625.000,-625.000,-60.139
40.813999,-625.000,-625.000,-625.000,-59.670
40.913999,-625.000,-625.000,-625.000,-59.670
41.013999,-625.000,-625.000,-625.000,-60.139
41.113999,-625.000,-625.000,-625.000,-59.670
41.213999,-625.000,-625.000,-625.000,-59.905
41.313999,-625.000,-625.000,-625.000,-59.905
41.530000,-625.000,-625.000,-625.000,-59.905
41.544974,-625.000,-625.000,-625.000,-59.670
41.613999,-625.000,-625.000,-625.000,-59.905
41.713999,-625.000,-625.000,-625.000,-59.905
41.813999,-625.000,-625.000,-625.000,-59.670
41.913999,-625.000,-625.000,-625.000,-59.670
42.013999,-625.000,-625.000,-625.000,-59.905
42.113999,-625.000,-625.000,-625.000,-59.436
42.213999,-625.000,-625.000,-625.000,-59.905
42.313999,-625.000,-625.000,-625.000,-59.670
42.530000,-625.000,-625.000,-625.000,-59.670
42.544974,-625.000,-625.000,-625.000,-59.905
42.613999,-625.000,-625.000,-625.000,-60.139
42.713999,-625.000,-625.000,-625.000,-59.905
42.813999,-625.000,-625.000,-625.000,-60.139
42.913999,-625.000,-625.000,-625.000,-59.905
43.013999,-625.000,-625.000,-625.000,-59.436
43.113999,-625.000,-625.000,-625.000,-59.670
43.213999,-625.000,-625.000,-625.000,-59.905
43.313999,-625.000,-625.000,-625.000,-59.905
43.529000,-625.000,-625.000,-625.000,-59.670
43.543974,-625.000,-625.000,-625.000,-59.905
43.613999,-625.000,-625.000,-625.000,-59.905
43.713999,-625.000,-625.000,-625.000,-59.905
43.813999,-625.000,-625.000,-625.000,-59.905
43.913999,-625.000,-625.000,-625.000,-59.905
44.013999,-625.000,-625.000,-625.000,-59.905
44.113999,-625.000,-625.000,-625.000,-59.670
44.213999,-625.000,-625.000,-625.000,-59.436
44.313999,-625.000,-625.000,-625.000,-59.905
44.530000,-625.000,-625.000,-625.000,-59.670
44.544974,-625.000,-625.000,-625.000,-59.905
44.613999,-625.000,-625.000,-625.000,-59.905
44.713999,-625.000,-625.000,-625.000,-59.670
44.813999,-625.000,-625.000,-625.000,-59.670
44.913999,-625.000,-625.000,-625.000,-59.905
45.013999,-625.000,-625.000,-625.000,-60.139
45.113999,-625.000,-625.000,-625.000,-59.670
45.213999,-625.000,-625.000,-625.000,-59.670
45.313999,-625.000,-625.000,-625.000,-59.905
45.530001,-625.000,-625.000,-625.000,-59.670
45.544974,-625.000,-625.000,-625.000,-60.139
45.613999,-625.000,-625.000,-625.000,-59.670
45.713999,-625.000,-625.000,-625.000,-59.905
45.813999,-625.000,-625.000,-625.000,-59.905
45.913999,-625.000,-625.000,-625.000,-59.905
46.013999,-625.000,-625.000,-625.000,-59.905
46.113999,-625.000,-625.000,-625.000,-60.139
46.213999,-625.000,-625.000,-625.000,-59.436
46.313999,-625.000,-625.000,-625.000,-59.670
46.530000,-625.000,-625.000,-625.000,-59.670
46.544974,-625.000,-625.000,-625.000,-59.905
46.613999,-625.000,-625.000,-625.000,-59.670
46.713999,-625.000,-625.000,-625.000,-59.905
46.813999,-625.000,-625.000,-625.000,-59.670
46.913999,-625.000,-625.000,-625.000,-59.905
47.013999,-625.000,-625.000,-625.000,-59.670
47.113999,-625.000,-625.000,-625.000,-59.670
47.213999,-625.000,-625.000,-625.000,-59.905
47.313999,-625.000,-625.000,-625.000,-59.905
47.530000,-625.000,-625.000,-625.000,-59.905
47.544974,-625.000,-625.000,-625.000,-59.670
47.613999,-625.000,-625.000,-625.000,-59.905
47.713999,-625.000,-625.000,-625.000,-59.905
47.813999,-625.000,-625.000,-625.000,-59.670
47.913999,-625.000,-625.000,-625.000,-59.905
48.013999,-625.000,-625.000,-625.000,-59.905
48.113999,-625.000,-625.000,-625.000,-59.905
48.213999,-625.000,-625.000,-625.000,-59.670
48.313999,-625.000,-625.000,-625.000,-59.905
48.530000,-625.000,-625.000,-625.000,-59.905
48.544974,-625.000,-625.000,-625.000,-59.905
48.613999,-625.000,-625.000,-625.000,-59.670
48.713999,-625.000,-625.000,-625.000,-59.670
48.813999,-625.000,-625.000,-625.000,-59.905
48.913999,-625.000,-625.000,-625.000,-60.139
49.013999,-625.000,-625.000,-625.000,-59.670
49.113999,-625.000,-625.000,-625.000,-59.905
49.213999,-625.000,-625.000,-625.000,-59.905
49.313999,-625.000,-625.000,-625.000,-59.670
49.530001,-625.000,-625.000,-625.000,-59.905
49.544974,-625.000,-625.000,-625.000,-59.905
49.613999,-625.000,-625.000,-625.000,-59.905
49.713999,-625.000,-625.000,-625.000,-59.905
49.813999,-625.000,-625.000,-625.000,-59.905
49.913999,-625.000,-625.000,-625.000,-59.905
50.013999,-625.000,-625.000,-625.000,-59.905
50.113999,-625.000,-625.000,-625.000,-59.905
50.213999,-625.000,-625.000,-625.000,-59.905
50.313999,-625.000,-625.000,-625.000,-59.905
50.530001,-625.000,-625.000,-625.000,-59.905
50.544974,-625.000,-625.000,-625.000,-59.905
50.613999,-625.000,-625.000,-625.000,-59.905
50.713999,-625.000,-625.000,-625.000,-59.670
50.813999,-625.000,-625.000,-625.000,-59.905
50.913999,-625.000,-625.000,-625.000,-59.905
51.013999,-625.000,-625.000,-625.000,-59.905
51.113999,-625.000,-625.000,-625.000,-59.670
51.213999,-625.000,-625.000,-625.000,-59.905
51.313999,-625.000,-625.000,-625.000,-59.905
51.529000,-625.000,-625.000,-625.000,-59.905
51.543974,-625.000,-625.000,-625.000,-59.905
51.613999,-625.000,-625.000,-625.000,-60.139
51.713999,-625.000,-625.000,-625.000,-59.905
51.813999,-625.000,-625.000,-625.000,-59.670
51.913999,-625.000,-625.000,-625.000,-59.670
52.013999,-625.000,-625.000,-625.000,-59.905
52.113999,-625.000,-625.000,-625.000,-59.905
52.213999,-625.000,-625.000,-625.000,-59.905
52.313999,-625.000,-625.000,-625.000,-59.905
52.530000,-625.000,-625.000,-625.000,-60.139
52.544974,-625.000,-625.000,-625.000,-59.670
52.613999,-625.000,-625.000,-625.000,-59.905
52.713999,-625.000,-625.000,-625.000,-59.905
52.813999,-625.000,-625.000,-625.000,-59.905
52.913999,-625.000,-625.000,-625.000,-59.670
53.013999,-625.000,-625.000,-625.000,-59.905
53.113999,-625.000,-625.000,-625.000,-59.905
53.213999,-625.000,-625.000,-625.000,-59.670
53.313999,-625.000,-625.000,-625.000,-59.905
53.530001,-625.000,-625.000,-625.000,-60.139
53.544974,-625.000,-625.000,-625.000,-59.905
53.613999,-625.000,-625.000,-625.000,-59.905
53.713999,-625.000,-625.000,-625.000,-60.139
53.813999,-625.000,-625.000,-625.000,-59.905
53.913999,-625.000,-625.000,-625.000,-59.670
54.013999,-625.000,-625.000,-625.000,-59.670
54.113999,-625.000,-625.000,-625.000,-60.139
54.213999,-625.000,-625.000,-625.000,-59.905
54.313999,-625.000,-625.000,-625.000,-59.670
54.530001,-625.000,-625.000,-625.000,-59.436
54.544973,-625.000,-625.000,-625.000,-59.670
54.613999,-625.000,-625.000,-625.000,-59.905
54.713999,-625.000,-625.000,-625.000,-59.905
54.813999,-625.000,-625.000,-625.000,-59.670
54.913999,-625.000,-625.000,-625.000,-59.670
55.013999,-625.000,-625.000,-625.000,-59.905
55.113999,-625.000,-625.000,-625.000,-59.905
55.213999,-625.000,-625.000,-625.000,-59.905
55.313999,-625.000,-625.000,-625.000,-59.436
55.530000,-625.000,-625.000,-625.000,-59.905
55.544974,-625.000,-625.000,-625.000,-59.670
55.613999,-625.000,-625.000,-625.000,-59.670
55.713999,-625.000,-625.000,-625.000,-59.436
55.813999,-625.000,-625.000,-625.000,-59.905
55.913999,-625.000,-625.000,-625.000,-59.905
56.013999,-625.000,-625.000,-625.000,-59.905
56.113999,-625.000,-625.000,-625.000,-59.670
56.213999,-625.000,-625.000,-625.000,-59.670
56.313999,-625.000,-625.000,-625.000,-59.905
56.529000,-625.000,-625.000,-625.000,-59.670
56.543974,-625.000,-625.000,-625.000,-59.905
56.613999,-625.000,-625.000,-625.000,-59.670
56.713999,-625.000,-625.000,-625.000,-59.670
56.813999,-625.000,-625.000,-625.000,-59.670
56.913999,-625.000,-625.000,-625.000,-59.670
57.013999,-625.000,-625.000,-625.000,-60.139
57.113999,-625.000,-625.000,-625.000,-59.670
57.213999,-625.000,-625.000,-625.000,-59.436
57.313999,-625.000,-625.000,-625.000,-59.670
57.530000,-625.000,-625.000,-625.000,-59.905
57.544974,-625.000,-625.000,-625.000,-59.905
57.613999,-625.000,-625.000,-625.000,-59.905
57.713999,-625.000,-625.000,-625.000,-59.905
57.813999,-625.000,-625.000,-625.000,-59.670
57.913999,-625.000,-625.000,-625.000,-59.905
58.013999,-625.000,-625.000,-625.000,-59.905
58.113999,-625.000,-625.000,-625.000,-59.670
58.213999,-625.000,-625.000,-625.000,-59.905
58.313999,-625.000,-625.000,-625.000,-59.905
58.530001,-625.000,-625.000,-625.000,-59.905
58.553284,-625.000,-625.000,-625.000,-59.670
58.613999,-625.000,-625.000,-625.000,-59.905
58.713999,-625.000,-625.000,-625.000,-60.139
58.813999,-625.000,-625.000,-625.000,-59.905
58.913999,-625.000,-625.000,-625.000,-59.905
59.013999,-625.000,-625.000,-625.000,-59.670
59.113999,-625.000,-625.000,-625.000,-59.905
59.213999,-625.000,-625.000,-625.000,-60.139
59.313999,-625.000,-625.000,-625.000,-59.905
59.530000,-625.000,-625.000,-625.000,-59.670
59.544973,-625.000,-625.000,-625.000,-59.436
59.613999,-625.000,-625.000,-625.000,-59.201
59.713999,-625.000,-625.000,-625.000,-59.905
59.813999,-625.000,-625.000,-625.000,-59.670
59.913999,-625.000,-625.000,-625.000,-59.905
60.013999,-625.000,-625.000,-625.000,-59.436
60.113999,-625.000,-625.000,-625.000,-59.436
60.213999,-625.000,-625.000,-625.000,-59.670
60.313999,-625.000,-625.000,-625.000,-59.905
60.530000,-625.000,-625.000,-625.000,-59.670
60.544973,-625.000,-625.000,-625.000,-59.905
60.613999,-625.000,-625.000,-625.000,-59.670
60.713999,-625.000,-625.000,-625.000,-59.670
60.813999,-625.000,-625.000,-625.000,-59.905
60.913999,-625.000,-625.000,-625.000,-60.139
61.013999,-625.000,-625.000,-625.000,-59.670
61.113999,-625.000,-625.000,-625.000,-59.905
61.213999,-625.000,-625.000,-625.000,-59.670
61.313999,-625.000,-625.000,-625.000,-59.670
61.530000,-625.000,-625.000,-625.000,-59.670
61.544974,-625.000,-625.000,-625.000,-59.436
61.613999,-625.000,-625.000,-625.000,-59.670
61.713999,-625.000,-625.000,-625.000,-59.905
61.813999,-625.000,-625.000,-625.000,-59.670
61.913999,-625.000,-625.000,-625.000,-59.436
62.013999,-625.000,-625.000,-625.000,-59.670
62.113999,-625.000,-625.000,-625.000,-59.670
62.213999,-625.000,-625.000,-625.000,-59.670
62.313999,-625.000,-625.000,-625.000,-59.436
62.530001,-625.000,-625.000,-625.000,-59.905
62.544974,-625.000,-625.000,-625.000,-59.905
62.613999,-625.000,-625.000,-625.000,-59.670
62.713999,-625.000,-625.000,-625.000,-59.670
62.813999,-625.000,-625.000,-625.000,-59.670
62.913999,-625.000,-625.000,-625.000,-59.670
63.013999,-625.000,-625.000,-625.000,-59.670
63.113999,-625.000,-625.000,-625.000,-59.436
63.213999,-625.000,-625.000,-625.000,-59.670
63.313999,-625.000,-625.000,-625.000,-59.670
63.530000,-625.000,-625.000,-625.000,-59.670
63.544974,-625.000,-625.000,-625.000,-59.436
63.613999,-625.000,-625.000,-625.000,-59.905
63.713999,-625.000,-625.000,-625.000,-59.436
63.813999,-625.000,-625.000,-625.000,-59.905
63.913999,-625.000,-625.000,-625.000,-59.670
64.013999,-625.000,-625.000,-625.000,-59.905
64.113999,-625.000,-625.000,-625.000,-59.201
64.213999,-625.000,-625.000,-625.000,-59.201
64.313999,-625.000,-625.000,-625.000,-59.905
64.529001,-625.000,-625.000,-625.000,-59.670
64.543974,-625.000,-625.000,-625.000,-59.436
64.613999,-625.000,-625.000,-625.000,-59.436
64.713999,-625.000,-625.000,-625.000,-59.905
64.813999,-625.000,-625.000,-625.000,-59.436
64.913999,-625.000,-625.000,-625.000,-59.905
65.013999,-625.000,-625.000,-625.000,-59.905
65.113999,-625.000,-625.000,-625.000,-59.670
65.213999,-625.000,-625.000,-625.000,-59.670
65.313999,-625.000,-625.000,-625.000,-59.670
65.530000,-625.000,-625.000,-625.000,-59.670
65.544974,-625.000,-625.000,-625.000,-59.670
65.613999,-625.000,-625.000,-625.000,-59.905
65.713999,-625.000,-625.000,-625.000,-59.670
65.813999,-625.000,-625.000,-625.000,-59.905
65.913999,-625.000,-625.000,-625.000,-59.436
66.013999,-625.000,-625.000,-625.000,-59.670
66.113999,-625.000,-625.000,-625.000,-59.670
66.213999,-625.000,-625.000,-625.000,-59.670
66.313999,-625.000,-625.000,-625.000,-59.905
66.530000,-625.000,-625.000,-625.000,-59.670
66.544973,-625.000,-625.000,-625.000,-59.436
66.613999,-625.000,-625.000,-625.000,-59.670
66.713999,-625.000,-625.000,-625.000,-59.436
66.813999,-625.000,-625.000,-625.000,-59.436
66.913999,-625.000,-625.000,-625.000,-59.670
67.013999,-625.000,-625.000,-625.000,-59.436
67.113999,-625.000,-625.000,-625.000,-59.436
67.213999,-625.000,-625.000,-625.000,-59.670
67.313999,-625.000,-625.000,-625.000,-59.201
67.530000,-625.000,-625.000,-625.000,-59.905
67.544974,-625.000,-625.000,-625.000,-59.670
67.613999,-625.000,-625.000,-625.000,-59.201
67.713999,-625.000,-625.000,-625.000,-59.436
67.813999,-625.000,-625.000,-625.000,-59.670
67.913999,-625.000,-625.000,-625.000,-59.670
68.013999,-625.000,-625.000,-625.000,-59.670
68.113999,-625.000,-625.000,-625.000,-59.905
68.213999,-625.000,-625.000,-625.000,-59.905
68.313999,-625.000,-625.000,-625.000,-59.436
68.530000,-625.000,-625.000,-625.000,-59.905
68.544974,-625.000,-625.000,-625.000,-59.436
68.613999,-625.000,-625.000,-625.000,-59.905
68.713999,-625.000,-625.000,-625.000,-59.670
68.813999,-625.000,-625.000,-625.000,-59.670
68.913999,-625.000,-625.000,-625.000,-59.905
69.013999,-625.000,-625.000,-625.000,-59.670
69.113999,-625.000,-625.000,-625.000,-59.670
69.213999,-625.000,-625.000,-625.000,-59.670
69.313999,-625.000,-625.000,-625.000,-59.436
69.530000,-625.000,-625.000,-625.000,-59.436
69.544974,-625.000,-625.000,-625.000,-59.670
69.613999,-625.000,-625.000,-625.000,-59.436
69.713999,-625.000,-625.000,-625.000,-59.670
69.813999,-625.000,-625.000,-625.000,-59.670
69.913999,-625.000,-625.000,-625.000,-59.905
70.013999,-625.000,-625.000,-625.000,-59.436
70.113999,-625.000,-625.000,-625.000,-59.905
70.213999,-625.000,-625.000,-625.000,-59.670
70.313999,-625.000,-625.000,-625.000,-59.670
70.530001,-625.000,-625.000,-625.000,-59.670
70.544974,-625.000,-625.000,-625.000,-59.905
70.613999,-625.000,-625.000,-625.000,-59.670
70.713999,-625.000,-625.000,-625.000,-59.670
70.813999,-625.000,-625.000,-625.000,-59.905
70.913999,-625.000,-625.000,-625.000,-59.905
71.013999,-625.000,-625.000,-625.000,-59.670
71.113999,-625.000,-625.000,-625.000,-59.436
71.213999,-625.000,-625.000,-625.000,-59.670
71.313999,-625.000,-625.000,-625.000,-59.436
71.530000,-625.000,-625.000,-625.000,-59.670
71.544974,-625.000,-625.000,-625.000,-59.670
71.613999,-625.000,-625.000,-625.000,-59.436
71.713999,-625.000,-625.000,-625.000,-59.905
71.813999,-625.000,-625.000,-625.000,-59.670
71.913999,-625.000,-625.000,-625.000,-59.670
72.013999,-625.000,-625.000,-625.000,-59.670
72.113999,-625.000,-625.000,-625.000,-59.905
72.213999,-625.000,-625.000,-625.000,-59.670
72.313999,-625.000,-625.000,-625.000,-59.670
72.530000,-625.000,-625.000,-625.000,-59.670
72.544974,-625.000,-625.000,-625.000,-59.436
72.613999,-625.000,-625.000,-625.000,-59.436
72.713999,-625.000,-625.000,-625.000,-59.670
72.813999,-625.000,-625.000,-625.000,-59.905
72.913999,-625.000,-625.000,-625.000,-59.436
73.013999,-625.000,-625.000,-625.000,-59.436
73.113999,-625.000,-625.000,-625.000,-59.201
73.213999,-625.000,-625.000,-625.000,-59.670
73.313999,-625.000,-625.000,-625.000,-59.436
73.530000,-625.000,-625.000,-625.000,-59.905
73.544974,-625.000,-625.000,-625.000,-59.670
73.613999,-625.000,-625.000,-625.000,-59.670
73.713999,-625.000,-625.000,-625.000,-59.436
73.813999,-625.000,-625.000,-625.000,-59.670
73.913999,-625.000,-625.000,-625.000,-59.905
74.013999,-625.000,-625.000,-625.000,-59.436
74.113999,-625.000,-625.000,-625.000,-59.905
74.213999,-625.000,-625.000,-625.000,-59.670
74.313999,-625.000,-625.000,-625.000,-59.436
74.530000,-625.000,-625.000,-625.000,-59.905
74.544974,-625.000,-625.000,-625.000,-59.905
74.613999,-625.000,-625.000,-625.000,-59.670
74.713999,-625.000,-625.000,-625.000,-59.905
74.813999,-625.000,-625.000,-625.000,-59.905
74.913999,-625.000,-625.000,-625.000,-59.436
75.013999,-625.000,-625.000,-625.000,-59.905
75.113999,-625.000,-625.000,-625.000,-59.670
75.213999,-625.000,-625.000,-625.000,-59.670
75.313999,-625.000,-625.000,-625.000,-59.436
75.530000,-625.000,-625.000,-625.000,-59.201
75.544974,-625.000,-625.000,-625.000,-59.905
75.613999,-625.000,-625.000,-625.000,-59.670
75.713999,-625.000,-625.000,-625.000,-59.905
75.813999,-625.000,-625.000,-625.000,-59.670
75.913999,-625.000,-625.000,-625.000,-59.905
76.013999,-625.000,-625.000,-625.000,-59.436
76.113999,-625.000,-625.000,-625.000,-59.436
76.213999,-625.000,-625.000,-625.000,-59.670
76.313999,-625.000,-625.000,-625.000,-59.670
76.530000,-625.000,-625.000,-625.000,-59.905
76.544974,-625.000,-625.000,-625.000,-59.905
76.613999,-625.000,-625.000,-625.000,-59.436
76.713999,-625.000,-625.000,-625.000,-59.436
76.813999,-625.000,-625.000,-625.000,-59.670
76.913999,-625.000,-625.000,-625.000,-59.670
77.013999,-625.000,-625.000,-625.000,-59.905
77.113999,-625.000,-625.000,-625.000,-59.905
77.213999,-625.000,-625.000,-625.000,-59.436
77.313999,-625.000,-625.000,-625.000,-59.670
77.529000,-625.000,-625.000,-625.000,-59.670
77.543974,-625.000,-625.000,-625.000,-59.670
77.613999,-625.000,-625.000,-625.000,-59.670
77.713999,-625.000,-625.000,-625.000,-59.670
77.813999,-625.000,-625.000,-625.000,-59.670
77.913999,-625.000,-625.000,-625.000,-59.905
78.013999,-625.000,-625.000,-625.000,-59.905
78.113999,-625.000,-625.000,-625.000,-59.670
78.213999,-625.000,-625.000,-625.000,-59.905
78.313999,-625.000,-625.000,-625.000,-59.670
78.530001,-625.000,-625.000,-625.000,-59.436
78.544974,-625.000,-625.000,-625.000,-59.670
78.613999,-625.000,-625.000,-625.000,-59.436
78.713999,-625.000,-625.000,-625.000,-59.905
78.813999,-625.000,-625.000,-625.000,-59.670
78.913999,-625.000,-625.000,-625.000,-59.670
79.013999,-625.000,-625.000,-625.000,-59.436
79.113999,-625.000,-625.000,-625.000,-59.670
79.213999,-625.000,-625.000,-625.000,-59.436
79.313999,-625.000,-625.000,-625.000,-59.201
79.530000,-625.000,-625.000,-625.000,-59.670
79.544974,-625.000,-625.000,-625.000,-59.670
79.613999,-625.000,-625.000,-625.000,-59.905
79.713999,-625.000,-625.000,-625.000,-59.905
79.813999,-625.000,-625.000,-625.000,-59.436
79.913999,-625.000,-625.000,-625.000,-59.436
80.013999,-625.000,-625.000,-625.000,-59.436
80.113999,-625.000,-625.000,-625.000,-59.905
80.213999,-625.000,-625.000,-625.000,-59.905
80.313999,-625.000,-625.000,-625.000,-59.436
80.530000,-625.000,-625.000,-625.000,-59.670
80.544974,-625.000,-625.000,-625.000,-59.670
80.613999,-625.000,-625.000,-625.000,-59.905
80.713999,-625.000,-625.000,-625.000,-59.905
80.813999,-625.000,-625.000,-625.000,-59.670
80.913999,-625.000,-625.000,-625.000,-59.670
81.013999,-625.000,-625.000,-625.000,-59.436
81.113999,-625.000,-625.000,-625.000,-59.436
81.213999,-625.000,-625.000,-625.000,-59.670
81.313999,-625.000,-625.000,-625.000,-59.670
81.530000,-625.000,-625.000,-625.000,-59.436
81.544974,-625.000,-625.000,-625.000,-59.436
81.613999,-625.000,-625.000,-625.000,-59.905
81.713999,-625.000,-625.000,-625.000,-59.670
81.813999,-625.000,-625.000,-625.000,-59.670
81.913999,-625.000,-625.000,-625.000,-59.436
82.013999,-625.000,-625.000,-625.000,-59.670
82.113999,-625.000,-625.000,-625.000,-59.905
82.213999,-625.000,-625.000,-625.000,-59.670
82.313999,-625.000,-625.000,-625.000,-59.670
82.529000,-625.000,-625.000,-625.000,-59.905
82.543974,-625.000,-625.000,-625.000,-59.670
82.613999,-625.000,-625.000,-625.000,-59.670
82.713999,-625.000,-625.000,-625.000,-59.670
82.813999,-625.000,-625.000,-625.000,-59.436
82.913999,-625.000,-625.000,-625.000,-59.670
83.013999,-625.000,-625.000,-625.000,-59.436
83.113999,-625.000,-625.000,-625.000,-59.670
83.213999,-625.000,-625.000,-625.000,-59.670
83.313999,-625.000,-625.000,-625.000,-59.905
83.530000,-625.000,-625.000,-625.000,-59.905
83.544974,-625.000,-625.000,-625.000,-59.670
83.613999,-625.000,-625.000,-625.000,-59.436
83.713999,-625.000,-625.000,-625.000,-60.139
83.813999,-625.000,-625.000,-625.000,-59.670
83.913999,-625.000,-625.000,-625.000,-59.201
84.013999,-625.000,-625.000,-625.000,-59.670
84.113999,-625.000,-625.000,-625.000,-59.670
84.213999,-625.000,-625.000,-625.000,-59.670
84.313999,-625.000,-625.000,-625.000,-59.436
84.530000,-625.000,-625.000,-625.000,-59.436
84.544974,-625.000,-625.000,-625.000,-59.670
84.613999,-625.000,-625.000,-625.000,-59.670
84.713999,-625.000,-625.000,-625.000,-59.670
84.813999,-625.000,-625.000,-625.000,-59.436
84.913999,-625.000,-625.000,-625.000,-59.670
85.013999,-625.000,-625.000,-625.000,-59.670
85.113999,-625.000,-625.000,-625.000,-59.670
85.213999,-625.000,-625.000,-625.000,-59.670
85.313999,-625.000,-625.000,-625.000,-59.670
85.530001,-625.000,-625.000,-625.000,-59.670
85.544974,-625.000,-625.000,-625.000,-59.670
85.613999,-625.000,-625.000,-625.000,-59.670
85.713999,-625.000,-625.000,-625.000,-59.905
85.813999,-625.000,-625.000,-625.000,-59.670
85.913999,-625.000,-625.000,-625.000,-59.905
86.013999,-625.000,-625.000,-625.000,-59.905
86.113999,-625.000,-625.000,-625.000,-59.905
86.213999,-625.000,-625.000,-625.000,-59.436
86.313999,-625.000,-625.000,-625.000,-59.670
86.530000,-625.000,-625.000,-625.000,-59.436
86.544974,-625.000,-625.000,-625.000,-59.670
86.613999,-625.000,-625.000,-625.000,-59.201
86.713999,-625.000,-625.000,-625.000,-59.201
86.813999,-625.000,-625.000,-625.000,-59.905
86.913999,-625.000,-625.000,-625.000,-59.436
87.013999,-625.000,-625.000,-625.000,-59.670
87.113999,-625.000,-625.000,-625.000,-59.436
87.213999,-625.000,-625.000,-625.000,-59.670
87.313999,-625.000,-625.000,-625.000,-59.670
87.530000,-625.000,-625.000,-625.000,-59.436
87.544974,-625.000,-625.000,-625.000,-59.905
87.613999,-625.000,-625.000,-625.000,-59.436
87.713999,-625.000,-625.000,-625.000,-59.670
87.813999,-625.000,-625.000,-625.000,-59.436
87.913999,-625.000,-625.000,-625.000,-59.201
88.013999,-625.000,-625.000,-625.000,-59.905
88.113999,-625.000,-625.000,-625.000,-59.905
88.213999,-625.000,-625.000,-625.000,-59.201
88.313999,-625.000,-625.000,-625.000,-57.795
88.530001,-625.000,-625.000,-625.000,-57.795
88.544974,-625.000,-625.000,-625.000,-57.326
88.613999,-625.000,-625.000,-625.000,-57.326
88.713999,-625.000,-625.000,-625.000,-57.326
88.813999,-625.000,-625.000,-625.000,-57.561
88.913999,-625.000,-625.000,-625.000,-57.561
89.013999,-625.000,-625.000,-625.000,-57.795
89.113999,-625.000,-625.000,-625.000,-57.561
89.213999,-625.000,-625.000,-625.000,-57.326
89.313999,-625.000,-625.000,-625.000,-55.920
89.530000,-625.000,-625.000,-625.000,-55.920
89.544974,-625.000,-625.000,-625.000,-56.155
89.613999,-625.000,-625.000,-625.000,-55.686
89.713999,-625.000,-625.000,-625.000,-55.920
89.813999,-625.000,-625.000,-625.000,-55.920
89.913999,-625.000,-625.000,-625.000,-55.451
90.013999,-625.000,-625.000,-625.000,-55.920
90.113999,-625.000,-625.000,-625.000,-55.686
90.213999,-625.000,-625.000,-625.000,-54.279
90.313999,-625.000,-625.000,-625.000,-53.811
90.529000,-625.000,-625.000,-625.000,-54.045
90.543974,-625.000,-625.000,-625.000,-54.045
90.613999,-625.000,-625.000,-625.000,-54.279
90.713999,-625.000,-625.000,-625.000,-54.279
90.813999,-625.000,-625.000,-625.000,-54.045
90.913999,-625.000,-625.000,-625.000,-54.279
91.013999,-625.000,-625.000,-625.000,-54.514
91.113999,-625.000,-625.000,-625.000,-53.576
91.213999,-625.000,-625.000,-625.000,-52.170
91.313999,-625.000,-625.000,-625.000,-52.639
91.530000,-625.000,-625.000,-625.000,-52.639
91.544974,-625.000,-625.000,-625.000,-52.639
91.613999,-625.000,-625.000,-625.000,-52.639
91.713999,-625.000,-625.000,-625.000,-52.639
91.813999,-625.000,-625.000,-625.000,-52.639
91.913999,-625.000,-625.000,-625.000,-52.639
92.013999,-625.000,-625.000,-625.000,-52.873
92.113999,-625.000,-625.000,-625.000,-52.639
92.213999,-625.000,-625.000,-625.000,-52.639
92.313999,-625.000,-625.000,-625.000,-52.639
92.530001,-625.000,-625.000,-625.000,-52.873
92.544974,-625.000,-625.000,-625.000,-52.873
92.613999,-625.000,-625.000,-625.000,-52.170
92.713999,-625.000,-625.000,-625.000,-52.873
92.813999,-625.000,-625.000,-625.000,-52.639
92.913999,-625.000,-625.000,-625.000,-52.873
93.013999,-625.000,-625.000,-625.000,-52.639
93.113999,-625.000,-625.000,-625.000,-52.639
93.213999,-625.000,-625.000,-625.000,-52.639
93.313999,-625.000,-625.000,-625.000,-52.873
93.530001,-625.000,-625.000,-625.000,-52.873
93.544974,-625.000,-625.000,-625.000,-52.404
93.613999,-625.000,-625.000,-625.000,-52.170
93.713999,-625.000,-625.000,-625.000,-52.404
93.813999,-625.000,-625.000,-625.000,-52.170
93.913999,-625.000,-625.000,-625.000,-52.639
94.013999,-625.000,-625.000,-625.000,-52.404
94.113999,-625.000,-625.000,-625.000,-52.639
94.213999,-625.000,-625.000,-625.000,-52.170
94.313999,-625.000,-625.000,-625.000,-52.170
94.530000,-625.000,-625.000,-625.000,-52.170
94.544974,-625.000,-625.000,-625.000,-52.170
94.613999,-625.000,-625.000,-625.000,-52.873
94.713999,-625.000,-625.000,-625.000,-52.404
94.813999,-625.000,-625.000,-625.000,-52.639
94.913999,-625.000,-625.000,-625.000,-51.936
95.013999,-625.000,-625.000,-625.000,-52.404
95.113999,-625.000,-625.000,-625.000,-52.404
95.213999,-625.000,-625.000,-625.000,-52.404
95.313999,-625.000,-625.000,-625.000,-52.639
95.529000,-625.000,-625.000,-625.000,-52.639
95.543973,-625.000,-625.000,-625.000,-52.873
95.613999,-625.000,-625.000,-625.000,-52.404
95.713999,-625.000,-625.000,-625.000,-52.404
95.813999,-625.000,-625.000,-625.000,-52.170
95.913999,-625.000,-625.000,-625.000,-52.170
96.013999,-625.000,-625.000,-625.000,-52.639
96.113999,-625.000,-625.000,-625.000,-52.639
96.213999,-625.000,-625.000,-625.000,-52.639
96.313999,-625.000,-625.000,-625.000,-52.873
96.530000,-625.000,-625.000,-625.000,-52.404
96.544974,-625.000,-625.000,-625.000,-52.639
96.613999,-625.000,-625.000,-625.000,-52.404
96.713999,-625.000,-625.000,-625.000,-52.639
96.813999,-625.000,-625.000,-625.000,-52.404
96.913999,-625.000,-625.000,-625.000,-52.639
97.013999,-625.000,-625.000,-625.000,-52.639
97.113999,-625.000,-625.000,-625.000,-52.873
97.213999,-625.000,-625.000,-625.000,-52.404
97.313999,-625.000,-625.000,-625.000,-52.404
97.530001,-625.000,-625.000,-625.000,-52.639
97.544974,-625.000,-625.000,-625.000,-52.639
97.613999,-625.000,-625.000,-625.000,-52.639
97.713999,-625.000,-625.000,-625.000,-52.873
97.813999,-625.000,-625.000,-625.000,-52.404
97.913999,-625.000,-625.000,-625.000,-52.639
98.013999,-625.000,-625.000,-625.000,-52.639
98.113999,-625.000,-625.000,-625.000,-52.404
98.213999,-625.000,-625.000,-625.000,-52.873
98.313999,-625.000,-625.000,-625.000,-52.639
98.530000,-625.000,-625.000,-625.000,-52.404
98.544974,-625.000,-625.000,-625.000,-52.873
98.613999,-625.000,-625.000,-625.000,-52.639
98.713999,-625.000,-625.000,-625.000,-52.639
98.813999,-625.000,-625.000,-625.000,-52.404
98.913999,-625.000,-625.000,-625.000,-52.873
99.013999,-625.000,-625.000,-625.000,-52.404
99.113999,-625.000,-625.000,-625.000,-52.404
99.213999,-625.000,-625.000,-625.000,-52.873
99.313999,-625.000,-625.000,-625.000,-52.639
99.530000,-625.000,-625.000,-625.000,-52.404
99.544974,-625.000,-625.000,-625.000,-52.873
99.613999,-625.000,-625.000,-625.000,-52.639
99.713999,-625.000,-625.000,-625.000,-52.404
99.813999,-625.000,-625.000,-625.000,-52.873
99.913999,-625.000,-625.000,-625.000,-52.873
100.013999,-625.000,-625.000,-625.000,-52.873
100.113999,-625.000,-625.000,-625.000,-52.873
100.213999,-625.000,-625.000,-625.000,-52.639
100.313999,-625.000,-625.000,-625.000,-52.639
100.530000,-625.000,-625.000,-625.000,-52.639
100.544974,-625.000,-625.000,-625.000,-52.873
100.613999,-625.000,-625.000,-625.000,-52.639
100.713999,-625.000,-625.000,-625.000,-52.639
100.813999,-625.000,-625.000,-625.000,-52.639
100.913999,-625.000,-625.000,-625.000,-52.639
101.013999,-625.000,-625.000,-625.000,-53.108
101.113999,-625.000,-625.000,-625.000,-52.639
101.213999,-625.000,-625.000,-625.000,-52.873
101.313999,-625.000,-625.000,-625.000,-52.639
101.530000,-625.000,-625.000,-625.000,-52.873
101.544974,-625.000,-625.000,-625.000,-52.873
101.613999,-625.000,-625.000,-625.000,-52.639
101.713999,-625.000,-625.000,-625.000,-53.108
101.813999,-625.000,-625.000,-625.000,-52.639
101.913999,-625.000,-625.000,-625.000,-52.873
102.013999,-625.000,-625.000,-625.000,-52.873
102.113999,-625.000,-625.000,-625.000,-52.873
102.213999,-625.000,-625.000,-625.000,-52.873
102.313999,-625.000,-625.000,-625.000,-52.873
102.530000,-625.000,-625.000,-625.000,-52.873
102.544974,-625.000,-625.000,-625.000,-52.873
102.613999,-625.000,-625.000,-625.000,-52.873
102.713999,-625.000,-625.000,-625.000,-52.639
102.813999,-625.000,-625.000,-625.000,-52.873
102.913999,-625.000,-625.000,-625.000,-53.108
103.013999,-625.000,-625.000,-625.000,-52.639
103.113999,-625.000,-625.000,-625.000,-52.639
103.213999,-625.000,-625.000,-625.000,-52.873
103.313999,-625.000,-625.000,-625.000,-52.639
103.530000,-625.000,-625.000,-625.000,-52.873
103.544974,-625.000,-625.000,-625.000,-52.404
103.613999,-625.000,-625.000,-625.000,-52.873
103.713999,-625.000,-625.000,-625.000,-52.873
103.813999,-625.000,-625.000,-625.000,-52.639
103.913999,-625.000,-625.000,-625.000,-52.873
104.013999,-625.000,-625.000,-625.000,-52.873
104.113999,-625.000,-625.000,-625.000,-52.639
104.213999,-625.000,-625.000,-625.000,-53.108
104.313999,-625.000,-625.000,-625.000,-53.108
104.530001,-625.000,-625.000,-625.000,-52.873
104.544974,-625.000,-625.000,-625.000,-52.639
104.613999,-625.000,-625.000,-625.000,-52.639
104.713999,-625.000,-625.000,-625.000,-52.873
104.813999,-625.000,-625.000,-625.000,-52.873
104.913999,-625.000,-625.000,-625.000,-53.108
105.013999,-625.000,-625.000,-625.000,-52.873
105.113999,-625.000,-625.000,-625.000,-53.342
105.213999,-625.000,-625.000,-625.000,-52.873
105.313999,-625.000,-625.000,-625.000,-52.873
105.530000,-625.000,-625.000,-625.000,-52.873
105.544973,-625.000,-625.000,-625.000,-53.108
105.613999,-625.000,-625.000,-625.000,-53.108
105.713999,-625.000,-625.000,-625.000,-52.639
105.813999,-625.000,-625.000,-625.000,-53.108
105.913999,-625.000,-625.000,-625.000,-52.873
106.013999,-625.000,-625.000,-625.000,-53.108
106.113999,-625.000,-625.000,-625.000,-52.873
106.213999,-625.000,-625.000,-625.000,-53.108
106.313999,-625.000,-625.000,-625.000,-52.639
106.530000,-625.000,-625.000,-625.000,-53.342
106.544974,-625.000,-625.000,-625.000,-52.873
106.613999,-625.000,-625.000,-625.000,-52.873
106.713999,-625.000,-625.000,-625.000,-52.639
106.813999,-625.000,-625.000,-625.000,-53.108
106.913999,-625.000,-625.000,-625.000,-53.108
107.013999,-625.000,-625.000,-625.000,-52.873
107.113999,-625.000,-625.000,-625.000,-53.108
107.213999,-625.000,-625.000,-625.000,-52.873
107.313999,-625.000,-625.000,-625.000,-52.873
107.530001,-625.000,-625.000,-625.000,-53.108
107.544974,-625.000,-625.000,-625.000,-53.108
107.613999,-625.000,-625.000,-625.000,-52.873
107.713999,-625.000,-625.000,-625.000,-53.342
107.813999,-625.000,-625.000,-625.000,-53.108
107.913999,-625.000,-625.000,-625.000,-53.108
108.013999,-625.000,-625.000,-625.000,-52.873
108.113999,-625.000,-625.000,-625.000,-53.108
108.213999,-625.000,-625.000,-625.000,-52.873
108.313999,-625.000,-625.000,-625.000,-53.342
108.529000,-625.000,-625.000,-625.000,-53.108
108.543974,-625.000,-625.000,-625.000,-53.108
108.613999,-625.000,-625.000,-625.000,-53.108
108.713999,-625.000,-625.000,-625.000,-53.108
108.813999,-625.000,-625.000,-625.000,-53.108
108.913999,-625.000,-625.000,-625.000,-53.342
109.013999,-625.000,-625.000,-625.000,-53.108
109.113999,-625.000,-625.000,-625.000,-53.342
109.213999,-625.000,-625.000,-625.000,-53.108
109.313999,-625.000,-625.000,-625.000,-53.342
109.530000,-625.000,-625.000,-625.000,-53.108
109.544974,-625.000,-625.000,-625.000,-53.108
109.613999,-625.000,-625.000,-625.000,-53.108
109.713999,-625.000,-625.000,-625.000,-53.342
109.813999,-625.000,-625.000,-625.000,-53.342
109.913999,-625.000,-625.000,-625.000,-53.342
110.013999,-625.000,-625.000,-625.000,-53.108
110.113999,-625.000,-625.000,-625.000,-52.873
110.213999,-625.000,-625.000,-625.000,-53.108
110.313999,-625.000,-625.000,-625.000,-53.108
110.530001,-625.000,-625.000,-625.000,-53.342
110.544974,-625.000,-625.000,-625.000,-53.342
110.613999,-625.000,-625.000,-625.000,-53.108
110.713999,-625.000,-625.000,-625.000,-53.108
110.813999,-625.000,-625.000,-625.000,-52.873
110.913999,-625.000,-625.000,-625.000,-52.873
111.013999,-625.000,-625.000,-625.000,-53.342
111.113999,-625.000,-625.000,-625.000,-53.108
111.213999,-625.000,-625.000,-625.000,-53.108
111.313999,-625.000,-625.000,-625.000,-53.108
111.530001,-625.000,-625.000,-625.000,-53.108
111.544974,-625.000,-625.000,-625.000,-53.342
111.613999,-625.000,-625.000,-625.000,-53.108
111.713999,-625.000,-625.000,-625.000,-53.342
111.813999,-625.000,-625.000,-625.000,-53.342
111.913999,-625.000,-625.000,-625.000,-53.342
112.013999,-625.000,-625.000,-625.000,-53.108
112.113999,-625.000,-625.000,-625.000,-53.342
112.213999,-625.000,-625.000,-625.000,-53.576
112.313999,-625.000,-625.000,-625.000,-53.342
112.530001,-625.000,-625.000,-625.000,-53.342
112.544974,-625.000,-625.000,-625.000,-53.576
112.613999,-625.000,-625.000,-625.000,-53.342
112.713999,-625.000,-625.000,-625.000,-53.342
112.813999,-625.000,-625.000,-625.000,-53.108
112.913999,-625.000,-625.000,-625.000,-53.342
113.013999,-625.000,-625.000,-625.000,-53.342
113.113999,-625.000,-625.000,-625.000,-53.576
113.213999,-625.000,-625.000,-625.000,-52.873
113.313999,-625.000,-625.000,-625.000,-51.467
113.530000,-625.000,-625.000,-625.000,-51.701
113.544973,-625.000,-625.000,-625.000,-51.467
113.613999,-625.000,-625.000,-625.000,-51.936
113.713999,-625.000,-625.000,-625.000,-51.701
113.813999,-625.000,-625.000,-625.000,-51.701
113.913999,-625.000,-625.000,-625.000,-51.701
114.013999,-625.000,-625.000,-625.000,-51.701
114.113999,-625.000,-625.000,-625.000,-51.936
114.213999,-625.000,-625.000,-625.000,-51.701
114.313999,-625.000,-625.000,-625.000,-50.061
114.530000,-625.000,-625.000,-625.000,-50.061
114.544974,-625.000,-625.000,-625.000,-50.295
114.613999,-625.000,-625.000,-625.000,-50.061
114.713999,-625.000,-625.000,-625.000,-50.295
114.813999,-625.000,-625.000,-625.000,-50.295
114.913999,-625.000,-625.000,-625.000,-50.529
115.013999,-625.000,-625.000,-625.000,-50.295
115.113999,-625.000,-625.000,-625.000,-50.295
115.213999,-625.000,-625.000,-625.000,-49.357
115.313999,-625.000,-625.000,-625.000,-48.420
115.530000,-625.000,-625.000,-625.000,-48.654
115.544974,-625.000,-625.000,-625.000,-48.420
115.613999,-625.000,-625.000,-625.000,-48.889
115.713999,-625.000,-625.000,-625.000,-48.654
115.813999,-625.000,-625.000,-625.000,-49.123
115.913999,-625.000,-625.000,-625.000,-48.889
116.013999,-625.000,-625.000,-625.000,-49.123
116.113999,-625.000,-625.000,-625.000,-48.420
116.213999,-625.000,-625.000,-625.000,-47.014
116.313999,-625.000,-625.000,-625.000,-46.779
116.529001,-625.000,-625.000,-625.000,-46.779
116.543974,-625.000,-625.000,-625.000,-47.014
116.613999,-625.000,-625.000,-625.000,-47.248
116.713999,-625.000,-625.000,-625.000,-46.779
116.813999,-625.000,-625.000,-625.000,-47.248
116.913999,-625.000,-625.000,-625.000,-47.482
117.013999,-625.000,-625.000,-625.000,-46.779
117.113999,-625.000,-625.000,-625.000,-44.904
117.213999,-625.000,-625.000,-625.000,-44.435
117.313999,-625.000,-625.000,-625.000,-44.435
117.530000,-625.000,-625.000,-625.000,-44.904
117.544974,-625.000,-625.000,-625.000,-45.139
117.613999,-625.000,-625.000,-625.000,-44.670
117.713999,-625.000,-625.000,-625.000,-44.670
117.813999,-625.000,-625.000,-625.000,-44.670
117.913999,-625.000,-625.000,-625.000,-43.263
118.013999,-625.000,-625.000,-625.000,-41.857
118.113999,-625.000,-625.000,-625.000,-42.092
118.213999,-625.000,-625.000,-625.000,-42.092
118.313999,-625.000,-625.000,-625.000,-42.092
118.529000,-625.000,-625.000,-625.000,-42.326
118.543973,-625.000,-625.000,-625.000,-42.326
118.613999,-625.000,-625.000,-625.000,-42.560
118.713999,-625.000,-625.000,-625.000,-41.388
118.813999,-625.000,-625.000,-625.000,-39.045
118.913999,-625.000,-625.000,-625.000,-38.576
119.013999,-625.000,-625.000,-625.000,-38.810
119.113999,-625.000,-625.000,-625.000,-38.810
119.213999,-625.000,-625.000,-625.000,-39.279
119.313999,-625.000,-625.000,-625.000,-39.279
119.530001,-625.000,-625.000,-625.000,-38.810
119.544974,-625.000,-625.000,-625.000,-38.576
119.613999,-625.000,-625.000,-625.000,-36.466
119.713999,-625.000,-625.000,-625.000,-35.763
119.813999,-625.000,-625.000,-625.000,-35.529
119.913999,-625.000,-625.000,-625.000,-35.998
120.013999,-625.000,-625.000,-625.000,-35.998
120.113999,-625.000,-625.000,-625.000,-35.998
120.213999,-625.000,-625.000,-625.000,-36.466
120.313999,-625.000,-625.000,-625.000,-36.232
120.530000,-625.000,-625.000,-625.000,-32.248
120.544974,-625.000,-625.000,-625.000,-31.544
120.613999,-625.000,-625.000,-625.000,-31.076
120.713999,-625.000,-625.000,-625.000,-32.013
120.813999,-625.000,-625.000,-625.000,-32.716
120.913999,-625.000,-625.000,-625.000,-32.013
121.013999,-625.000,-625.000,-625.000,-32.482
121.113999,-625.000,-625.000,-625.000,-32.482
121.213999,-625.000,-625.000,-625.000,-30.841
121.313999,-625.000,-625.000,-625.000,-28.732
121.529000,-625.000,-625.000,-625.000,-27.091
121.543974,-625.000,-625.000,-625.000,-27.326
121.613999,-625.000,-625.000,-625.000,-28.029
121.713999,-625.000,-625.000,-625.000,-27.794
121.813999,-625.000,-625.000,-625.000,-28.029
121.913999,-625.000,-625.000,-625.000,-28.497
122.013999,-625.000,-625.000,-625.000,-28.263
122.113999,-625.000,-625.000,-625.000,-24.747
122.213999,-625.000,-625.000,-625.000,-22.403
122.313999,-625.000,-625.000,-625.000,-22.403
122.530000,-625.000,-625.000,-625.000,-23.107
122.544974,-625.000,-625.000,-625.000,-23.107
122.613999,-625.000,-625.000,-625.000,-23.341
122.713999,-625.000,-625.000,-625.000,-23.575
122.813999,-625.000,-625.000,-625.000,-23.810
122.913999,-625.000,-625.000,-625.000,-19.122
123.013999,-625.000,-625.000,-625.000,-16.778
123.113999,-625.000,-625.000,-625.000,-18.419
123.213999,-625.000,-625.000,-625.000,-18.653
123.313999,-625.000,-625.000,-625.000,-18.653
123.530001,-625.000,-625.000,-625.000,-18.888
123.544974,-625.000,-625.000,-625.000,-19.122
123.613999,-625.000,-625.000,-625.000,-18.653
123.713999,-625.000,-625.000,-625.000,-15.372
123.813999,-625.000,-625.000,-625.000,-12.325
123.913999,-625.000,-625.000,-625.000,-11.622
124.013999,-625.000,-625.000,-625.000,-12.559
124.113999,-625.000,-625.000,-625.000,-13.028
124.213999,-625.000,-625.000,-625.000,-13.263
124.313999,-625.000,-625.000,-625.000,-13.263
124.530000,-625.000,-625.000,-625.000,-9.512
124.544974,-625.000,-625.000,-625.000,-9.044
124.613999,-625.000,-625.000,-625.000,-5.059
124.713999,-625.000,-625.000,-625.000,-3.887
124.813999,-625.000,-625.000,-625.000,-4.590
124.913999,-625.000,-625.000,-625.000,-5.528
125.013999,-625.000,-625.000,-625.000,-5.528
125.113999,-625.000,-625.000,-625.000,-6.231
125.213999,-625.000,-625.000,-625.000,-5.762
125.313999,-625.000,-625.000,-625.000,-5.294
125.530000,-625.000,-625.000,-625.000,3.847
125.544974,-625.000,-625.000,-625.000,5.019
125.613999,-625.000,-625.000,-625.000,5.722
125.713999,-625.000,-625.000,-625.000,6.426
125.813999,-625.000,-625.000,-625.000,5.957
125.913999,-625.000,-625.000,-625.000,5.254
126.013999,-625.000,-625.000,-625.000,5.254
126.113999,-625.000,-625.000,-625.000,5.254
126.213999,-625.000,-625.000,-625.000,5.488
126.313999,-625.000,-625.000,-625.000,4.785
126.530000,-625.000,-625.000,-625.000,4.785
126.544974,-625.000,-625.000,-625.000,5.488
126.613999,-625.000,-625.000,-625.000,8.066
126.713999,-625.000,-625.000,-625.000,13.691
126.813999,-625.000,-625.000,-625.000,19.785
126.913999,-625.000,-625.000,-625.000,22.832
127.013999,-625.000,-625.000,-625.000,20.488
127.113999,-625.000,-625.000,-625.000,19.551
127.213999,-625.000,-625.000,-625.000,19.551
127.313999,-625.000,-625.000,-625.000,19.785
127.530000,-625.000,-625.000,-625.000,19.082
127.544973,-625.000,-625.000,-625.000,19.082
127.613999,-625.000,-625.000,-625.000,19.317
127.713999,-625.000,-625.000,-625.000,18.848
127.813999,-625.000,-625.000,-625.000,19.082
127.913999,-625.000,-625.000,-625.000,22.832
128.013999,-625.000,-625.000,-625.000,29.864
128.113999,-625.000,-625.000,-625.000,37.364
128.213999,-625.000,-625.000,-625.000,41.348
128.313999,-625.000,-625.000,-625.000,40.177
128.530001,-625.000,-625.000,-625.000,39.239
128.544974,-625.000,-625.000,-625.000,39.005
128.613999,-625.000,-625.000,-625.000,38.536
128.713999,-625.000,-625.000,-625.000,38.770
128.813999,-625.000,-625.000,-625.000,38.301
128.913999,-625.000,-625.000,-625.000,38.067
129.013999,-625.000,-625.000,-625.000,42.989
129.113999,-625.000,-625.000,-625.000,43.458
129.213999,-625.000,-625.000,-625.000,46.036
129.313999,-625.000,-625.000,-625.000,48.380
129.529000,-625.000,-625.000,-625.000,56.583
129.543974,-625.000,-625.000,-625.000,56.818
129.613999,-625.000,-625.000,-625.000,60.333
129.713999,-625.000,-625.000,-625.000,64.318
129.813999,-625.000,-625.000,-625.000,63.615
129.913999,-625.000,-625.000,-625.000,64.318
130.013999,-625.000,-625.000,-625.000,63.146
130.113999,-625.000,-625.000,-625.000,63.146
130.213999,-625.000,-625.000,-625.000,62.443
130.313999,-625.000,-625.000,-625.000,62.208
130.530000,-625.000,-625.000,-625.000,61.974
130.544974,-625.000,-625.000,-625.000,61.740
130.613999,-625.000,-625.000,-625.000,61.974
130.713999,-625.000,-625.000,-625.000,61.505
130.813999,-625.000,-625.000,-625.000,61.505
130.913999,-625.000,-625.000,-625.000,61.037
131.013999,-625.000,-625.000,-625.000,60.802
131.113999,-625.000,-625.000,-625.000,61.037
131.213999,-625.000,-625.000,-625.000,60.568
131.313999,-625.000,-625.000,-625.000,60.333
131.530000,-625.000,-625.000,-625.000,60.099
131.544974,-625.000,-625.000,-625.000,60.099
131.613999,-625.000,-625.000,-625.000,60.099
131.713999,-625.000,-625.000,-625.000,59.865
131.813999,-625.000,-625.000,-625.000,59.865
131.913999,-625.000,-625.000,-625.000,60.099
132.013999,-625.000,-625.000,-625.000,61.037
132.113999,-625.000,-625.000,-625.000,61.740
132.213999,-625.000,-625.000,-625.000,61.505
132.313999,-625.000,-625.000,-625.000,61.271
132.529001,-625.000,-625.000,-625.000,61.037
132.543974,-625.000,-625.000,-625.000,61.271
132.613999,-625.000,-625.000,-625.000,61.037
132.713999,-625.000,-625.000,-625.000,60.568
132.813999,-625.000,-625.000,-625.000,60.802
132.913999,-625.000,-625.000,-625.000,60.333
133.013999,-625.000,-625.000,-625.000,60.568
133.113999,-625.000,-625.000,-625.000,60.099
133.213999,-625.000,-625.000,-625.000,60.099
133.313999,-625.000,-625.000,-625.000,59.865
133.530000,-625.000,-625.000,-625.000,59.630
133.544974,-625.000,-625.000,-625.000,59.630
133.613999,-625.000,-625.000,-625.000,59.630
133.713999,-625.000,-625.000,-625.000,59.396
133.813999,-625.000,-625.000,-625.000,59.630
133.913999,-625.000,-625.000,-625.000,59.396
134.013999,-625.000,-625.000,-625.000,58.693
134.113999,-625.000,-625.000,-625.000,58.693
134.213999,-625.000,-625.000,-625.000,59.162
134.313999,-625.000,-625.000,-625.000,58.927
134.529001,-625.000,-625.000,-625.000,58.458
134.543974,-625.000,-625.000,-625.000,58.927
134.613999,-625.000,-625.000,-625.000,58.693
134.713999,-625.000,-625.000,-625.000,58.693
134.813999,-625.000,-625.000,-625.000,57.990
134.913999,-625.000,-625.000,-625.000,57.990
135.013999,-625.000,-625.000,-625.000,58.224
135.113999,-625.000,-625.000,-625.000,57.755
135.213999,-625.000,-625.000,-625.000,57.521
135.313999,-625.000,-625.000,-625.000,57.755
135.530001,-625.000,-625.000,-625.000,57.521
135.544974,-625.000,-625.000,-625.000,57.521
135.613999,-625.000,-625.000,-625.000,57.286
135.713999,-625.000,-625.000,-625.000,57.286
135.813999,-625.000,-625.000,-625.000,57.052
135.913999,-625.000,-625.000,-625.000,57.286
136.013999,-625.000,-625.000,-625.000,56.818
136.113999,-625.000,-625.000,-625.000,56.583
136.213999,-625.000,-625.000,-625.000,56.583
136.313999,-625.000,-625.000,-625.000,56.583
136.530001,-625.000,-625.000,-625.000,56.115
136.544974,-625.000,-625.000,-625.000,56.349
136.613999,-625.000,-625.000,-625.000,56.349
136.713999,-625.000,-625.000,-625.000,56.349
136.813999,-625.000,-625.000,-625.000,56.349
136.913999,-625.000,-625.000,-625.000,56.115
137.013999,-625.000,-625.000,-625.000,55.880
137.113999,-625.000,-625.000,-625.000,55.880
137.213999,-625.000,-625.000,-625.000,55.646
137.313999,-625.000,-625.000,-625.000,55.646
137.530000,-625.000,-625.000,-625.000,55.177
137.544974,-625.000,-625.000,-625.000,55.411
137.613999,-625.000,-625.000,-625.000,55.177
137.713999,-625.000,-625.000,-625.000,54.943
137.813999,-625.000,-625.000,-625.000,55.177
137.913999,-625.000,-625.000,-625.000,54.943
138.013999,-625.000,-625.000,-625.000,54.708
138.113999,-625.000,-625.000,-625.000,54.474
138.213999,-625.000,-625.000,-625.000,54.474
138.313999,-625.000,-625.000,-625.000,54.474
138.530000,-625.000,-625.000,-625.000,54.474
138.544974,-625.000,-625.000,-625.000,54.239
138.613999,-625.000,-625.000,-625.000,54.474
138.713999,-625.000,-625.000,-625.000,54.005
138.813999,-625.000,-625.000,-625.000,54.239
138.913999,-625.000,-625.000,-625.000,54.005
139.013999,-625.000,-625.000,-625.000,54.239
139.113999,-625.000,-625.000,-625.000,53.536
139.213999,-625.000,-625.000,-625.000,53.536
139.313999,-625.000,-625.000,-625.000,53.771
139.530000,-625.000,-625.000,-625.000,53.536
139.544974,-625.000,-625.000,-625.000,53.536
139.613999,-625.000,-625.000,-625.000,53.302
139.713999,-625.000,-625.000,-625.000,53.068
139.813999,-625.000,-625.000,-625.000,53.068
139.913999,-625.000,-625.000,-625.000,53.068
140.013999,-625.000,-625.000,-625.000,53.068
140.113999,-625.000,-625.000,-625.000,52.364
140.213999,-625.000,-625.000,-625.000,52.833
140.313999,-625.000,-625.000,-625.000,52.599
140.530000,-625.000,-625.000,-625.000,52.833
140.544973,-625.000,-625.000,-625.000,52.599
140.613999,-625.000,-625.000,-625.000,52.130
140.713999,-625.000,-625.000,-625.000,52.130
140.813999,-625.000,-625.000,-625.000,52.130
140.913999,-625.000,-625.000,-625.000,52.130
141.013999,-625.000,-625.000,-625.000,52.130
141.113999,-625.000,-625.000,-625.000,52.130
141.213999,-625.000,-625.000,-625.000,52.364
141.313999,-625.000,-625.000,-625.000,51.661
141.530000,-625.000,-625.000,-625.000,51.427
141.544974,-625.000,-625.000,-625.000,51.896
141.613999,-625.000,-625.000,-625.000,51.661
141.713999,-625.000,-625.000,-625.000,51.193
141.813999,-625.000,-625.000,-625.000,51.661
141.913999,-625.000,-625.000,-625.000,50.958
142.013999,-625.000,-625.000,-625.000,51.193
142.113999,-625.000,-625.000,-625.000,50.958
142.213999,-625.000,-625.000,-625.000,50.724
142.313999,-625.000,-625.000,-625.000,50.958
142.530001,-625.000,-625.000,-625.000,50.489
142.544974,-625.000,-625.000,-625.000,50.958
142.613999,-625.000,-625.000,-625.000,50.724
142.713999,-625.000,-625.000,-625.000,50.255
142.813999,-625.000,-625.000,-625.000,50.255
142.913999,-625.000,-625.000,-625.000,50.489
143.013999,-625.000,-625.000,-625.000,50.255
143.113999,-625.000,-625.000,-625.000,50.255
143.213999,-625.000,-625.000,-625.000,50.255
143.313999,-625.000,-625.000,-625.000,50.021
143.530000,-625.000,-625.000,-625.000,49.552
143.544974,-625.000,-625.000,-625.000,49.786
143.613999,-625.000,-625.000,-625.000,50.021
143.713999,-625.000,-625.000,-625.000,49.786
143.813999,-625.000,-625.000,-625.000,49.317
143.913999,-625.000,-625.000,-625.000,49.317
144.013999,-625.000,-625.000,-625.000,49.317
144.113999,-625.000,-625.000,-625.000,49.552
144.213999,-625.000,-625.000,-625.000,49.552
144.313999,-625.000,-625.000,-625.000,49.083
144.530000,-625.000,-625.000,-625.000,48.849
144.544974,-625.000,-625.000,-625.000,49.083
144.613999,-625.000,-625.000,-625.000,48.849
144.713999,-625.000,-625.000,-625.000,48.614
144.813999,-625.000,-625.000,-625.000,48.614
144.913999,-625.000,-625.000,-625.000,48.614
145.013999,-625.000,-625.000,-625.000,48.614
145.113999,-625.000,-625.000,-625.000,48.849
145.213999,-625.000,-625.000,-625.000,48.380
145.313999,-625.000,-625.000,-625.000,48.380
145.530001,-625.000,-625.000,-625.000,48.146
145.544974,-625.000,-625.000,-625.000,48.146
145.613999,-625.000,-625.000,-625.000,48.146
145.713999,-625.000,-625.000,-625.000,47.911
145.813999,-625.000,-625.000,-625.000,47.911
145.913999,-625.000,-625.000,-625.000,47.677
146.013999,-625.000,-625.000,-625.000,47.442
146.113999,-625.000,-625.000,-625.000,47.911
146.213999,-625.000,-625.000,-625.000,47.442
146.313999,-625.000,-625.000,-625.000,47.442
146.530000,-625.000,-625.000,-625.000,47.208
146.544974,-625.000,-625.000,-625.000,47.442
146.613999,-625.000,-625.000,-625.000,47.442
146.713999,-625.000,-625.000,-625.000,46.974
146.813999,-625.000,-625.000,-625.000,46.739
146.913999,-625.000,-625.000,-625.000,47.208
147.013999,-625.000,-625.000,-625.000,46.739
147.113999,-625.000,-625.000,-625.000,46.739
147.213999,-625.000,-625.000,-625.000,46.739
147.313999,-625.000,-625.000,-625.000,46.505
147.529000,-625.000,-625.000,-625.000,46.505
147.543974,-625.000,-625.000,-625.000,46.739
147.613999,-625.000,-625.000,-625.000,46.505
147.713999,-625.000,-625.000,-625.000,46.270
147.813999,-625.000,-625.000,-625.000,46.270
147.913999,-625.000,-625.000,-625.000,46.270
148.013999,-625.000,-625.000,-625.000,46.036
148.113999,-625.000,-625.000,-625.000,46.036
148.213999,-625.000,-625.000,-625.000,45.802
148.313999,-625.000,-625.000,-625.000,45.802
148.530000,-625.000,-625.000,-625.000,45.802
148.544974,-625.000,-625.000,-625.000,45.802
148.613999,-625.000,-625.000,-625.000,46.036
148.713999,-625.000,-625.000,-625.000,45.567
148.813999,-625.000,-625.000,-625.000,45.567
148.913999,-625.000,-625.000,-625.000,45.333
149.013999,-625.000,-625.000,-625.000,45.333
149.113999,-625.000,-625.000,-625.000,45.099
149.213999,-625.000,-625.000,-625.000,45.567
149.313999,-625.000,-625.000,-625.000,44.864
149.530001,-625.000,-625.000,-625.000,44.864
149.544974,-625.000,-625.000,-625.000,45.099
149.613999,-625.000,-625.000,-625.000,45.099
149.713999,-625.000,-625.000,-625.000,44.864
149.813999,-625.000,-625.000,-625.000,45.099
149.913999,-625.000,-625.000,-625.000,44.630
150.013999,-625.000,-625.000,-625.000,44.630
150.113999,-625.000,-625.000,-625.000,44.395
150.213999,-625.000,-625.000,-625.000,44.630
150.313999,-625.000,-625.000,-625.000,44.161
150.530000,-625.000,-625.000,-625.000,44.161
150.544974,-625.000,-625.000,-625.000,44.395
150.613999,-625.000,-625.000,-625.000,43.927
150.713999,-625.000,-625.000,-625.000,43.927
150.813999,-625.000,-625.000,-625.000,43.692
150.913999,-625.000,-625.000,-625.000,43.692
151.013999,-625.000,-625.000,-625.000,43.927
151.113999,-625.000,-625.000,-625.000,43.927
151.213999,-625.000,-625.000,-625.000,43.692
151.313999,-625.000,-625.000,-625.000,43.927
151.530000,-625.000,-625.000,-625.000,43.927
151.544974,-625.000,-625.000,-625.000,43.458
151.613999,-625.000,-625.000,-625.000,43.224
151.713999,-625.000,-625.000,-625.000,43.224
151.813999,-625.000,-625.000,-625.000,43.224
151.913999,-625.000,-625.000,-625.000,42.989
152.013999,-625.000,-625.000,-625.000,43.224
152.113999,-625.000,-625.000,-625.000,43.224
152.213999,-625.000,-625.000,-625.000,42.989
152.313999,-625.000,-625.000,-625.000,42.755
152.530000,-625.000,-625.000,-625.000,42.520
152.544973,-625.000,-625.000,-625.000,42.755
152.613999,-625.000,-625.000,-625.000,42.989
152.713999,-625.000,-625.000,-625.000,42.755
152.813999,-625.000,-625.000,-625.000,42.755
152.913999,-625.000,-625.000,-625.000,42.520
153.013999,-625.000,-625.000,-625.000,42.286
153.113999,-625.000,-625.000,-625.000,42.052
153.213999,-625.000,-625.000,-625.000,42.286
153.313999,-625.000,-625.000,-625.000,42.286
153.530000,-625.000,-625.000,-625.000,42.052
153.544974,-625.000,-625.000,-625.000,42.052
153.613999,-625.000,-625.000,-625.000,42.052
153.713999,-625.000,-625.000,-625.000,41.583
153.813999,-625.000,-625.000,-625.000,41.817
153.913999,-625.000,-625.000,-625.000,41.817
154.013999,-625.000,-625.000,-625.000,41.583
154.113999,-625.000,-625.000,-625.000,41.817
154.213999,-625.000,-625.000,-625.000,41.583
154.313999,-625.000,-625.000,-625.000,41.348
154.530000,-625.000,-625.000,-625.000,41.114
154.544974,-625.000,-625.000,-625.000,41.348
154.613999,-625.000,-625.000,-625.000,41.114
154.713999,-625.000,-625.000,-625.000,41.114
154.813999,-625.000,-625.000,-625.000,41.348
154.913999,-625.000,-625.000,-625.000,41.348
155.013999,-625.000,-625.000,-625.000,40.880
155.113999,-625.000,-625.000,-625.000,41.114
155.213999,-625.000,-625.000,-625.000,41.114
155.313999,-625.000,-625.000,-625.000,41.114
155.530000,-625.000,-625.000,-625.000,40.411
155.544973,-625.000,-625.000,-625.000,40.645
155.613999,-625.000,-625.000,-625.000,40.880
155.713999,-625.000,-625.000,-625.000,40.411
155.813999,-625.000,-625.000,-625.000,40.645
155.913999,-625.000,-625.000,-625.000,40.411
156.013999,-625.000,-625.000,-625.000,40.411
156.113999,-625.000,-625.000,-625.000,40.411
156.213999,-625.000,-625.000,-625.000,40.177
156.313999,-625.000,-625.000,-625.000,40.177
156.530000,-625.000,-625.000,-625.000,39.942
156.544973,-625.000,-625.000,-625.000,39.942
156.613999,-625.000,-625.000,-625.000,39.708
156.713999,-625.000,-625.000,-625.000,39.708
156.813999,-625.000,-625.000,-625.000,39.708
156.913999,-625.000,-625.000,-625.000,39.708
157.013999,-625.000,-625.000,-625.000,39.473
157.113999,-625.000,-625.000,-625.000,39.708
157.213999,-625.000,-625.000,-625.000,39.473
157.313999,-625.000,-625.000,-625.000,39.473
157.530000,-625.000,-625.000,-625.000,39.005
157.544974,-625.000,-625.000,-625.000,39.239
157.613999,-625.000,-625.000,-625.000,39.239
157.713999,-625.000,-625.000,-625.000,39.473
157.813999,-625.000,-625.000,-625.000,39.005
157.913999,-625.000,-625.000,-625.000,39.239
158.013999,-625.000,-625.000,-625.000,39.005
158.113999,-625.000,-625.000,-625.000,39.005
158.213999,-625.000,-625.000,-625.000,39.005
158.313999,-625.000,-625.000,-625.000,39.005
158.529000,-625.000,-625.000,-625.000,38.536
158.543974,-625.000,-625.000,-625.000,38.536
158.613999,-625.000,-625.000,-625.000,38.536
158.713999,-625.000,-625.000,-625.000,38.536
158.813999,-625.000,-625.000,-625.000,38.770
158.913999,-625.000,-625.000,-625.000,38.770
159.013999,-625.000,-625.000,-625.000,38.301
159.113999,-625.000,-625.000,-625.000,38.301
159.213999,-625.000,-625.000,-625.000,38.067
159.313999,-625.000,-625.000,-625.000,38.067
159.530000,-625.000,-625.000,-625.000,38.067
159.544973,-625.000,-625.000,-625.000,38.067
159.613999,-625.000,-625.000,-625.000,38.067
159.713999,-625.000,-625.000,-625.000,38.067
159.813999,-625.000,-625.000,-625.000,37.833
159.913999,-625.000,-625.000,-625.000,37.833
160.013999,-625.000,-625.000,-625.000,38.067
160.113999,-625.000,-625.000,-625.000,37.598
160.213999,-625.000,-625.000,-625.000,37.598
160.313999,-625.000,-625.000,-625.000,37.833
160.529000,-625.000,-625.000,-625.000,37.364
160.543974,-625.000,-625.000,-625.000,37.364
160.613999,-625.000,-625.000,-625.000,37.130
160.713999,-625.000,-625.000,-625.000,37.364
160.813999,-625.000,-625.000,-625.000,37.364
160.913999,-625.000,-625.000,-625.000,37.364
161.013999,-625.000,-625.000,-625.000,36.895
161.113999,-625.000,-625.000,-625.000,37.130
161.213999,-625.000,-625.000,-625.000,37.598
161.313999,-625.000,-625.000,-625.000,36.895
161.530000,-625.000,-625.000,-625.000,36.661
161.544974,-625.000,-625.000,-625.000,37.130
161.613999,-625.000,-625.000,-625.000,36.895
161.713999,-625.000,-625.000,-625.000,36.895
161.813999,-625.000,-625.000,-625.000,36.895
161.913999,-625.000,-625.000,-625.000,36.426
162.013999,-625.000,-625.000,-625.000,36.426
162.113999,-625.000,-625.000,-625.000,36.426
162.213999,-625.000,-625.000,-625.000,36.426
162.313999,-625.000,-625.000,-625.000,36.192
162.530001,-625.000,-625.000,-625.000,36.426
162.544974,-625.000,-625.000,-625.000,36.661
162.613999,-625.000,-625.000,-625.000,36.192
162.713999,-625.000,-625.000,-625.000,35.958
162.813999,-625.000,-625.000,-625.000,36.192
162.913999,-625.000,-625.000,-625.000,36.192
163.013999,-625.000,-625.000,-625.000,36.426
163.113999,-625.000,-625.000,-625.000,35.723
163.213999,-625.000,-625.000,-625.000,35.489
163.313999,-625.000,-625.000,-625.000,35.958
163.529000,-625.000,-625.000,-625.000,35.958
163.543974,-625.000,-625.000,-625.000,35.723
163.613999,-625.000,-625.000,-625.000,35.958
163.713999,-625.000,-625.000,-625.000,35.723
163.813999,-625.000,-625.000,-625.000,35.255
163.913999,-625.000,-625.000,-625.000,35.489
164.013999,-625.000,-625.000,-625.000,35.255
164.113999,-625.000,-625.000,-625.000,35.255
164.213999,-625.000,-625.000,-625.000,35.723
164.313999,-625.000,-625.000,-625.000,35.489
164.530000,-625.000,-625.000,-625.000,35.020
164.544973,-625.000,-625.000,-625.000,35.020
164.613999,-625.000,-625.000,-625.000,35.020
164.713999,-625.000,-625.000,-625.000,35.020
164.813999,-625.000,-625.000,-625.000,35.020
164.913999,-625.000,-625.000,-625.000,34.786
165.013999,-625.000,-625.000,-625.000,34.551
165.113999,-625.000,-625.000,-625.000,34.551
165.213999,-625.000,-625.000,-625.000,34.786
165.313999,-625.000,-625.000,-625.000,34.317
165.530000,-625.000,-625.000,-625.000,34.551
165.544973,-625.000,-625.000,-625.000,34.786
165.613999,-625.000,-625.000,-625.000,34.551
165.713999,-625.000,-625.000,-625.000,34.551
165.813999,-625.000,-625.000,-625.000,34.317
165.913999,-625.000,-625.000,-625.000,34.551
166.013999,-625.000,-625.000,-625.000,34.083
166.113999,-625.000,-625.000,-625.000,34.551
166.213999,-625.000,-625.000,-625.000,34.317
166.313999,-625.000,-625.000,-625.000,34.083
166.530000,-625.000,-625.000,-625.000,34.317
166.544973,-625.000,-625.000,-625.000,34.083
166.613999,-625.000,-625.000,-625.000,34.083
166.713999,-625.000,-625.000,-625.000,34.083
166.813999,-625.000,-625.000,-625.000,33.614
166.913999,-625.000,-625.000,-625.000,33.848
167.013999,-625.000,-625.000,-625.000,33.614
167.113999,-625.000,-625.000,-625.000,33.848
167.213999,-625.000,-625.000,-625.000,33.848
167.313999,-625.000,-625.000,-625.000,33.614
167.530000,-625.000,-625.000,-625.000,32.911
167.544974,-625.000,-625.000,-625.000,32.911
167.613999,-625.000,-625.000,-625.000,32.676
167.713999,-625.000,-625.000,-625.000,31.973
167.813999,-625.000,-625.000,-625.000,31.739
167.913999,-625.000,-625.000,-625.000,31.036
168.013999,-625.000,-625.000,-625.000,30.567
168.113999,-625.000,-625.000,-625.000,29.629
168.213999,-625.000,-625.000,-625.000,29.395
168.313999,-625.000,-625.000,-625.000,28.926
168.529000,-625.000,-625.000,-625.000,27.520
168.543974,-625.000,-625.000,-625.000,27.520
168.613999,-625.000,-625.000,-625.000,27.286
168.713999,-625.000,-625.000,-625.000,26.817
168.813999,-625.000,-625.000,-625.000,26.114
168.913999,-625.000,-625.000,-625.000,25.645
169.013999,-625.000,-625.000,-625.000,24.707
169.113999,-625.000,-625.000,-625.000,24.239
169.213999,-625.000,-625.000,-625.000,23.770
169.313999,-625.000,-625.000,-625.000,23.301
169.530000,-625.000,-625.000,-625.000,21.895
169.544974,-625.000,-625.000,-625.000,21.426
169.613999,-625.000,-625.000,-625.000,21.426
169.713999,-625.000,-625.000,-625.000,20.723
169.813999,-625.000,-625.000,-625.000,20.254
169.913999,-625.000,-625.000,-625.000,19.785
170.013999,-625.000,-625.000,-625.000,19.317
170.113999,-625.000,-625.000,-625.000,18.145
170.213999,-625.000,-625.000,-625.000,17.910
170.313999,-625.000,-625.000,-625.000,17.441
170.530000,-625.000,-625.000,-625.000,16.035
170.544974,-625.000,-625.000,-625.000,16.035
170.613999,-625.000,-625.000,-625.000,15.566
170.713999,-625.000,-625.000,-625.000,15.098
170.813999,-625.000,-625.000,-625.000,14.629
170.913999,-625.000,-625.000,-625.000,13.926
171.013999,-625.000,-625.000,-625.000,13.691
171.113999,-625.000,-625.000,-625.000,13.223
171.213999,-625.000,-625.000,-625.000,12.988
171.313999,-625.000,-625.000,-625.000,12.285
171.530000,-625.000,-625.000,-625.000,11.348
171.544974,-625.000,-625.000,-625.000,11.582
171.613999,-625.000,-625.000,-625.000,11.816
171.713999,-625.000,-625.000,-625.000,11.348
171.813999,-625.000,-625.000,-625.000,11.113
171.913999,-625.000,-625.000,-625.000,10.644
172.013999,-625.000,-625.000,-625.000,10.644
172.113999,-625.000,-625.000,-625.000,10.410
172.213999,-625.000,-625.000,-625.000,10.410
172.313999,-625.000,-625.000,-625.000,10.176
172.530000,-625.000,-625.000,-625.000,10.410
172.544974,-625.000,-625.000,-625.000,10.410
172.613999,-625.000,-625.000,-625.000,10.176
172.713999,-625.000,-625.000,-625.000,10.410
172.813999,-625.000,-625.000,-625.000,10.410
172.913999,-625.000,-625.000,-625.000,10.410
173.013999,-625.000,-625.000,-625.000,10.176
173.113999,-625.000,-625.000,-625.000,10.176
173.213999,-625.000,-625.000,-625.000,10.644
173.313999,-625.000,-625.000,-625.000,10.410
173.530000,-625.000,-625.000,-625.000,10.176
173.544973,-625.000,-625.000,-625.000,10.176
173.613999,-625.000,-625.000,-625.000,10.176
173.713999,-625.000,-625.000,-625.000,9.941
173.813999,-625.000,-625.000,-625.000,10.410
173.913999,-625.000,-625.000,-625.000,10.176
174.013999,-625.000,-625.000,-625.000,10.176
174.113999,-625.000,-625.000,-625.000,9.941
174.213999,-625.000,-625.000,-625.000,10.410
174.313999,-625.000,-625.000,-625.000,9.941
174.530001,-625.000,-625.000,-625.000,9.941
174.544973,-625.000,-625.000,-625.000,10.176
174.613999,-625.000,-625.000,-625.000,9.941
174.713999,-625.000,-625.000,-625.000,10.176
174.813999,-625.000,-625.000,-625.000,9.941
174.913999,-625.000,-625.000,-625.000,9.941
175.013999,-625.000,-625.000,-625.000,9.707
175.113999,-625.000,-625.000,-625.000,9.707
175.213999,-625.000,-625.000,-625.000,9.707
175.313999,-625.000,-625.000,-625.000,9.941
175.530000,-625.000,-625.000,-625.000,9.472
175.544974,-625.000,-625.000,-625.000,9.707
175.613999,-625.000,-625.000,-625.000,9.707
175.713999,-625.000,-625.000,-625.000,9.941
175.813999,-625.000,-625.000,-625.000,9.707
175.913999,-625.000,-625.000,-625.000,9.707
176.013999,-625.000,-625.000,-625.000,9.707
176.113999,-625.000,-625.000,-625.000,9.472
176.213999,-625.000,-625.000,-625.000,9.472
176.313999,-625.000,-625.000,-625.000,9.472
176.530000,-625.000,-625.000,-625.000,9.941
176.544974,-625.000,-625.000,-625.000,9.472
176.613999,-625.000,-625.000,-625.000,9.707
176.713999,-625.000,-625.000,-625.000,9.472
176.813999,-625.000,-625.000,-625.000,9.941
176.913999,-625.000,-625.000,-625.000,9.707
177.013999,-625.000,-625.000,-625.000,9.472
177.113999,-625.000,-625.000,-625.000,9.472
177.213999,-625.000,-625.000,-625.000,9.472
177.313999,-625.000,-625.000,-625.000,9.472
177.530000,-625.000,-625.000,-625.000,9.238
177.544974,-625.000,-625.000,-625.000,9.238
177.613999,-625.000,-625.000,-625.000,9.238
177.713999,-625.000,-625.000,-625.000,9.472
177.813999,-625.000,-625.000,-625.000,9.472
177.913999,-625.000,-625.000,-625.000,9.238
178.013999,-625.000,-625.000,-625.000,9.472
178.113999,-625.000,-625.000,-625.000,8.769
178.213999,-625.000,-625.000,-625.000,9.238
178.313999,-625.000,-625.000,-625.000,9.238
178.530000,-625.000,-625.000,-625.000,9.004
178.544974,-625.000,-625.000,-625.000,8.769
178.613999,-625.000,-625.000,-625.000,9.238
178.713999,-625.000,-625.000,-625.000,9.004
178.813999,-625.000,-625.000,-625.000,9.238
178.913999,-625.000,-625.000,-625.000,9.238
179.013999,-625.000,-625.000,-625.000,8.769
179.113999,-625.000,-625.000,-625.000,8.769
179.213999,-625.000,-625.000,-625.000,9.238
179.313999,-625.000,-625.000,-625.000,9.238
179.530000,-625.000,-625.000,-625.000,9.004
179.544974,-625.000,-625.000,-625.000,9.004
179.613999,-625.000,-625.000,-625.000,8.769
179.713999,-625.000,-625.000,-625.000,9.004
179.813999,-625.000,-625.000,-625.000,8.769
179.913999,-625.000,-625.000,-625.000,8.769
180.013999,-625.000,-625.000,-625.000,8.769
180.113999,-625.000,-625.000,-625.000,8.535
180.213999,-625.000,-625.000,-625.000,8.535
180.313999,-625.000,-625.000,-625.000,8.769
180.530000,-625.000,-625.000,-625.000,8.535
180.544974,-625.000,-625.000,-625.000,8.301
180.613999,-625.000,-625.000,-625.000,8.769
180.713999,-625.000,-625.000,-625.000,8.535
180.813999,-625.000,-625.000,-625.000,8.301
180.913999,-625.000,-625.000,-625.000,8.301
181.013999,-625.000,-625.000,-625.000,8.301
181.113999,-625.000,-625.000,-625.000,8.769
181.213999,-625.000,-625.000,-625.000,8.535
181.313999,-625.000,-625.000,-625.000,8.769
181.529000,-625.000,-625.000,-625.000,8.066
181.543974,-625.000,-625.000,-625.000,8.535
181.613999,-625.000,-625.000,-625.000,8.535
181.713999,-625.000,-625.000,-625.000,8.301
181.813999,-625.000,-625.000,-625.000,8.301
181.913999,-625.000,-625.000,-625.000,8.066
182.013999,-625.000,-625.000,-625.000,8.301
182.113999,-625.000,-625.000,-625.000,8.301
182.213999,-625.000,-625.000,-625.000,8.301
182.313999,-625.000,-625.000,-625.000,8.301
182.530000,-625.000,-625.000,-625.000,8.535
182.544974,-625.000,-625.000,-625.000,8.301
182.613999,-625.000,-625.000,-625.000,8.066
182.713999,-625.000,-625.000,-625.000,8.066
182.813999,-625.000,-625.000,-625.000,8.066
182.913999,-625.000,-625.000,-625.000,8.301
183.013999,-625.000,-625.000,-625.000,8.066
183.113999,-625.000,-625.000,-625.000,8.066
183.213999,-625.000,-625.000,-625.000,8.066
183.313999,-625.000,-625.000,-625.000,8.066
183.530000,-625.000,-625.000,-625.000,7.832
183.544974,-625.000,-625.000,-625.000,7.832
183.613999,-625.000,-625.000,-625.000,7.832
183.713999,-625.000,-625.000,-625.000,7.597
183.813999,-625.000,-625.000,-625.000,7.832
183.913999,-625.000,-625.000,-625.000,7.832
184.013999,-625.000,-625.000,-625.000,8.066
184.113999,-625.000,-625.000,-625.000,7.832
184.213999,-625.000,-625.000,-625.000,7.597
184.313999,-625.000,-625.000,-625.000,7.832
184.530000,-625.000,-625.000,-625.000,7.597
184.544974,-625.000,-625.000,-625.000,7.832
184.613999,-625.000,-625.000,-625.000,7.597
184.713999,-625.000,-625.000,-625.000,7.597
184.813999,-625.000,-625.000,-625.000,7.832
184.913999,-625.000,-625.000,-625.000,7.832
185.013999,-625.000,-625.000,-625.000,7.597
185.113999,-625.000,-625.000,-625.000,7.597
185.213999,-625.000,-625.000,-625.000,7.597
185.313999,-625.000,-625.000,-625.000,7.363
185.530000,-625.000,-625.000,-625.000,7.597
185.544974,-625.000,-625.000,-625.000,7.597
185.613999,-625.000,-625.000,-625.000,7.597
185.713999,-625.000,-625.000,-625.000,7.597
185.813999,-625.000,-625.000,-625.000,7.363
185.913999,-625.000,-625.000,-625.000,7.363
186.013999,-625.000,-625.000,-625.000,7.363
186.113999,-625.000,-625.000,-625.000,7.363
186.213999,-625.000,-625.000,-625.000,7.597
186.313999,-625.000,-625.000,-625.000,7.363
186.529001,-625.000,-625.000,-625.000,7.129
186.543974,-625.000,-625.000,-625.000,7.363
186.613999,-625.000,-625.000,-625.000,7.363
186.713999,-625.000,-625.000,-625.000,7.363
186.813999,-625.000,-625.000,-625.000,7.129
186.913999,-625.000,-625.000,-625.000,7.129
187.013999,-625.000,-625.000,-625.000,6.894
187.113999,-625.000,-625.000,-625.000,6.660
187.213999,-625.000,-625.000,-625.000,6.894
187.313999,-625.000,-625.000,-625.000,7.129
187.530000,-625.000,-625.000,-625.000,7.363
187.544974,-625.000,-625.000,-625.000,6.894
187.613999,-625.000,-625.000,-625.000,7.129
187.713999,-625.000,-625.000,-625.000,7.129
187.813999,-625.000,-625.000,-625.000,6.894
187.913999,-625.000,-625.000,-625.000,7.129
188.013999,-625.000,-625.000,-625.000,7.129
188.113999,-625.000,-625.000,-625.000,6.660
188.213999,-625.000,-625.000,-625.000,7.129
188.313999,-625.000,-625.000,-625.000,6.894
188.530001,-625.000,-625.000,-625.000,6.660
188.544974,-625.000,-625.000,-625.000,6.660
188.613999,-625.000,-625.000,-625.000,6.660
188.713999,-625.000,-625.000,-625.000,6.894
188.813999,-625.000,-625.000,-625.000,6.894
188.913999,-625.000,-625.000,-625.000,6.426
189.013999,-625.000,-625.000,-625.000,6.660
189.113999,-625.000,-625.000,-625.000,6.660
189.213999,-625.000,-625.000,-625.000,6.894
189.313999,-625.000,-625.000,-625.000,6.660
189.529001,-625.000,-625.000,-625.000,6.426
189.543974,-625.000,-625.000,-625.000,6.426
189.613999,-625.000,-625.000,-625.000,6.660
189.713999,-625.000,-625.000,-625.000,6.894
189.813999,-625.000,-625.000,-625.000,6.660
189.913999,-625.000,-625.000,-625.000,6.191
190.013999,-625.000,-625.000,-625.000,6.426
190.113999,-625.000,-625.000,-625.000,6.426
190.213999,-625.000,-625.000,-625.000,6.191
190.313999,-625.000,-625.000,-625.000,6.426
190.530000,-625.000,-625.000,-625.000,6.426
190.544974,-625.000,-625.000,-625.000,6.660
190.613999,-625.000,-625.000,-625.000,6.191
190.713999,-625.000,-625.000,-625.000,6.191
190.813999,-625.000,-625.000,-625.000,6.191
190.913999,-625.000,-625.000,-625.000,6.191
191.013999,-625.000,-625.000,-625.000,6.191
191.113999,-625.000,-625.000,-625.000,6.191
191.213999,-625.000,-625.000,-625.000,6.191
191.313999,-625.000,-625.000,-625.000,5.957
191.530000,-625.000,-625.000,-625.000,5.722
191.544974,-625.000,-625.000,-625.000,6.191
191.613999,-625.000,-625.000,-625.000,6.191
191.713999,-625.000,-625.000,-625.000,6.426
191.813999,-625.000,-625.000,-625.000,5.722
191.913999,-625.000,-625.000,-625.000,6.426
192.013999,-625.000,-625.000,-625.000,6.191
192.113999,-625.000,-625.000,-625.000,6.191
192.213999,-625.000,-625.000,-625.000,6.191
192.313999,-625.000,-625.000,-625.000,5.957
192.530001,-625.000,-625.000,-625.000,6.191
192.544974,-625.000,-625.000,-625.000,5.957
192.613999,-625.000,-625.000,-625.000,5.957
192.713999,-625.000,-625.000,-625.000,5.957
192.813999,-625.000,-625.000,-625.000,5.957
192.913999,-625.000,-625.000,-625.000,5.957
193.013999,-625.000,-625.000,-625.000,5.957
193.113999,-625.000,-625.000,-625.000,5.722
193.213999,-625.000,-625.000,-625.000,5.722
193.313999,-625.000,-625.000,-625.000,5.957
193.530000,-625.000,-625.000,-625.000,6.191
193.544974,-625.000,-625.000,-625.000,5.722
193.613999,-625.000,-625.000,-625.000,5.957
193.713999,-625.000,-625.000,-625.000,5.722
193.813999,-625.000,-625.000,-625.000,5.722
193.913999,-625.000,-625.000,-625.000,5.722
194.013999,-625.000,-625.000,-625.000,5.488
194.113999,-625.000,-625.000,-625.000,5.488
194.213999,-625.000,-625.000,-625.000,5.488
194.313999,-625.000,-625.000,-625.000,5.722
194.529001,-625.000,-625.000,-625.000,5.254
194.543974,-625.000,-625.000,-625.000,5.488
194.613999,-625.000,-625.000,-625.000,5.488
194.713999,-625.000,-625.000,-625.000,5.488
194.813999,-625.000,-625.000,-625.000,5.488
194.913999,-625.000,-625.000,-625.000,5.488
195.013999,-625.000,-625.000,-625.000,5.254
195.113999,-625.000,-625.000,-625.000,5.254
195.213999,-625.000,-625.000,-625.000,5.488
195.313999,-625.000,-625.000,-625.000,5.488
195.530000,-625.000,-625.000,-625.000,5.254
195.544974,-625.000,-625.000,-625.000,5.019
195.613999,-625.000,-625.000,-625.000,5.019
195.713999,-625.000,-625.000,-625.000,5.488
195.813999,-625.000,-625.000,-625.000,5.488
195.913999,-625.000,-625.000,-625.000,5.254
196.013999,-625.000,-625.000,-625.000,5.254
196.113999,-625.000,-625.000,-625.000,5.488
196.213999,-625.000,-625.000,-625.000,5.019
196.313999,-625.000,-625.000,-625.000,5.019
196.530001,-625.000,-625.000,-625.000,5.019
196.544974,-625.000,-625.000,-625.000,5.019
196.613999,-625.000,-625.000,-625.000,5.254
196.713999,-625.000,-625.000,-625.000,4.785
196.813999,-625.000,-625.000,-625.000,4.785
196.913999,-625.000,-625.000,-625.000,5.019
197.013999,-625.000,-625.000,-625.000,4.785
197.113999,-625.000,-625.000,-625.000,4.785
197.213999,-625.000,-625.000,-625.000,5.254
197.313999,-625.000,-625.000,-625.000,4.785
197.529000,-625.000,-625.000,-625.000,5.019
197.543974,-625.000,-625.000,-625.000,4.785
197.613999,-625.000,-625.000,-625.000,5.019
197.713999,-625.000,-625.000,-625.000,5.019
197.813999,-625.000,-625.000,-625.000,5.019
197.913999,-625.000,-625.000,-625.000,5.019
198.013999,-625.000,-625.000,-625.000,4.785
198.113999,-625.000,-625.000,-625.000,4.785
198.213999,-625.000,-625.000,-625.000,4.785
198.313999,-625.000,-625.000,-625.000,5.019
198.530000,-625.000,-625.000,-625.000,4.785
198.544974,-625.000,-625.000,-625.000,4.550
198.613999,-625.000,-625.000,-625.000,5.019
198.713999,-625.000,-625.000,-625.000,4.785
198.813999,-625.000,-625.000,-625.000,4.550
198.913999,-625.000,-625.000,-625.000,4.550
199.013999,-625.000,-625.000,-625.000,4.316
199.113999,-625.000,-625.000,-625.000,4.550
199.213999,-625.000,-625.000,-625.000,4.550
199.313999,-625.000,-625.000,-625.000,4.550
199.530000,-625.000,-625.000,-625.000,4.550
199.544974,-625.000,-625.000,-625.000,4.785
199.613999,-625.000,-625.000,-625.000,4.082
199.713999,-625.000,-625.000,-625.000,4.550
199.813999,-625.000,-625.000,-625.000,4.550
199.913999,-625.000,-625.000,-625.000,4.316
200.013999,-625.000,-625.000,-625.000,4.316
200.113999,-625.000,-625.000,-625.000,4.316
200.213999,-625.000,-625.000,-625.000,4.082
200.313999,-625.000,-625.000,-625.000,4.316
200.530000,-625.000,-625.000,-625.000,4.082
200.544974,-625.000,-625.000,-625.000,4.550
200.613999,-625.000,-625.000,-625.000,3.847
200.713999,-625.000,-625.000,-625.000,4.550
200.813999,-625.000,-625.000,-625.000,4.316
200.913999,-625.000,-625.000,-625.000,4.082
201.013999,-625.000,-625.000,-625.000,4.316
201.113999,-625.000,-625.000,-625.000,4.082
201.213999,-625.000,-625.000,-625.000,3.847
201.313999,-625.000,-625.000,-625.000,4.082
201.530001,-625.000,-625.000,-625.000,4.082
201.544974,-625.000,-625.000,-625.000,4.316
201.613999,-625.000,-625.000,-625.000,4.082
201.713999,-625.000,-625.000,-625.000,3.847
201.813999,-625.000,-625.000,-625.000,4.082
201.913999,-625.000,-625.000,-625.000,3.847
202.013999,-625.000,-625.000,-625.000,4.082
202.113999,-625.000,-625.000,-625.000,3.847
202.213999,-625.000,-625.000,-625.000,4.082
202.313999,-625.000,-625.000,-625.000,4.082
202.530000,-625.000,-625.000,-625.000,3.613
202.544973,-625.000,-625.000,-625.000,3.847
202.613999,-625.000,-625.000,-625.000,3.847
202.713999,-625.000,-625.000,-625.000,4.082
202.813999,-625.000,-625.000,-625.000,3.847
202.913999,-625.000,-625.000,-625.000,3.847
203.013999,-625.000,-625.000,-625.000,3.613
203.113999,-625.000,-625.000,-625.000,3.613
203.213999,-625.000,-625.000,-625.000,3.613
203.313999,-625.000,-625.000,-625.000,3.613
203.530000,-625.000,-625.000,-625.000,3.613
203.544974,-625.000,-625.000,-625.000,3.847
203.613999,-625.000,-625.000,-625.000,3.379
203.713999,-625.000,-625.000,-625.000,3.613
203.813999,-625.000,-625.000,-625.000,3.613
203.913999,-625.000,-625.000,-625.000,3.379
204.013999,-625.000,-625.000,-625.000,3.379
204.113999,-625.000,-625.000,-625.000,3.847
204.213999,-625.000,-625.000,-625.000,3.613
204.313999,-625.000,-625.000,-625.000,3.379
204.530000,-625.000,-625.000,-625.000,3.613
204.544974,-625.000,-625.000,-625.000,3.379
204.613999,-625.000,-625.000,-625.000,3.379
204.713999,-625.000,-625.000,-625.000,3.144
204.813999,-625.000,-625.000,-625.000,3.379
204.913999,-625.000,-625.000,-625.000,3.613
205.013999,-625.000,-625.000,-625.000,3.613
205.113999,-625.000,-625.000,-625.000,3.144
205.213999,-625.000,-625.000,-625.000,3.379
205.313999,-625.000,-625.000,-625.000,3.379
205.530000,-625.000,-625.000,-625.000,3.379
205.544973,-625.000,-625.000,-625.000,3.144
205.613999,-625.000,-625.000,-625.000,2.910
205.713999,-625.000,-625.000,-625.000,3.379
205.813999,-625.000,-625.000,-625.000,3.144
205.913999,-625.000,-625.000,-625.000,3.379
206.013999,-625.000,-625.000,-625.000,3.144
206.113999,-625.000,-625.000,-625.000,2.910
206.213999,-625.000,-625.000,-625.000,3.379
206.313999,-625.000,-625.000,-625.000,2.910
206.530000,-625.000,-625.000,-625.000,2.910
206.544974,-625.000,-625.000,-625.000,3.379
206.613999,-625.000,-625.000,-625.000,2.910
206.713999,-625.000,-625.000,-625.000,3.144
206.813999,-625.000,-625.000,-625.000,2.910
206.913999,-625.000,-625.000,-625.000,2.675
207.013999,-625.000,-625.000,-625.000,3.144
207.113999,-625.000,-625.000,-625.000,2.675
207.213999,-625.000,-625.000,-625.000,3.144
207.313999,-625.000,-625.000,-625.000,2.910
207.530001,-625.000,-625.000,-625.000,3.144
207.544974,-625.000,-625.000,-625.000,3.144
207.613999,-625.000,-625.000,-625.000,2.910
207.713999,-625.000,-625.000,-625.000,3.144
207.813999,-625.000,-625.000,-625.000,3.144
207.913999,-625.000,-625.000,-625.000,3.144
208.013999,-625.000,-625.000,-625.000,2.910
208.113999,-625.000,-625.000,-625.000,3.144
208.213999,-625.000,-625.000,-625.000,2.675
208.313999,-625.000,-625.000,-625.000,2.910
208.530000,-625.000,-625.000,-625.000,2.675
208.544974,-625.000,-625.000,-625.000,2.675
208.613999,-625.000,-625.000,-625.000,2.441
208.713999,-625.000,-625.000,-625.000,2.675
208.813999,-625.000,-625.000,-625.000,2.675
208.913999,-625.000,-625.000,-625.000,2.441
209.013999,-625.000,-625.000,-625.000,2.675
209.113999,-625.000,-625.000,-625.000,2.675
209.213999,-625.000,-625.000,-625.000,2.675
209.313999,-625.000,-625.000,-625.000,2.441
209.530000,-625.000,-625.000,-625.000,2.207
209.544974,-625.000,-625.000,-625.000,2.441
209.613999,-625.000,-625.000,-625.000,2.207
209.713999,-625.000,-625.000,-625.000,2.441
209.813999,-625.000,-625.000,-625.000,2.675
209.913999,-625.000,-625.000,-625.000,2.675
210.013999,-625.000,-625.000,-625.000,2.207
210.113999,-625.000,-625.000,-625.000,2.675
210.213999,-625.000,-625.000,-625.000,2.207
210.313999,-625.000,-625.000,-625.000,2.207
210.530000,-625.000,-625.000,-625.000,2.207
210.544974,-625.000,-625.000,-625.000,2.207
210.613999,-625.000,-625.000,-625.000,2.207
210.713999,-625.000,-625.000,-625.000,2.441
210.813999,-625.000,-625.000,-625.000,2.207
210.913999,-625.000,-625.000,-625.000,2.207
211.013999,-625.000,-625.000,-625.000,2.207
211.113999,-625.000,-625.000,-625.000,1.972
211.213999,-625.000,-625.000,-625.000,1.972
211.313999,-625.000,-625.000,-625.000,2.207
211.530000,-625.000,-625.000,-625.000,2.441
211.544974,-625.000,-625.000,-625.000,2.207
211.613999,-625.000,-625.000,-625.000,2.207
211.713999,-625.000,-625.000,-625.000,2.207
211.813999,-625.000,-625.000,-625.000,1.738
211.913999,-625.000,-625.000,-625.000,1.972
212.013999,-625.000,-625.000,-625.000,2.207
212.113999,-625.000,-625.000,-625.000,2.207
212.213999,-625.000,-625.000,-625.000,1.972
212.313999,-625.000,-625.000,-625.000,1.972
212.529001,-625.000,-625.000,-625.000,1.738
212.543974,-625.000,-625.000,-625.000,1.972
212.613999,-625.000,-625.000,-625.000,1.972
212.713999,-625.000,-625.000,-625.000,1.972
212.813999,-625.000,-625.000,-625.000,1.972
212.913999,-625.000,-625.000,-625.000,1.972
213.013999,-625.000,-625.000,-625.000,1.972
213.113999,-625.000,-625.000,-625.000,1.972
213.213999,-625.000,-625.000,-625.000,1.738
213.313999,-625.000,-625.000,-625.000,1.738
213.530000,-625.000,-625.000,-625.000,1.503
213.544974,-625.000,-625.000,-625.000,1.738
213.613999,-625.000,-625.000,-625.000,1.738
213.713999,-625.000,-625.000,-625.000,1.738
213.813999,-625.000,-625.000,-625.000,1.738
213.913999,-625.000,-625.000,-625.000,1.503
214.013999,-625.000,-625.000,-625.000,1.972
214.113999,-625.000,-625.000,-625.000,1.503
214.213999,-625.000,-625.000,-625.000,1.738
214.313999,-625.000,-625.000,-625.000,1.503
214.530000,-625.000,-625.000,-625.000,1.503
214.544974,-625.000,-625.000,-625.000,1.269
214.613999,-625.000,-625.000,-625.000,1.503
214.713999,-625.000,-625.000,-625.000,1.269
214.813999,-625.000,-625.000,-625.000,1.503
214.913999,-625.000,-625.000,-625.000,1.738
215.013999,-625.000,-625.000,-625.000,1.269
215.113999,-625.000,-625.000,-625.000,1.269
215.213999,-625.000,-625.000,-625.000,1.503
215.313999,-625.000,-625.000,-625.000,1.503
215.530000,-625.000,-625.000,-625.000,1.503
215.544974,-625.000,-625.000,-625.000,1.269
215.613999,-625.000,-625.000,-625.000,1.269
215.713999,-625.000,-625.000,-625.000,1.035
215.813999,-625.000,-625.000,-625.000,1.035
215.913999,-625.000,-625.000,-625.000,1.269
216.013999,-625.000,-625.000,-625.000,1.269
216.113999,-625.000,-625.000,-625.000,1.035
216.213999,-625.000,-625.000,-625.000,1.269
216.313999,-625.000,-625.000,-625.000,1.269
216.530000,-625.000,-625.000,-625.000,1.035
216.544974,-625.000,-625.000,-625.000,1.035
216.613999,-625.000,-625.000,-625.000,1.269
216.713999,-625.000,-625.000,-625.000,1.035
216.813999,-625.000,-625.000,-625.000,1.269
216.913999,-625.000,-625.000,-625.000,1.035
217.013999,-625.000,-625.000,-625.000,1.269
217.113999,-625.000,-625.000,-625.000,1.269
217.213999,-625.000,-625.000,-625.000,1.035
217.313999,-625.000,-625.000,-625.000,1.035
217.543000,-625.000,-625.000,-625.000,1.035
217.557973,-625.000,-625.000,-625.000,1.035
217.613999,-625.000,-625.000,-625.000,1.035
217.713999,-625.000,-625.000,-625.000,1.035
217.813999,-625.000,-625.000,-625.000,1.035
217.913999,-625.000,-625.000,-625.000,0.800
218.013999,-625.000,-625.000,-625.000,1.035
218.113999,-625.000,-625.000,-625.000,1.269
218.213999,-625.000,-625.000,-625.000,1.035
218.313999,-625.000,-625.000,-625.000,1.269
218.530000,-625.000,-625.000,-625.000,0.800
218.544974,-625.000,-625.000,-625.000,0.800
218.613999,-625.000,-625.000,-625.000,0.800
218.713999,-625.000,-625.000,-625.000,0.800
218.813999,-625.000,-625.000,-625.000,0.800
218.913999,-625.000,-625.000,-625.000,0.566
219.013999,-625.000,-625.000,-625.000,0.566
219.113999,-625.000,-625.000,-625.000,0.566
219.213999,-625.000,-625.000,-625.000,0.800
219.313999,-625.000,-625.000,-625.000,0.566
219.530000,-625.000,-625.000,-625.000,0.566
219.544974,-625.000,-625.000,-625.000,0.800
219.613999,-625.000,-625.000,-625.000,0.566
219.713999,-625.000,-625.000,-625.000,0.566
219.813999,-625.000,-625.000,-625.000,0.566
219.913999,-625.000,-625.000,-625.000,0.800
220.013999,-625.000,-625.000,-625.000,0.800
220.113999,-625.000,-625.000,-625.000,0.332
220.213999,-625.000,-625.000,-625.000,0.566
220.313999,-625.000,-625.000,-625.000,0.800
220.530000,-625.000,-625.000,-625.000,0.332
220.544974,-625.000,-625.000,-625.000,0.566
220.613999,-625.000,-625.000,-625.000,0.566
220.713999,-625.000,-625.000,-625.000,0.332
220.813999,-625.000,-625.000,-625.000,0.566
220.913999,-625.000,-625.000,-625.000,0.332
221.013999,-625.000,-625.000,-625.000,0.332
221.113999,-625.000,-625.000,-625.000,0.332
221.213999,-625.000,-625.000,-625.000,0.332
221.313999,-625.000,-625.000,-625.000,-0.137
221.530000,-625.000,-625.000,-625.000,0.097
221.544974,-625.000,-625.000,-625.000,0.097
221.613999,-625.000,-625.000,-625.000,-0.137
221.713999,-625.000,-625.000,-625.000,0.332
221.813999,-625.000,-625.000,-625.000,0.097
221.913999,-625.000,-625.000,-625.000,0.332
222.013999,-625.000,-625.000,-625.000,0.332
222.113999,-625.000,-625.000,-625.000,0.097
222.213999,-625.000,-625.000,-625.000,-0.137
222.313999,-625.000,-625.000,-625.000,-0.372
222.530000,-625.000,-625.000,-625.000,0.097
222.544973,-625.000,-625.000,-625.000,0.097
222.613999,-625.000,-625.000,-625.000,0.097
222.713999,-625.000,-625.000,-625.000,0.332
222.813999,-625.000,-625.000,-625.000,0.097
222.913999,-625.000,-625.000,-625.000,0.097
223.013999,-625.000,-625.000,-625.000,-0.372
223.113999,-625.000,-625.000,-625.000,0.097
223.213999,-625.000,-625.000,-625.000,-0.137
223.313999,-625.000,-625.000,-625.000,0.097
223.530001,-625.000,-625.000,-625.000,-0.137
223.544974,-625.000,-625.000,-625.000,-0.137
223.613999,-625.000,-625.000,-625.000,-0.137
223.713999,-625.000,-625.000,-625.000,0.097
223.813999,-625.000,-625.000,-625.000,0.097
223.913999,-625.000,-625.000,-625.000,-0.137
224.013999,-625.000,-625.000,-625.000,0.332
224.113999,-625.000,-625.000,-625.000,-0.137
224.213999,-625.000,-625.000,-625.000,-0.372
224.313999,-625.000,-625.000,-625.000,-0.137
224.530001,-625.000,-625.000,-625.000,-0.606
224.544974,-625.000,-625.000,-625.000,-0.372
224.613999,-625.000,-625.000,-625.000,-0.372
224.713999,-625.000,-625.000,-625.000,-0.137
224.813999,-625.000,-625.000,-625.000,-0.372
224.913999,-625.000,-625.000,-625.000,-0.137
225.013999,-625.000,-625.000,-625.000,0.097
225.113999,-625.000,-625.000,-625.000,-0.372
225.213999,-625.000,-625.000,-625.000,-0.137
225.313999,-625.000,-625.000,-625.000,-0.606
225.529000,-625.000,-625.000,-625.000,-0.372
225.543974,-625.000,-625.000,-625.000,-0.137
225.613999,-625.000,-625.000,-625.000,-0.137
225.713999,-625.000,-625.000,-625.000,-0.372
225.813999,-625.000,-625.000,-625.000,-0.372
225.913999,-625.000,-625.000,-625.000,-0.372
226.013999,-625.000,-625.000,-625.000,-0.137
226.113999,-625.000,-625.000,-625.000,-0.372
226.213999,-625.000,-625.000,-625.000,-0.372
226.313999,-625.000,-625.000,-625.000,-0.372
226.530000,-625.000,-625.000,-625.000,-0.606
226.544974,-625.000,-625.000,-625.000,-0.137
226.613999,-625.000,-625.000,-625.000,-0.372
226.713999,-625.000,-625.000,-625.000,-0.606
226.813999,-625.000,-625.000,-625.000,-0.372
226.913999,-625.000,-625.000,-625.000,-1.075
227.013999,-625.000,-625.000,-625.000,-0.606
227.113999,-625.000,-625.000,-625.000,-0.606
227.213999,-625.000,-625.000,-625.000,-0.606
227.313999,-625.000,-625.000,-625.000,-0.606
227.530001,-625.000,-625.000,-625.000,-0.606
227.544974,-625.000,-625.000,-625.000,-0.840
227.613999,-625.000,-625.000,-625.000,-0.606
227.713999,-625.000,-625.000,-625.000,-0.840
227.813999,-625.000,-625.000,-625.000,-1.075
227.913999,-625.000,-625.000,-625.000,-1.075
228.013999,-625.000,-625.000,-625.000,-0.840
228.113999,-625.000,-625.000,-625.000,-0.840
228.213999,-625.000,-625.000,-625.000,-0.840
228.313999,-625.000,-625.000,-625.000,-0.840
228.529000,-625.000,-625.000,-625.000,-1.075
228.543974,-625.000,-625.000,-625.000,-1.075
228.613999,-625.000,-625.000,-625.000,-1.075
228.713999,-625.000,-625.000,-625.000,-0.840
228.813999,-625.000,-625.000,-625.000,-1.075
228.913999,-625.000,-625.000,-625.000,-0.840
229.013999,-625.000,-625.000,-625.000,-1.075
229.113999,-625.000,-625.000,-625.000,-1.075
229.213999,-625.000,-625.000,-625.000,-0.840
229.313999,-625.000,-625.000,-625.000,-0.606
229.530001,-625.000,-625.000,-625.000,-1.075
229.544974,-625.000,-625.000,-625.000,-0.840
229.613999,-625.000,-625.000,-625.000,-1.075
229.713999,-625.000,-625.000,-625.000,-1.075
229.813999,-625.000,-625.000,-625.000,-0.840
229.913999,-625.000,-625.000,-625.000,-1.075
230.013999,-625.000,-625.000,-625.000,-1.075
230.113999,-625.000,-625.000,-625.000,-1.075
230.213999,-625.000,-625.000,-625.000,-1.309
230.313999,-625.000,-625.000,-625.000,-1.075
230.530000,-625.000,-625.000,-625.000,-1.309
230.544974,-625.000,-625.000,-625.000,-1.075
230.613999,-625.000,-625.000,-625.000,-1.309
230.713999,-625.000,-625.000,-625.000,-1.075
230.813999,-625.000,-625.000,-625.000,-1.543
230.913999,-625.000,-625.000,-625.000,-1.309
231.013999,-625.000,-625.000,-625.000,-1.778
231.113999,-625.000,-625.000,-625.000,-1.309
231.213999,-625.000,-625.000,-625.000,-1.543
231.313999,-625.000,-625.000,-625.000,-1.309
231.530000,-625.000,-625.000,-625.000,-1.543
231.544974,-625.000,-625.000,-625.000,-1.309
231.613999,-625.000,-625.000,-625.000,-1.309
231.713999,-625.000,-625.000,-625.000,-1.309
231.813999,-625.000,-625.000,-625.000,-1.543
231.913999,-625.000,-625.000,-625.000,-1.543
232.013999,-625.000,-625.000,-625.000,-1.309
232.113999,-625.000,-625.000,-625.000,-1.309
232.213999,-625.000,-625.000,-625.000,-1.075
232.313999,-625.000,-625.000,-625.000,-1.778
232.530000,-625.000,-625.000,-625.000,-1.543
232.544974,-625.000,-625.000,-625.000,-1.543
232.613999,-625.000,-625.000,-625.000,-1.309
232.713999,-625.000,-625.000,-625.000,-1.543
232.813999,-625.000,-625.000,-625.000,-2.012
232.913999,-625.000,-625.000,-625.000,-1.543
233.013999,-625.000,-625.000,-625.000,-1.778
233.113999,-625.000,-625.000,-625.000,-1.778
233.213999,-625.000,-625.000,-625.000,-1.778
233.313999,-625.000,-625.000,-625.000,-1.778
233.529000,-625.000,-625.000,-625.000,-1.778
233.543974,-625.000,-625.000,-625.000,-1.543
233.613999,-625.000,-625.000,-625.000,-1.543
233.713999,-625.000,-625.000,-625.000,-1.778
233.813999,-625.000,-625.000,-625.000,-1.778
233.913999,-625.000,-625.000,-625.000,-1.778
234.013999,-625.000,-625.000,-625.000,-1.309
234.113999,-625.000,-625.000,-625.000,-1.543
234.213999,-625.000,-625.000,-625.000,-1.778
234.313999,-625.000,-625.000,-625.000,-1.778
234.530000,-625.000,-625.000,-625.000,-1.778
234.544974,-625.000,-625.000,-625.000,-2.012
234.613999,-625.000,-625.000,-625.000,-2.012
234.713999,-625.000,-625.000,-625.000,-1.778
234.813999,-625.000,-625.000,-625.000,-1.778
234.913999,-625.000,-625.000,-625.000,-1.778
235.013999,-625.000,-625.000,-625.000,-2.012
235.113999,-625.000,-625.000,-625.000,-1.778
235.213999,-625.000,-625.000,-625.000,-1.543
235.313999,-625.000,-625.000,-625.000,-1.778
235.530001,-625.000,-625.000,-625.000,-2.247
235.544974,-625.000,-625.000,-625.000,-1.778
235.613999,-625.000,-625.000,-625.000,-1.778
235.713999,-625.000,-625.000,-625.000,-2.247
235.813999,-625.000,-625.000,-625.000,-1.778
235.913999,-625.000,-625.000,-625.000,-2.012
236.013999,-625.000,-625.000,-625.000,-2.012
236.113999,-625.000,-625.000,-625.000,-1.778
236.213999,-625.000,-625.000,-625.000,-2.247
236.313999,-625.000,-625.000,-625.000,-2.012
236.530001,-625.000,-625.000,-625.000,-2.012
236.544974,-625.000,-625.000,-625.000,-2.247
236.613999,-625.000,-625.000,-625.000,-2.012
236.713999,-625.000,-625.000,-625.000,-2.481
236.813999,-625.000,-625.000,-625.000,-2.481
236.913999,-625.000,-625.000,-625.000,-2.481
237.013999,-625.000,-625.000,-625.000,-2.247
237.113999,-625.000,-625.000,-625.000,-2.247
237.213999,-625.000,-625.000,-625.000,-2.247
237.313999,-625.000,-625.000,-625.000,-2.715
237.530000,-625.000,-625.000,-625.000,-2.012
237.544974,-625.000,-625.000,-625.000,-2.012
237.613999,-625.000,-625.000,-625.000,-2.012
237.713999,-625.000,-625.000,-625.000,-2.247
237.813999,-625.000,-625.000,-625.000,-2.247
237.913999,-625.000,-625.000,-625.000,-2.247
238.013999,-625.000,-625.000,-625.000,-2.481
238.113999,-625.000,-625.000,-625.000,-2.247
238.213999,-625.000,-625.000,-625.000,-2.715
238.313999,-625.000,-625.000,-625.000,-2.481
238.530001,-625.000,-625.000,-625.000,-2.481
238.544974,-625.000,-625.000,-625.000,-2.481
238.613999,-625.000,-625.000,-625.000,-2.481
238.713999,-625.000,-625.000,-625.000,-2.247
238.813999,-625.000,-625.000,-625.000,-2.481
238.913999,-625.000,-625.000,-625.000,-2.481
239.013999,-625.000,-625.000,-625.000,-2.715
239.113999,-625.000,-625.000,-625.000,-2.715
239.213999,-625.000,-625.000,-625.000,-2.715
239.313999,-625.000,-625.000,-625.000,-2.247
239.530000,-625.000,-625.000,-625.000,-2.715
239.544974,-625.000,-625.000,-625.000,-2.715
239.613999,-625.000,-625.000,-625.000,-2.481
239.713999,-625.000,-625.000,-625.000,-2.715
239.813999,-625.000,-625.000,-625.000,-2.715
239.913999,-625.000,-625.000,-625.000,-2.715
240.013999,-625.000,-625.000,-625.000,-2.715
240.113999,-625.000,-625.000,-625.000,-2.481
240.213999,-625.000,-625.000,-625.000,-2.715
240.313999,-625.000,-625.000,-625.000,-2.481
240.530001,-625.000,-625.000,-625.000,-2.950
240.544974,-625.000,-625.000,-625.000,-2.715
240.613999,-625.000,-625.000,-625.000,-2.715
240.713999,-625.000,-625.000,-625.000,-2.715
240.813999,-625.000,-625.000,-625.000,-2.715
240.913999,-625.000,-625.000,-625.000,-2.950
241.013999,-625.000,-625.000,-625.000,-2.950
241.113999,-625.000,-625.000,-625.000,-2.481
241.213999,-625.000,-625.000,-625.000,-2.715
241.313999,-625.000,-625.000,-625.000,-3.184
241.530001,-625.000,-625.000,-625.000,-2.950
241.544974,-625.000,-625.000,-625.000,-2.715
241.613999,-625.000,-625.000,-625.000,-3.184
241.713999,-625.000,-625.000,-625.000,-2.715
241.813999,-625.000,-625.000,-625.000,-2.950
241.913999,-625.000,-625.000,-625.000,-2.715
242.013999,-625.000,-625.000,-625.000,-2.950
242.113999,-625.000,-625.000,-625.000,-2.481
242.213999,-625.000,-625.000,-625.000,-3.184
242.313999,-625.000,-625.000,-625.000,-3.184
242.530000,-625.000,-625.000,-625.000,-3.184
242.544974,-625.000,-625.000,-625.000,-3.184
242.613999,-625.000,-625.000,-625.000,-3.419
242.713999,-625.000,-625.000,-625.000,-2.950
242.813999,-625.000,-625.000,-625.000,-2.715
242.913999,-625.000,-625.000,-625.000,-3.184
243.013999,-625.000,-625.000,-625.000,-3.184
243.113999,-625.000,-625.000,-625.000,-3.184
243.213999,-625.000,-625.000,-625.000,-3.184
243.313999,-625.000,-625.000,-625.000,-3.419
243.530000,-625.000,-625.000,-625.000,-2.950
243.544974,-625.000,-625.000,-625.000,-3.184
243.613999,-625.000,-625.000,-625.000,-3.419
243.713999,-625.000,-625.000,-625.000,-3.184
243.813999,-625.000,-625.000,-625.000,-3.184
243.913999,-625.000,-625.000,-625.000,-3.184
244.013999,-625.000,-625.000,-625.000,-3.184
244.113999,-625.000,-625.000,-625.000,-3.184
244.213999,-625.000,-625.000,-625.000,-2.950
244.313999,-625.000,-625.000,-625.000,-3.419
244.530000,-625.000,-625.000,-625.000,-2.950
244.544974,-625.000,-625.000,-625.000,-3.419
244.613999,-625.000,-625.000,-625.000,-3.419
244.713999,-625.000,-625.000,-625.000,-3.419
244.813999,-625.000,-625.000,-625.000,-3.419
244.913999,-625.000,-625.000,-625.000,-3.419
245.013999,-625.000,-625.000,-625.000,-3.653
245.113999,-625.000,-625.000,-625.000,-3.419
245.213999,-625.000,-625.000,-625.000,-3.653
245.313999,-625.000,-625.000,-625.000,-3.653
245.530001,-625.000,-625.000,-625.000,-3.419
245.544974,-625.000,-625.000,-625.000,-3.184
245.613999,-625.000,-625.000,-625.000,-3.653
245.713999,-625.000,-625.000,-625.000,-3.419
245.813999,-625.000,-625.000,-625.000,-3.653
245.913999,-625.000,-625.000,-625.000,-3.887
246.013999,-625.000,-625.000,-625.000,-3.419
246.113999,-625.000,-625.000,-625.000,-3.419
246.213999,-625.000,-625.000,-625.000,-3.419
246.313999,-625.000,-625.000,-625.000,-3.653
246.529000,-625.000,-625.000,-625.000,-3.653
246.543974,-625.000,-625.000,-625.000,-3.887
246.613999,-625.000,-625.000,-625.000,-3.653
246.713999,-625.000,-625.000,-625.000,-3.653
246.813999,-625.000,-625.000,-625.000,-3.653
246.913999,-625.000,-625.000,-625.000,-3.419
247.013999,-625.000,-625.000,-625.000,-3.419
247.113999,-625.000,-625.000,-625.000,-3.887
247.213999,-625.000,-625.000,-625.000,-3.887
247.313999,-625.000,-625.000,-625.000,-3.653
247.530000,-625.000,-625.000,-625.000,-3.887
247.544974,-625.000,-625.000,-625.000,-3.653
247.613999,-625.000,-625.000,-625.000,-3.653
247.713999,-625.000,-625.000,-625.000,-3.887
247.813999,-625.000,-625.000,-625.000,-3.887
247.913999,-625.000,-625.000,-625.000,-3.887
248.013999,-625.000,-625.000,-625.000,-3.887
248.113999,-625.000,-625.000,-625.000,-3.653
248.213999,-625.000,-625.000,-625.000,-3.887
248.313999,-625.000,-625.000,-625.000,-3.419
248.530000,-625.000,-625.000,-625.000,-3.887
248.544973,-625.000,-625.000,-625.000,-4.122
248.613999,-625.000,-625.000,-625.000,-3.653
248.713999,-625.000,-625.000,-625.000,-4.122
248.813999,-625.000,-625.000,-625.000,-3.887
248.913999,-625.000,-625.000,-625.000,-3.887
249.013999,-625.000,-625.000,-625.000,-3.887
249.113999,-625.000,-625.000,-625.000,-4.122
249.213999,-625.000,-625.000,-625.000,-3.887
249.313999,-625.000,-625.000,-625.000,-3.887
249.530001,-625.000,-625.000,-625.000,-4.122
249.544974,-625.000,-625.000,-625.000,-4.122
249.613999,-625.000,-625.000,-625.000,-3.653
249.713999,-625.000,-625.000,-625.000,-4.122
249.813999,-625.000,-625.000,-625.000,-4.356
249.913999,-625.000,-625.000,-625.000,-4.122
250.013999,-625.000,-625.000,-625.000,-4.825
250.113999,-625.000,-625.000,-625.000,-4.122
250.213999,-625.000,-625.000,-625.000,-4.122
250.313999,-625.000,-625.000,-625.000,-3.887
250.530000,-625.000,-625.000,-625.000,-4.356
250.544974,-625.000,-625.000,-625.000,-4.356
250.613999,-625.000,-625.000,-625.000,-4.356
250.713999,-625.000,-625.000,-625.000,-4.356
250.813999,-625.000,-625.000,-625.000,-4.590
250.913999,-625.000,-625.000,-625.000,-4.122
251.013999,-625.000,-625.000,-625.000,-4.356
251.113999,-625.000,-625.000,-625.000,-4.356
251.213999,-625.000,-625.000,-625.000,-4.122
251.313999,-625.000,-625.000,-625.000,-4.590
251.530000,-625.000,-625.000,-625.000,-4.122
251.544973,-625.000,-625.000,-625.000,-4.122
251.613999,-625.000,-625.000,-625.000,-4.122
251.713999,-625.000,-625.000,-625.000,-4.590
251.813999,-625.000,-625.000,-625.000,-4.590
251.913999,-625.000,-625.000,-625.000,-4.356
252.013999,-625.000,-625.000,-625.000,-4.590
252.113999,-625.000,-625.000,-625.000,-4.122
252.213999,-625.000,-625.000,-625.000,-4.356
252.313999,-625.000,-625.000,-625.000,-4.356
252.530000,-625.000,-625.000,-625.000,-4.590
252.544974,-625.000,-625.000,-625.000,-4.590
252.613999,-625.000,-625.000,-625.000,-4.825
252.713999,-625.000,-625.000,-625.000,-4.356
252.813999,-625.000,-625.000,-625.000,-4.356
252.913999,-625.000,-625.000,-625.000,-4.590
253.013999,-625.000,-625.000,-625.000,-4.590
253.113999,-625.000,-625.000,-625.000,-4.590
253.213999,-625.000,-625.000,-625.000,-4.590
253.313999,-625.000,-625.000,-625.000,-4.590
253.530001,-625.000,-625.000,-625.000,-4.590
253.544974,-625.000,-625.000,-625.000,-4.590
253.613999,-625.000,-625.000,-625.000,-4.590
253.713999,-625.000,-625.000,-625.000,-4.590
253.813999,-625.000,-625.000,-625.000,-4.825
253.913999,-625.000,-625.000,-625.000,-4.590
254.013999,-625.000,-625.000,-625.000,-4.356
254.113999,-625.000,-625.000,-625.000,-4.590
254.213999,-625.000,-625.000,-625.000,-4.590
254.313999,-625.000,-625.000,-625.000,-4.825
254.530000,-625.000,-625.000,-625.000,-4.590
254.544974,-625.000,-625.000,-625.000,-4.590
254.613999,-625.000,-625.000,-625.000,-4.825
254.713999,-625.000,-625.000,-625.000,-5.059
254.813999,-625.000,-625.000,-625.000,-4.590
254.913999,-625.000,-625.000,-625.000,-4.590
255.013999,-625.000,-625.000,-625.000,-4.590
255.113999,-625.000,-625.000,-625.000,-4.590
255.213999,-625.000,-625.000,-625.000,-5.059
255.313999,-625.000,-625.000,-625.000,-5.059
255.530000,-625.000,-625.000,-625.000,-4.825
255.544974,-625.000,-625.000,-625.000,-4.825
255.613999,-625.000,-625.000,-625.000,-5.059
255.713999,-625.000,-625.000,-625.000,-4.825
255.813999,-625.000,-625.000,-625.000,-5.059
255.913999,-625.000,-625.000,-625.000,-5.059
256.013999,-625.000,-625.000,-625.000,-4.825
256.113999,-625.000,-625.000,-625.000,-4.825
256.213999,-625.000,-625.000,-625.000,-5.059
256.313999,-625.000,-625.000,-625.000,-5.059
256.530000,-625.000,-625.000,-625.000,-5.059
256.544974,-625.000,-625.000,-625.000,-5.059
256.613999,-625.000,-625.000,-625.000,-5.059
256.713999,-625.000,-625.000,-625.000,-4.825
256.813999,-625.000,-625.000,-625.000,-5.059
256.913999,-625.000,-625.000,-625.000,-5.294
257.013999,-625.000,-625.000,-625.000,-5.059
257.113999,-625.000,-625.000,-625.000,-4.825
257.213999,-625.000,-625.000,-625.000,-4.825
257.313999,-625.000,-625.000,-625.000,-5.059
257.530001,-625.000,-625.000,-625.000,-5.059
257.544974,-625.000,-625.000,-625.000,-5.059
257.613999,-625.000,-625.000,-625.000,-5.294
257.713999,-625.000,-625.000,-625.000,-5.059
257.813999,-625.000,-625.000,-625.000,-5.059
257.913999,-625.000,-625.000,-625.000,-5.294
258.013999,-625.000,-625.000,-625.000,-4.825
258.113999,-625.000,-625.000,-625.000,-5.294
258.213999,-625.000,-625.000,-625.000,-5.528
258.313999,-625.000,-625.000,-625.000,-5.294
258.530000,-625.000,-625.000,-625.000,-5.294
258.544973,-625.000,-625.000,-625.000,-5.294
258.613999,-625.000,-625.000,-625.000,-5.528
258.713999,-625.000,-625.000,-625.000,-5.294
258.813999,-625.000,-625.000,-625.000,-5.528
258.913999,-625.000,-625.000,-625.000,-5.762
259.013999,-625.000,-625.000,-625.000,-5.294
259.113999,-625.000,-625.000,-625.000,-5.294
259.213999,-625.000,-625.000,-625.000,-5.294
259.313999,-625.000,-625.000,-625.000,-5.528
259.529000,-625.000,-625.000,-625.000,-5.528
259.543974,-625.000,-625.000,-625.000,-5.294
259.613999,-625.000,-625.000,-625.000,-5.294
259.713999,-625.000,-625.000,-625.000,-5.059
259.813999,-625.000,-625.000,-625.000,-5.762
259.913999,-625.000,-625.000,-625.000,-5.528
260.013999,-625.000,-625.000,-625.000,-5.528
260.113999,-625.000,-625.000,-625.000,-5.059
260.213999,-625.000,-625.000,-625.000,-5.528
260.313999,-625.000,-625.000,-625.000,-5.294
260.530000,-625.000,-625.000,-625.000,-5.762
260.544974,-625.000,-625.000,-625.000,-5.294
260.613999,-625.000,-625.000,-625.000,-5.762
260.713999,-625.000,-625.000,-625.000,-5.528
260.813999,-625.000,-625.000,-625.000,-5.528
260.913999,-625.000,-625.000,-625.000,-5.528
261.013999,-625.000,-625.000,-625.000,-5.294
261.113999,-625.000,-625.000,-625.000,-5.528
261.213999,-625.000,-625.000,-625.000,-5.762
261.313999,-625.000,-625.000,-625.000,-5.294
261.530000,-625.000,-625.000,-625.000,-5.762
261.544974,-625.000,-625.000,-625.000,-5.762
261.613999,-625.000,-625.000,-625.000,-5.528
261.713999,-625.000,-625.000,-625.000,-5.762
261.813999,-625.000,-625.000,-625.000,-5.762
261.913999,-625.000,-625.000,-625.000,-5.762
262.013999,-625.000,-625.000,-625.000,-5.528
262.113999,-625.000,-625.000,-625.000,-5.762
262.213999,-625.000,-625.000,-625.000,-5.528
262.313999,-625.000,-625.000,-625.000,-5.997
262.529001,-625.000,-625.000,-625.000,-5.762
262.543974,-625.000,-625.000,-625.000,-5.762
262.613999,-625.000,-625.000,-625.000,-5.762
262.713999,-625.000,-625.000,-625.000,-5.528
262.813999,-625.000,-625.000,-625.000,-5.762
262.913999,-625.000,-625.000,-625.000,-5.762
263.013999,-625.000,-625.000,-625.000,-5.762
263.113999,-625.000,-625.000,-625.000,-5.762
263.213999,-625.000,-625.000,-625.000,-5.762
263.313999,-625.000,-625.000,-625.000,-5.997
263.530000,-625.000,-625.000,-625.000,-5.528
263.544974,-625.000,-625.000,-625.000,-5.762
263.613999,-625.000,-625.000,-625.000,-5.997
263.713999,-625.000,-625.000,-625.000,-5.762
263.813999,-625.000,-625.000,-625.000,-5.762
263.913999,-625.000,-625.000,-625.000,-6.231
264.013999,-625.000,-625.000,-625.000,-5.762
264.113999,-625.000,-625.000,-625.000,-5.762
264.213999,-625.000,-625.000,-625.000,-5.997
264.313999,-625.000,-625.000,-625.000,-5.997
264.529000,-625.000,-625.000,-625.000,-5.997
264.543973,-625.000,-625.000,-625.000,-5.997
264.613999,-625.000,-625.000,-625.000,-5.762
264.713999,-625.000,-625.000,-625.000,-5.997
264.813999,-625.000,-625.000,-625.000,-5.997
264.913999,-625.000,-625.000,-625.000,-6.231
265.013999,-625.000,-625.000,-625.000,-6.231
265.113999,-625.000,-625.000,-625.000,-6.231
265.213999,-625.000,-625.000,-625.000,-6.231
265.313999,-625.000,-625.000,-625.000,-5.997
265.530000,-625.000,-625.000,-625.000,-6.231
265.544974,-625.000,-625.000,-625.000,-6.231
265.613999,-625.000,-625.000,-625.000,-6.231
265.713999,-625.000,-625.000,-625.000,-5.997
265.813999,-625.000,-625.000,-625.000,-6.231
265.913999,-625.000,-625.000,-625.000,-5.997
266.013999,-625.000,-625.000,-625.000,-5.997
266.113999,-625.000,-625.000,-625.000,-6.465
266.213999,-625.000,-625.000,-625.000,-6.700
266.313999,-625.000,-625.000,-625.000,-5.997
266.530000,-625.000,-625.000,-625.000,-5.997
266.544974,-625.000,-625.000,-625.000,-6.465
266.613999,-625.000,-625.000,-625.000,-6.231
266.713999,-625.000,-625.000,-625.000,-6.465
266.813999,-625.000,-625.000,-625.000,-6.231
266.913999,-625.000,-625.000,-625.000,-6.231
267.013999,-625.000,-625.000,-625.000,-6.231
267.113999,-625.000,-625.000,-625.000,-5.997
267.213999,-625.000,-625.000,-625.000,-6.465
267.313999,-625.000,-625.000,-625.000,-6.700
267.530000,-625.000,-625.000,-625.000,-6.231
267.544973,-625.000,-625.000,-625.000,-6.465
267.613999,-625.000,-625.000,-625.000,-6.465
267.713999,-625.000,-625.000,-625.000,-6.700
267.813999,-625.000,-625.000,-625.000,-6.700
267.913999,-625.000,-625.000,-625.000,-6.465
268.013999,-625.000,-625.000,-625.000,-6.465
268.113999,-625.000,-625.000,-625.000,-6.231
268.213999,-625.000,-625.000,-625.000,-6.700
268.313999,-625.000,-625.000,-625.000,-6.231
268.530000,-625.000,-625.000,-625.000,-6.465
268.544974,-625.000,-625.000,-625.000,-6.700
268.613999,-625.000,-625.000,-625.000,-6.700
268.713999,-625.000,-625.000,-625.000,-6.465
268.813999,-625.000,-625.000,-625.000,-6.465
268.913999,-625.000,-625.000,-625.000,-6.465
269.013999,-625.000,-625.000,-625.000,-6.700
269.113999,-625.000,-625.000,-625.000,-6.465
269.213999,-625.000,-625.000,-625.000,-6.700
269.313999,-625.000,-625.000,-625.000,-6.465
269.530000,-625.000,-625.000,-625.000,-6.465
269.544974,-625.000,-625.000,-625.000,-6.934
269.613999,-625.000,-625.000,-625.000,-6.934
269.713999,-625.000,-625.000,-625.000,-6.700
269.813999,-625.000,-625.000,-625.000,-6.700
269.913999,-625.000,-625.000,-625.000,-6.934
270.013999,-625.000,-625.000,-625.000,-6.934
270.113999,-625.000,-625.000,-625.000,-6.465
270.213999,-625.000,-625.000,-625.000,-6.700
270.313999,-625.000,-625.000,-625.000,-6.934
270.530000,-625.000,-625.000,-625.000,-6.934
270.544974,-625.000,-625.000,-625.000,-6.700
270.613999,-625.000,-625.000,-625.000,-6.465
270.713999,-625.000,-625.000,-625.000,-6.700
270.813999,-625.000,-625.000,-625.000,-6.700
270.913999,-625.000,-625.000,-625.000,-6.934
271.013999,-625.000,-625.000,-625.000,-6.700
271.113999,-625.000,-625.000,-625.000,-7.169
271.213999,-625.000,-625.000,-625.000,-6.700
271.313999,-625.000,-625.000,-625.000,-6.700
271.530000,-625.000,-625.000,-625.000,-6.934
271.544973,-625.000,-625.000,-625.000,-6.934
271.613999,-625.000,-625.000,-625.000,-7.169
271.713999,-625.000,-625.000,-625.000,-7.169
271.813999,-625.000,-625.000,-625.000,-6.934
271.913999,-625.000,-625.000,-625.000,-7.169
272.013999,-625.000,-625.000,-625.000,-6.934
272.113999,-625.000,-625.000,-625.000,-6.934
272.213999,-625.000,-625.000,-625.000,-6.700
272.313999,-625.000,-625.000,-625.000,-7.169
272.529001,-625.000,-625.000,-625.000,-6.934
272.543974,-625.000,-625.000,-625.000,-6.934
272.613999,-625.000,-625.000,-625.000,-6.934
272.713999,-625.000,-625.000,-625.000,-6.934
272.813999,-625.000,-625.000,-625.000,-6.934
272.913999,-625.000,-625.000,-625.000,-6.700
273.013999,-625.000,-625.000,-625.000,-7.637
273.113999,-625.000,-625.000,-625.000,-7.169
273.213999,-625.000,-625.000,-625.000,-6.700
273.313999,-625.000,-625.000,-625.000,-7.169
273.530000,-625.000,-625.000,-625.000,-7.169
273.544974,-625.000,-625.000,-625.000,-7.169
273.613999,-625.000,-625.000,-625.000,-7.403
273.713999,-625.000,-625.000,-625.000,-6.934
273.813999,-625.000,-625.000,-625.000,-7.403
273.913999,-625.000,-625.000,-625.000,-7.169
274.013999,-625.000,-625.000,-625.000,-6.934
274.113999,-625.000,-625.000,-625.000,-7.169
274.213999,-625.000,-625.000,-625.000,-7.169
274.313999,-625.000,-625.000,-625.000,-7.637
274.530000,-625.000,-625.000,-625.000,-7.169
274.544973,-625.000,-625.000,-625.000,-7.169
274.613999,-625.000,-625.000,-625.000,-7.169
274.713999,-625.000,-625.000,-625.000,-7.169
274.813999,-625.000,-625.000,-625.000,-7.169
274.913999,-625.000,-625.000,-625.000,-7.169
275.013999,-625.000,-625.000,-625.000,-7.403
275.113999,-625.000,-625.000,-625.000,-4.356
275.213999,-625.000,-625.000,-625.000,-0.372
275.313999,-625.000,-625.000,-625.000,1.972
275.529000,-625.000,-625.000,-625.000,2.910
275.543973,-625.000,-625.000,-625.000,3.379
275.613999,-625.000,-625.000,-625.000,1.972
275.713999,-625.000,-625.000,-625.000,2.675
275.813999,-625.000,-625.000,-625.000,2.207
275.913999,-625.000,-625.000,-625.000,1.972
276.013999,-625.000,-625.000,-625.000,1.503
276.113999,-625.000,-625.000,-625.000,1.972
276.213999,-625.000,-625.000,-625.000,1.972
276.313999,-625.000,-625.000,-625.000,6.894
276.530000,-625.000,-625.000,-625.000,14.395
276.544974,-625.000,-625.000,-625.000,15.566
276.613999,-625.000,-625.000,-625.000,18.613
276.713999,-625.000,-625.000,-625.000,20.488
276.813999,-625.000,-625.000,-625.000,19.785
276.913999,-625.000,-625.000,-625.000,18.379
277.013999,-625.000,-625.000,-625.000,18.613
277.113999,-625.000,-625.000,-625.000,18.613
277.213999,-625.000,-625.000,-625.000,18.379
277.313999,-625.000,-625.000,-625.000,18.613
277.529001,-625.000,-625.000,-625.000,17.910
277.543974,-625.000,-625.000,-625.000,17.910
277.613999,-625.000,-625.000,-625.000,17.676
277.713999,-625.000,-625.000,-625.000,18.145
277.813999,-625.000,-625.000,-625.000,19.785
277.913999,-625.000,-625.000,-625.000,20.723
278.013999,-625.000,-625.000,-625.000,23.301
278.113999,-625.000,-625.000,-625.000,27.051
278.213999,-625.000,-625.000,-625.000,31.739
278.313999,-625.000,-625.000,-625.000,35.723
278.530000,-625.000,-625.000,-625.000,41.817
278.544974,-625.000,-625.000,-625.000,41.583
278.613999,-625.000,-625.000,-625.000,42.052
278.713999,-625.000,-625.000,-625.000,41.114
278.813999,-625.000,-625.000,-625.000,41.114
278.913999,-625.000,-625.000,-625.000,40.411
279.013999,-625.000,-625.000,-625.000,40.411
279.113999,-625.000,-625.000,-625.000,40.177
279.213999,-625.000,-625.000,-625.000,39.708
279.313999,-625.000,-625.000,-625.000,39.708
279.530001,-625.000,-625.000,-625.000,39.708
279.544974,-625.000,-625.000,-625.000,39.708
279.613999,-625.000,-625.000,-625.000,43.458
279.713999,-625.000,-625.000,-625.000,46.974
279.813999,-625.000,-625.000,-625.000,54.005
279.913999,-625.000,-625.000,-625.000,62.443
280.013999,-625.000,-625.000,-625.000,71.584
280.113999,-625.000,-625.000,-625.000,76.037
280.213999,-625.000,-625.000,-625.000,76.271
280.313999,-625.000,-625.000,-625.000,74.631
280.530000,-625.000,-625.000,-625.000,72.990
280.544974,-625.000,-625.000,-625.000,73.224
280.613999,-625.000,-625.000,-625.000,72.756
280.713999,-625.000,-625.000,-625.000,72.521
280.813999,-625.000,-625.000,-625.000,71.818
280.913999,-625.000,-625.000,-625.000,71.584
281.013999,-625.000,-625.000,-625.000,71.349
281.113999,-625.000,-625.000,-625.000,72.521
281.213999,-625.000,-625.000,-625.000,74.162
281.313999,-625.000,-625.000,-625.000,82.600
281.530000,-625.000,-625.000,-625.000,120.335
281.544973,-625.000,-625.000,-625.000,121.742
281.613999,-625.000,-625.000,-625.000,128.539
281.713999,-625.000,-625.000,-625.000,131.820
281.813999,-625.000,-625.000,-625.000,128.539
281.913999,-625.000,-625.000,-625.000,125.726
282.013999,-625.000,-625.000,-625.000,124.554
282.113999,-625.000,-625.000,-625.000,122.679
282.213999,-625.000,-625.000,-625.000,121.507
282.313999,-625.000,-625.000,-625.000,120.570
282.530000,-625.000,-625.000,-625.000,118.695
282.544974,-625.000,-625.000,-625.000,118.460
282.613999,-625.000,-625.000,-625.000,118.226
282.713999,-625.000,-625.000,-625.000,117.054
282.813999,-625.000,-625.000,-625.000,117.288
282.913999,-625.000,-625.000,-625.000,116.116
283.013999,-625.000,-625.000,-625.000,115.413
283.113999,-625.000,-625.000,-625.000,114.944
283.213999,-625.000,-625.000,-625.000,114.241
283.313999,-625.000,-625.000,-625.000,113.538
283.530000,-625.000,-625.000,-625.000,112.835
283.544974,-625.000,-625.000,-625.000,112.835
283.613999,-625.000,-625.000,-625.000,112.366
283.713999,-625.000,-625.000,-625.000,111.897
283.813999,-625.000,-625.000,-625.000,111.663
283.913999,-625.000,-625.000,-625.000,110.960
284.013999,-625.000,-625.000,-625.000,110.726
284.113999,-625.000,-625.000,-625.000,109.788
284.213999,-625.000,-625.000,-625.000,109.554
284.313999,-625.000,-625.000,-625.000,109.319
284.530000,-625.000,-625.000,-625.000,108.147
284.544974,-625.000,-625.000,-625.000,108.147
284.613999,-625.000,-625.000,-625.000,107.913
284.713999,-625.000,-625.000,-625.000,107.444
284.813999,-625.000,-625.000,-625.000,107.210
284.913999,-625.000,-625.000,-625.000,106.741
285.013999,-625.000,-625.000,-625.000,106.038
285.113999,-625.000,-625.000,-625.000,105.569
285.213999,-625.000,-625.000,-625.000,105.569
285.313999,-625.000,-625.000,-625.000,104.866
285.530001,-625.000,-625.000,-625.000,104.163
285.549143,-625.000,-625.000,-625.000,104.163
285.613999,-625.000,-625.000,-625.000,103.694
285.713999,-625.000,-625.000,-625.000,102.991
285.813999,-625.000,-625.000,-625.000,102.991
285.913999,-625.000,-625.000,-625.000,102.757
286.013999,-625.000,-625.000,-625.000,102.288
286.113999,-625.000,-625.000,-625.000,101.819
286.213999,-625.000,-625.000,-625.000,101.585
286.313999,-625.000,-625.000,-625.000,101.116
286.530001,-625.000,-625.000,-625.000,100.178
286.544974,-625.000,-625.000,-625.000,100.178
286.613999,-625.000,-625.000,-625.000,100.178
286.713999,-625.000,-625.000,-625.000,99.475
286.813999,-625.000,-625.000,-625.000,99.006
286.913999,-625.000,-625.000,-625.000,98.538
287.013999,-625.000,-625.000,-625.000,98.538
287.113999,-625.000,-625.000,-625.000,98.069
287.213999,-625.000,-625.000,-625.000,97.600
287.313999,-625.000,-625.000,-625.000,97.366
287.530000,-625.000,-625.000,-625.000,96.897
287.544974,-625.000,-625.000,-625.000,96.897
287.613999,-625.000,-625.000,-625.000,96.194
287.713999,-625.000,-625.000,-625.000,95.960
287.813999,-625.000,-625.000,-625.000,95.725
287.913999,-625.000,-625.000,-625.000,95.256
288.013999,-625.000,-625.000,-625.000,95.256
288.113999,-625.000,-625.000,-625.000,94.788
288.213999,-625.000,-625.000,-625.000,94.319
288.313999,-625.000,-625.000,-625.000,93.850
288.530000,-625.000,-625.000,-625.000,93.147
288.544974,-625.000,-625.000,-625.000,93.381
288.613999,-625.000,-625.000,-625.000,92.913
288.713999,-625.000,-625.000,-625.000,92.678
288.813999,-625.000,-625.000,-625.000,92.678
288.913999,-625.000,-625.000,-625.000,92.444
289.013999,-625.000,-625.000,-625.000,92.209
289.113999,-625.000,-625.000,-625.000,91.741
289.213999,-625.000,-625.000,-625.000,91.272
289.313999,-625.000,-625.000,-625.000,91.037
289.530000,-625.000,-625.000,-625.000,90.569
289.544974,-625.000,-625.000,-625.000,90.803
289.613999,-625.000,-625.000,-625.000,90.334
289.713999,-625.000,-625.000,-625.000,90.334
289.813999,-625.000,-625.000,-625.000,90.100
289.913999,-625.000,-625.000,-625.000,89.866
290.013999,-625.000,-625.000,-625.000,89.397
290.113999,-625.000,-625.000,-625.000,88.928
290.213999,-625.000,-625.000,-625.000,88.928
290.313999,-625.000,-625.000,-625.000,88.928
290.529000,-625.000,-625.000,-625.000,88.459
290.543974,-625.000,-625.000,-625.000,88.694
290.613999,-625.000,-625.000,-625.000,88.225
290.713999,-625.000,-625.000,-625.000,88.225
290.813999,-625.000,-625.000,-625.000,87.756
290.913999,-625.000,-625.000,-625.000,87.522
291.013999,-625.000,-625.000,-625.000,87.522
291.113999,-625.000,-625.000,-625.000,86.819
291.213999,-625.000,-625.000,-625.000,87.287
291.313999,-625.000,-625.000,-625.000,86.584
291.530000,-625.000,-625.000,-625.000,86.115
291.544974,-625.000,-625.000,-625.000,86.115
291.613999,-625.000,-625.000,-625.000,86.115
291.713999,-625.000,-625.000,-625.000,85.881
291.813999,-625.000,-625.000,-625.000,85.881
291.913999,-625.000,-625.000,-625.000,85.647
292.013999,-625.000,-625.000,-625.000,85.647
292.113999,-625.000,-625.000,-625.000,84.944
292.213999,-625.000,-625.000,-625.000,85.178
292.313999,-625.000,-625.000,-625.000,85.178
292.530000,-625.000,-625.000,-625.000,84.475
292.544974,-625.000,-625.000,-625.000,84.240
292.613999,-625.000,-625.000,-625.000,84.240
292.713999,-625.000,-625.000,-625.000,84.240
292.813999,-625.000,-625.000,-625.000,83.772
292.913999,-625.000,-625.000,-625.000,83.772
293.013999,-625.000,-625.000,-625.000,83.537
293.113999,-625.000,-625.000,-625.000,83.537
293.213999,-625.000,-625.000,-625.000,83.537
293.313999,-625.000,-625.000,-625.000,82.834
293.530000,-625.000,-625.000,-625.000,82.600
293.544974,-625.000,-625.000,-625.000,82.365
293.613999,-625.000,-625.000,-625.000,82.834
293.713999,-625.000,-625.000,-625.000,82.365
293.813999,-625.000,-625.000,-625.000,82.365
293.913999,-625.000,-625.000,-625.000,81.897
294.013999,-625.000,-625.000,-625.000,82.131
294.113999,-625.000,-625.000,-625.000,81.428
294.213999,-625.000,-625.000,-625.000,81.428
294.313999,-625.000,-625.000,-625.000,81.193
294.530001,-625.000,-625.000,-625.000,80.725
294.544974,-625.000,-625.000,-625.000,80.959
294.613999,-625.000,-625.000,-625.000,80.725
294.713999,-625.000,-625.000,-625.000,80.256
294.813999,-625.000,-625.000,-625.000,80.490
294.913999,-625.000,-625.000,-625.000,80.256
295.013999,-625.000,-625.000,-625.000,80.022
295.113999,-625.000,-625.000,-625.000,79.787
295.213999,-625.000,-625.000,-625.000,79.787
295.313999,-625.000,-625.000,-625.000,79.553
295.530000,-625.000,-625.000,-625.000,79.084
295.544974,-625.000,-625.000,-625.000,79.084
295.613999,-625.000,-625.000,-625.000,78.850
295.713999,-625.000,-625.000,-625.000,79.084
295.813999,-625.000,-625.000,-625.000,78.381
295.913999,-625.000,-625.000,-625.000,78.381
296.013999,-625.000,-625.000,-625.000,78.381
296.113999,-625.000,-625.000,-625.000,78.146
296.213999,-625.000,-625.000,-625.000,78.146
296.313999,-625.000,-625.000,-625.000,77.912
296.530001,-625.000,-625.000,-625.000,77.443
296.544974,-625.000,-625.000,-625.000,77.678
296.613999,-625.000,-625.000,-625.000,77.443
296.713999,-625.000,-625.000,-625.000,77.443
296.813999,-625.000,-625.000,-625.000,76.740
296.913999,-625.000,-625.000,-625.000,76.740
297.013999,-625.000,-625.000,-625.000,76.975
297.113999,-625.000,-625.000,-625.000,76.740
297.213999,-625.000,-625.000,-625.000,76.506
297.313999,-625.000,-625.000,-625.000,76.271
297.530000,-625.000,-625.000,-625.000,76.037
297.544974,-625.000,-625.000,-625.000,75.803
297.613999,-625.000,-625.000,-625.000,76.037
297.713999,-625.000,-625.000,-625.000,75.568
297.813999,-625.000,-625.000,-625.000,75.568
297.913999,-625.000,-625.000,-625.000,75.334
298.013999,-625.000,-625.000,-625.000,75.099
298.113999,-625.000,-625.000,-625.000,74.865
298.213999,-625.000,-625.000,-625.000,74.865
298.313999,-625.000,-625.000,-625.000,74.865
298.529000,-625.000,-625.000,-625.000,74.396
298.543974,-625.000,-625.000,-625.000,74.396
298.613999,-625.000,-625.000,-625.000,74.396
298.713999,-625.000,-625.000,-625.000,74.162
298.813999,-625.000,-625.000,-625.000,74.162
298.913999,-625.000,-625.000,-625.000,73.459
299.013999,-625.000,-625.000,-625.000,73.459
299.113999,-625.000,-625.000,-625.000,73.459
299.213999,-625.000,-625.000,-625.000,73.224
299.313999,-625.000,-625.000,-625.000,72.990
299.530000,-625.000,-625.000,-625.000,72.521
299.544974,-625.000,-625.000,-625.000,72.756
299.613999,-625.000,-625.000,-625.000,72.756
299.713999,-625.000,-625.000,-625.000,72.287
299.813999,-625.000,-625.000,-625.000,72.053
299.913999,-625.000,-625.000,-625.000,72.053
300.013999,-625.000,-625.000,-625.000,72.053
300.113999,-625.000,-625.000,-625.000,71.584
300.213999,-625.000,-625.000,-625.000,71.584
300.313999,-625.000,-625.000,-625.000,71.818
300.530001,-625.000,-625.000,-625.000,71.349
300.544974,-625.000,-625.000,-625.000,71.349
300.613999,-625.000,-625.000,-625.000,71.584
300.713999,-625.000,-625.000,-625.000,70.881
300.813999,-625.000,-625.000,-625.000,70.646
300.913999,-625.000,-625.000,-625.000,71.115
301.013999,-625.000,-625.000,-625.000,70.646
301.113999,-625.000,-625.000,-625.000,70.412
301.213999,-625.000,-625.000,-625.000,70.412
301.313999,-625.000,-625.000,-625.000,70.412
301.530000,-625.000,-625.000,-625.000,69.943
301.544974,-625.000,-625.000,-625.000,69.709
301.613999,-625.000,-625.000,-625.000,69.709
301.713999,-625.000,-625.000,-625.000,69.709
301.813999,-625.000,-625.000,-625.000,69.709
301.913999,-625.000,-625.000,-625.000,70.881
302.013999,-625.000,-625.000,-625.000,78.850
302.113999,-625.000,-625.000,-625.000,91.037
302.213999,-625.000,-625.000,-625.000,103.460
302.313999,-625.000,-625.000,-625.000,116.116
302.530000,-625.000,-625.000,-625.000,136.742
302.544974,-625.000,-625.000,-625.000,137.914
302.613999,-625.000,-625.000,-625.000,139.555
302.713999,-625.000,-625.000,-625.000,137.211
302.813999,-625.000,-625.000,-625.000,135.336
302.913999,-625.000,-625.000,-625.000,133.226
303.013999,-625.000,-625.000,-625.000,132.054
303.113999,-625.000,-625.000,-625.000,130.882
303.213999,-625.000,-625.000,-625.000,129.476
303.313999,-625.000,-625.000,-625.000,129.242
303.529001,-625.000,-625.000,-625.000,127.367
303.543974,-625.000,-625.000,-625.000,127.132
303.613999,-625.000,-625.000,-625.000,127.132
303.713999,-625.000,-625.000,-625.000,126.195
303.813999,-625.000,-625.000,-625.000,126.195
303.913999,-625.000,-625.000,-625.000,125.257
304.013999,-625.000,-625.000,-625.000,125.023
304.113999,-625.000,-625.000,-625.000,124.320
304.213999,-625.000,-625.000,-625.000,133.695
304.313999,-625.000,-625.000,-625.000,154.086
304.530000,-625.000,-625.000,-625.000,196.275
304.544974,-625.000,-625.000,-625.000,198.385
304.613999,-625.000,-625.000,-625.000,206.822
304.713999,-625.000,-625.000,-625.000,219.479
304.813999,-625.000,-625.000,-625.000,232.604
304.913999,-625.000,-625.000,-625.000,240.339
305.013999,-625.000,-625.000,-625.000,239.401
305.113999,-625.000,-625.000,-625.000,235.886
305.213999,-625.000,-625.000,-625.000,231.432
305.313999,-625.000,-625.000,-625.000,230.729
305.530001,-625.000,-625.000,-625.000,226.276
305.544974,-625.000,-625.000,-625.000,225.807
305.613999,-625.000,-625.000,-625.000,223.698
305.713999,-625.000,-625.000,-625.000,221.120
305.813999,-625.000,-625.000,-625.000,219.010
305.913999,-625.000,-625.000,-625.000,216.198
306.013999,-625.000,-625.000,-625.000,214.088
306.113999,-625.000,-625.000,-625.000,212.213
306.213999,-625.000,-625.000,-625.000,210.572
306.313999,-625.000,-625.000,-625.000,208.932
306.529000,-625.000,-625.000,-625.000,205.182
306.543973,-625.000,-625.000,-625.000,205.416
306.613999,-625.000,-625.000,-625.000,204.010
306.713999,-625.000,-625.000,-625.000,202.369
306.813999,-625.000,-625.000,-625.000,201.197
306.913999,-625.000,-625.000,-625.000,199.791
307.013999,-625.000,-625.000,-625.000,198.385
307.113999,-625.000,-625.000,-625.000,197.213
307.213999,-625.000,-625.000,-625.000,195.806
307.313999,-625.000,-625.000,-625.000,194.869
307.530000,-625.000,-625.000,-625.000,192.056
307.544974,-625.000,-625.000,-625.000,192.291
307.613999,-625.000,-625.000,-625.000,191.353
307.713999,-625.000,-625.000,-625.000,189.947
307.813999,-625.000,-625.000,-625.000,188.775
307.913999,-625.000,-625.000,-625.000,188.306
308.013999,-625.000,-625.000,-625.000,186.900
308.113999,-625.000,-625.000,-625.000,185.962
308.213999,-625.000,-625.000,-625.000,185.025
308.313999,-625.000,-625.000,-625.000,183.618
308.530000,-625.000,-625.000,-625.000,181.743
308.544974,-625.000,-625.000,-625.000,181.509
308.613999,-625.000,-625.000,-625.000,180.806
308.713999,-625.000,-625.000,-625.000,179.868
308.813999,-625.000,-625.000,-625.000,178.696
308.913999,-625.000,-625.000,-625.000,177.993
309.013999,-625.000,-625.000,-625.000,177.056
309.113999,-625.000,-625.000,-625.000,176.353
309.213999,-625.000,-625.000,-625.000,175.415
309.313999,-625.000,-625.000,-625.000,174.243
309.530000,-625.000,-625.000,-625.000,172.602
309.544974,-625.000,-625.000,-625.000,172.602
309.613999,-625.000,-625.000,-625.000,171.899
309.713999,-625.000,-625.000,-625.000,171.196
309.813999,-625.000,-625.000,-625.000,170.493
309.913999,-625.000,-625.000,-625.000,169.790
310.013999,-625.000,-625.000,-625.000,169.087
310.113999,-625.000,-625.000,-625.000,168.149
310.213999,-625.000,-625.000,-625.000,167.212
310.313999,-625.000,-625.000,-625.000,166.509
310.530000,-625.000,-625.000,-625.000,164.868
310.544974,-625.000,-625.000,-625.000,165.102
310.613999,-625.000,-625.000,-625.000,164.399
310.713999,-625.000,-625.000,-625.000,163.696
310.813999,-625.000,-625.000,-625.000,162.758
310.913999,-625.000,-625.000,-625.000,162.290
311.013999,-625.000,-625.000,-625.000,161.587
311.113999,-625.000,-625.000,-625.000,160.883
311.213999,-625.000,-625.000,-625.000,160.415
311.313999,-625.000,-625.000,-625.000,159.243
311.529000,-625.000,-625.000,-625.000,157.836
311.543973,-625.000,-625.000,-625.000,158.071
311.613999,-625.000,-625.000,-625.000,157.368
311.713999,-625.000,-625.000,-625.000,157.133
311.813999,-625.000,-625.000,-625.000,156.430
311.913999,-625.000,-625.000,-625.000,155.961
312.013999,-625.000,-625.000,-625.000,155.258
312.113999,-625.000,-625.000,-625.000,154.555
312.213999,-625.000,-625.000,-625.000,153.852
312.313999,-625.000,-625.000,-625.000,153.383
312.530000,-625.000,-625.000,-625.000,152.211
312.544974,-625.000,-625.000,-625.000,151.742
312.613999,-625.000,-625.000,-625.000,151.508
312.713999,-625.000,-625.000,-625.000,150.805
312.813999,-625.000,-625.000,-625.000,150.571
312.913999,-625.000,-625.000,-625.000,149.867
313.013999,-625.000,-625.000,-625.000,148.695
313.113999,-625.000,-625.000,-625.000,148.930
313.213999,-625.000,-625.000,-625.000,147.992
313.313999,-625.000,-625.000,-625.000,147.758
313.530000,-625.000,-625.000,-625.000,146.352
313.544974,-625.000,-625.000,-625.000,146.117
313.613999,-625.000,-625.000,-625.000,146.117
313.713999,-625.000,-625.000,-625.000,145.414
313.813999,-625.000,-625.000,-625.000,144.945
313.913999,-625.000,-625.000,-625.000,144.242
314.013999,-625.000,-625.000,-625.000,144.008
314.113999,-625.000,-625.000,-625.000,143.305
314.213999,-625.000,-625.000,-625.000,143.070
314.313999,-625.000,-625.000,-625.000,142.367
314.529000,-625.000,-625.000,-625.000,141.430
314.543973,-625.000,-625.000,-625.000,141.195
314.613999,-625.000,-625.000,-625.000,141.195
314.713999,-625.000,-625.000,-625.000,140.258
314.813999,-625.000,-625.000,-625.000,139.789
314.913999,-625.000,-625.000,-625.000,139.320
315.013999,-625.000,-625.000,-625.000,138.851
315.113999,-625.000,-625.000,-625.000,138.617
315.213999,-625.000,-625.000,-625.000,138.148
315.313999,-625.000,-625.000,-625.000,137.680
315.530000,-625.000,-625.000,-625.000,136.273
315.544974,-625.000,-625.000,-625.000,136.273
315.613999,-625.000,-625.000,-625.000,136.273
315.713999,-625.000,-625.000,-625.000,135.570
315.813999,-625.000,-625.000,-625.000,135.336
315.913999,-625.000,-625.000,-625.000,134.867
316.013999,-625.000,-625.000,-625.000,134.164
316.113999,-625.000,-625.000,-625.000,133.695
316.213999,-625.000,-625.000,-625.000,133.695
316.313999,-625.000,-625.000,-625.000,132.992
316.529001,-625.000,-625.000,-625.000,132.289
316.543974,-625.000,-625.000,-625.000,132.289
316.613999,-625.000,-625.000,-625.000,131.820
316.713999,-625.000,-625.000,-625.000,131.586
316.813999,-625.000,-625.000,-625.000,131.117
316.913999,-625.000,-625.000,-625.000,130.179
317.013999,-625.000,-625.000,-625.000,130.179
317.113999,-625.000,-625.000,-625.000,129.945
317.213999,-625.000,-625.000,-625.000,129.242
317.313999,-625.000,-625.000,-625.000,129.242
317.530000,-625.000,-625.000,-625.000,128.304
317.544974,-625.000,-625.000,-625.000,128.070
317.613999,-625.000,-625.000,-625.000,127.835
317.713999,-625.000,-625.000,-625.000,127.835
317.813999,-625.000,-625.000,-625.000,126.898
317.913999,-625.000,-625.000,-625.000,126.898
318.013999,-625.000,-625.000,-625.000,126.195
318.113999,-625.000,-625.000,-625.000,125.726
318.213999,-625.000,-625.000,-625.000,125.257
318.313999,-625.000,-625.000,-625.000,125.023
318.530001,-625.000,-625.000,-625.000,124.320
318.544973,-625.000,-625.000,-625.000,124.320
318.613999,-625.000,-625.000,-625.000,123.851
318.713999,-625.000,-625.000,-625.000,123.851
318.813999,-625.000,-625.000,-625.000,123.382
318.913999,-625.000,-625.000,-625.000,122.679
319.013999,-625.000,-625.000,-625.000,122.210
319.113999,-625.000,-625.000,-625.000,121.976
319.213999,-625.000,-625.000,-625.000,121.742
319.313999,-625.000,-625.000,-625.000,121.273
319.530000,-625.000,-625.000,-625.000,120.804
319.544974,-625.000,-625.000,-625.000,120.570
319.613999,-625.000,-625.000,-625.000,120.101
319.713999,-625.000,-625.000,-625.000,120.101
319.813999,-625.000,-625.000,-625.000,119.866
319.913999,-625.000,-625.000,-625.000,119.866
320.013999,-625.000,-625.000,-625.000,119.163
320.113999,-625.000,-625.000,-625.000,118.695
320.213999,-625.000,-625.000,-625.000,118.226
320.313999,-625.000,-625.000,-625.000,117.991
320.530000,-625.000,-625.000,-625.000,117.054
320.544973,-625.000,-625.000,-625.000,117.054
320.613999,-625.000,-625.000,-625.000,116.820
320.713999,-625.000,-625.000,-625.000,116.820
320.813999,-625.000,-625.000,-625.000,116.351
320.913999,-625.000,-625.000,-625.000,115.882
321.013999,-625.000,-625.000,-625.000,115.648
321.113999,-625.000,-625.000,-625.000,115.413
321.213999,-625.000,-625.000,-625.000,115.179
321.313999,-625.000,-625.000,-625.000,114.476
321.530000,-625.000,-625.000,-625.000,113.773
321.544974,-625.000,-625.000,-625.000,113.773
321.613999,-625.000,-625.000,-625.000,113.538
321.713999,-625.000,-625.000,-625.000,113.304
321.813999,-625.000,-625.000,-625.000,113.069
321.913999,-625.000,-625.000,-625.000,112.601
322.013999,-625.000,-625.000,-625.000,112.366
322.113999,-625.000,-625.000,-625.000,112.366
322.213999,-625.000,-625.000,-625.000,111.663
322.313999,-625.000,-625.000,-625.000,111.194
322.530000,-625.000,-625.000,-625.000,110.960
322.544974,-625.000,-625.000,-625.000,110.960
322.613999,-625.000,-625.000,-625.000,110.726
322.713999,-625.000,-625.000,-625.000,110.257
322.813999,-625.000,-625.000,-625.000,110.257
322.913999,-625.000,-625.000,-625.000,109.554
323.013999,-625.000,-625.000,-625.000,109.554
323.113999,-625.000,-625.000,-625.000,109.319
323.213999,-625.000,-625.000,-625.000,109.085
323.313999,-625.000,-625.000,-625.000,108.616
323.530000,-625.000,-625.000,-625.000,108.147
323.544974,-625.000,-625.000,-625.000,107.679
323.613999,-625.000,-625.000,-625.000,107.679
323.713999,-625.000,-625.000,-625.000,107.679
323.813999,-625.000,-625.000,-625.000,106.741
323.913999,-625.000,-625.000,-625.000,106.975
324.013999,-625.000,-625.000,-625.000,106.975
324.113999,-625.000,-625.000,-625.000,106.038
324.213999,-625.000,-625.000,-625.000,105.804
324.313999,-625.000,-625.000,-625.000,105.804
324.529000,-625.000,-625.000,-625.000,105.335
324.543974,-625.000,-625.000,-625.000,105.100
324.613999,-625.000,-625.000,-625.000,104.866
324.713999,-625.000,-625.000,-625.000,104.397
324.813999,-625.000,-625.000,-625.000,104.397
324.913999,-625.000,-625.000,-625.000,104.397
325.013999,-625.000,-625.000,-625.000,103.694
325.113999,-625.000,-625.000,-625.000,103.460
325.213999,-625.000,-625.000,-625.000,103.225
325.313999,-625.000,-625.000,-625.000,102.991
325.530000,-625.000,-625.000,-625.000,102.522
325.544974,-625.000,-625.000,-625.000,102.522
325.613999,-625.000,-625.000,-625.000,102.288
325.713999,-625.000,-625.000,-625.000,102.053
325.813999,-625.000,-625.000,-625.000,101.819
325.913999,-625.000,-625.000,-625.000,101.350
326.013999,-625.000,-625.000,-625.000,101.116
326.113999,-625.000,-625.000,-625.000,101.116
326.213999,-625.000,-625.000,-625.000,100.647
326.313999,-625.000,-625.000,-625.000,100.413
326.530000,-625.000,-625.000,-625.000,99.944
326.544974,-625.000,-625.000,-625.000,100.178
326.613999,-625.000,-625.000,-625.000,99.475
326.713999,-625.000,-625.000,-625.000,99.241
326.813999,-625.000,-625.000,-625.000,99.475
326.913999,-625.000,-625.000,-625.000,99.006
327.013999,-625.000,-625.000,-625.000,98.538
327.113999,-625.000,-625.000,-625.000,98.538
327.213999,-625.000,-625.000,-625.000,98.069
327.313999,-625.000,-625.000,-625.000,98.069
327.530001,-625.000,-625.000,-625.000,97.366
327.544974,-625.000,-625.000,-625.000,97.600
327.613999,-625.000,-625.000,-625.000,97.835
327.713999,-625.000,-625.000,-625.000,97.131
327.813999,-625.000,-625.000,-625.000,96.663
327.913999,-625.000,-625.000,-625.000,96.428
328.013999,-625.000,-625.000,-625.000,96.428
328.113999,-625.000,-625.000,-625.000,96.194
328.213999,-625.000,-625.000,-625.000,95.960
328.313999,-625.000,-625.000,-625.000,95.960
328.530000,-625.000,-625.000,-625.000,95.491
328.544974,-625.000,-625.000,-625.000,95.256
328.613999,-625.000,-625.000,-625.000,94.788
328.713999,-625.000,-625.000,-625.000,94.788
328.813999,-625.000,-625.000,-625.000,94.319
328.913999,-625.000,-625.000,-625.000,94.319
329.013999,-625.000,-625.000,-625.000,94.084
329.113999,-625.000,-625.000,-625.000,93.850
329.213999,-625.000,-625.000,-625.000,93.616
329.313999,-625.000,-625.000,-625.000,93.381
329.529000,-625.000,-625.000,-625.000,92.678
329.543974,-625.000,-625.000,-625.000,93.147
329.613999,-625.000,-625.000,-625.000,92.678
329.713999,-625.000,-625.000,-625.000,92.678
329.813999,-625.000,-625.000,-625.000,92.209
329.913999,-625.000,-625.000,-625.000,91.975
330.013999,-625.000,-625.000,-625.000,92.209
330.113999,-625.000,-625.000,-625.000,91.975
330.213999,-625.000,-625.000,-625.000,91.741
330.313999,-625.000,-625.000,-625.000,91.506
330.530000,-625.000,-625.000,-625.000,91.037
330.544974,-625.000,-625.000,-625.000,91.037
330.613999,-625.000,-625.000,-625.000,90.803
330.713999,-625.000,-625.000,-625.000,90.569
330.813999,-625.000,-625.000,-625.000,90.569
330.913999,-625.000,-625.000,-625.000,90.334
331.013999,-625.000,-625.000,-625.000,90.100
331.113999,-625.000,-625.000,-625.000,90.100
331.213999,-625.000,-625.000,-625.000,89.162
331.313999,-625.000,-625.000,-625.000,89.162
331.530000,-625.000,-625.000,-625.000,88.694
331.544973,-625.000,-625.000,-625.000,88.928
331.613999,-625.000,-625.000,-625.000,88.694
331.713999,-625.000,-625.000,-625.000,88.928
331.813999,-625.000,-625.000,-625.000,88.459
331.913999,-625.000,-625.000,-625.000,88.225
332.013999,-625.000,-625.000,-625.000,87.756
332.113999,-625.000,-625.000,-625.000,87.756
332.213999,-625.000,-625.000,-625.000,87.287
332.313999,-625.000,-625.000,-625.000,87.287
332.529000,-625.000,-625.000,-625.000,86.350
332.543973,-625.000,-625.000,-625.000,86.584
332.613999,-625.000,-625.000,-625.000,86.115
332.713999,-625.000,-625.000,-625.000,86.115
332.813999,-625.000,-625.000,-625.000,86.115
332.913999,-625.000,-625.000,-625.000,85.647
333.013999,-625.000,-625.000,-625.000,85.412
333.113999,-625.000,-625.000,-625.000,85.178
333.213999,-625.000,-625.000,-625.000,84.944
333.313999,-625.000,-625.000,-625.000,84.944
333.530000,-625.000,-625.000,-625.000,84.709
333.544974,-625.000,-625.000,-625.000,84.709
333.613999,-625.000,-625.000,-625.000,84.709
333.713999,-625.000,-625.000,-625.000,84.006
333.813999,-625.000,-625.000,-625.000,84.006
333.913999,-625.000,-625.000,-625.000,84.006
334.013999,-625.000,-625.000,-625.000,83.303
334.113999,-625.000,-625.000,-625.000,83.537
334.213999,-625.000,-625.000,-625.000,83.303
334.313999,-625.000,-625.000,-625.000,83.068
334.530000,-625.000,-625.000,-625.000,82.834
334.544974,-625.000,-625.000,-625.000,82.834
334.613999,-625.000,-625.000,-625.000,82.600
334.713999,-625.000,-625.000,-625.000,82.131
334.813999,-625.000,-625.000,-625.000,81.897
334.913999,-625.000,-625.000,-625.000,81.897
335.013999,-625.000,-625.000,-625.000,81.428
335.113999,-625.000,-625.000,-625.000,81.193
335.213999,-625.000,-625.000,-625.000,81.662
335.313999,-625.000,-625.000,-625.000,81.193
335.530000,-625.000,-625.000,-625.000,80.725
335.544974,-625.000,-625.000,-625.000,80.959
335.613999,-625.000,-625.000,-625.000,81.193
335.713999,-625.000,-625.000,-625.000,80.725
335.813999,-625.000,-625.000,-625.000,80.490
335.913999,-625.000,-625.000,-625.000,80.022
336.013999,-625.000,-625.000,-625.000,79.787
336.113999,-625.000,-625.000,-625.000,80.022
336.213999,-625.000,-625.000,-625.000,80.022
336.313999,-625.000,-625.000,-625.000,79.553
336.530000,-625.000,-625.000,-625.000,79.318
336.544974,-625.000,-625.000,-625.000,79.084
336.613999,-625.000,-625.000,-625.000,79.084
336.713999,-625.000,-625.000,-625.000,78.850
336.813999,-625.000,-625.000,-625.000,78.850
336.913999,-625.000,-625.000,-625.000,78.615
337.013999,-625.000,-625.000,-625.000,78.850
337.113999,-625.000,-625.000,-625.000,78.615
337.213999,-625.000,-625.000,-625.000,78.615
337.313999,-625.000,-625.000,-625.000,78.146
337.529001,-625.000,-625.000,-625.000,78.146
337.543974,-625.000,-625.000,-625.000,78.146
337.613999,-625.000,-625.000,-625.000,77.912
337.713999,-625.000,-625.000,-625.000,77.678
337.813999,-625.000,-625.000,-625.000,77.443
337.913999,-625.000,-625.000,-625.000,77.443
338.013999,-625.000,-625.000,-625.000,77.209
338.113999,-625.000,-625.000,-625.000,76.975
338.213999,-625.000,-625.000,-625.000,76.975
338.313999,-625.000,-625.000,-625.000,76.975
338.530000,-625.000,-625.000,-625.000,76.740
338.544974,-625.000,-625.000,-625.000,76.506
338.613999,-625.000,-625.000,-625.000,76.740
338.713999,-625.000,-625.000,-625.000,76.037
338.813999,-625.000,-625.000,-625.000,76.271
338.913999,-625.000,-625.000,-625.000,75.803
339.013999,-625.000,-625.000,-625.000,75.803
339.113999,-625.000,-625.000,-625.000,75.803
339.213999,-625.000,-625.000,-625.000,75.099
339.313999,-625.000,-625.000,-625.000,75.334
339.530001,-625.000,-625.000,-625.000,75.334
339.544974,-625.000,-625.000,-625.000,74.865
339.613999,-625.000,-625.000,-625.000,74.865
339.713999,-625.000,-625.000,-625.000,74.631
339.813999,-625.000,-625.000,-625.000,74.396
339.913999,-625.000,-625.000,-625.000,73.928
340.013999,-625.000,-625.000,-625.000,74.162
340.113999,-625.000,-625.000,-625.000,73.928
340.213999,-625.000,-625.000,-625.000,74.162
340.313999,-625.000,-625.000,-625.000,73.459
340.530001,-625.000,-625.000,-625.000,73.459
340.544974,-625.000,-625.000,-625.000,73.693
340.613999,-625.000,-625.000,-625.000,73.459
340.713999,-625.000,-625.000,-625.000,72.990
340.813999,-625.000,-625.000,-625.000,73.224
340.913999,-625.000,-625.000,-625.000,73.224
341.013999,-625.000,-625.000,-625.000,72.521
341.113999,-625.000,-625.000,-625.000,72.287
341.213999,-625.000,-625.000,-625.000,72.521
341.313999,-625.000,-625.000,-625.000,72.521
341.530000,-625.000,-625.000,-625.000,72.053
341.544973,-625.000,-625.000,-625.000,72.053
341.613999,-625.000,-625.000,-625.000,72.053
341.713999,-625.000,-625.000,-625.000,72.053
341.813999,-625.000,-625.000,-625.000,71.584
341.913999,-625.000,-625.000,-625.000,71.349
342.013999,-625.000,-625.000,-625.000,71.349
342.113999,-625.000,-625.000,-625.000,70.881
342.213999,-625.000,-625.000,-625.000,71.349
342.313999,-625.000,-625.000,-625.000,70.646
342.530001,-625.000,-625.000,-625.000,70.646
342.544974,-625.000,-625.000,-625.000,70.646
342.613999,-625.000,-625.000,-625.000,70.646
342.713999,-625.000,-625.000,-625.000,70.412
342.813999,-625.000,-625.000,-625.000,70.177
342.913999,-625.000,-625.000,-625.000,69.943
343.013999,-625.000,-625.000,-625.000,69.943
343.113999,-625.000,-625.000,-625.000,69.943
343.213999,-625.000,-625.000,-625.000,69.474
343.313999,-625.000,-625.000,-625.000,69.709
343.530000,-625.000,-625.000,-625.000,69.240
343.544974,-625.000,-625.000,-625.000,69.474
343.613999,-625.000,-625.000,-625.000,69.240
343.713999,-625.000,-625.000,-625.000,69.240
343.813999,-625.000,-625.000,-625.000,69.006
343.913999,-625.000,-625.000,-625.000,68.537
344.013999,-625.000,-625.000,-625.000,68.771
344.113999,-625.000,-625.000,-625.000,68.302
344.213999,-625.000,-625.000,-625.000,68.302
344.313999,-625.000,-625.000,-625.000,68.068
344.530001,-625.000,-625.000,-625.000,67.834
344.544974,-625.000,-625.000,-625.000,67.834
344.613999,-625.000,-625.000,-625.000,67.834
344.713999,-625.000,-625.000,-625.000,67.834
344.813999,-625.000,-625.000,-625.000,67.599
344.913999,-625.000,-625.000,-625.000,67.834
345.013999,-625.000,-625.000,-625.000,67.130
345.113999,-625.000,-625.000,-625.000,67.365
345.213999,-625.000,-625.000,-625.000,66.896
345.313999,-625.000,-625.000,-625.000,66.896
345.530000,-625.000,-625.000,-625.000,66.662
345.544974,-625.000,-625.000,-625.000,66.427
345.613999,-625.000,-625.000,-625.000,66.896
345.713999,-625.000,-625.000,-625.000,66.662
345.813999,-625.000,-625.000,-625.000,66.193
345.913999,-625.000,-625.000,-625.000,66.193
346.013999,-625.000,-625.000,-625.000,65.959
346.113999,-625.000,-625.000,-625.000,65.959
346.213999,-625.000,-625.000,-625.000,65.959
346.313999,-625.000,-625.000,-625.000,65.724
346.530000,-625.000,-625.000,-625.000,65.490
346.544973,-625.000,-625.000,-625.000,65.490
346.613999,-625.000,-625.000,-625.000,65.255
346.713999,-625.000,-625.000,-625.000,65.490
346.813999,-625.000,-625.000,-625.000,65.021
346.913999,-625.000,-625.000,-625.000,64.787
347.013999,-625.000,-625.000,-625.000,64.787
347.113999,-625.000,-625.000,-625.000,64.787
347.213999,-625.000,-625.000,-625.000,64.787
347.313999,-625.000,-625.000,-625.000,64.318
347.530000,-625.000,-625.000,-625.000,64.318
347.544974,-625.000,-625.000,-625.000,64.318
347.613999,-625.000,-625.000,-625.000,64.084
347.713999,-625.000,-625.000,-625.000,63.849
347.813999,-625.000,-625.000,-625.000,63.849
347.913999,-625.000,-625.000,-625.000,63.849
348.013999,-625.000,-625.000,-625.000,63.615
348.113999,-625.000,-625.000,-625.000,63.380
348.213999,-625.000,-625.000,-625.000,63.380
348.313999,-625.000,-625.000,-625.000,63.380
348.530000,-625.000,-625.000,-625.000,63.146
348.544974,-625.000,-625.000,-625.000,63.146
348.613999,-625.000,-625.000,-625.000,62.912
348.713999,-625.000,-625.000,-625.000,62.677
348.813999,-625.000,-625.000,-625.000,62.677
348.913999,-625.000,-625.000,-625.000,62.912
349.013999,-625.000,-625.000,-625.000,63.146
349.113999,-625.000,-625.000,-625.000,62.443
349.213999,-625.000,-625.000,-625.000,62.443
349.313999,-625.000,-625.000,-625.000,62.443
349.530000,-625.000,-625.000,-625.000,62.208
349.544974,-625.000,-625.000,-625.000,61.740
349.613999,-625.000,-625.000,-625.000,61.505
349.713999,-625.000,-625.000,-625.000,61.505
349.813999,-625.000,-625.000,-625.000,61.505
349.913999,-625.000,-625.000,-625.000,61.505
350.013999,-625.000,-625.000,-625.000,61.271
350.113999,-625.000,-625.000,-625.000,61.037
350.213999,-625.000,-625.000,-625.000,61.037
350.313999,-625.000,-625.000,-625.000,61.037
350.530001,-625.000,-625.000,-625.000,60.802
350.544974,-625.000,-625.000,-625.000,61.037
350.613999,-625.000,-625.000,-625.000,60.802
350.713999,-625.000,-625.000,-625.000,60.568
350.813999,-625.000,-625.000,-625.000,60.568
350.913999,-625.000,-625.000,-625.000,60.333
351.013999,-625.000,-625.000,-625.000,60.568
351.113999,-625.000,-625.000,-625.000,60.099
351.213999,-625.000,-625.000,-625.000,59.865
351.313999,-625.000,-625.000,-625.000,59.630
351.530000,-625.000,-625.000,-625.000,59.865
351.544974,-625.000,-625.000,-625.000,59.865
351.613999,-625.000,-625.000,-625.000,59.396
351.713999,-625.000,-625.000,-625.000,59.396
351.813999,-625.000,-625.000,-625.000,59.162
351.913999,-625.000,-625.000,-625.000,59.396
352.013999,-625.000,-625.000,-625.000,59.162
352.113999,-625.000,-625.000,-625.000,59.162
352.213999,-625.000,-625.000,-625.000,59.162
352.313999,-625.000,-625.000,-625.000,58.927
352.530000,-625.000,-625.000,-625.000,58.458
352.544974,-625.000,-625.000,-625.000,58.458
352.613999,-625.000,-625.000,-625.000,58.224
352.713999,-625.000,-625.000,-625.000,58.458
352.813999,-625.000,-625.000,-625.000,58.224
352.913999,-625.000,-625.000,-625.000,58.224
353.013999,-625.000,-625.000,-625.000,58.224
353.113999,-625.000,-625.000,-625.000,58.224
353.213999,-625.000,-625.000,-625.000,57.755
353.313999,-625.000,-625.000,-625.000,57.755
353.530000,-625.000,-625.000,-625.000,57.521
353.544974,-625.000,-625.000,-625.000,57.521
353.613999,-625.000,-625.000,-625.000,57.755
353.713999,-625.000,-625.000,-625.000,57.521
353.813999,-625.000,-625.000,-625.000,57.286
353.913999,-625.000,-625.000,-625.000,57.286
354.013999,-625.000,-625.000,-625.000,57.052
354.113999,-625.000,-625.000,-625.000,57.052
354.213999,-625.000,-625.000,-625.000,57.052
354.313999,-625.000,-625.000,-625.000,56.818
354.530000,-625.000,-625.000,-625.000,56.349
354.544974,-625.000,-625.000,-625.000,56.583
354.613999,-625.000,-625.000,-625.000,56.818
354.713999,-625.000,-625.000,-625.000,56.349
354.813999,-625.000,-625.000,-625.000,56.115
354.913999,-625.000,-625.000,-625.000,56.115
355.013999,-625.000,-625.000,-625.000,56.115
355.113999,-625.000,-625.000,-625.000,55.880
355.213999,-625.000,-625.000,-625.000,56.115
355.313999,-625.000,-625.000,-625.000,55.880
355.529000,-625.000,-625.000,-625.000,55.646
355.543974,-625.000,-625.000,-625.000,55.646
355.613999,-625.000,-625.000,-625.000,55.411
355.713999,-625.000,-625.000,-625.000,55.177
355.813999,-625.000,-625.000,-625.000,55.411
355.913999,-625.000,-625.000,-625.000,55.411
356.013999,-625.000,-625.000,-625.000,54.943
356.113999,-625.000,-625.000,-625.000,54.943
356.213999,-625.000,-625.000,-625.000,54.943
356.313999,-625.000,-625.000,-625.000,54.708
356.530000,-625.000,-625.000,-625.000,54.943
356.544974,-625.000,-625.000,-625.000,54.708
356.613999,-625.000,-625.000,-625.000,54.474
356.713999,-625.000,-625.000,-625.000,54.239
356.813999,-625.000,-625.000,-625.000,54.239
356.913999,-625.000,-625.000,-625.000,54.005
357.013999,-625.000,-625.000,-625.000,54.474
357.113999,-625.000,-625.000,-625.000,54.005
357.213999,-625.000,-625.000,-625.000,54.005
357.313999,-625.000,-625.000,-625.000,54.005
357.530001,-625.000,-625.000,-625.000,53.536
357.544974,-625.000,-625.000,-625.000,53.302
357.613999,-625.000,-625.000,-625.000,53.536
357.713999,-625.000,-625.000,-625.000,53.302
357.813999,-625.000,-625.000,-625.000,53.536
357.913999,-625.000,-625.000,-625.000,53.302
358.013999,-625.000,-625.000,-625.000,53.302
358.113999,-625.000,-625.000,-625.000,53.302
358.213999,-625.000,-625.000,-625.000,53.068
358.313999,-625.000,-625.000,-625.000,52.833
358.530000,-625.000,-625.000,-625.000,52.833
358.544973,-625.000,-625.000,-625.000,52.599
358.613999,-625.000,-625.000,-625.000,52.833
358.713999,-625.000,-625.000,-625.000,52.599
358.813999,-625.000,-625.000,-625.000,52.364
358.913999,-625.000,-625.000,-625.000,52.130
359.013999,-625.000,-625.000,-625.000,52.599
359.113999,-625.000,-625.000,-625.000,52.599
359.213999,-625.000,-625.000,-625.000,51.896
359.313999,-625.000,-625.000,-625.000,52.130
359.530000,-625.000,-625.000,-625.000,51.896
359.544973,-625.000,-625.000,-625.000,51.661
359.613999,-625.000,-625.000,-625.000,51.661
359.713999,-625.000,-625.000,-625.000,51.427
359.813999,-625.000,-625.000,-625.000,51.661
359.913999,-625.000,-625.000,-625.000,51.661
360.013999,-625.000,-625.000,-625.000,51.427
360.113999,-625.000,-625.000,-625.000,50.958
360.213999,-625.000,-625.000,-625.000,51.193
360.313999,-625.000,-625.000,-625.000,50.958
360.530000,-625.000,-625.000,-625.000,50.958
360.544974,-625.000,-625.000,-625.000,50.958
360.613999,-625.000,-625.000,-625.000,50.724
360.713999,-625.000,-625.000,-625.000,50.724
360.813999,-625.000,-625.000,-625.000,50.489
360.913999,-625.000,-625.000,-625.000,50.489
361.013999,-625.000,-625.000,-625.000,50.489
361.113999,-625.000,-625.000,-625.000,50.255
361.213999,-625.000,-625.000,-625.000,50.255
361.313999,-625.000,-625.000,-625.000,50.021
361.530000,-625.000,-625.000,-625.000,50.021
361.544973,-625.000,-625.000,-625.000,50.021
361.613999,-625.000,-625.000,-625.000,49.786
361.713999,-625.000,-625.000,-625.000,50.021
361.813999,-625.000,-625.000,-625.000,49.786
361.913999,-625.000,-625.000,-625.000,49.317
362.013999,-625.000,-625.000,-625.000,49.786
362.113999,-625.000,-625.000,-625.000,49.552
362.213999,-625.000,-625.000,-625.000,49.552
362.313999,-625.000,-625.000,-625.000,49.317
362.530000,-625.000,-625.000,-625.000,49.317
362.544974,-625.000,-625.000,-625.000,49.317
362.613999,-625.000,-625.000,-625.000,49.552
362.713999,-625.000,-625.000,-625.000,49.317
362.813999,-625.000,-625.000,-625.000,49.083
362.913999,-625.000,-625.000,-625.000,48.849
363.013999,-625.000,-625.000,-625.000,48.849
363.113999,-625.000,-625.000,-625.000,48.849
363.213999,-625.000,-625.000,-625.000,48.614
363.313999,-625.000,-625.000,-625.000,48.849
363.529001,-625.000,-625.000,-625.000,48.380
363.543974,-625.000,-625.000,-625.000,48.146
363.613999,-625.000,-625.000,-625.000,48.146
363.713999,-625.000,-625.000,-625.000,48.146
363.813999,-625.000,-625.000,-625.000,48.614
363.913999,-625.000,-625.000,-625.000,48.146
364.013999,-625.000,-625.000,-625.000,48.380
364.113999,-625.000,-625.000,-625.000,47.677
364.213999,-625.000,-625.000,-625.000,47.911
364.313999,-625.000,-625.000,-625.000,47.911
364.530000,-625.000,-625.000,-625.000,47.677
364.544974,-625.000,-625.000,-625.000,47.442
364.613999,-625.000,-625.000,-625.000,47.677
364.713999,-625.000,-625.000,-625.000,47.677
364.813999,-625.000,-625.000,-625.000,47.677
364.913999,-625.000,-625.000,-625.000,47.208
365.013999,-625.000,-625.000,-625.000,47.208
365.113999,-625.000,-625.000,-625.000,46.974
365.213999,-625.000,-625.000,-625.000,46.739
365.313999,-625.000,-625.000,-625.000,46.974
365.530000,-625.000,-625.000,-625.000,46.974
365.544974,-625.000,-625.000,-625.000,46.739
365.613999,-625.000,-625.000,-625.000,46.505
365.713999,-625.000,-625.000,-625.000,46.739
365.813999,-625.000,-625.000,-625.000,46.739
365.913999,-625.000,-625.000,-625.000,46.270
366.013999,-625.000,-625.000,-625.000,46.036
366.113999,-625.000,-625.000,-625.000,46.505
366.213999,-625.000,-625.000,-625.000,46.036
366.313999,-625.000,-625.000,-625.000,46.270
366.530001,-625.000,-625.000,-625.000,45.802
366.544974,-625.000,-625.000,-625.000,46.036
366.613999,-625.000,-625.000,-625.000,45.802
366.713999,-625.000,-625.000,-625.000,45.567
366.813999,-625.000,-625.000,-625.000,46.036
366.913999,-625.000,-625.000,-625.000,46.036
367.013999,-625.000,-625.000,-625.000,45.333
367.113999,-625.000,-625.000,-625.000,45.333
367.213999,-625.000,-625.000,-625.000,45.802
367.313999,-625.000,-625.000,-625.000,45.099
367.530000,-625.000,-625.000,-625.000,45.099
367.544974,-625.000,-625.000,-625.000,45.567
367.613999,-625.000,-625.000,-625.000,45.099
367.713999,-625.000,-625.000,-625.000,45.099
367.813999,-625.000,-625.000,-625.000,45.333
367.913999,-625.000,-625.000,-625.000,45.099
368.013999,-625.000,-625.000,-625.000,44.864
368.113999,-625.000,-625.000,-625.000,44.630
368.213999,-625.000,-625.000,-625.000,44.864
368.313999,-625.000,-625.000,-625.000,44.630
368.529000,-625.000,-625.000,-625.000,44.395
368.543974,-625.000,-625.000,-625.000,44.395
368.613999,-625.000,-625.000,-625.000,44.161
368.713999,-625.000,-625.000,-625.000,44.161
368.813999,-625.000,-625.000,-625.000,44.161
368.913999,-625.000,-625.000,-625.000,44.161
369.013999,-625.000,-625.000,-625.000,43.927
369.113999,-625.000,-625.000,-625.000,44.161
369.213999,-625.000,-625.000,-625.000,44.161
369.313999,-625.000,-625.000,-625.000,43.927
369.530000,-625.000,-625.000,-625.000,43.458
369.544974,-625.000,-625.000,-625.000,43.692
369.613999,-625.000,-625.000,-625.000,44.161
369.713999,-625.000,-625.000,-625.000,43.458
369.813999,-625.000,-625.000,-625.000,43.692
369.913999,-625.000,-625.000,-625.000,43.458
370.013999,-625.000,-625.000,-625.000,43.224
370.113999,-625.000,-625.000,-625.000,43.224
370.213999,-625.000,-625.000,-625.000,43.224
370.313999,-625.000,-625.000,-625.000,43.458
370.530000,-625.000,-625.000,-625.000,43.224
370.544974,-625.000,-625.000,-625.000,42.989
370.613999,-625.000,-625.000,-625.000,43.224
370.713999,-625.000,-625.000,-625.000,43.224
370.813999,-625.000,-625.000,-625.000,42.989
370.913999,-625.000,-625.000,-625.000,42.755
371.013999,-625.000,-625.000,-625.000,42.755
371.113999,-625.000,-625.000,-625.000,42.286
371.213999,-625.000,-625.000,-625.000,42.520
371.313999,-625.000,-625.000,-625.000,42.286
371.529000,-625.000,-625.000,-625.000,42.286
371.543974,-625.000,-625.000,-625.000,42.286
371.613999,-625.000,-625.000,-625.000,42.052
371.713999,-625.000,-625.000,-625.000,42.286
371.813999,-625.000,-625.000,-625.000,42.052
371.913999,-625.000,-625.000,-625.000,42.286
372.013999,-625.000,-625.000,-625.000,41.817
372.113999,-625.000,-625.000,-625.000,41.583
372.213999,-625.000,-625.000,-625.000,42.052
372.313999,-625.000,-625.000,-625.000,41.817
372.530000,-625.000,-625.000,-625.000,41.817
372.544974,-625.000,-625.000,-625.000,41.348
372.613999,-625.000,-625.000,-625.000,41.583
372.713999,-625.000,-625.000,-625.000,41.348
372.813999,-625.000,-625.000,-625.000,41.583
372.913999,-625.000,-625.000,-625.000,41.348
373.013999,-625.000,-625.000,-625.000,41.114
373.113999,-625.000,-625.000,-625.000,41.348
373.213999,-625.000,-625.000,-625.000,40.880
373.313999,-625.000,-625.000,-625.000,41.114
373.530000,-625.000,-625.000,-625.000,40.880
373.544974,-625.000,-625.000,-625.000,40.645
373.613999,-625.000,-625.000,-625.000,40.645
373.713999,-625.000,-625.000,-625.000,40.411
373.813999,-625.000,-625.000,-625.000,40.645
373.913999,-625.000,-625.000,-625.000,40.645
374.013999,-625.000,-625.000,-625.000,40.880
374.113999,-625.000,-625.000,-625.000,40.645
374.213999,-625.000,-625.000,-625.000,40.645
374.313999,-625.000,-625.000,-625.000,40.177
374.530001,-625.000,-625.000,-625.000,39.942
374.544974,-625.000,-625.000,-625.000,40.177
374.613999,-625.000,-625.000,-625.000,39.942
374.713999,-625.000,-625.000,-625.000,39.942
374.813999,-625.000,-625.000,-625.000,39.942
374.913999,-625.000,-625.000,-625.000,39.708
375.013999,-625.000,-625.000,-625.000,39.942
375.113999,-625.000,-625.000,-625.000,39.473
375.213999,-625.000,-625.000,-625.000,39.942
375.313999,-625.000,-625.000,-625.000,39.708
375.530000,-625.000,-625.000,-625.000,39.473
375.544974,-625.000,-625.000,-625.000,39.473
375.613999,-625.000,-625.000,-625.000,39.473
375.713999,-625.000,-625.000,-625.000,39.473
375.813999,-625.000,-625.000,-625.000,39.239
375.913999,-625.000,-625.000,-625.000,39.239
376.013999,-625.000,-625.000,-625.000,39.005
376.113999,-625.000,-625.000,-625.000,39.239
