time_s,P1_high_psi,P2_high_psi,P3_high_psi,P4_high_psi
0.000000,-57.561,-57.092,-58.030,-57.795
0.215000,-57.326,-57.326,-57.795,-57.561
0.229974,-57.561,-57.326,-57.795,-57.795
0.244960,-57.561,-57.326,-57.795,-57.561
0.259946,-57.795,-57.092,-57.795,-57.561
0.274932,-57.561,-57.326,-57.795,-57.561
0.289918,-57.795,-57.326,-57.795,-57.795
0.304904,-57.326,-57.326,-57.795,-57.795
0.319890,-57.561,-57.326,-57.561,-57.795
0.334876,-57.561,-57.326,-57.795,-57.561
0.349862,-57.326,-57.326,-57.795,-57.795
0.565000,-57.326,-57.326,-57.795,-57.795
0.579974,-57.561,-57.561,-57.795,-57.795
0.594960,-57.326,-57.326,-57.795,-57.795
0.609946,-57.561,-57.326,-57.561,-57.795
0.624932,-57.561,-57.326,-57.795,-57.561
0.639918,-57.561,-57.561,-57.795,-57.561
0.654904,-57.561,-57.326,-57.795,-57.561
0.669890,-57.561,-57.561,-57.795,-57.561
0.684876,-57.795,-57.092,-57.795,-57.795
0.699862,-57.561,-57.092,-57.795,-57.561
0.915000,-57.326,-57.561,-57.561,-57.561
0.929974,-57.561,-57.326,-57.795,-57.795
0.944960,-57.561,-57.561,-57.795,-57.795
0.959946,-57.561,-57.561,-57.795,-57.795
0.974932,-57.561,-57.326,-57.795,-57.795
0.989918,-57.561,-57.326,-57.795,-57.795
1.004904,-57.561,-57.561,-57.795,-57.561
1.019890,-57.561,-57.561,-57.795,-57.795
1.034876,-57.561,-57.326,-57.795,-57.561
1.049862,-57.561,-57.561,-57.561,-57.795
1.265000,-57.795,-57.326,-58.030,-57.561
1.279974,-57.561,-57.326,-57.561,-57.561
1.294960,-57.561,-57.326,-57.561,-57.795
1.309946,-57.326,-57.326,-57.561,-57.795
1.324932,-57.561,-57.326,-57.795,-57.795
1.339918,-57.561,-57.326,-57.561,-57.795
1.354904,-57.561,-57.326,-58.030,-57.561
1.369890,-57.561,-57.326,-57.561,-57.561
1.384876,-57.561,-57.326,-57.561,-57.795
1.399862,-57.561,-57.326,-57.561,-57.561
1.615000,-57.561,-57.326,-57.795,-57.795
1.629974,-57.561,-57.561,-57.561,-57.795
1.644960,-57.561,-57.561,-57.795,-57.561
1.659946,-57.561,-57.326,-57.795,-57.795
1.674932,-57.561,-57.561,-57.795,-57.561
1.689918,-57.326,-57.326,-57.561,-57.561
1.704904,-57.561,-57.326,-57.795,-57.795
1.719890,-57.561,-57.561,-57.561,-57.561
1.734876,-57.561,-57.326,-57.795,-57.795
1.749862,-57.561,-57.326,-57.795,-57.561
1.965000,-57.561,-57.561,-57.561,-57.561
1.979974,-57.326,-57.092,-57.795,-57.561
1.994960,-57.561,-57.326,-57.561,-57.561
2.009946,-57.561,-57.561,-57.795,-57.561
2.024932,-57.326,-57.326,-57.795,-57.561
2.039918,-57.326,-57.561,-57.795,-57.795
2.054904,-57.561,-57.561,-58.030,-57.795
2.069890,-57.326,-57.326,-58.030,-57.795
2.084876,-57.561,-57.326,-57.795,-57.795
2.099862,-57.561,-57.092,-57.561,-57.795
2.315000,-57.561,-57.326,-57.795,-57.795
2.329974,-57.561,-57.326,-57.795,-57.561
2.344960,-57.561,-57.561,-57.561,-57.795
2.359946,-57.561,-57.326,-57.795,-57.795
2.374932,-57.561,-57.561,-57.795,-57.795
2.389918,-57.326,-57.326,-57.795,-57.561
2.404904,-57.561,-57.326,-57.561,-57.795
2.419890,-57.561,-57.326,-57.795,-57.795
2.434876,-57.561,-57.561,-57.795,-57.561
2.449862,-57.561,-57.326,-57.795,-57.795
2.665000,-57.326,-57.561,-57.561,-57.795
2.679974,-57.795,-57.326,-57.561,-57.795
2.694960,-57.561,-57.326,-57.795,-57.561
2.709946,-57.561,-57.561,-57.795,-57.795
2.724932,-57.561,-57.561,-58.030,-57.795
2.739918,-57.326,-57.326,-57.795,-57.795
2.754904,-57.561,-57.326,-57.795,-57.795
2.769890,-57.326,-57.561,-57.795,-57.795
2.784876,-57.561,-57.326,-57.795,-57.561
2.799862,-57.326,-57.326,-57.561,-57.795
3.015000,-57.561,-57.326,-57.795,-57.561
3.029974,-57.561,-57.326,-57.795,-57.561
3.044960,-57.326,-57.561,-57.795,-57.795
3.059946,-57.326,-57.326,-57.561,-57.795
3.074932,-57.326,-57.326,-57.795,-57.561
3.089918,-57.561,-57.561,-57.795,-57.795
3.104904,-57.561,-57.561,-57.795,-57.795
3.119890,-57.561,-57.326,-57.795,-57.795
3.134876,-57.561,-57.326,-57.795,-57.561
3.149862,-57.561,-57.326,-57.795,-57.561
3.365000,-57.561,-57.561,-57.561,-57.795
3.379974,-57.561,-57.326,-57.561,-57.561
3.394960,-57.326,-57.092,-57.795,-57.795
3.409946,-57.561,-57.326,-57.795,-57.795
3.424932,-57.561,-57.326,-57.795,-58.030
3.439918,-57.561,-57.326,-57.795,-57.795
3.454904,-57.561,-57.326,-57.795,-57.795
3.469890,-57.561,-57.326,-57.561,-57.795
3.484876,-57.326,-57.326,-57.795,-57.795
3.499862,-57.561,-57.561,-57.561,-57.795
3.715000,-57.561,-57.561,-57.795,-57.795
3.729974,-57.561,-57.326,-57.795,-57.561
3.744960,-57.561,-57.326,-57.561,-57.795
3.759946,-57.561,-57.326,-58.030,-57.795
3.774932,-57.561,-57.092,-57.795,-57.795
3.789918,-57.561,-57.326,-57.795,-57.561
3.804904,-57.561,-57.326,-57.795,-57.561
3.819890,-57.326,-57.326,-57.795,-57.795
3.834876,-57.561,-57.326,-57.561,-57.795
3.849862,-57.561,-57.326,-57.795,-57.561
4.065000,-57.561,-57.326,-57.795,-57.795
4.079974,-57.561,-57.326,-57.795,-57.795
4.094960,-57.561,-57.561,-57.561,-57.795
4.109946,-57.326,-57.561,-57.561,-57.795
4.124932,-57.795,-57.326,-57.561,-57.795
4.139918,-57.326,-57.326,-57.795,-57.795
4.154904,-57.561,-57.326,-57.561,-57.795
4.169890,-57.561,-57.326,-57.795,-57.795
4.184876,-57.561,-57.326,-57.795,-57.561
4.199862,-57.561,-57.561,-57.795,-57.561
4.415000,-57.561,-57.326,-57.795,-57.795
4.429974,-57.795,-57.561,-57.795,-57.561
4.444960,-57.561,-57.326,-57.561,-57.795
4.459946,-57.561,-57.326,-57.795,-57.561
4.474932,-57.561,-57.326,-57.561,-57.561
4.489918,-57.561,-57.326,-57.561,-57.561
4.504904,-57.561,-57.561,-57.795,-57.795
4.519890,-57.326,-57.326,-57.795,-57.795
4.534876,-57.561,-57.326,-57.561,-57.561
4.549862,-57.795,-57.326,-57.795,-57.561
4.765000,-57.561,-57.561,-58.030,-57.795
4.779974,-57.561,-57.092,-57.795,-58.030
4.794960,-57.561,-57.326,-57.795,-57.561
4.809946,-57.561,-57.326,-58.030,-57.795
4.824932,-57.326,-57.561,-57.795,-57.561
4.839918,-57.561,-57.326,-57.795,-57.795
4.854904,-57.561,-57.561,-57.795,-57.795
4.869890,-57.326,-57.326,-57.795,-58.030
4.884876,-57.561,-57.326,-57.795,-57.795
4.899862,-57.561,-57.326,-57.795,-57.561
5.115000,-57.561,-57.092,-57.561,-57.795
5.129974,-57.561,-57.561,-57.561,-57.795
5.144960,-57.561,-57.326,-57.561,-57.561
5.159946,-57.561,-57.326,-57.795,-57.561
5.174932,-57.795,-57.326,-57.795,-57.795
5.189918,-57.795,-57.326,-57.795,-57.326
5.204904,-57.561,-57.561,-57.795,-57.561
5.219890,-57.561,-57.561,-57.795,-57.561
5.234876,-57.561,-57.326,-57.795,-57.561
5.291999,-57.561,-57.561,-57.561,-57.795
5.508000,-57.561,-57.561,-57.795,-57.795
5.522974,-57.561,-57.326,-57.795,-57.795
5.591999,-57.561,-57.326,-57.795,-57.561
5.691999,-57.561,-57.326,-57.561,-57.561
5.791999,-57.561,-57.326,-57.795,-57.561
5.891999,-57.561,-57.326,-57.795,-57.795
5.991999,-57.561,-57.326,-57.795,-57.561
6.091999,-57.795,-57.326,-57.561,-57.795
6.191999,-57.795,-57.561,-57.795,-57.795
6.291999,-57.561,-57.092,-58.030,-57.561
6.508000,-57.561,-57.326,-57.795,-57.795
6.522974,-57.795,-57.326,-57.561,-57.795
6.591999,-57.561,-57.326,-57.561,-57.795
6.691999,-57.561,-57.561,-57.795,-57.795
6.791999,-57.326,-57.326,-57.795,-57.795
6.891999,-57.561,-57.326,-57.795,-57.795
6.991999,-57.561,-57.326,-57.795,-57.795
7.091999,-57.561,-57.561,-57.561,-57.795
7.191999,-57.561,-57.561,-57.795,-57.795
7.291999,-57.561,-57.326,-57.795,-57.561
7.508000,-57.561,-57.561,-57.561,-57.795
7.522974,-57.561,-57.561,-57.561,-57.795
7.591999,-57.561,-57.326,-57.561,-57.561
7.691999,-57.561,-57.326,-57.795,-57.561
7.791999,-57.326,-57.326,-57.561,-57.561
7.891999,-57.326,-57.326,-57.795,-57.795
7.991999,-57.326,-57.326,-57.795,-57.795
8.091999,-57.795,-57.326,-57.795,-57.795
8.191999,-57.561,-57.326,-57.795,-57.795
8.291999,-57.561,-57.326,-57.795,-57.561
8.507000,-57.561,-57.561,-57.795,-58.030
8.521974,-57.561,-57.326,-57.795,-57.795
8.591999,-57.561,-57.326,-57.795,-57.795
8.691999,-57.561,-57.092,-57.795,-57.795
8.791999,-57.561,-57.561,-57.795,-57.795
8.891999,-57.561,-57.561,-57.795,-57.561
8.991999,-57.561,-57.326,-57.795,-57.795
9.091999,-57.561,-57.326,-57.795,-57.795
9.191999,-57.561,-57.561,-58.030,-57.795
9.291999,-57.561,-57.561,-57.795,-57.795
9.508000,-57.561,-57.326,-57.795,-57.795
9.522974,-57.795,-57.561,-57.795,-57.795
9.591999,-57.326,-57.326,-57.795,-57.795
9.691999,-57.561,-57.326,-57.795,-57.795
9.791999,-57.561,-57.326,-58.030,-57.561
9.891999,-57.326,-57.326,-57.561,-57.561
9.991999,-57.561,-57.561,-57.795,-57.795
10.091999,-57.561,-57.561,-57.561,-57.795
10.191999,-57.561,-57.326,-57.795,-57.561
10.291999,-57.561,-57.326,-57.795,-57.561
10.508001,-57.561,-57.326,-57.795,-57.561
10.522974,-57.561,-57.561,-57.795,-57.795
10.591999,-57.561,-57.326,-57.795,-57.795
10.691999,-57.561,-57.326,-58.030,-57.795
10.791999,-57.326,-57.326,-57.561,-57.795
10.891999,-57.561,-57.561,-57.795,-57.561
10.991999,-57.561,-57.326,-57.795,-57.561
11.091999,-57.561,-57.326,-57.561,-57.795
11.191999,-57.326,-57.326,-57.561,-57.561
11.291999,-57.561,-57.326,-57.795,-57.561
11.508000,-57.561,-57.326,-57.561,-57.795
11.522974,-57.561,-57.326,-58.030,-57.795
11.591999,-57.561,-57.561,-57.561,-57.561
11.691999,-57.561,-57.326,-58.030,-57.795
11.791999,-57.326,-57.326,-57.561,-57.795
11.891999,-57.561,-57.326,-58.030,-57.795
11.991999,-57.561,-57.326,-57.795,-57.795
12.091999,-57.561,-57.092,-57.795,-57.795
12.191999,-57.561,-57.561,-58.030,-57.561
12.291999,-57.561,-57.326,-57.561,-57.561
12.508000,-57.561,-57.561,-57.795,-57.561
12.522974,-57.326,-57.326,-57.795,-57.795
12.591999,-57.561,-57.326,-57.795,-57.795
12.691999,-57.561,-57.326,-57.795,-57.795
12.791999,-57.561,-57.326,-57.795,-57.561
12.891999,-57.326,-57.326,-57.795,-57.795
12.991999,-57.561,-57.326,-57.561,-57.795
13.091999,-57.326,-57.326,-57.795,-57.561
13.191999,-57.561,-57.561,-57.795,-57.795
13.291999,-57.326,-57.326,-57.795,-57.795
13.508000,-57.326,-57.326,-57.795,-57.795
13.522974,-57.561,-57.561,-57.795,-57.795
13.591999,-57.561,-57.092,-57.795,-57.561
13.691999,-57.561,-57.326,-57.795,-57.561
13.791999,-57.561,-57.561,-57.795,-57.795
13.891999,-57.561,-57.326,-57.561,-57.795
13.991999,-57.561,-57.326,-57.795,-57.561
14.091999,-57.561,-57.326,-57.795,-57.795
14.191999,-57.326,-57.326,-57.795,-57.561
14.291999,-57.561,-57.326,-57.795,-57.561
14.508001,-57.561,-57.326,-57.795,-57.795
14.522974,-57.561,-57.326,-57.795,-57.561
14.591999,-57.326,-57.561,-57.795,-57.795
14.691999,-57.326,-57.561,-57.795,-57.795
14.791999,-57.561,-57.326,-57.795,-57.795
14.891999,-57.326,-57.092,-57.561,-57.795
14.991999,-57.561,-57.326,-57.561,-57.561
15.091999,-57.326,-57.326,-57.561,-57.795
15.191999,-57.561,-57.326,-57.795,-57.795
15.291999,-57.561,-57.326,-57.795,-57.795
15.508000,-57.326,-57.326,-57.795,-57.561
15.522974,-57.561,-57.092,-57.795,-57.561
15.591999,-57.561,-57.326,-57.561,-57.795
15.691999,-57.561,-57.561,-57.795,-57.795
15.791999,-57.326,-57.326,-57.795,-58.030
15.891999,-57.561,-57.326,-58.030,-57.795
15.991999,-57.561,-57.326,-57.561,-57.795
16.091999,-57.561,-57.326,-57.795,-57.795
16.191999,-57.561,-57.326,-57.561,-57.561
16.291999,-57.561,-57.326,-58.030,-57.795
16.507000,-57.326,-57.561,-57.561,-57.795
16.521974,-57.561,-57.326,-57.795,-57.561
16.591999,-57.561,-57.561,-57.561,-57.795
16.691999,-57.561,-57.092,-57.561,-57.561
16.791999,-57.561,-57.326,-57.561,-57.795
16.891999,-57.561,-57.561,-57.795,-57.795
16.991999,-57.326,-57.561,-57.561,-57.795
17.091999,-57.561,-57.326,-57.561,-57.561
17.191999,-57.561,-57.561,-57.795,-57.795
17.291999,-57.326,-57.326,-57.795,-57.561
17.508000,-57.326,-57.561,-57.795,-57.795
17.522974,-57.326,-57.326,-57.795,-57.795
17.591999,-57.561,-57.326,-57.795,-57.795
17.691999,-57.561,-57.561,-57.795,-57.561
17.791999,-57.561,-57.326,-57.795,-57.795
17.891999,-57.326,-57.326,-57.795,-57.795
17.991999,-57.561,-57.326,-58.030,-57.561
18.091999,-57.561,-57.326,-57.795,-57.561
18.191999,-57.561,-57.326,-57.795,-57.561
18.291999,-57.561,-57.326,-57.795,-57.561
18.508001,-57.561,-57.326,-58.030,-57.561
18.522974,-57.561,-57.326,-57.795,-57.561
18.591999,-57.326,-57.326,-57.795,-57.795
18.691999,-57.561,-57.326,-57.561,-57.561
18.791999,-57.561,-57.326,-58.030,-57.795
18.891999,-57.561,-57.326,-57.795,-57.795
18.991999,-57.561,-57.326,-57.795,-57.561
19.091999,-57.561,-57.561,-57.561,-57.795
19.191999,-57.561,-57.326,-57.795,-57.561
19.291999,-57.561,-57.561,-57.795,-57.561
19.508001,-57.561,-57.326,-57.795,-57.561
19.522974,-57.561,-57.326,-57.795,-57.561
19.591999,-57.561,-57.326,-58.030,-57.561
19.691999,-57.561,-57.326,-57.795,-57.795
19.791999,-57.561,-57.326,-58.030,-57.795
19.891999,-57.561,-57.092,-57.795,-57.561
19.991999,-57.561,-57.326,-57.561,-57.795
20.091999,-57.561,-57.326,-57.795,-57.795
20.191999,-57.326,-57.326,-57.561,-57.795
20.291999,-57.561,-57.561,-57.795,-57.795
20.508000,-57.561,-57.326,-58.030,-57.795
20.522974,-57.561,-57.326,-57.795,-57.561
20.591999,-57.326,-57.326,-57.795,-57.561
20.691999,-57.561,-57.092,-57.795,-57.561
20.791999,-57.326,-57.326,-57.795,-57.795
20.891999,-57.561,-57.326,-57.795,-57.795
20.991999,-57.326,-57.326,-57.561,-57.795
21.091999,-57.561,-57.326,-57.561,-57.795
21.191999,-57.561,-57.326,-57.795,-57.561
21.291999,-57.561,-57.561,-57.561,-57.561
21.507000,-57.561,-57.561,-57.795,-57.561
21.521974,-57.561,-57.561,-57.795,-57.561
21.591999,-57.561,-57.326,-57.795,-57.561
21.691999,-57.561,-57.561,-57.795,-57.795
21.791999,-57.326,-57.326,-57.795,-57.795
21.891999,-57.561,-57.326,-57.795,-57.795
21.991999,-57.561,-57.326,-57.795,-57.561
22.091999,-57.326,-57.326,-57.795,-57.795
22.191999,-57.561,-57.326,-57.795,-57.795
22.291999,-57.561,-57.561,-57.795,-57.561
22.508000,-57.561,-57.561,-57.795,-57.795
22.522974,-57.561,-57.326,-57.795,-57.561
22.591999,-57.561,-57.092,-57.795,-57.795
22.691999,-57.561,-57.326,-57.795,-57.795
22.791999,-57.561,-57.326,-57.795,-57.795
22.891999,-57.561,-57.561,-57.795,-57.795
22.991999,-57.561,-57.326,-57.795,-57.561
23.091999,-57.561,-57.326,-57.561,-57.795
23.191999,-57.326,-57.326,-57.561,-57.795
23.291999,-57.326,-57.326,-57.795,-57.795
23.508000,-57.561,-57.326,-57.561,-57.795
23.522974,-57.561,-57.326,-57.795,-57.561
23.591999,-57.561,-57.092,-57.795,-57.795
23.691999,-57.326,-57.561,-57.795,-57.795
23.791999,-57.561,-57.326,-57.561,-57.561
23.891999,-57.561,-57.561,-57.795,-57.795
23.991999,-57.561,-57.561,-57.795,-57.561
24.091999,-57.326,-57.326,-57.561,-57.561
24.191999,-57.561,-57.326,-57.561,-57.795
24.291999,-57.561,-57.326,-57.795,-57.795
24.508000,-57.561,-57.092,-58.030,-57.561
24.522974,-57.795,-57.092,-57.795,-57.561
24.591999,-57.795,-57.561,-57.795,-57.795
24.691999,-57.561,-57.326,-57.795,-57.561
24.791999,-57.561,-57.326,-57.561,-57.561
24.891999,-57.795,-57.326,-57.561,-57.795
24.991999,-57.561,-57.092,-57.795,-57.795
25.091999,-57.561,-57.326,-57.795,-57.795
25.191999,-57.561,-57.326,-57.795,-57.561
25.291999,-57.326,-57.326,-57.795,-57.795
25.508000,-57.561,-57.326,-57.561,-57.795
25.522974,-57.561,-57.561,-57.326,-57.795
25.591999,-57.561,-57.092,-57.795,-57.561
25.691999,-57.561,-57.561,-57.561,-57.795
25.791999,-57.561,-57.326,-57.795,-57.795
25.891999,-57.326,-57.561,-57.561,-57.795
25.991999,-57.561,-57.326,-57.561,-57.561
26.091999,-57.326,-57.326,-57.795,-57.795
26.191999,-57.561,-57.561,-57.561,-57.795
26.291999,-57.561,-57.561,-57.795,-57.561
26.508000,-57.561,-57.561,-57.795,-57.795
26.522974,-57.561,-57.326,-57.795,-57.795
26.591999,-57.795,-57.561,-57.795,-57.795
26.691999,-57.561,-57.561,-57.561,-57.561
26.791999,-57.326,-57.561,-57.795,-57.795
26.891999,-57.326,-57.561,-57.561,-57.795
26.991999,-57.561,-57.561,-57.795,-57.795
27.091999,-57.561,-57.326,-57.795,-57.561
27.191999,-57.561,-57.561,-57.795,-57.561
27.291999,-57.561,-57.092,-57.795,-57.561
27.508001,-57.561,-57.326,-57.795,-57.561
27.522974,-57.795,-57.326,-57.795,-57.795
27.591999,-57.326,-57.561,-57.561,-57.795
27.691999,-57.561,-57.326,-57.561,-57.795
27.791999,-57.326,-57.326,-58.030,-57.795
27.891999,-57.795,-57.561,-57.795,-57.795
27.991999,-57.561,-57.326,-57.795,-57.795
28.091999,-57.561,-57.561,-57.795,-57.795
28.191999,-57.561,-57.326,-58.030,-57.795
28.291999,-57.561,-57.326,-57.795,-58.030
28.508000,-57.561,-57.561,-57.795,-57.561
28.522974,-57.561,-57.561,-57.795,-57.795
28.591999,-57.561,-57.326,-57.795,-57.561
28.691999,-57.561,-57.561,-57.795,-57.795
28.791999,-57.561,-57.561,-57.795,-57.795
28.891999,-57.326,-57.326,-57.795,-57.561
28.991999,-57.561,-57.326,-57.795,-57.561
29.091999,-57.795,-57.326,-57.561,-57.795
29.191999,-57.561,-57.326,-57.795,-57.561
29.291999,-57.561,-57.561,-57.561,-57.795
29.507000,-57.561,-57.326,-57.795,-57.795
29.521974,-57.561,-57.326,-57.561,-57.795
29.591999,-57.561,-57.326,-57.561,-57.561
29.691999,-57.561,-57.326,-57.561,-57.795
29.791999,-57.561,-57.326,-57.795,-57.795
29.891999,-57.561,-57.326,-57.561,-57.561
29.991999,-57.561,-57.326,-57.795,-57.561
30.091999,-57.561,-57.326,-57.795,-57.795
30.191999,-57.561,-57.326,-57.561,-57.795
30.291999,-57.326,-57.561,-57.795,-57.795
30.508000,-57.561,-57.326,-57.795,-57.561
30.522974,-57.561,-57.326,-57.795,-57.561
30.591999,-57.326,-57.326,-57.795,-57.795
30.691999,-57.561,-57.326,-57.795,-57.795
30.791999,-57.561,-57.326,-57.795,-57.795
30.891999,-57.561,-57.326,-57.795,-57.795
30.991999,-57.326,-57.561,-57.795,-57.795
31.091999,-57.561,-57.326,-57.795,-57.795
31.191999,-57.561,-57.326,-57.795,-57.795
31.291999,-57.561,-57.326,-57.795,-57.795
31.508000,-57.561,-57.092,-57.795,-57.795
31.522974,-57.561,-57.561,-57.795,-57.561
31.591999,-57.561,-57.326,-57.795,-57.561
31.691999,-57.795,-57.326,-57.795,-57.561
31.791999,-57.561,-57.326,-57.561,-57.795
31.891999,-57.326,-57.326,-57.795,-57.561
31.991999,-57.561,-57.561,-57.561,-57.561
32.091999,-57.561,-57.326,-57.795,-57.561
32.191999,-57.326,-57.326,-57.795,-58.030
32.291999,-57.561,-57.326,-57.795,-57.795
32.508001,-57.326,-57.326,-57.795,-57.561
32.522974,-57.326,-57.326,-57.795,-57.795
32.591999,-57.326,-57.092,-57.795,-57.795
32.691999,-57.561,-57.326,-57.795,-57.561
32.791999,-57.326,-57.326,-57.795,-57.561
32.891999,-57.561,-57.561,-57.795,-57.561
32.991999,-57.561,-57.326,-57.795,-57.795
33.091999,-57.326,-57.326,-57.795,-57.795
33.191999,-57.561,-57.326,-57.795,-57.561
33.291999,-57.561,-57.561,-58.030,-57.795
33.508000,-57.561,-57.561,-57.795,-57.561
33.522974,-57.561,-57.326,-57.795,-57.795
33.591999,-57.326,-57.561,-57.795,-57.561
33.691999,-57.561,-57.326,-58.030,-57.795
33.791999,-57.561,-57.561,-57.795,-57.795
33.891999,-57.795,-57.561,-58.030,-57.795
33.991999,-57.561,-57.326,-57.561,-57.795
34.091999,-57.326,-57.092,-57.795,-57.561
34.191999,-57.561,-57.561,-58.030,-57.795
34.291999,-57.561,-57.326,-57.795,-57.795
34.507000,-57.561,-57.561,-57.561,-57.795
34.521974,-57.561,-57.092,-57.795,-57.795
34.591999,-57.326,-57.326,-57.795,-57.561
34.691999,-57.561,-57.326,-57.795,-57.561
34.791999,-57.561,-57.326,-57.561,-57.561
34.891999,-57.561,-57.326,-57.795,-57.795
34.991999,-57.561,-57.326,-57.561,-57.561
35.091999,-57.561,-57.326,-57.561,-57.795
35.191999,-57.561,-57.326,-57.561,-57.561
35.291999,-57.326,-57.561,-57.561,-57.561
35.508000,-57.561,-57.561,-57.795,-57.795
35.522974,-57.326,-57.561,-57.795,-57.561
35.591999,-57.326,-57.326,-57.795,-57.795
35.691999,-57.326,-57.326,-57.795,-57.795
35.791999,-57.561,-57.561,-57.561,-57.795
35.891999,-57.326,-57.326,-57.795,-57.795
35.991999,-57.561,-57.561,-57.795,-57.795
36.091999,-57.326,-57.561,-57.795,-57.561
36.191999,-57.561,-57.326,-57.561,-57.795
36.291999,-57.561,-57.326,-57.795,-57.795
36.508001,-57.795,-57.326,-57.795,-57.795
36.522974,-57.561,-57.326,-57.795,-58.030
36.591999,-57.561,-57.561,-57.795,-58.030
36.691999,-57.561,-57.326,-57.795,-57.795
36.791999,-57.326,-57.561,-57.795,-57.561
36.891999,-57.326,-57.092,-57.795,-57.795
36.991999,-57.561,-57.326,-57.795,-57.795
37.091999,-57.561,-57.561,-57.795,-57.795
37.191999,-57.326,-57.561,-57.795,-57.795
37.291999,-57.561,-57.326,-57.795,-57.795
37.508000,-57.326,-57.326,-57.561,-57.795
37.522974,-57.326,-57.326,-57.795,-57.795
37.591999,-57.561,-57.326,-57.795,-57.795
37.691999,-57.561,-57.326,-57.795,-57.561
37.791999,-57.561,-57.326,-57.561,-57.795
37.891999,-57.561,-57.326,-57.795,-57.561
37.991999,-57.561,-57.326,-57.561,-57.795
38.091999,-57.326,-57.326,-57.561,-57.795
38.191999,-57.795,-57.326,-57.795,-57.795
38.291999,-57.561,-57.326,-57.795,-57.561
38.508001,-57.795,-57.326,-57.795,-57.795
38.522974,-57.561,-57.326,-57.795,-57.561
38.591999,-57.561,-57.326,-57.795,-57.795
38.691999,-57.561,-57.326,-57.795,-57.795
38.791999,-57.561,-57.561,-57.795,-57.795
38.891999,-57.561,-57.326,-57.795,-57.795
38.991999,-57.561,-57.326,-57.561,-58.030
39.091999,-57.561,-57.561,-57.795,-57.795
39.191999,-57.561,-57.561,-57.795,-57.795
39.291999,-57.561,-57.326,-58.030,-57.561
39.508000,-57.326,-57.326,-57.795,-57.795
39.522974,-57.561,-57.561,-57.795,-57.795
39.591999,-57.561,-57.326,-58.030,-57.795
39.691999,-57.795,-57.326,-57.561,-57.795
39.791999,-57.795,-57.326,-57.795,-57.561
39.891999,-57.326,-57.561,-57.795,-57.795
39.991999,-57.326,-57.326,-57.795,-57.561
40.091999,-57.561,-57.326,-57.795,-57.795
40.191999,-57.561,-57.326,-57.795,-57.561
40.291999,-57.561,-57.326,-58.030,-57.795
40.508001,-57.326,-57.326,-57.795,-57.561
40.522974,-57.326,-57.326,-57.561,-57.561
40.591999,-57.326,-57.326,-57.795,-57.795
40.691999,-57.561,-57.326,-57.561,-57.795
40.791999,-57.561,-57.326,-57.795,-57.561
40.891999,-57.561,-57.561,-57.795,-57.795
40.991999,-57.561,-57.326,-57.795,-57.795
41.091999,-57.326,-57.326,-58.030,-57.795
41.191999,-57.561,-57.326,-58.030,-57.795
41.291999,-57.561,-57.326,-57.795,-57.795
41.508000,-57.561,-57.326,-57.795,-57.795
41.522974,-57.326,-57.326,-57.795,-57.795
41.591999,-57.561,-57.326,-57.795,-57.795
41.691999,-57.561,-57.326,-57.795,-57.795
41.791999,-57.326,-57.326,-57.561,-57.795
41.891999,-57.795,-57.326,-57.795,-57.795
41.991999,-57.561,-57.326,-57.795,-57.795
42.091999,-57.561,-57.326,-57.795,-57.561
42.191999,-57.795,-57.092,-57.795,-57.561
42.291999,-57.561,-57.326,-57.795,-57.561
42.507000,-57.561,-57.561,-57.795,-57.795
42.521974,-57.561,-57.326,-58.030,-57.561
42.591999,-57.561,-57.326,-57.795,-57.561
42.691999,-57.561,-57.561,-57.795,-57.795
42.791999,-57.561,-57.561,-57.795,-57.795
42.891999,-57.326,-57.326,-57.561,-57.561
42.991999,-57.326,-57.561,-57.561,-57.561
43.091999,-57.326,-57.561,-57.795,-57.795
43.191999,-57.561,-57.326,-57.561,-57.561
43.291999,-57.561,-57.561,-57.561,-57.561
43.508000,-57.561,-57.326,-57.561,-57.561
43.522974,-57.561,-57.326,-57.795,-57.561
43.591999,-57.326,-57.561,-57.795,-57.795
43.691999,-57.561,-57.326,-57.795,-57.795
43.791999,-57.326,-57.326,-57.795,-57.561
43.891999,-57.561,-57.561,-57.561,-57.561
43.991999,-57.326,-57.561,-57.795,-57.795
44.091999,-57.561,-57.326,-57.795,-58.030
44.191999,-57.561,-57.326,-57.795,-57.795
44.291999,-57.561,-57.326,-57.795,-57.795
44.508001,-57.326,-57.561,-57.795,-57.561
44.522974,-57.326,-57.326,-57.561,-57.561
44.591999,-57.326,-57.561,-57.795,-57.795
44.691999,-57.561,-57.561,-57.795,-57.795
44.791999,-57.561,-57.326,-57.795,-57.795
44.891999,-57.561,-57.326,-57.561,-57.795
44.991999,-57.561,-57.326,-57.795,-57.561
45.091999,-57.561,-57.326,-57.795,-57.561
45.191999,-57.326,-57.326,-57.561,-57.561
45.291999,-57.561,-57.326,-57.795,-57.561
45.508001,-57.561,-57.561,-57.795,-57.795
45.522974,-57.326,-57.561,-57.795,-57.795
45.591999,-57.561,-57.326,-57.561,-57.561
45.691999,-57.326,-57.326,-57.795,-57.795
45.791999,-57.561,-57.326,-57.795,-57.561
45.891999,-57.561,-57.561,-57.795,-57.326
45.991999,-57.561,-57.326,-57.795,-57.795
46.091999,-57.326,-57.561,-57.795,-57.795
46.191999,-57.561,-57.326,-57.795,-57.795
46.291999,-57.561,-57.326,-57.795,-57.795
46.508001,-57.561,-57.326,-57.795,-57.561
46.522974,-57.326,-57.326,-57.795,-57.795
46.591999,-57.561,-57.326,-57.561,-57.795
46.691999,-57.561,-57.326,-57.795,-57.795
46.791999,-57.561,-57.561,-57.795,-57.795
46.891999,-57.326,-57.326,-57.561,-57.795
46.991999,-57.561,-57.561,-57.795,-57.561
47.091999,-57.326,-57.326,-57.795,-57.795
47.191999,-57.561,-57.326,-57.795,-57.561
47.291999,-57.561,-57.561,-57.795,-57.561
47.507000,-57.561,-57.326,-57.561,-57.795
47.521974,-57.561,-57.092,-57.561,-57.795
47.591999,-57.561,-57.326,-57.795,-57.795
47.691999,-57.561,-57.326,-57.795,-57.795
47.791999,-57.326,-57.561,-58.030,-57.795
47.891999,-57.561,-57.326,-57.561,-57.561
47.991999,-57.326,-57.326,-58.030,-57.795
48.091999,-57.561,-57.326,-57.561,-57.795
48.191999,-57.561,-57.326,-57.561,-57.795
48.291999,-57.561,-57.326,-57.561,-57.795
48.508001,-57.561,-57.326,-57.561,-57.561
48.522974,-57.561,-57.326,-57.795,-57.795
48.591999,-57.561,-57.326,-57.795,-57.326
48.691999,-57.561,-57.326,-57.795,-57.795
48.791999,-57.561,-57.561,-57.561,-57.561
48.891999,-57.561,-57.561,-57.561,-57.795
48.991999,-57.561,-57.561,-57.795,-57.795
49.091999,-57.561,-57.326,-57.795,-57.795
49.191999,-57.561,-57.326,-57.795,-57.795
49.291999,-57.561,-57.561,-57.561,-57.795
49.508000,-57.326,-57.326,-57.561,-57.795
49.522974,-57.561,-57.561,-57.795,-57.795
49.591999,-57.561,-57.326,-57.795,-57.795
49.691999,-57.561,-57.326,-57.561,-57.561
49.791999,-57.561,-57.326,-57.795,-57.795
49.891999,-57.561,-57.326,-57.795,-57.561
49.991999,-57.561,-57.326,-57.795,-57.561
50.091999,-57.561,-57.326,-57.561,-57.795
50.191999,-57.561,-57.561,-57.795,-57.795
50.291999,-57.561,-57.326,-57.795,-57.561
50.508000,-57.561,-57.326,-57.795,-57.561
50.522974,-57.561,-57.561,-57.795,-57.795
50.591999,-57.561,-57.561,-57.795,-57.795
50.691999,-57.561,-57.326,-57.795,-57.795
50.791999,-57.561,-57.561,-57.795,-57.561
50.891999,-57.561,-57.326,-57.795,-57.561
50.991999,-57.326,-57.561,-57.561,-57.795
51.091999,-57.561,-57.561,-57.795,-57.561
51.191999,-57.326,-57.561,-57.561,-57.795
51.291999,-57.561,-57.092,-57.795,-57.795
51.508000,-57.561,-57.326,-57.795,-57.795
51.522974,-57.561,-57.326,-57.561,-57.795
51.591999,-57.561,-57.326,-57.561,-57.561
51.691999,-57.561,-57.326,-57.795,-57.795
51.791999,-57.561,-57.561,-57.561,-58.030
51.891999,-57.326,-57.326,-57.795,-57.561
51.991999,-57.561,-57.326,-57.561,-57.795
52.091999,-57.561,-57.326,-57.795,-57.561
52.191999,-57.561,-57.326,-57.795,-57.795
52.291999,-57.561,-57.561,-57.795,-57.795
52.508000,-57.561,-57.326,-57.561,-57.795
52.522974,-57.326,-57.326,-57.795,-57.561
52.591999,-57.326,-57.326,-57.795,-57.795
52.691999,-57.561,-57.326,-57.795,-57.795
52.791999,-57.561,-57.561,-57.795,-57.561
52.891999,-57.326,-57.326,-57.561,-57.795
52.991999,-57.561,-57.326,-57.795,-57.795
53.091999,-57.561,-57.092,-57.795,-57.795
53.191999,-57.326,-57.326,-57.795,-57.795
53.291999,-57.561,-57.326,-57.561,-57.795
53.508000,-57.561,-57.326,-57.795,-57.561
53.522974,-57.561,-57.561,-57.561,-57.795
53.591999,-57.561,-57.326,-57.561,-57.561
53.691999,-57.561,-57.326,-57.795,-57.795
53.791999,-57.326,-57.326,-57.795,-57.795
53.891999,-57.326,-57.326,-57.561,-57.561
53.991999,-57.561,-57.561,-57.795,-57.561
54.091999,-57.561,-57.326,-57.561,-57.795
54.191999,-57.561,-57.326,-57.795,-57.561
54.291999,-57.561,-57.326,-57.795,-57.795
54.508001,-57.561,-57.561,-57.795,-57.795
54.522974,-57.326,-57.326,-57.795,-57.795
54.591999,-57.326,-57.326,-57.561,-57.561
54.691999,-57.561,-57.561,-57.795,-57.795
54.791999,-57.561,-57.561,-57.795,-57.795
54.891999,-57.561,-57.561,-57.561,-57.795
54.991999,-57.561,-57.326,-57.795,-57.561
55.091999,-57.561,-57.092,-57.561,-57.795
55.191999,-57.326,-57.561,-57.795,-57.795
55.291999,-57.561,-57.326,-57.795,-57.795
55.507000,-57.561,-57.326,-57.795,-57.561
55.521974,-57.561,-57.326,-57.795,-57.561
55.591999,-57.561,-57.561,-57.795,-57.795
55.691999,-57.326,-57.326,-57.561,-57.561
55.791999,-57.561,-57.326,-57.795,-57.561
55.891999,-57.326,-57.326,-57.795,-57.561
55.991999,-57.561,-57.326,-57.561,-57.561
56.091999,-57.561,-57.326,-57.561,-57.561
56.191999,-57.561,-57.092,-57.795,-57.561
56.291999,-57.561,-57.561,-57.561,-57.795
56.508000,-57.795,-57.326,-57.561,-57.795
56.522974,-57.561,-57.561,-57.561,-57.795
56.591999,-57.561,-57.326,-57.561,-57.561
56.691999,-57.561,-57.326,-57.795,-57.795
56.791999,-57.795,-57.326,-57.795,-57.561
56.891999,-57.561,-57.561,-57.795,-57.795
56.991999,-57.326,-57.561,-57.561,-57.561
57.091999,-57.561,-57.326,-57.561,-57.795
57.191999,-57.561,-57.326,-57.561,-57.795
57.291999,-57.561,-57.092,-57.795,-57.795
57.508000,-57.326,-57.561,-57.795,-57.561
57.522974,-57.561,-57.561,-57.561,-57.795
57.591999,-57.561,-57.326,-57.795,-57.561
57.691999,-57.561,-57.326,-57.795,-57.561
57.791999,-57.561,-57.326,-57.795,-57.561
57.891999,-57.326,-57.561,-57.795,-57.561
57.991999,-57.561,-57.326,-57.795,-57.795
58.091999,-57.326,-57.561,-57.561,-57.795
58.191999,-57.561,-57.326,-57.795,-57.795
58.291999,-57.326,-57.561,-57.795,-57.561
58.508001,-57.561,-57.561,-57.795,-57.561
58.536650,-57.561,-57.326,-57.561,-57.561
58.591999,-57.561,-57.326,-57.795,-57.561
58.691999,-57.561,-57.326,-57.795,-57.795
58.791999,-57.561,-57.561,-57.795,-57.795
58.891999,-57.561,-57.326,-57.795,-57.561
58.991999,-57.561,-57.561,-57.795,-57.795
59.091999,-57.561,-57.326,-57.561,-57.561
59.191999,-57.561,-57.326,-57.561,-57.561
59.291999,-57.326,-57.326,-57.561,-57.561
59.508000,-57.561,-57.326,-57.795,-57.561
59.522974,-57.561,-57.561,-57.795,-57.795
59.591999,-57.561,-57.561,-58.030,-57.795
59.691999,-57.561,-57.561,-57.795,-57.795
59.791999,-57.326,-57.092,-57.795,-57.795
59.891999,-57.561,-57.561,-57.795,-57.795
59.991999,-57.561,-57.326,-57.795,-57.795
60.091999,-57.561,-57.326,-57.795,-57.561
60.191999,-57.561,-57.326,-57.561,-57.561
60.291999,-57.561,-57.326,-57.561,-57.795
60.507000,-57.561,-57.092,-57.795,-57.561
60.521974,-57.326,-57.326,-57.795,-57.795
60.591999,-57.561,-57.561,-57.795,-57.795
60.691999,-57.561,-57.326,-57.795,-57.795
60.791999,-57.561,-57.326,-57.795,-57.795
60.891999,-57.561,-57.326,-57.795,-57.795
60.991999,-57.326,-57.561,-57.795,-57.561
61.091999,-57.561,-57.326,-58.030,-57.561
61.191999,-57.561,-57.561,-57.795,-57.795
61.291999,-57.561,-57.561,-57.795,-57.561
61.508000,-57.561,-57.326,-57.795,-57.561
61.522974,-57.561,-57.326,-57.561,-57.795
61.591999,-57.561,-57.326,-57.795,-57.795
61.691999,-57.795,-57.561,-57.795,-57.561
61.791999,-57.561,-57.326,-57.795,-57.795
61.891999,-57.561,-57.326,-57.561,-57.795
61.991999,-57.561,-57.326,-57.795,-57.795
62.091999,-57.326,-57.561,-57.795,-57.795
62.191999,-57.561,-57.326,-57.795,-57.561
62.291999,-57.326,-57.561,-57.795,-57.561
62.508000,-57.561,-57.561,-57.795,-57.795
62.522974,-57.561,-57.561,-57.795,-57.561
62.591999,-57.561,-57.326,-57.561,-57.561
62.691999,-57.561,-57.326,-57.561,-57.561
62.791999,-57.326,-57.326,-57.795,-57.795
62.891999,-57.561,-57.326,-57.795,-57.561
62.991999,-57.795,-57.326,-58.030,-57.561
63.091999,-57.561,-57.326,-57.561,-57.795
63.191999,-57.561,-57.326,-57.795,-57.795
63.291999,-57.561,-57.326,-57.561,-57.561
63.508000,-57.561,-57.326,-57.795,-57.795
63.522974,-57.326,-57.561,-57.561,-57.795
63.591999,-57.326,-57.092,-57.795,-57.561
63.691999,-57.561,-57.326,-57.795,-57.561
63.791999,-57.561,-57.326,-57.561,-57.561
63.891999,-57.561,-57.326,-57.795,-57.795
63.991999,-57.561,-57.561,-57.795,-57.561
64.091999,-57.561,-57.561,-57.795,-57.561
64.191999,-57.561,-57.561,-57.561,-57.795
64.291999,-57.326,-57.326,-57.561,-57.561
64.508000,-57.561,-57.561,-57.795,-57.561
64.522974,-57.561,-57.326,-57.795,-57.795
64.591999,-57.561,-57.326,-57.795,-57.561
64.691999,-57.561,-57.561,-57.795,-57.795
64.791999,-57.561,-57.326,-57.795,-57.795
64.891999,-57.326,-57.326,-57.561,-57.795
64.991999,-57.326,-57.326,-57.795,-57.795
65.091999,-57.561,-57.561,-57.795,-57.795
65.191999,-57.561,-57.561,-57.795,-57.561
65.291999,-57.561,-57.326,-57.561,-57.795
65.508000,-57.561,-57.561,-57.795,-57.795
65.522974,-57.326,-57.326,-58.030,-57.795
65.591999,-57.561,-57.561,-57.795,-57.795
65.691999,-57.561,-57.326,-58.030,-57.561
65.791999,-57.561,-57.326,-57.795,-57.561
65.891999,-57.561,-57.561,-57.561,-57.795
65.991999,-57.561,-57.092,-57.795,-57.561
66.091999,-57.561,-57.326,-57.795,-57.795
66.191999,-57.561,-57.561,-57.561,-57.561
66.291999,-57.326,-57.326,-57.795,-57.795
66.508001,-57.561,-57.326,-57.795,-57.561
66.522974,-57.561,-57.326,-57.795,-57.795
66.591999,-57.561,-57.561,-57.795,-57.795
66.691999,-57.561,-57.561,-57.795,-57.561
66.791999,-57.561,-57.561,-57.795,-57.561
66.891999,-57.561,-57.326,-57.795,-57.795
66.991999,-57.561,-57.326,-57.561,-57.795
67.091999,-57.561,-57.326,-57.561,-57.795
67.191999,-57.561,-57.326,-57.561,-57.561
67.291999,-57.561,-57.326,-57.795,-57.561
67.508000,-57.795,-57.326,-57.795,-57.795
67.522974,-57.561,-57.092,-57.561,-57.795
67.591999,-57.561,-57.326,-57.795,-57.795
67.691999,-57.561,-57.561,-57.561,-57.795
67.791999,-57.326,-57.561,-57.561,-57.795
67.891999,-57.561,-57.326,-57.795,-57.795
67.991999,-57.561,-57.326,-57.561,-57.561
68.091999,-57.326,-57.561,-57.561,-57.795
68.191999,-57.561,-57.326,-57.795,-57.795
68.291999,-57.561,-57.561,-57.795,-57.561
68.507000,-57.561,-57.326,-57.561,-57.561
68.521974,-57.561,-57.561,-57.561,-57.561
68.591999,-57.561,-57.561,-57.795,-57.561
68.691999,-57.326,-57.326,-57.795,-57.795
68.791999,-57.561,-57.326,-57.795,-57.795
68.891999,-57.561,-57.561,-57.561,-57.561
68.991999,-57.561,-57.092,-57.795,-57.561
69.091999,-57.561,-57.092,-57.795,-57.561
69.191999,-57.795,-57.326,-57.561,-57.795
69.291999,-57.561,-57.326,-57.795,-57.561
69.508000,-57.561,-57.326,-57.795,-57.561
69.522974,-57.326,-57.092,-57.561,-57.795
69.591999,-57.561,-57.561,-57.795,-57.561
69.691999,-57.561,-57.561,-58.030,-57.795
69.791999,-57.561,-57.326,-57.561,-57.795
69.891999,-57.561,-57.326,-57.795,-57.561
69.991999,-57.326,-57.561,-57.795,-57.795
70.091999,-57.561,-57.326,-57.561,-57.795
70.191999,-57.561,-57.561,-57.795,-57.561
70.291999,-57.561,-57.326,-57.795,-57.561
70.508000,-57.561,-57.326,-57.795,-57.795
70.522974,-57.561,-57.326,-57.795,-57.795
70.591999,-57.326,-57.561,-57.795,-57.561
70.691999,-57.795,-57.326,-57.795,-58.030
70.791999,-57.561,-57.326,-57.795,-57.795
70.891999,-57.561,-57.561,-57.795,-57.561
70.991999,-57.561,-57.326,-57.795,-57.795
71.091999,-57.326,-57.326,-57.795,-57.795
71.191999,-57.561,-57.326,-57.795,-57.795
71.291999,-57.561,-57.326,-58.030,-57.561
71.508000,-57.561,-57.326,-57.795,-57.561
71.522974,-57.561,-57.326,-57.795,-57.795
71.591999,-57.561,-57.326,-57.795,-57.561
71.691999,-57.326,-57.561,-57.795,-57.561
71.791999,-57.561,-57.326,-57.561,-57.561
71.891999,-57.326,-57.326,-57.795,-57.795
71.991999,-57.561,-57.326,-57.795,-57.795
72.091999,-57.326,-57.561,-57.561,-57.561
72.191999,-57.326,-57.561,-57.795,-57.561
72.291999,-57.561,-57.326,-57.795,-57.795
72.508000,-57.561,-57.561,-57.795,-57.561
72.522974,-57.561,-57.326,-57.795,-57.795
72.591999,-57.561,-57.561,-57.795,-57.795
72.691999,-57.326,-57.326,-57.795,-57.795
72.791999,-57.561,-57.326,-58.030,-57.561
72.891999,-57.561,-57.326,-57.795,-57.795
72.991999,-57.326,-57.326,-57.561,-57.795
73.091999,-57.561,-57.795,-57.795,-57.561
73.191999,-57.561,-57.326,-57.795,-57.795
73.291999,-57.561,-57.326,-57.795,-57.561
73.507000,-57.561,-57.561,-57.795,-57.561
73.521974,-57.561,-57.326,-57.795,-57.795
73.591999,-57.561,-57.092,-57.795,-57.561
73.691999,-57.561,-57.326,-57.795,-57.561
73.791999,-57.326,-57.326,-57.561,-57.795
73.891999,-57.561,-57.561,-57.795,-57.795
73.991999,-57.561,-57.326,-57.561,-57.795
74.091999,-57.326,-57.561,-57.561,-57.561
74.191999,-57.561,-57.561,-57.795,-57.795
74.291999,-57.561,-57.326,-57.795,-57.795
74.508000,-57.561,-57.326,-57.795,-57.561
74.522974,-57.561,-57.326,-57.795,-57.561
74.591999,-57.561,-57.561,-57.795,-57.795
74.691999,-57.561,-57.326,-57.795,-57.561
74.791999,-57.561,-57.561,-57.795,-57.561
74.891999,-57.561,-57.561,-57.795,-57.795
74.991999,-57.561,-57.561,-57.561,-57.795
75.091999,-57.561,-57.326,-57.795,-57.795
75.191999,-57.326,-57.561,-57.795,-57.795
75.291999,-57.561,-57.326,-57.795,-57.561
75.508001,-57.561,-57.326,-57.561,-57.795
75.522974,-57.326,-57.326,-57.795,-57.795
75.591999,-57.561,-57.561,-57.561,-57.795
75.691999,-57.561,-57.326,-57.795,-57.795
75.791999,-57.561,-57.326,-58.030,-57.795
75.891999,-57.561,-57.326,-57.795,-57.561
75.991999,-57.326,-57.092,-57.795,-57.795
76.091999,-57.561,-57.561,-57.561,-57.795
76.191999,-57.561,-57.561,-57.561,-57.795
76.291999,-57.561,-57.326,-57.561,-57.795
76.508000,-57.561,-57.326,-57.795,-57.561
76.522974,-57.561,-57.561,-57.561,-57.561
76.591999,-57.561,-57.561,-57.795,-57.795
76.691999,-57.561,-57.561,-57.795,-57.795
76.791999,-57.561,-57.326,-57.795,-57.795
76.891999,-57.561,-57.326,-57.795,-57.795
76.991999,-57.326,-57.326,-57.795,-57.795
77.091999,-57.561,-57.326,-57.561,-57.795
77.191999,-57.561,-57.326,-57.795,-57.795
77.291999,-57.561,-57.326,-57.795,-57.795
77.508000,-57.561,-57.326,-57.561,-57.561
77.522974,-57.561,-57.561,-57.795,-57.795
77.591999,-57.561,-57.561,-57.561,-57.561
77.691999,-57.561,-57.561,-57.795,-57.795
77.791999,-57.326,-57.561,-57.795,-57.795
77.891999,-57.561,-57.326,-57.561,-57.561
77.991999,-57.561,-57.326,-57.795,-57.795
78.091999,-57.326,-57.326,-57.561,-57.561
78.191999,-57.561,-57.326,-57.795,-57.795
78.291999,-57.561,-57.326,-57.561,-57.795
78.508000,-57.561,-57.326,-57.795,-57.795
78.522974,-57.561,-57.561,-57.795,-58.030
78.591999,-57.561,-57.326,-57.561,-57.795
78.691999,-57.561,-57.326,-57.795,-57.561
78.791999,-57.561,-57.561,-57.795,-57.795
78.891999,-57.561,-57.561,-57.795,-57.795
78.991999,-57.561,-57.561,-57.795,-57.795
79.091999,-57.326,-57.326,-57.561,-57.795
79.191999,-57.561,-57.561,-57.795,-57.795
79.291999,-57.561,-57.326,-57.561,-57.795
79.508000,-57.561,-57.326,-57.795,-57.561
79.522974,-57.561,-57.561,-57.795,-57.561
79.591999,-57.561,-57.326,-58.030,-57.795
79.691999,-57.561,-57.561,-57.795,-57.561
79.791999,-57.561,-57.326,-57.795,-57.795
79.891999,-57.561,-57.326,-57.795,-57.795
79.991999,-57.326,-57.326,-57.795,-57.795
80.091999,-57.561,-57.326,-57.561,-57.561
80.191999,-57.795,-57.561,-57.795,-57.795
80.291999,-57.561,-57.326,-57.795,-57.795
80.508000,-57.795,-57.326,-57.795,-57.561
80.522974,-57.561,-57.326,-57.795,-57.561
80.591999,-57.561,-57.561,-57.795,-57.561
80.691999,-57.561,-57.561,-57.795,-57.795
80.791999,-57.561,-57.326,-58.030,-57.795
80.891999,-57.326,-57.561,-58.030,-57.795
80.991999,-57.561,-57.326,-57.561,-57.561
81.091999,-57.326,-57.561,-57.795,-57.795
81.191999,-57.561,-57.326,-57.795,-57.795
81.291999,-57.561,-57.561,-57.795,-57.795
81.507000,-57.561,-57.326,-57.795,-57.561
81.521974,-57.795,-57.326,-57.561,-57.561
81.591999,-57.561,-57.561,-57.795,-57.561
81.691999,-57.561,-57.326,-57.795,-57.561
81.791999,-57.561,-57.561,-57.561,-57.561
81.891999,-57.561,-57.326,-57.561,-57.795
81.991999,-57.561,-57.326,-57.795,-57.561
82.091999,-57.561,-57.326,-57.795,-57.561
82.191999,-57.561,-57.561,-57.795,-57.795
82.291999,-57.561,-57.561,-57.795,-57.795
82.508000,-57.561,-57.326,-57.561,-57.561
82.522974,-57.561,-57.561,-57.561,-57.795
82.591999,-57.561,-57.561,-57.795,-57.795
82.691999,-57.326,-57.561,-57.795,-57.561
82.791999,-57.326,-57.326,-57.795,-57.795
82.891999,-57.561,-57.326,-57.561,-57.795
82.991999,-57.326,-57.092,-57.561,-57.795
83.091999,-57.561,-57.326,-57.561,-57.326
83.191999,-57.561,-57.561,-57.561,-57.795
83.291999,-57.561,-57.561,-57.795,-57.795
83.508001,-57.561,-57.326,-57.795,-57.795
83.522974,-57.561,-57.326,-57.561,-57.795
83.591999,-57.561,-57.326,-57.795,-57.795
83.691999,-57.561,-57.092,-57.561,-57.795
83.791999,-57.561,-57.326,-57.561,-57.795
83.891999,-57.326,-57.326,-57.561,-57.795
83.991999,-57.561,-57.326,-57.795,-57.795
84.091999,-57.561,-57.561,-57.795,-57.795
84.191999,-57.561,-57.561,-57.795,-57.795
84.291999,-57.561,-57.326,-57.795,-57.795
84.508000,-57.561,-57.561,-57.795,-57.561
84.522974,-57.326,-57.326,-57.795,-57.795
84.591999,-57.561,-57.561,-57.795,-57.795
84.691999,-57.326,-57.561,-57.795,-57.561
84.791999,-57.561,-57.326,-57.561,-57.795
84.891999,-57.561,-57.326,-58.030,-57.795
84.991999,-57.561,-57.326,-57.795,-57.561
85.091999,-57.561,-57.561,-57.561,-57.561
85.191999,-57.561,-57.326,-57.561,-57.561
85.291999,-57.561,-57.561,-57.561,-57.795
85.508000,-57.561,-57.561,-57.795,-57.795
85.522974,-57.795,-57.326,-57.795,-57.795
85.591999,-57.326,-57.326,-57.561,-57.795
85.691999,-57.561,-57.561,-57.561,-57.795
85.791999,-57.561,-57.326,-58.030,-57.795
85.891999,-57.561,-57.561,-57.795,-57.795
85.991999,-57.561,-57.326,-57.795,-57.561
86.091999,-57.561,-57.561,-57.795,-57.795
86.191999,-57.561,-57.326,-57.795,-57.795
86.291999,-57.561,-57.326,-57.795,-57.795
86.507001,-57.561,-57.326,-57.561,-57.561
86.521974,-57.326,-57.561,-57.795,-57.561
86.591999,-57.561,-57.326,-57.795,-57.795
86.691999,-57.561,-57.561,-57.795,-57.795
86.791999,-57.561,-57.326,-57.561,-57.561
86.891999,-57.326,-57.326,-57.795,-57.795
86.991999,-57.561,-57.326,-57.795,-57.795
87.091999,-57.561,-57.561,-57.795,-57.561
87.191999,-57.326,-57.561,-57.561,-57.561
87.291999,-57.326,-57.326,-57.795,-57.561
87.508000,-57.561,-57.092,-57.795,-57.795
87.522974,-57.561,-57.326,-57.795,-57.795
87.591999,-57.326,-57.561,-57.561,-57.795
87.691999,-57.561,-57.326,-57.561,-57.795
87.791999,-57.561,-57.326,-57.561,-57.795
87.891999,-57.326,-57.561,-57.561,-57.795
87.991999,-57.561,-57.092,-57.795,-57.795
88.091999,-57.561,-57.326,-57.561,-57.795
88.191999,-57.561,-57.326,-57.561,-57.561
88.291999,-57.326,-57.561,-57.795,-57.795
88.508001,-57.561,-57.561,-57.561,-57.561
88.522974,-57.561,-57.326,-57.561,-57.795
88.591999,-57.561,-57.326,-57.795,-57.795
88.691999,-57.561,-57.561,-57.561,-57.561
88.791999,-57.561,-57.561,-57.561,-57.561
88.891999,-57.561,-57.326,-57.561,-57.561
88.991999,-57.561,-57.326,-57.561,-57.795
89.091999,-57.561,-57.326,-57.795,-57.561
89.191999,-57.561,-57.326,-57.795,-57.561
89.291999,-57.795,-57.326,-57.795,-58.030
89.508000,-57.795,-57.326,-57.795,-57.795
89.522974,-57.795,-57.326,-57.795,-57.795
89.591999,-57.561,-57.561,-57.795,-57.561
89.691999,-57.561,-57.561,-57.795,-57.561
89.791999,-57.561,-57.326,-57.795,-57.561
89.891999,-57.561,-57.561,-57.795,-57.795
89.991999,-57.561,-57.092,-57.795,-57.561
90.091999,-57.326,-57.561,-57.795,-57.795
90.191999,-57.561,-57.326,-57.561,-57.795
90.291999,-57.561,-57.326,-57.795,-57.795
90.508000,-57.561,-57.326,-58.030,-57.795
90.522974,-57.561,-57.326,-57.795,-57.795
90.591999,-57.561,-57.326,-57.795,-57.795
90.691999,-57.795,-57.326,-57.795,-57.795
90.791999,-57.561,-57.326,-57.561,-57.326
90.891999,-57.561,-57.326,-57.795,-57.795
90.991999,-57.326,-57.561,-57.795,-57.561
91.091999,-57.561,-57.326,-57.561,-57.795
91.191999,-57.561,-57.561,-57.561,-57.561
91.291999,-57.326,-57.561,-57.795,-57.795
91.508001,-57.795,-57.326,-57.561,-57.561
91.522974,-57.561,-57.561,-57.795,-57.795
91.591999,-57.561,-57.561,-57.795,-57.561
91.691999,-57.561,-57.326,-57.795,-57.561
91.791999,-57.561,-57.326,-57.561,-57.561
91.891999,-57.561,-57.326,-57.795,-57.795
91.991999,-57.561,-57.326,-57.795,-57.561
92.091999,-57.326,-57.561,-57.561,-57.795
92.191999,-57.561,-57.561,-57.561,-57.561
92.291999,-57.561,-57.326,-57.795,-57.795
92.508001,-57.561,-57.561,-57.795,-57.561
92.522974,-57.561,-57.326,-57.795,-57.561
92.591999,-57.326,-57.326,-57.561,-57.561
92.691999,-57.561,-57.326,-57.561,-57.795
92.791999,-57.561,-57.561,-57.795,-57.795
92.891999,-57.795,-57.561,-57.795,-57.795
92.991999,-57.561,-57.326,-58.030,-57.795
93.091999,-57.561,-57.561,-57.795,-57.561
93.191999,-57.561,-57.561,-58.030,-57.561
93.291999,-57.561,-57.561,-57.561,-57.795
93.508000,-57.561,-57.561,-57.795,-57.561
93.522974,-57.561,-57.326,-57.795,-57.795
93.591999,-57.561,-57.326,-57.795,-57.795
93.691999,-57.795,-57.326,-57.561,-57.795
93.791999,-57.561,-57.561,-57.795,-58.030
93.891999,-57.561,-57.561,-58.030,-57.795
93.991999,-57.326,-57.561,-57.795,-57.561
94.091999,-57.795,-57.326,-57.795,-57.561
94.191999,-57.561,-57.561,-57.795,-57.561
94.291999,-57.561,-57.326,-57.795,-57.561
94.507001,-57.092,-57.561,-57.795,-57.795
94.521974,-57.561,-57.326,-57.561,-57.795
94.591999,-57.326,-57.561,-57.561,-57.795
94.691999,-57.561,-57.326,-57.795,-57.561
94.791999,-57.561,-57.326,-57.795,-57.795
94.891999,-57.326,-57.326,-57.795,-57.561
94.991999,-57.561,-57.326,-57.561,-57.561
95.091999,-57.561,-57.326,-57.795,-57.795
95.191999,-57.561,-57.326,-57.561,-57.561
95.291999,-57.561,-57.326,-57.795,-57.795
95.508000,-57.561,-57.326,-57.561,-57.795
95.522974,-57.561,-57.326,-57.561,-57.795
95.591999,-57.561,-57.326,-57.561,-57.795
95.691999,-57.561,-57.561,-57.561,-57.795
95.791999,-57.561,-57.561,-57.795,-57.561
95.891999,-57.561,-57.326,-57.795,-57.561
95.991999,-57.326,-57.561,-57.795,-58.030
96.091999,-57.561,-57.326,-57.795,-57.795
96.191999,-57.561,-57.326,-57.561,-57.795
96.291999,-57.326,-57.561,-57.561,-57.795
96.508001,-57.326,-57.326,-57.795,-57.561
96.522974,-57.561,-57.561,-57.561,-57.561
96.591999,-57.561,-57.326,-57.795,-57.795
96.691999,-57.326,-57.326,-57.561,-57.795
96.791999,-57.561,-57.326,-57.561,-57.795
96.891999,-57.561,-57.326,-57.795,-57.561
96.991999,-57.561,-57.561,-57.561,-57.561
97.091999,-57.326,-57.326,-57.795,-57.795
97.191999,-57.561,-57.326,-57.795,-57.561
97.291999,-57.561,-57.326,-57.561,-57.326
97.508000,-57.561,-57.561,-57.561,-57.561
97.522974,-57.326,-57.561,-57.561,-57.795
97.591999,-57.561,-57.561,-57.795,-57.795
97.691999,-57.561,-57.326,-57.795,-57.795
97.791999,-57.561,-57.326,-57.795,-57.795
97.891999,-57.561,-57.561,-57.561,-57.561
97.991999,-57.561,-57.326,-57.795,-57.795
98.091999,-57.561,-57.561,-57.795,-57.561
98.191999,-57.561,-57.561,-57.795,-57.561
98.291999,-57.326,-57.326,-57.561,-57.561
98.508000,-57.561,-57.561,-57.795,-57.795
98.522974,-57.561,-57.326,-57.561,-57.795
98.591999,-57.561,-57.326,-57.561,-57.795
98.691999,-57.561,-57.561,-57.795,-57.795
98.791999,-57.326,-57.326,-57.561,-57.795
98.891999,-57.561,-57.326,-57.795,-57.795
98.991999,-57.561,-57.561,-57.795,-57.795
99.091999,-57.326,-57.561,-57.795,-57.795
99.191999,-57.561,-57.561,-57.795,-57.561
99.291999,-57.326,-57.092,-57.561,-57.795
99.507000,-57.326,-57.561,-57.795,-57.795
99.521974,-57.326,-57.326,-57.795,-57.795
99.591999,-57.561,-57.326,-57.795,-57.561
99.691999,-57.561,-57.561,-57.561,-57.795
99.791999,-57.561,-57.561,-57.795,-57.795
99.891999,-57.561,-57.326,-57.561,-57.795
99.991999,-57.326,-57.326,-57.795,-57.795
100.091999,-57.561,-57.326,-57.795,-57.795
100.191999,-57.561,-57.561,-57.561,-57.795
100.291999,-57.561,-57.326,-57.795,-57.795
100.508000,-57.326,-57.326,-57.795,-57.795
100.522974,-57.561,-57.326,-57.795,-57.795
100.591999,-57.326,-57.326,-57.795,-57.795
100.691999,-57.561,-57.326,-58.030,-57.795
100.791999,-57.561,-57.561,-57.795,-57.795
100.891999,-57.561,-57.326,-57.795,-57.795
100.991999,-57.326,-57.326,-57.795,-57.561
101.091999,-57.561,-57.561,-57.795,-57.795
101.191999,-57.561,-57.561,-57.561,-57.561
101.291999,-57.561,-57.326,-58.030,-57.795
101.508000,-57.561,-57.326,-57.561,-57.795
101.522974,-57.561,-57.561,-58.030,-58.030
101.591999,-57.561,-57.561,-57.795,-57.795
101.691999,-57.326,-57.561,-57.795,-57.795
101.791999,-57.561,-57.326,-57.795,-57.561
101.891999,-57.561,-57.326,-57.795,-57.795
101.991999,-57.561,-57.326,-57.561,-57.561
102.091999,-57.561,-57.561,-58.030,-57.795
102.191999,-57.561,-57.561,-57.795,-57.561
102.291999,-57.561,-57.561,-57.795,-57.795
102.508000,-57.326,-57.326,-57.561,-57.561
102.522974,-57.561,-57.326,-57.795,-57.795
102.591999,-57.326,-57.326,-58.030,-57.795
102.691999,-57.561,-57.561,-57.561,-57.795
102.791999,-57.795,-57.561,-57.561,-57.795
102.891999,-57.326,-57.326,-57.795,-57.795
102.991999,-57.561,-57.326,-57.795,-57.561
103.091999,-57.561,-57.326,-57.795,-57.561
103.191999,-57.561,-57.561,-57.561,-57.795
103.291999,-57.561,-57.326,-57.795,-57.561
103.508000,-57.561,-57.326,-57.795,-57.795
103.522974,-57.561,-57.326,-57.795,-57.561
103.591999,-57.561,-57.326,-57.561,-57.795
103.691999,-57.561,-57.326,-57.795,-57.795
103.791999,-57.561,-57.561,-57.561,-57.795
103.891999,-57.561,-57.326,-57.795,-57.795
103.991999,-57.561,-57.326,-57.795,-57.795
104.091999,-57.326,-57.326,-57.561,-57.795
104.191999,-57.561,-57.561,-57.795,-57.795
104.291999,-57.326,-57.561,-57.795,-57.561
104.508001,-57.561,-57.326,-57.795,-57.561
104.522974,-57.561,-57.326,-57.795,-57.795
104.591999,-57.561,-57.326,-57.561,-57.795
104.691999,-57.795,-57.561,-58.030,-57.795
104.791999,-57.561,-57.326,-57.561,-57.795
104.891999,-57.561,-57.326,-57.795,-57.795
104.991999,-57.561,-57.326,-57.795,-57.561
105.091999,-57.561,-57.326,-57.561,-57.795
105.191999,-57.561,-57.092,-57.795,-57.795
105.291999,-57.795,-57.092,-57.795,-57.561
105.508000,-57.561,-57.561,-57.795,-57.795
105.522974,-57.326,-57.326,-57.795,-57.561
105.591999,-57.561,-57.326,-57.795,-57.795
105.691999,-57.561,-57.561,-57.795,-57.795
105.791999,-57.795,-57.326,-57.795,-57.795
105.891999,-57.561,-57.561,-57.795,-57.561
105.991999,-57.561,-57.326,-57.795,-57.795
106.091999,-57.795,-57.561,-57.561,-57.561
106.191999,-57.561,-57.561,-57.795,-57.561
106.291999,-57.561,-57.561,-57.795,-57.795
106.508000,-57.326,-57.326,-57.561,-57.795
106.522974,-57.561,-57.326,-57.561,-57.795
106.591999,-57.561,-57.326,-57.561,-57.561
106.691999,-57.326,-57.326,-57.795,-57.561
106.791999,-57.326,-57.326,-57.795,-57.795
106.891999,-57.561,-57.326,-57.795,-57.561
106.991999,-57.561,-57.326,-57.795,-57.795
107.091999,-57.326,-57.561,-57.795,-57.795
107.191999,-57.326,-57.326,-57.795,-57.561
107.291999,-57.561,-57.326,-57.795,-57.561
107.507000,-57.561,-57.326,-58.030,-57.795
107.521974,-57.561,-57.326,-57.795,-58.030
107.591999,-57.326,-57.561,-57.795,-57.561
107.691999,-57.561,-57.326,-57.561,-57.795
107.791999,-57.326,-57.561,-57.561,-57.795
107.891999,-57.561,-57.326,-57.561,-57.561
107.991999,-57.561,-57.561,-57.795,-57.561
108.091999,-57.561,-57.326,-57.561,-57.561
108.191999,-57.326,-57.561,-57.795,-57.795
108.291999,-57.561,-57.561,-57.795,-57.795
108.508000,-57.561,-57.326,-57.561,-57.561
108.522974,-57.561,-57.326,-57.561,-57.795
108.591999,-57.561,-57.561,-57.561,-57.795
108.691999,-57.561,-57.326,-57.561,-57.795
108.791999,-57.561,-57.326,-57.795,-57.795
108.891999,-57.561,-57.561,-57.795,-57.561
108.991999,-57.561,-57.561,-57.795,-57.795
109.091999,-57.561,-57.561,-57.795,-57.795
109.191999,-57.326,-57.326,-57.795,-57.795
109.291999,-57.326,-57.561,-57.795,-57.795
109.508001,-57.561,-57.561,-57.561,-57.795
109.522974,-57.561,-57.561,-57.561,-57.795
109.591999,-57.326,-57.326,-57.795,-57.795
109.691999,-57.561,-57.561,-57.795,-57.795
109.791999,-57.561,-57.561,-57.795,-57.561
109.891999,-57.561,-57.326,-57.795,-57.795
109.991999,-57.561,-57.326,-57.795,-57.795
110.091999,-57.561,-57.326,-57.795,-57.561
110.191999,-57.561,-57.561,-57.561,-57.326
110.291999,-57.561,-57.561,-57.795,-57.795
110.508001,-57.561,-57.326,-57.795,-57.561
110.522974,-57.561,-57.326,-57.561,-57.795
110.591999,-57.561,-57.326,-57.561,-57.795
110.691999,-57.561,-57.561,-57.795,-57.561
110.791999,-57.561,-57.326,-57.795,-57.795
110.891999,-57.561,-57.326,-57.795,-57.795
110.991999,-57.561,-57.561,-57.795,-57.795
111.091999,-57.561,-57.326,-57.795,-57.795
111.191999,-57.561,-57.326,-57.795,-57.561
111.291999,-57.561,-57.561,-57.795,-57.795
111.508000,-57.795,-57.092,-57.561,-57.561
111.522974,-57.561,-57.326,-57.561,-57.795
111.591999,-57.561,-57.326,-57.795,-57.795
111.691999,-57.561,-57.561,-57.795,-57.795
111.791999,-57.561,-57.326,-57.561,-57.795
111.891999,-57.561,-57.561,-57.561,-57.795
111.991999,-57.561,-57.561,-57.795,-57.795
112.091999,-57.561,-57.561,-57.795,-57.561
112.191999,-57.561,-57.561,-57.561,-57.795
112.291999,-57.561,-57.561,-57.795,-57.561
112.507000,-57.561,-57.326,-57.795,-57.561
112.521974,-57.561,-57.326,-57.795,-57.795
112.591999,-57.561,-57.326,-57.561,-57.795
112.691999,-57.561,-57.561,-57.795,-57.561
112.791999,-57.561,-57.326,-57.561,-57.561
112.891999,-57.326,-57.561,-57.561,-57.795
112.991999,-57.561,-57.326,-57.795,-57.795
113.091999,-57.561,-57.326,-57.795,-57.795
113.191999,-57.561,-57.561,-57.561,-57.561
113.291999,-57.561,-57.326,-57.795,-57.795
113.508000,-57.561,-57.326,-57.561,-57.795
113.522974,-57.326,-57.561,-57.561,-57.795
113.591999,-57.561,-57.326,-57.561,-57.795
113.691999,-57.561,-57.326,-57.795,-57.561
113.791999,-57.561,-57.561,-57.561,-57.795
113.891999,-57.561,-57.326,-57.795,-57.561
113.991999,-57.561,-57.561,-57.561,-57.795
114.091999,-57.561,-57.561,-57.561,-58.030
114.191999,-57.561,-57.326,-57.795,-57.561
114.291999,-57.561,-57.561,-57.795,-57.795
114.508000,-57.326,-57.326,-57.795,-57.561
114.522974,-57.561,-57.326,-57.795,-57.561
114.591999,-57.561,-57.561,-57.795,-57.795
114.691999,-57.326,-57.326,-57.561,-57.561
114.791999,-57.561,-57.561,-57.561,-57.795
114.891999,-57.795,-57.326,-57.795,-57.561
114.991999,-57.561,-57.561,-57.795,-57.561
115.091999,-57.561,-57.326,-57.561,-57.795
115.191999,-57.561,-57.561,-57.561,-57.561
115.291999,-57.561,-57.561,-57.795,-57.795
115.508000,-57.561,-57.326,-57.795,-57.795
115.522974,-57.326,-57.561,-57.795,-57.561
115.591999,-57.561,-57.561,-57.795,-57.795
115.691999,-57.561,-57.561,-57.795,-57.795
115.791999,-57.795,-57.561,-57.795,-57.795
115.891999,-57.561,-57.326,-57.561,-57.795
115.991999,-57.326,-57.326,-57.561,-57.561
116.091999,-57.326,-57.326,-57.561,-57.795
116.191999,-57.326,-57.326,-57.795,-57.795
116.291999,-57.326,-57.561,-57.561,-57.795
116.508000,-57.326,-57.326,-57.795,-57.795
116.522974,-57.561,-57.326,-57.561,-57.561
116.591999,-57.326,-57.326,-57.561,-57.795
116.691999,-57.561,-57.326,-57.561,-57.795
116.791999,-57.561,-57.326,-57.795,-58.030
116.891999,-57.326,-57.326,-57.795,-57.795
116.991999,-57.561,-57.326,-57.795,-57.795
117.091999,-57.561,-57.326,-57.561,-57.561
117.191999,-57.561,-57.326,-57.795,-57.561
117.291999,-57.561,-57.326,-57.561,-57.795
117.508000,-57.326,-57.326,-57.795,-57.795
117.522974,-57.326,-57.326,-57.561,-57.561
117.591999,-57.561,-57.561,-57.795,-57.795
117.691999,-57.561,-57.326,-57.561,-57.561
117.791999,-57.326,-57.326,-57.795,-57.795
117.891999,-57.326,-57.326,-57.795,-57.795
117.991999,-57.561,-57.326,-57.795,-57.795
118.091999,-57.561,-57.326,-57.795,-57.795
118.191999,-57.561,-57.561,-57.795,-57.795
118.291999,-57.561,-57.326,-57.561,-57.561
118.508001,-57.561,-57.326,-57.795,-57.795
118.522974,-57.795,-57.326,-57.795,-57.795
118.591999,-57.561,-57.561,-57.795,-57.795
118.691999,-57.561,-57.561,-57.561,-57.795
118.791999,-57.326,-57.326,-57.795,-57.795
118.891999,-57.561,-57.326,-57.561,-57.795
118.991999,-57.561,-57.561,-57.561,-57.795
119.091999,-57.561,-57.326,-57.795,-57.795
119.191999,-57.561,-57.326,-57.561,-57.561
119.291999,-57.326,-57.561,-57.326,-57.561
119.508000,-57.561,-57.561,-57.795,-57.795
119.522974,-57.561,-57.092,-57.795,-57.561
119.591999,-57.795,-57.326,-57.561,-58.030
119.691999,-57.795,-57.561,-57.795,-57.795
119.791999,-57.561,-57.326,-57.795,-57.795
119.891999,-57.561,-57.326,-57.561,-57.561
119.991999,-57.326,-57.561,-57.561,-57.795
120.091999,-57.561,-57.326,-57.561,-57.795
120.191999,-57.561,-57.561,-57.795,-57.795
120.291999,-57.561,-57.326,-57.795,-57.795
120.507000,-57.561,-57.092,-58.030,-57.795
120.521974,-57.561,-57.326,-57.795,-58.030
120.591999,-57.326,-57.326,-57.795,-57.795
120.691999,-57.561,-57.326,-57.795,-58.030
120.791999,-57.561,-57.326,-57.795,-57.561
120.891999,-57.561,-57.326,-57.561,-57.561
120.991999,-57.326,-57.326,-57.795,-57.795
121.091999,-57.326,-57.561,-58.030,-57.795
121.191999,-57.561,-57.326,-57.795,-57.795
121.291999,-57.561,-57.326,-57.561,-57.795
121.508000,-57.561,-57.326,-57.795,-57.561
121.522974,-57.561,-57.561,-57.795,-57.795
121.591999,-57.561,-57.561,-57.795,-57.795
121.691999,-57.561,-57.561,-57.795,-57.561
121.791999,-57.795,-57.561,-57.795,-57.795
121.891999,-57.561,-57.561,-57.795,-57.561
121.991999,-57.561,-57.326,-57.795,-57.795
122.091999,-57.561,-57.561,-57.561,-57.561
122.191999,-57.561,-57.561,-57.795,-57.795
122.291999,-57.561,-57.561,-57.795,-57.795
122.508001,-57.561,-57.561,-57.561,-57.561
122.522974,-57.561,-57.326,-57.795,-57.795
122.591999,-57.561,-57.561,-57.561,-57.795
122.691999,-57.326,-57.326,-57.795,-57.561
122.791999,-57.561,-57.326,-57.561,-57.795
122.891999,-57.326,-57.561,-57.795,-57.795
122.991999,-57.561,-57.561,-57.795,-57.561
123.091999,-57.326,-57.561,-57.561,-57.795
123.191999,-57.326,-57.326,-57.561,-57.795
123.291999,-57.561,-57.092,-57.795,-57.561
123.508000,-57.561,-57.326,-57.795,-57.795
123.522974,-57.561,-57.326,-57.795,-57.561
123.591999,-57.561,-57.326,-57.795,-57.795
123.691999,-57.326,-57.326,-57.561,-57.795
123.791999,-57.326,-57.326,-57.795,-57.561
123.891999,-57.326,-57.326,-57.561,-57.561
123.991999,-57.326,-57.561,-57.795,-57.561
124.091999,-57.561,-57.326,-57.561,-57.795
124.191999,-57.561,-57.561,-57.561,-57.795
124.291999,-57.326,-57.561,-57.795,-57.795
124.508000,-57.561,-57.326,-57.795,-57.795
124.522974,-57.561,-57.326,-57.795,-57.795
124.591999,-57.326,-57.561,-57.795,-57.561
124.691999,-57.561,-57.326,-57.795,-57.561
124.791999,-57.561,-57.561,-57.795,-57.795
124.891999,-57.561,-57.092,-57.795,-57.795
124.991999,-57.561,-57.326,-57.795,-57.795
125.091999,-57.561,-57.561,-57.795,-57.561
125.191999,-57.795,-57.326,-57.795,-57.561
125.291999,-57.326,-57.561,-57.795,-57.795
125.507000,-57.561,-57.326,-57.795,-57.795
125.521974,-57.561,-57.326,-57.795,-57.561
125.591999,-57.561,-57.326,-57.795,-57.795
125.691999,-57.561,-57.326,-57.795,-57.795
125.791999,-57.561,-57.326,-57.795,-57.561
125.891999,-57.561,-57.326,-57.561,-57.561
125.991999,-57.561,-57.326,-57.795,-57.561
126.091999,-57.561,-57.561,-57.561,-57.561
126.191999,-57.561,-57.326,-57.561,-57.795
126.291999,-57.326,-57.326,-57.795,-57.795
126.508000,-57.795,-57.795,-57.795,-57.561
126.522704,-57.326,-57.326,-57.795,-57.561
126.591999,-57.561,-57.326,-58.030,-57.795
126.691999,-57.561,-57.561,-57.561,-57.795
126.791999,-57.561,-57.326,-57.795,-57.561
126.891999,-57.326,-57.561,-57.795,-57.561
126.991999,-57.326,-57.326,-57.561,-57.795
127.091999,-57.561,-57.092,-57.795,-57.561
127.191999,-57.561,-57.561,-57.795,-57.795
127.291999,-57.326,-57.326,-57.795,-57.795
127.508000,-57.561,-57.326,-57.561,-57.795
127.522974,-57.561,-57.326,-57.561,-57.795
127.591999,-57.561,-57.326,-57.795,-57.795
127.691999,-57.561,-57.326,-57.795,-57.561
127.791999,-57.561,-57.561,-57.795,-57.795
127.891999,-57.561,-57.326,-57.561,-57.795
127.991999,-57.561,-57.326,-57.795,-57.795
128.091999,-57.561,-57.326,-57.795,-57.795
128.191999,-57.561,-57.326,-57.795,-57.795
128.291999,-57.561,-57.326,-57.795,-57.795
128.508000,-57.561,-57.326,-57.561,-58.030
128.522974,-57.561,-57.326,-57.795,-57.795
128.591999,-57.561,-57.326,-57.561,-57.795
128.691999,-57.561,-57.326,-57.561,-57.795
128.791999,-57.561,-57.326,-57.795,-57.561
128.891999,-57.561,-57.561,-57.795,-57.795
128.991999,-57.561,-57.326,-57.795,-57.795
129.091999,-57.561,-57.326,-57.795,-57.561
129.191999,-57.326,-57.326,-57.795,-57.795
129.291999,-57.326,-57.326,-57.795,-57.795
129.508000,-57.326,-57.326,-57.561,-57.795
129.522974,-57.326,-57.326,-57.795,-57.795
129.591999,-57.561,-57.326,-57.561,-57.795
129.691999,-57.326,-57.561,-57.561,-57.795
129.791999,-57.561,-57.092,-57.795,-57.795
129.891999,-57.561,-57.326,-57.561,-57.561
129.991999,-57.561,-57.561,-57.795,-57.795
130.091999,-57.326,-57.561,-57.795,-58.030
130.191999,-57.561,-57.561,-57.561,-57.795
130.291999,-57.561,-57.326,-57.561,-57.795
130.508000,-57.561,-57.326,-57.795,-57.795
130.522974,-57.561,-57.326,-57.795,-57.795
130.591999,-57.326,-57.561,-57.561,-57.561
130.691999,-57.561,-57.326,-57.795,-57.795
130.791999,-57.561,-57.326,-57.795,-57.795
130.891999,-57.795,-57.326,-58.030,-57.795
130.991999,-57.561,-57.326,-57.561,-57.561
131.091999,-57.561,-57.561,-57.795,-57.795
131.191999,-57.561,-57.326,-57.795,-57.795
131.291999,-57.561,-57.326,-57.561,-57.561
131.508001,-57.326,-57.092,-57.795,-57.795
131.522974,-57.561,-57.561,-57.795,-57.795
131.591999,-57.326,-57.326,-57.561,-58.030
131.691999,-57.326,-57.561,-57.561,-57.561
131.791999,-57.561,-57.326,-57.561,-57.561
131.891999,-57.561,-57.326,-57.795,-57.795
131.991999,-57.561,-57.561,-57.795,-57.795
132.091999,-57.561,-57.561,-57.561,-57.795
132.191999,-57.561,-57.092,-57.561,-57.561
132.291999,-57.561,-57.561,-57.795,-57.795
132.508000,-57.326,-57.561,-58.030,-57.795
132.522974,-57.561,-57.561,-57.795,-57.795
132.591999,-57.326,-57.326,-57.795,-57.561
132.691999,-57.561,-57.326,-57.561,-57.795
132.791999,-57.561,-57.326,-57.561,-57.795
132.891999,-57.561,-57.561,-57.561,-57.795
132.991999,-57.561,-57.561,-57.795,-57.795
133.091999,-57.561,-57.561,-57.795,-57.561
133.191999,-57.561,-57.326,-57.561,-57.795
133.291999,-57.561,-57.326,-57.561,-57.795
133.507000,-57.561,-57.326,-57.795,-57.795
133.521974,-57.561,-57.326,-57.795,-57.795
133.591999,-57.561,-57.326,-57.561,-57.795
133.691999,-57.561,-57.326,-57.561,-57.795
133.791999,-57.561,-57.326,-57.795,-57.795
133.891999,-57.326,-57.326,-57.561,-57.561
133.991999,-57.326,-57.326,-57.795,-57.795
134.091999,-57.561,-57.326,-57.795,-57.795
134.191999,-57.561,-57.326,-57.795,-57.561
134.291999,-57.326,-57.561,-57.795,-57.795
134.508000,-57.326,-57.561,-57.561,-57.795
134.522974,-57.561,-57.561,-57.561,-57.795
134.591999,-57.561,-57.326,-57.795,-57.795
134.691999,-57.561,-57.326,-57.795,-57.795
134.791999,-57.326,-57.561,-57.795,-57.795
134.891999,-57.561,-57.326,-57.561,-57.795
134.991999,-57.326,-57.326,-57.561,-57.795
135.091999,-57.561,-57.326,-57.795,-57.561
135.191999,-57.326,-57.092,-57.561,-57.795
135.291999,-57.326,-57.326,-57.795,-58.030
135.508000,-57.561,-57.092,-57.795,-57.795
135.522974,-57.326,-57.561,-57.561,-57.561
135.591999,-57.561,-57.561,-58.030,-57.561
135.691999,-57.561,-57.326,-57.561,-57.561
135.791999,-57.561,-57.326,-57.795,-57.561
135.891999,-57.326,-57.326,-57.795,-57.795
135.991999,-57.561,-57.326,-57.561,-57.795
136.091999,-57.561,-57.326,-57.795,-57.795
136.191999,-57.561,-57.326,-57.795,-58.030
136.291999,-57.561,-57.326,-57.795,-57.795
136.508000,-57.561,-57.326,-57.795,-57.795
136.522974,-57.561,-57.561,-57.561,-57.561
136.591999,-57.326,-57.326,-57.795,-57.561
136.691999,-57.561,-57.561,-57.795,-57.561
136.791999,-57.561,-57.561,-57.795,-57.795
136.891999,-57.326,-57.326,-57.795,-57.795
136.991999,-57.561,-57.326,-57.561,-57.561
137.091999,-57.561,-57.326,-57.795,-57.795
137.191999,-57.561,-57.561,-57.795,-57.561
137.291999,-57.561,-57.326,-57.795,-57.795
137.508000,-57.326,-57.326,-57.795,-57.795
137.522974,-57.561,-57.561,-57.561,-57.795
137.591999,-57.561,-57.326,-57.561,-57.795
137.691999,-57.561,-57.561,-57.795,-57.795
137.791999,-57.561,-57.326,-57.561,-57.561
137.891999,-57.326,-57.326,-57.561,-57.795
137.991999,-57.561,-57.561,-57.795,-57.561
138.091999,-57.561,-57.326,-57.795,-57.795
138.191999,-57.561,-57.092,-57.795,-57.561
138.291999,-57.561,-57.092,-57.795,-57.795
138.507000,-57.795,-57.561,-57.795,-57.795
138.521974,-57.561,-57.561,-57.795,-57.561
138.591999,-57.561,-57.561,-57.561,-57.795
138.691999,-57.561,-57.326,-57.561,-57.561
138.791999,-57.561,-57.561,-57.795,-57.795
138.891999,-57.561,-57.326,-57.795,-57.561
138.991999,-57.561,-57.561,-57.795,-57.795
139.091999,-57.561,-57.326,-57.561,-57.561
139.191999,-57.561,-57.561,-57.795,-57.795
139.291999,-57.561,-57.326,-57.795,-57.561
139.508000,-57.561,-57.326,-57.795,-57.795
139.522974,-57.795,-57.326,-57.795,-57.795
139.591999,-57.561,-57.561,-57.795,-57.561
139.691999,-57.561,-57.326,-57.561,-57.561
139.791999,-57.561,-57.326,-57.561,-57.795
139.891999,-57.326,-57.326,-57.795,-57.795
139.991999,-57.561,-57.561,-57.561,-58.030
140.091999,-57.326,-57.326,-57.795,-57.795
140.191999,-57.326,-57.561,-57.795,-57.795
140.291999,-57.326,-57.561,-57.795,-57.795
140.508000,-57.326,-57.326,-57.795,-57.795
140.522974,-57.326,-57.326,-57.795,-57.795
140.591999,-57.561,-57.561,-57.795,-57.795
140.691999,-57.561,-57.326,-57.795,-57.795
140.791999,-57.561,-57.561,-57.795,-57.561
140.891999,-57.561,-57.326,-57.795,-57.561
140.991999,-57.326,-57.561,-57.795,-57.561
141.091999,-57.561,-57.326,-57.561,-57.795
141.191999,-57.326,-57.561,-57.561,-58.030
141.291999,-57.561,-57.561,-57.795,-57.795
141.508000,-57.561,-57.326,-57.795,-57.795
141.522974,-57.326,-57.561,-58.030,-57.561
141.591999,-57.326,-57.561,-57.795,-57.795
141.691999,-57.561,-57.326,-57.561,-57.795
141.791999,-57.561,-57.326,-57.795,-58.030
141.891999,-57.326,-57.561,-57.795,-57.795
141.991999,-57.561,-57.561,-58.030,-57.561
142.091999,-57.561,-57.326,-57.795,-57.795
142.191999,-57.561,-57.326,-57.561,-57.561
142.291999,-57.561,-57.326,-57.561,-57.795
142.508001,-57.561,-57.561,-57.795,-57.795
142.522974,-57.326,-57.561,-57.795,-57.326
142.591999,-57.561,-57.326,-57.795,-57.561
142.691999,-57.561,-57.326,-57.795,-57.795
142.791999,-57.561,-57.326,-57.795,-57.561
142.891999,-57.326,-57.326,-57.795,-57.561
142.991999,-57.561,-57.561,-57.795,-57.561
143.091999,-57.561,-57.561,-57.795,-57.795
143.191999,-57.561,-57.561,-57.795,-57.795
143.291999,-57.561,-57.326,-57.795,-57.561
143.508000,-57.326,-57.561,-57.561,-57.795
143.522974,-57.561,-57.561,-57.561,-57.561
143.591999,-57.326,-57.326,-57.795,-57.561
143.691999,-57.326,-57.561,-57.795,-57.795
143.791999,-57.326,-57.326,-57.561,-57.795
143.891999,-57.561,-57.561,-57.795,-57.795
143.991999,-57.561,-57.561,-57.795,-57.561
144.091999,-57.326,-57.326,-57.795,-58.030
144.191999,-57.326,-57.326,-57.795,-57.795
144.291999,-57.561,-57.326,-58.030,-57.795
144.508001,-57.561,-57.561,-57.795,-57.561
144.522974,-57.561,-57.326,-57.795,-57.795
144.591999,-57.561,-57.561,-57.561,-57.561
144.691999,-57.326,-57.326,-57.795,-57.561
144.791999,-57.561,-57.561,-57.795,-57.795
144.891999,-57.326,-57.561,-57.795,-57.795
144.991999,-57.326,-57.326,-57.795,-57.795
145.091999,-57.795,-57.561,-57.795,-57.561
145.191999,-57.326,-57.326,-57.795,-57.795
145.291999,-57.561,-57.561,-57.561,-57.795
145.508000,-57.561,-57.326,-57.795,-57.795
145.522974,-57.561,-57.561,-58.030,-57.795
145.591999,-57.561,-57.326,-57.795,-57.561
145.691999,-57.561,-57.326,-57.795,-57.795
145.791999,-57.561,-57.326,-57.795,-57.561
145.891999,-57.326,-57.326,-57.561,-57.795
145.991999,-57.326,-57.326,-57.795,-57.795
146.091999,-57.795,-57.326,-58.030,-57.561
146.191999,-57.561,-57.561,-58.030,-57.795
146.291999,-57.326,-57.561,-57.795,-57.561
146.507000,-57.561,-57.326,-57.795,-57.795
146.521974,-57.561,-57.326,-57.795,-57.561
146.591999,-57.561,-57.561,-57.561,-57.795
146.691999,-57.561,-57.561,-57.795,-57.795
146.791999,-57.561,-57.326,-57.795,-57.795
146.891999,-57.326,-57.326,-57.561,-57.795
146.991999,-57.326,-57.561,-57.795,-58.030
147.091999,-57.561,-57.326,-57.795,-57.795
147.191999,-57.561,-57.326,-57.561,-57.795
147.291999,-57.561,-57.326,-57.795,-57.795
147.508000,-57.326,-57.561,-57.561,-57.561
147.522974,-57.326,-57.326,-57.795,-57.795
147.591999,-57.561,-57.326,-58.030,-57.561
147.691999,-57.326,-57.326,-58.030,-57.795
147.791999,-57.561,-57.326,-57.561,-57.795
147.891999,-57.561,-57.326,-57.561,-57.795
147.991999,-57.561,-57.561,-57.795,-57.795
148.091999,-57.561,-57.561,-57.795,-57.561
148.191999,-57.326,-57.561,-57.795,-57.795
148.291999,-57.561,-57.326,-57.561,-57.561
148.508000,-57.561,-57.561,-57.561,-57.795
148.522974,-57.561,-57.326,-57.795,-57.795
148.591999,-57.561,-57.326,-57.561,-57.795
148.691999,-57.326,-57.326,-57.561,-57.795
148.791999,-57.561,-57.561,-57.561,-57.795
148.891999,-57.561,-57.561,-57.795,-57.795
148.991999,-57.561,-57.561,-57.795,-57.561
149.091999,-57.326,-57.326,-57.795,-57.561
149.191999,-57.795,-57.326,-57.561,-57.795
149.291999,-57.561,-57.326,-57.795,-58.030
149.507000,-57.561,-57.326,-57.561,-57.795
149.521974,-57.561,-57.326,-57.795,-57.795
149.591999,-57.561,-57.561,-57.795,-58.030
149.691999,-57.561,-57.561,-57.795,-57.795
149.791999,-57.561,-57.561,-57.795,-57.795
149.891999,-57.561,-57.326,-57.561,-58.030
149.991999,-57.326,-57.326,-57.795,-57.561
150.091999,-57.561,-57.561,-57.795,-57.795
150.191999,-57.561,-57.326,-57.795,-57.561
150.291999,-57.561,-57.561,-57.561,-57.795
150.508000,-57.561,-57.326,-57.795,-57.795
150.522974,-57.561,-57.326,-57.795,-57.561
150.591999,-57.561,-57.561,-57.561,-57.795
150.691999,-57.326,-57.326,-57.795,-57.795
150.791999,-57.561,-57.561,-57.795,-57.561
150.891999,-57.795,-57.326,-57.795,-57.795
150.991999,-57.326,-57.326,-57.561,-57.795
151.091999,-57.561,-57.561,-57.795,-57.795
151.191999,-57.326,-57.326,-57.795,-58.030
151.291999,-57.561,-57.326,-57.561,-57.561
151.507000,-57.795,-57.092,-57.561,-57.561
151.521974,-57.326,-57.561,-57.795,-58.030
151.591999,-57.326,-57.326,-57.795,-57.561
151.691999,-57.326,-57.326,-57.795,-57.795
151.791999,-57.561,-57.561,-57.561,-57.795
151.891999,-57.561,-57.561,-57.795,-57.795
151.991999,-57.326,-57.561,-57.561,-57.795
152.091999,-57.561,-57.795,-57.795,-57.795
152.191999,-57.326,-57.326,-57.561,-57.795
152.291999,-57.561,-57.561,-57.795,-57.795
152.508000,-57.561,-57.326,-57.561,-57.795
152.522974,-57.561,-57.561,-57.561,-57.795
152.591999,-57.561,-57.326,-57.795,-57.795
152.691999,-57.561,-57.326,-57.795,-57.795
152.791999,-57.561,-57.326,-57.795,-57.795
152.891999,-57.561,-57.326,-57.795,-57.561
152.991999,-57.795,-57.326,-57.795,-57.795
153.091999,-57.561,-57.326,-57.561,-57.795
153.191999,-57.561,-57.561,-57.795,-57.795
153.291999,-57.326,-57.326,-57.795,-57.795
153.508000,-57.795,-57.326,-57.561,-57.561
153.522974,-57.561,-57.326,-57.795,-57.561
153.591999,-57.561,-57.561,-57.795,-57.561
153.691999,-57.561,-57.326,-57.561,-57.795
153.791999,-57.326,-57.561,-57.795,-57.795
153.891999,-57.561,-57.561,-57.795,-57.795
153.991999,-57.561,-57.326,-57.561,-57.795
154.091999,-57.561,-57.326,-57.795,-57.795
154.191999,-57.561,-57.326,-57.561,-57.795
154.291999,-57.326,-57.326,-57.795,-57.795
154.508000,-57.561,-57.326,-57.795,-57.795
154.522974,-57.561,-57.561,-57.795,-57.561
154.591999,-57.795,-57.561,-57.795,-57.561
154.691999,-57.561,-57.326,-57.561,-57.561
154.791999,-57.561,-57.326,-57.795,-57.795
154.891999,-57.561,-57.326,-57.795,-57.795
154.991999,-57.561,-57.326,-57.795,-57.795
155.091999,-57.326,-57.326,-57.561,-57.561
155.191999,-57.561,-57.326,-57.561,-57.561
155.291999,-57.561,-57.561,-57.795,-57.795
155.508000,-57.561,-57.561,-57.795,-57.561
155.522974,-57.795,-57.326,-57.795,-57.561
155.591999,-57.561,-57.326,-57.561,-57.795
155.691999,-57.561,-57.561,-57.561,-57.795
155.791999,-57.561,-57.326,-57.561,-57.561
155.891999,-57.561,-57.326,-57.795,-57.795
155.991999,-57.561,-57.326,-57.795,-57.795
156.091999,-57.561,-57.561,-57.795,-57.795
156.191999,-57.795,-57.326,-57.795,-57.561
156.291999,-57.326,-57.326,-57.795,-57.795
156.508000,-57.561,-57.561,-57.561,-57.795
156.522974,-57.326,-57.561,-57.561,-57.561
156.591999,-57.561,-57.561,-57.561,-57.795
156.691999,-57.326,-57.326,-57.561,-57.561
156.791999,-57.561,-57.326,-57.795,-57.561
156.891999,-57.561,-57.326,-57.795,-57.561
156.991999,-57.795,-57.092,-57.795,-57.795
157.091999,-57.561,-57.326,-57.795,-57.795
157.191999,-57.326,-57.561,-57.795,-57.561
157.291999,-57.561,-57.326,-57.795,-57.795
157.508000,-57.561,-57.561,-58.030,-57.795
157.522974,-57.326,-57.326,-57.795,-57.795
157.591999,-57.326,-57.561,-57.561,-57.561
157.691999,-57.795,-57.326,-57.795,-57.795
157.791999,-57.561,-57.326,-57.795,-57.795
157.891999,-57.561,-57.561,-57.795,-57.795
157.991999,-57.561,-57.326,-57.795,-57.795
158.091999,-57.561,-57.561,-57.795,-57.795
158.191999,-57.561,-57.561,-57.561,-57.795
158.291999,-57.561,-57.326,-57.795,-57.561
158.508000,-57.561,-57.326,-57.795,-57.561
158.522974,-57.561,-57.795,-57.795,-57.795
158.591999,-57.561,-57.561,-57.795,-57.795
158.691999,-57.561,-57.326,-57.561,-57.795
158.791999,-57.561,-57.326,-57.795,-57.795
158.891999,-57.795,-57.561,-57.795,-57.561
158.991999,-57.561,-57.326,-57.795,-57.561
159.091999,-57.561,-57.561,-58.030,-57.795
159.191999,-57.561,-57.326,-57.795,-58.030
159.291999,-57.326,-57.561,-57.795,-57.795
159.507000,-57.561,-57.326,-57.795,-57.795
159.521974,-57.561,-57.326,-57.795,-57.795
159.591999,-57.326,-57.326,-57.795,-57.795
159.691999,-57.326,-57.326,-57.561,-57.795
159.791999,-57.795,-57.326,-57.795,-57.561
159.891999,-57.561,-57.326,-57.561,-57.795
159.991999,-57.561,-57.326,-57.795,-57.561
160.091999,-57.561,-57.326,-57.561,-57.561
160.191999,-57.561,-57.326,-57.795,-57.561
160.291999,-57.561,-57.561,-57.795,-57.795
160.508000,-57.326,-57.326,-57.795,-57.795
160.522974,-57.326,-57.561,-57.795,-57.561
160.591999,-57.561,-57.561,-58.030,-57.795
160.691999,-57.326,-57.326,-57.795,-57.795
160.791999,-57.561,-57.326,-57.795,-57.795
160.891999,-57.561,-57.326,-57.795,-57.795
160.991999,-57.561,-57.326,-57.795,-57.561
161.091999,-57.561,-57.561,-57.795,-57.561
161.191999,-57.561,-57.326,-57.795,-57.795
161.291999,-57.326,-57.326,-57.795,-57.795
161.508000,-57.561,-57.561,-57.795,-57.795
161.522974,-57.561,-57.561,-57.795,-57.795
161.591999,-57.561,-57.326,-57.795,-57.795
161.691999,-57.795,-57.326,-57.795,-57.561
161.791999,-57.561,-57.326,-57.795,-57.795
161.891999,-57.561,-57.326,-57.561,-57.795
161.991999,-57.561,-57.326,-57.561,-57.795
162.091999,-57.561,-57.326,-57.795,-58.030
162.191999,-57.561,-57.561,-57.795,-57.795
162.291999,-57.561,-57.092,-57.795,-57.561
162.508000,-57.561,-57.326,-57.795,-57.795
162.522974,-57.326,-57.326,-57.795,-57.795
162.591999,-57.561,-57.561,-58.030,-57.795
162.691999,-57.795,-57.561,-57.561,-57.561
162.791999,-57.561,-57.561,-57.795,-57.795
162.891999,-57.561,-57.326,-57.795,-57.795
162.991999,-57.561,-57.561,-57.561,-57.795
163.091999,-57.561,-57.326,-57.795,-57.561
163.191999,-57.561,-57.561,-58.030,-57.795
163.291999,-57.795,-57.326,-57.795,-57.561
163.508000,-57.561,-57.326,-57.561,-57.561
163.522974,-57.561,-57.561,-57.795,-57.795
163.591999,-57.561,-57.326,-57.795,-57.561
163.691999,-57.326,-57.326,-57.795,-57.561
163.791999,-57.561,-57.326,-57.795,-57.795
163.891999,-57.326,-57.326,-57.795,-57.795
163.991999,-57.795,-57.561,-57.795,-57.795
164.091999,-57.326,-57.561,-57.561,-57.795
164.191999,-57.326,-57.561,-57.561,-57.561
164.291999,-57.561,-57.326,-57.561,-57.795
164.507000,-57.326,-57.326,-57.795,-57.561
164.521974,-57.561,-57.326,-57.795,-57.561
164.591999,-57.561,-57.561,-57.795,-57.561
164.691999,-57.561,-57.326,-57.795,-57.795
164.791999,-57.561,-57.326,-57.795,-57.795
164.891999,-57.561,-57.326,-57.795,-57.795
164.991999,-57.326,-57.326,-57.795,-57.795
165.091999,-57.561,-57.326,-57.561,-57.795
165.191999,-57.561,-57.561,-57.795,-57.561
165.291999,-57.326,-57.561,-57.795,-57.561
165.508000,-57.561,-57.326,-57.795,-57.795
165.522974,-57.561,-57.561,-57.795,-57.561
165.591999,-57.326,-57.561,-57.795,-57.561
165.691999,-57.795,-57.326,-57.795,-57.795
165.791999,-57.561,-57.326,-57.795,-57.561
165.891999,-57.561,-57.326,-57.795,-57.561
165.991999,-57.561,-57.561,-57.795,-57.795
166.091999,-57.561,-57.561,-57.795,-57.795
166.191999,-57.561,-57.092,-57.795,-57.561
166.291999,-57.561,-57.326,-57.561,-57.561
166.508000,-57.561,-57.561,-57.795,-57.795
166.522974,-57.326,-57.326,-57.795,-57.561
166.591999,-57.561,-57.326,-57.795,-57.795
166.691999,-57.561,-57.326,-57.561,-57.561
166.791999,-57.561,-57.326,-58.030,-57.795
166.891999,-57.561,-57.561,-57.561,-57.795
166.991999,-57.561,-57.561,-57.795,-57.795
167.091999,-57.561,-57.561,-57.795,-57.561
167.191999,-57.561,-57.326,-57.561,-57.561
167.291999,-57.561,-57.326,-57.561,-57.795
167.508000,-57.561,-57.326,-57.795,-57.561
167.522974,-57.561,-57.561,-57.795,-57.795
167.591999,-57.326,-57.326,-57.795,-57.795
167.691999,-57.561,-57.326,-57.795,-57.561
167.791999,-57.561,-57.326,-57.795,-57.561
167.891999,-57.326,-57.561,-57.795,-57.561
167.991999,-57.561,-57.326,-58.030,-57.561
168.091999,-57.561,-57.326,-57.795,-57.795
168.191999,-57.561,-57.326,-57.561,-57.561
168.291999,-57.561,-57.326,-57.795,-57.795
168.508000,-57.561,-57.326,-57.795,-57.795
168.522974,-57.326,-57.326,-57.795,-57.795
168.591999,-57.561,-57.561,-57.795,-57.795
168.691999,-57.561,-57.561,-57.795,-57.795
168.791999,-57.326,-57.561,-57.795,-57.795
168.891999,-57.561,-57.326,-57.795,-57.795
168.991999,-57.326,-57.326,-57.561,-57.561
169.091999,-57.326,-57.561,-57.795,-57.795
169.191999,-57.795,-57.326,-57.561,-57.795
169.291999,-57.561,-57.561,-57.795,-57.561
169.508000,-57.561,-57.561,-57.795,-57.795
169.522974,-57.561,-57.561,-57.795,-57.795
169.591999,-57.561,-57.326,-57.795,-57.795
169.691999,-57.561,-57.326,-57.561,-57.795
169.791999,-57.561,-57.092,-57.561,-57.795
169.891999,-57.561,-57.326,-57.795,-57.561
169.991999,-57.326,-57.561,-57.795,-57.795
170.091999,-57.561,-57.326,-57.795,-57.795
170.191999,-57.561,-57.326,-57.795,-57.795
170.291999,-57.561,-57.561,-57.561,-58.030
170.508000,-57.561,-57.326,-57.795,-57.795
170.522974,-57.326,-57.561,-57.561,-57.795
170.591999,-57.326,-57.561,-57.561,-57.795
170.691999,-57.326,-57.326,-57.795,-57.795
170.791999,-57.561,-57.326,-57.795,-57.561
170.891999,-57.795,-57.326,-57.795,-57.561
170.991999,-57.561,-57.326,-57.795,-57.561
171.091999,-57.561,-57.326,-57.561,-57.561
171.191999,-57.561,-57.561,-57.795,-57.795
171.291999,-57.561,-57.326,-57.795,-57.561
171.508000,-57.561,-57.326,-57.795,-57.561
171.522974,-57.326,-57.326,-57.795,-57.561
171.591999,-57.561,-57.561,-57.561,-57.561
171.691999,-57.561,-57.561,-57.795,-57.795
171.791999,-57.561,-57.326,-57.795,-57.795
171.891999,-57.561,-57.561,-57.795,-57.795
171.991999,-57.326,-57.326,-57.561,-57.561
172.091999,-57.326,-57.561,-57.561,-57.561
172.191999,-57.561,-57.561,-57.795,-57.561
172.291999,-57.561,-57.092,-57.561,-57.795
172.507000,-57.561,-57.326,-57.561,-57.561
172.521974,-57.561,-57.326,-58.030,-57.795
172.591999,-57.561,-57.561,-57.795,-57.561
172.691999,-57.561,-57.561,-57.795,-57.795
172.791999,-57.561,-57.326,-57.795,-57.561
172.891999,-57.561,-57.561,-57.795,-57.795
172.991999,-57.561,-57.326,-57.795,-57.561
173.091999,-57.561,-57.326,-57.561,-57.561
173.191999,-57.561,-57.561,-57.795,-57.795
173.291999,-57.561,-57.561,-57.795,-57.795
173.508000,-57.561,-57.326,-57.561,-57.795
173.522974,-57.561,-57.326,-57.561,-57.795
173.591999,-57.326,-57.326,-57.795,-57.561
173.691999,-57.795,-57.326,-57.795,-57.795
173.791999,-57.561,-57.092,-57.795,-57.561
173.891999,-57.326,-57.092,-57.561,-57.561
173.991999,-57.561,-57.326,-57.561,-57.561
174.091999,-57.561,-57.326,-57.561,-57.795
174.191999,-57.326,-57.326,-57.795,-57.561
174.291999,-57.561,-57.326,-57.795,-57.795
174.508001,-57.326,-57.326,-57.795,-57.795
174.522974,-57.561,-57.561,-57.795,-57.795
174.591999,-57.561,-57.561,-57.795,-57.795
174.691999,-57.561,-57.326,-57.561,-58.030
174.791999,-57.795,-57.561,-57.795,-57.795
174.891999,-57.561,-57.561,-57.795,-57.561
174.991999,-57.561,-57.561,-57.561,-57.795
175.091999,-57.561,-57.561,-57.795,-57.795
175.191999,-57.561,-57.561,-57.795,-57.795
175.291999,-57.561,-57.326,-57.561,-57.561
175.508000,-57.326,-57.326,-57.561,-57.561
175.522974,-57.561,-57.561,-57.795,-57.561
175.591999,-57.561,-57.326,-57.561,-57.561
175.691999,-57.326,-57.561,-57.561,-57.795
175.791999,-57.561,-57.561,-57.561,-57.795
175.891999,-57.561,-57.326,-57.561,-57.795
175.991999,-57.561,-57.326,-57.795,-57.561
176.091999,-57.561,-57.326,-57.561,-57.795
176.191999,-57.326,-57.326,-57.795,-57.795
176.291999,-57.795,-57.561,-57.561,-57.795
176.508000,-57.561,-57.326,-57.561,-57.795
176.522974,-57.561,-57.561,-57.561,-57.795
176.591999,-57.561,-57.561,-57.561,-57.561
176.691999,-57.561,-57.326,-57.795,-57.795
176.791999,-57.561,-57.326,-57.795,-57.795
176.891999,-57.326,-57.561,-57.795,-57.795
176.991999,-57.326,-57.326,-57.795,-57.561
177.091999,-57.561,-57.561,-57.795,-58.030
177.191999,-57.561,-57.326,-57.561,-57.795
177.291999,-57.561,-57.561,-57.561,-57.795
177.507000,-57.561,-57.326,-57.795,-57.561
177.521974,-57.561,-57.326,-58.030,-57.561
177.591999,-57.326,-57.561,-57.795,-57.795
177.691999,-57.561,-57.561,-57.795,-57.561
177.791999,-57.326,-57.326,-57.795,-58.030
177.891999,-57.561,-57.326,-57.795,-57.795
177.991999,-57.561,-57.561,-57.561,-57.795
178.091999,-57.326,-57.326,-57.795,-57.795
178.191999,-57.561,-57.561,-57.561,-57.795
178.291999,-57.561,-57.326,-57.795,-57.561
178.508000,-57.561,-57.326,-57.795,-57.795
178.522974,-57.561,-57.561,-57.795,-57.795
178.591999,-57.561,-57.561,-57.561,-57.795
178.691999,-57.561,-57.561,-57.795,-57.561
178.791999,-57.561,-57.326,-57.561,-57.561
178.891999,-57.561,-57.561,-57.795,-57.795
178.991999,-57.561,-57.326,-57.795,-57.795
179.091999,-57.561,-57.561,-57.795,-57.795
179.191999,-57.561,-57.326,-57.795,-57.795
179.291999,-57.561,-57.561,-57.795,-57.795
179.508000,-57.561,-57.326,-57.795,-57.795
179.522974,-57.561,-57.561,-57.795,-58.030
179.591999,-57.561,-57.326,-57.795,-57.561
179.691999,-57.561,-57.326,-57.795,-57.561
179.791999,-57.326,-57.561,-57.795,-57.795
179.891999,-57.326,-57.326,-57.561,-57.561
179.991999,-57.795,-57.561,-57.795,-57.561
180.091999,-57.326,-57.326,-57.561,-57.561
180.191999,-57.561,-57.326,-57.561,-57.561
180.291999,-57.561,-57.326,-57.795,-57.795
180.508000,-57.561,-57.561,-57.795,-57.561
180.522974,-57.561,-57.326,-57.561,-57.561
180.591999,-57.326,-57.326,-57.561,-57.795
180.691999,-57.326,-57.326,-57.795,-57.795
180.791999,-57.326,-57.326,-57.795,-57.795
180.891999,-57.561,-57.561,-57.561,-57.561
180.991999,-57.561,-57.326,-57.795,-57.795
181.091999,-57.561,-57.326,-57.561,-57.795
181.191999,-57.561,-57.326,-57.795,-57.795
181.291999,-57.561,-57.561,-57.795,-57.795
181.508000,-57.561,-57.326,-57.795,-57.795
181.522974,-57.561,-57.561,-57.561,-57.795
181.591999,-57.561,-57.326,-57.561,-57.795
181.691999,-57.561,-57.326,-57.795,-57.795
181.791999,-57.326,-57.326,-57.795,-57.795
181.891999,-57.561,-57.326,-57.561,-57.795
181.991999,-57.561,-57.561,-57.561,-57.561
182.091999,-57.561,-57.561,-57.561,-57.795
182.191999,-57.326,-57.326,-57.795,-57.795
182.291999,-57.561,-57.561,-57.795,-57.795
182.508000,-57.561,-57.561,-57.795,-57.795
182.522974,-57.561,-57.561,-57.795,-57.561
182.591999,-57.795,-57.326,-57.795,-57.795
182.691999,-57.561,-57.326,-57.795,-58.030
182.791999,-57.561,-57.561,-57.795,-57.561
182.891999,-57.561,-57.561,-57.795,-57.561
182.991999,-57.795,-57.326,-57.561,-57.795
183.091999,-57.561,-57.561,-57.561,-57.561
183.191999,-57.561,-57.561,-57.561,-57.795
183.291999,-57.561,-57.561,-57.795,-57.795
183.508000,-57.795,-57.326,-58.030,-57.795
183.522974,-57.326,-57.326,-57.795,-57.795
183.591999,-57.795,-57.326,-57.795,-57.795
183.691999,-57.561,-57.326,-57.561,-57.795
183.791999,-57.561,-57.326,-57.795,-57.326
183.891999,-57.326,-57.561,-57.561,-57.795
183.991999,-57.326,-57.561,-57.795,-57.795
184.091999,-57.561,-57.326,-57.561,-57.561
184.191999,-57.561,-57.326,-57.795,-57.795
184.291999,-57.561,-57.326,-57.561,-57.561
184.508000,-57.561,-57.326,-57.561,-57.561
184.522974,-57.561,-57.326,-57.561,-57.795
184.591999,-57.561,-57.326,-57.795,-57.795
184.691999,-57.326,-57.326,-57.795,-57.795
184.791999,-57.795,-57.326,-58.030,-57.795
184.891999,-57.561,-57.326,-57.561,-57.795
184.991999,-57.561,-57.326,-57.561,-57.561
185.091999,-57.326,-57.561,-57.561,-57.561
185.191999,-57.326,-57.561,-57.561,-57.795
185.291999,-57.561,-57.326,-57.561,-57.561
185.507000,-57.561,-57.561,-57.561,-57.795
185.521974,-57.561,-57.561,-57.561,-57.561
185.591999,-57.326,-57.326,-57.795,-57.795
185.691999,-57.561,-57.561,-57.795,-57.795
185.791999,-57.561,-57.326,-57.795,-57.795
185.891999,-57.561,-57.326,-57.795,-57.795
185.991999,-57.561,-57.561,-57.795,-57.795
186.091999,-57.561,-57.561,-58.030,-57.795
186.191999,-57.561,-57.561,-58.030,-57.795
186.291999,-57.561,-57.561,-57.561,-58.030
186.508000,-57.561,-57.326,-57.795,-57.795
186.522974,-57.561,-57.326,-57.795,-57.561
186.591999,-57.326,-57.326,-57.561,-57.561
186.691999,-57.561,-57.561,-58.030,-57.561
186.791999,-57.561,-57.561,-57.795,-57.795
186.891999,-57.561,-57.326,-57.795,-57.795
186.991999,-57.326,-57.326,-57.795,-57.795
187.091999,-57.326,-57.561,-57.795,-57.795
187.191999,-57.326,-57.561,-57.561,-57.795
187.291999,-57.561,-57.326,-57.795,-57.795
187.508001,-57.561,-57.326,-57.795,-57.795
187.522974,-57.326,-57.326,-57.795,-57.795
187.591999,-57.561,-57.561,-57.795,-57.795
187.691999,-57.561,-57.561,-57.561,-57.795
187.791999,-57.561,-57.326,-57.795,-57.561
187.891999,-57.561,-57.326,-57.795,-57.795
187.991999,-57.561,-57.561,-57.795,-57.561
188.091999,-57.326,-57.561,-57.795,-57.795
188.191999,-57.326,-57.561,-57.795,-57.561
188.291999,-57.561,-57.326,-57.561,-57.795
188.508000,-57.561,-57.326,-57.795,-57.795
188.522974,-57.561,-57.326,-57.795,-57.795
188.591999,-57.561,-57.561,-57.795,-57.561
188.691999,-57.561,-57.326,-57.561,-57.795
188.791999,-57.561,-57.561,-57.795,-57.561
188.891999,-57.561,-57.561,-57.795,-57.795
188.991999,-57.561,-57.561,-57.795,-57.795
189.091999,-57.561,-57.561,-57.795,-57.561
189.191999,-57.795,-57.326,-57.795,-57.561
189.291999,-57.561,-57.326,-57.795,-57.795
189.508000,-57.561,-57.326,-57.561,-57.795
189.522974,-57.561,-57.326,-57.561,-57.795
189.591999,-57.561,-57.326,-57.561,-57.795
189.691999,-57.561,-57.092,-57.795,-57.561
189.791999,-57.561,-57.326,-57.561,-57.561
189.891999,-57.561,-57.561,-57.795,-57.795
189.991999,-57.561,-57.561,-57.561,-57.561
190.091999,-57.561,-57.326,-57.795,-57.561
190.191999,-57.561,-57.326,-57.561,-57.561
190.291999,-57.561,-57.326,-57.795,-57.795
190.507001,-57.561,-57.326,-57.561,-57.561
190.521974,-57.561,-57.092,-57.795,-57.561
190.591999,-57.561,-57.326,-57.561,-57.795
190.691999,-57.561,-57.092,-57.795,-58.030
190.791999,-57.326,-57.326,-57.795,-57.561
190.891999,-57.795,-57.561,-57.795,-57.795
190.991999,-57.561,-57.092,-57.795,-57.795
191.091999,-57.561,-57.326,-57.561,-57.795
191.191999,-57.561,-57.561,-57.795,-57.795
191.291999,-57.561,-57.326,-58.030,-57.561
191.508000,-57.561,-57.326,-57.795,-57.561
191.522974,-57.561,-57.326,-57.795,-57.561
191.591999,-57.561,-57.561,-57.795,-57.795
191.691999,-57.326,-57.561,-57.795,-57.561
191.791999,-57.326,-57.092,-57.795,-57.795
191.891999,-57.561,-57.326,-57.561,-57.561
191.991999,-57.561,-57.561,-57.561,-57.561
192.091999,-57.561,-57.561,-57.561,-57.561
192.191999,-57.561,-57.561,-57.795,-57.795
192.291999,-57.561,-57.561,-57.795,-57.561
192.508001,-57.561,-57.326,-57.561,-57.561
192.522974,-57.326,-57.561,-57.795,-57.795
192.591999,-57.561,-57.561,-57.795,-57.795
192.691999,-57.561,-57.326,-57.326,-57.795
192.791999,-57.561,-57.326,-57.795,-57.795
192.891999,-57.561,-57.326,-57.561,-57.795
192.991999,-57.561,-57.561,-57.795,-57.795
193.091999,-57.561,-57.326,-57.795,-57.795
193.191999,-57.561,-57.326,-57.795,-57.795
193.291999,-57.561,-57.326,-57.561,-57.795
193.508000,-57.795,-57.326,-57.561,-57.795
193.522974,-57.561,-57.326,-57.795,-57.561
193.591999,-57.326,-57.326,-57.795,-57.795
193.691999,-57.795,-57.561,-57.561,-57.795
193.791999,-57.561,-57.561,-57.561,-57.795
193.891999,-57.561,-57.326,-57.795,-57.561
193.991999,-57.561,-57.561,-57.795,-57.326
194.091999,-57.795,-57.561,-57.795,-57.561
194.191999,-57.561,-57.326,-57.795,-57.561
194.291999,-57.561,-57.561,-57.561,-57.561
194.508000,-57.561,-57.561,-57.795,-57.561
194.522974,-57.561,-57.561,-57.561,-57.795
194.591999,-57.561,-57.561,-57.795,-57.561
194.691999,-57.326,-57.561,-57.795,-57.561
194.791999,-57.561,-57.561,-57.795,-57.795
194.891999,-57.561,-57.326,-57.795,-57.795
194.991999,-57.561,-57.561,-57.795,-57.561
195.091999,-57.561,-57.561,-57.561,-57.561
195.191999,-57.561,-57.326,-57.561,-57.561
195.291999,-57.561,-57.326,-57.795,-57.561
195.508000,-57.561,-57.326,-57.795,-57.795
195.522974,-57.795,-57.326,-57.561,-57.795
195.591999,-57.561,-57.326,-57.561,-57.795
195.691999,-57.561,-57.326,-57.795,-57.795
195.791999,-57.561,-57.092,-57.795,-57.795
195.891999,-57.561,-57.561,-57.795,-57.561
195.991999,-57.561,-57.561,-57.795,-57.561
196.091999,-57.561,-57.326,-57.795,-57.795
196.191999,-57.561,-57.561,-57.795,-57.561
196.291999,-57.561,-57.326,-57.795,-57.561
196.508000,-57.326,-57.326,-57.561,-57.795
196.522974,-57.561,-57.326,-57.795,-57.795
196.591999,-57.561,-57.092,-57.795,-57.795
196.691999,-57.561,-57.561,-57.795,-57.561
196.791999,-57.795,-57.326,-57.561,-57.795
196.891999,-57.561,-57.326,-57.561,-57.561
196.991999,-57.561,-57.561,-57.561,-57.561
197.091999,-57.561,-57.326,-57.795,-57.561
197.191999,-57.561,-57.326,-57.795,-57.795
197.291999,-57.561,-57.326,-57.795,-57.795
197.508000,-57.326,-57.561,-57.795,-57.795
197.522974,-57.561,-57.326,-57.561,-57.795
197.591999,-57.561,-57.326,-57.795,-57.561
197.691999,-57.326,-57.326,-57.795,-57.795
197.791999,-57.561,-57.326,-57.561,-57.795
197.891999,-57.561,-57.561,-57.795,-58.030
197.991999,-57.561,-57.326,-57.795,-57.795
198.091999,-57.326,-57.326,-57.561,-57.561
198.191999,-57.561,-57.561,-57.561,-57.561
198.291999,-57.795,-57.326,-57.561,-57.795
198.507001,-57.561,-57.326,-57.795,-57.561
198.521974,-57.795,-57.326,-57.795,-57.561
198.591999,-57.795,-57.561,-57.795,-57.561
198.691999,-57.561,-57.326,-57.795,-57.795
198.791999,-57.561,-57.561,-57.795,-57.561
198.891999,-57.326,-57.561,-57.795,-57.795
198.991999,-57.326,-57.561,-57.795,-57.561
199.091999,-57.561,-57.326,-57.795,-57.561
199.191999,-57.561,-57.326,-57.795,-57.795
199.291999,-57.561,-57.326,-57.795,-57.326
199.508000,-57.561,-57.326,-57.561,-57.795
199.522974,-57.795,-57.326,-57.561,-57.795
199.591999,-57.561,-57.561,-57.795,-57.795
199.691999,-57.326,-57.561,-57.561,-57.561
199.791999,-57.561,-57.326,-57.561,-57.795
199.891999,-57.561,-57.326,-57.561,-57.795
199.991999,-57.561,-57.326,-57.795,-57.795
200.091999,-57.561,-57.326,-57.561,-57.561
200.191999,-57.561,-57.561,-57.561,-57.795
200.291999,-57.561,-57.561,-57.795,-57.795
200.508001,-57.561,-57.561,-57.795,-57.795
200.522974,-57.326,-57.561,-57.795,-57.795
200.591999,-57.326,-57.326,-57.795,-57.795
200.691999,-57.561,-57.326,-58.030,-57.561
200.791999,-57.561,-57.326,-57.561,-57.795
200.891999,-57.561,-57.326,-57.795,-57.795
200.991999,-57.561,-57.092,-57.561,-57.795
201.091999,-57.326,-57.561,-57.561,-57.561
201.191999,-57.561,-57.561,-57.795,-57.795
201.291999,-57.561,-57.561,-57.795,-57.795
201.508000,-57.561,-57.561,-57.795,-57.795
201.522974,-57.561,-57.326,-57.795,-57.561
201.591999,-57.561,-57.326,-57.561,-57.795
201.691999,-57.326,-57.561,-57.795,-57.795
201.791999,-57.561,-57.326,-57.795,-57.795
201.891999,-57.326,-57.326,-57.795,-57.561
201.991999,-57.561,-57.561,-57.795,-57.561
202.091999,-57.561,-57.561,-57.795,-57.561
202.191999,-57.561,-57.326,-57.795,-57.795
202.291999,-57.561,-57.561,-57.561,-57.795
202.508000,-57.561,-57.326,-57.795,-57.795
202.522974,-57.561,-57.561,-57.795,-57.561
202.591999,-57.561,-57.326,-57.795,-57.795
202.691999,-57.795,-57.326,-58.030,-57.561
202.791999,-57.561,-57.326,-57.795,-57.795
202.891999,-57.561,-57.561,-57.795,-57.795
202.991999,-57.561,-57.326,-58.030,-57.795
203.091999,-57.561,-57.326,-57.795,-57.795
203.191999,-57.561,-57.326,-57.795,-57.561
203.291999,-57.561,-57.326,-57.561,-57.561
203.507000,-57.561,-57.326,-57.795,-57.561
203.521974,-57.561,-57.561,-57.561,-57.795
203.591999,-57.561,-57.326,-57.795,-57.795
203.691999,-57.561,-57.326,-57.795,-57.561
203.791999,-57.795,-57.561,-57.795,-57.795
203.891999,-57.561,-57.326,-57.795,-57.795
203.991999,-57.795,-57.326,-57.561,-57.561
204.091999,-57.561,-57.561,-57.795,-57.561
204.191999,-57.326,-57.561,-57.795,-57.795
204.291999,-57.795,-57.326,-57.561,-57.561
204.508000,-57.561,-57.561,-57.561,-57.795
204.522974,-57.561,-57.326,-57.795,-57.795
204.591999,-57.326,-57.326,-57.795,-57.795
204.691999,-57.561,-57.326,-57.561,-57.795
204.791999,-57.561,-57.561,-57.561,-57.795
204.891999,-57.561,-57.326,-57.795,-57.326
204.991999,-57.326,-57.326,-57.561,-57.795
205.091999,-57.561,-57.326,-57.795,-57.795
205.191999,-57.561,-57.326,-57.561,-57.795
205.291999,-57.561,-57.326,-57.561,-57.795
205.508000,-57.326,-57.561,-57.561,-57.561
205.522974,-57.326,-57.326,-57.795,-57.795
205.591999,-57.561,-57.326,-57.795,-57.795
205.691999,-57.561,-57.326,-57.795,-57.795
205.791999,-57.561,-57.326,-57.795,-57.795
205.891999,-57.326,-57.561,-57.561,-57.561
205.991999,-57.326,-57.326,-57.795,-57.561
206.091999,-57.795,-57.326,-57.795,-57.795
206.191999,-57.795,-57.326,-57.795,-57.561
206.291999,-57.561,-57.561,-57.561,-57.561
206.508000,-57.561,-57.561,-57.561,-57.561
206.522974,-57.561,-57.326,-57.561,-57.795
206.591999,-57.326,-57.326,-57.795,-57.795
206.691999,-57.561,-57.561,-57.561,-57.561
206.791999,-57.561,-57.326,-57.561,-57.795
206.891999,-57.561,-57.326,-57.795,-57.795
206.991999,-57.561,-57.326,-57.795,-57.561
207.091999,-57.561,-57.561,-57.795,-57.795
207.191999,-57.561,-57.326,-57.795,-57.795
207.291999,-57.561,-57.326,-57.795,-57.795
207.508000,-57.326,-57.326,-57.795,-57.795
207.522974,-57.561,-57.326,-57.795,-57.561
207.591999,-57.561,-57.326,-57.795,-57.795
207.691999,-57.561,-57.561,-57.795,-57.795
207.791999,-57.326,-57.561,-57.795,-58.030
207.891999,-57.561,-57.561,-57.561,-57.795
207.991999,-57.326,-57.326,-57.795,-57.795
208.091999,-57.561,-57.326,-57.795,-57.561
208.191999,-57.326,-57.326,-57.795,-57.795
208.291999,-57.561,-57.326,-57.795,-57.795
208.508001,-57.561,-57.092,-57.561,-57.795
208.522974,-57.561,-57.561,-57.795,-57.795
208.591999,-57.795,-57.092,-57.795,-57.561
208.691999,-57.326,-57.326,-58.030,-57.561
208.791999,-57.561,-57.326,-57.561,-57.561
208.891999,-57.326,-57.561,-57.795,-57.795
208.991999,-57.326,-57.561,-57.795,-57.795
209.091999,-57.561,-57.561,-57.795,-57.795
209.191999,-57.561,-57.326,-57.795,-57.561
209.291999,-57.561,-57.561,-57.561,-57.795
209.508000,-57.326,-57.561,-57.561,-57.561
209.522974,-57.326,-57.561,-57.795,-57.561
209.591999,-57.561,-57.561,-57.795,-57.795
209.691999,-57.561,-57.561,-57.795,-57.561
209.791999,-57.561,-57.326,-57.561,-57.795
209.891999,-57.561,-57.326,-57.795,-57.795
209.991999,-57.561,-57.326,-57.795,-57.795
210.091999,-57.561,-57.326,-57.561,-57.795
210.191999,-57.561,-57.326,-57.795,-57.795
210.291999,-57.561,-57.561,-57.561,-57.561
210.508000,-57.561,-57.561,-57.795,-57.561
210.522974,-57.561,-57.561,-57.795,-57.561
210.591999,-57.561,-57.561,-57.561,-57.795
210.691999,-57.561,-57.561,-57.795,-57.795
210.791999,-57.326,-57.561,-57.795,-57.795
210.891999,-57.561,-57.326,-57.795,-57.795
210.991999,-57.561,-57.326,-57.795,-57.561
211.091999,-57.326,-57.561,-57.561,-57.795
211.191999,-57.561,-57.561,-58.030,-57.795
211.291999,-57.561,-57.326,-57.561,-57.561
211.507000,-57.326,-57.326,-57.795,-57.795
211.521974,-57.561,-57.092,-57.795,-57.795
211.591999,-57.326,-57.326,-57.795,-57.561
211.691999,-57.561,-57.326,-57.795,-57.795
211.791999,-57.561,-57.326,-57.561,-57.795
211.891999,-57.326,-57.561,-57.561,-57.795
211.991999,-57.561,-57.561,-57.795,-57.561
212.091999,-57.561,-57.561,-57.795,-57.795
212.191999,-57.561,-57.092,-57.795,-57.795
212.291999,-57.561,-57.326,-57.795,-58.030
212.508000,-57.561,-57.561,-57.795,-57.795
212.522974,-57.326,-57.561,-58.030,-57.561
212.591999,-57.561,-57.561,-57.561,-57.561
212.691999,-57.561,-57.561,-57.795,-57.561
212.791999,-57.561,-57.326,-57.795,-57.561
212.891999,-57.795,-57.326,-57.795,-57.795
212.991999,-57.326,-57.561,-57.561,-57.795
213.091999,-57.561,-57.326,-57.795,-57.326
213.191999,-57.561,-57.326,-57.795,-57.561
213.291999,-57.561,-57.326,-58.030,-57.795
213.508000,-57.561,-57.326,-57.795,-57.561
213.522974,-57.561,-57.326,-57.795,-57.795
213.591999,-57.326,-57.326,-57.795,-57.795
213.691999,-57.326,-57.561,-57.561,-57.795
213.791999,-57.561,-57.326,-57.795,-57.795
213.891999,-57.326,-57.326,-57.561,-57.795
213.991999,-57.561,-57.326,-57.561,-57.561
214.091999,-57.561,-57.326,-57.795,-57.561
214.191999,-57.561,-57.326,-57.795,-57.561
214.291999,-57.561,-57.326,-57.795,-57.795
214.508001,-57.326,-57.561,-57.795,-57.795
214.522974,-57.326,-57.326,-57.561,-57.795
214.591999,-57.561,-57.326,-57.795,-57.561
214.691999,-57.326,-57.326,-57.561,-57.795
214.791999,-57.561,-57.326,-57.795,-57.795
214.891999,-57.561,-57.326,-57.795,-57.561
214.991999,-57.561,-57.561,-57.795,-57.561
215.091999,-57.326,-57.326,-57.795,-57.795
215.191999,-57.561,-57.561,-57.795,-57.795
215.291999,-57.561,-57.326,-57.795,-57.795
215.508000,-57.326,-57.561,-57.795,-57.795
215.522974,-57.561,-57.561,-57.795,-57.561
215.591999,-57.326,-57.326,-57.561,-57.795
215.691999,-57.561,-57.326,-57.561,-57.561
215.791999,-57.561,-57.326,-57.795,-57.795
215.891999,-57.795,-57.561,-57.795,-57.795
215.991999,-57.795,-57.326,-57.795,-57.561
216.091999,-57.795,-57.561,-57.795,-57.795
216.191999,-57.561,-57.561,-57.795,-57.561
216.291999,-57.561,-57.326,-57.795,-57.795
216.507000,-57.326,-57.326,-57.795,-57.561
216.521974,-57.326,-57.326,-57.561,-57.561
216.591999,-57.561,-57.561,-57.795,-57.561
216.691999,-57.561,-57.326,-57.561,-57.561
216.791999,-57.561,-57.561,-57.561,-57.561
216.891999,-57.561,-57.326,-57.561,-57.795
216.991999,-57.561,-57.561,-57.795,-57.561
217.091999,-57.326,-57.326,-57.795,-57.795
217.191999,-57.561,-57.561,-57.561,-57.561
217.291999,-57.326,-57.326,-58.030,-57.795
217.516000,-57.561,-57.561,-57.561,-57.561
217.530974,-57.326,-57.326,-57.795,-57.795
217.591999,-57.561,-57.326,-57.561,-57.561
217.691999,-57.326,-57.561,-57.795,-57.795
217.791999,-57.561,-57.326,-57.561,-57.795
217.891999,-57.561,-57.326,-57.795,-57.326
217.991999,-57.326,-57.326,-57.561,-57.795
218.091999,-57.561,-57.561,-57.561,-57.795
218.191999,-57.795,-57.326,-58.030,-57.561
218.291999,-57.561,-57.092,-57.795,-57.561
218.508000,-57.326,-57.326,-57.795,-57.795
218.522974,-57.561,-57.561,-57.561,-57.561
218.591999,-57.561,-57.326,-57.795,-57.795
218.691999,-57.561,-57.326,-57.795,-57.795
218.791999,-57.561,-57.326,-57.795,-57.795
218.891999,-57.561,-57.326,-57.795,-57.561
218.991999,-57.561,-57.326,-57.561,-57.561
219.091999,-57.561,-57.561,-57.795,-57.561
219.191999,-57.561,-57.326,-57.795,-57.795
219.291999,-57.326,-57.561,-57.795,-57.795
219.508000,-57.561,-57.561,-57.795,-57.561
219.522974,-57.561,-57.326,-57.561,-57.561
219.591999,-57.561,-57.326,-57.795,-57.795
219.691999,-57.561,-57.561,-57.561,-57.795
219.791999,-57.326,-57.561,-57.561,-57.561
219.891999,-57.561,-57.326,-57.561,-57.795
219.991999,-57.561,-57.561,-57.795,-57.561
220.091999,-57.561,-57.326,-57.561,-57.561
220.191999,-57.561,-57.561,-57.795,-57.795
220.291999,-57.326,-57.561,-57.561,-57.795
220.508000,-57.561,-57.561,-57.561,-58.030
220.522974,-57.326,-57.326,-57.561,-57.795
220.591999,-57.561,-57.326,-57.561,-57.561
220.691999,-57.561,-57.561,-57.795,-57.561
220.791999,-57.561,-57.326,-57.561,-57.561
220.891999,-57.326,-57.326,-58.030,-57.795
220.991999,-57.561,-57.561,-57.795,-57.795
221.091999,-57.561,-57.561,-57.795,-57.795
221.191999,-57.561,-57.561,-57.795,-57.561
221.291999,-57.561,-57.561,-57.795,-57.561
221.508000,-57.561,-57.561,-57.795,-57.795
221.522974,-57.561,-57.326,-57.795,-57.561
221.591999,-57.561,-57.326,-57.795,-57.795
221.691999,-57.326,-57.326,-57.795,-57.561
221.791999,-57.561,-57.326,-57.795,-57.795
221.891999,-57.326,-57.561,-57.795,-57.795
221.991999,-57.561,-57.561,-57.561,-57.795
222.091999,-57.561,-57.561,-57.561,-57.561
222.191999,-57.561,-57.561,-57.561,-57.561
222.291999,-57.326,-57.326,-57.795,-57.795
222.508001,-57.561,-57.326,-57.561,-57.561
222.522974,-57.561,-57.561,-57.561,-57.795
222.591999,-57.795,-57.326,-57.561,-57.795
222.691999,-57.795,-57.326,-57.561,-57.561
222.791999,-57.326,-57.326,-57.561,-57.795
222.891999,-57.326,-57.326,-57.795,-57.795
222.991999,-57.561,-57.326,-57.795,-57.795
223.091999,-57.561,-57.561,-57.561,-57.561
223.191999,-57.561,-57.326,-57.561,-57.561
223.291999,-57.326,-57.561,-57.561,-57.561
223.508000,-57.561,-57.326,-57.795,-57.561
223.522974,-57.795,-57.561,-57.561,-57.561
223.591999,-57.561,-57.092,-57.795,-57.795
223.691999,-57.326,-57.561,-57.561,-57.561
223.791999,-57.561,-57.092,-57.561,-57.561
223.891999,-57.561,-57.561,-57.795,-57.795
223.991999,-57.561,-57.326,-57.795,-57.795
224.091999,-57.561,-57.326,-57.795,-57.561
224.191999,-57.561,-57.326,-57.795,-57.561
224.291999,-57.561,-57.326,-57.795,-57.561
224.507000,-57.561,-57.326,-57.795,-57.795
224.521974,-57.561,-57.326,-57.561,-57.326
224.591999,-57.561,-57.326,-57.795,-57.795
224.691999,-57.326,-57.561,-57.795,-57.795
224.791999,-57.561,-57.326,-57.795,-57.795
224.891999,-57.326,-57.561,-57.561,-57.795
224.991999,-57.326,-57.561,-57.561,-57.795
225.091999,-57.092,-57.326,-57.795,-57.561
225.191999,-57.795,-57.326,-57.795,-57.561
225.291999,-57.561,-57.326,-57.561,-57.561
225.508000,-57.561,-57.561,-58.030,-57.795
225.522974,-57.561,-57.561,-57.795,-57.561
225.591999,-57.561,-57.092,-57.795,-57.795
225.691999,-57.561,-57.326,-57.795,-57.795
225.791999,-57.326,-57.326,-57.561,-57.561
225.891999,-57.561,-57.561,-57.561,-57.561
225.991999,-57.795,-57.326,-57.561,-57.561
226.091999,-57.561,-57.326,-57.795,-57.795
226.191999,-57.561,-57.561,-57.795,-57.795
226.291999,-57.795,-57.326,-57.795,-57.795
226.508000,-57.561,-57.561,-57.561,-57.795
226.522974,-57.561,-57.326,-57.795,-57.561
226.591999,-57.561,-57.092,-57.561,-57.561
226.691999,-57.561,-57.326,-57.795,-57.795
226.791999,-57.561,-57.561,-57.795,-57.561
226.891999,-57.326,-57.561,-57.561,-57.795
226.991999,-57.326,-57.326,-57.795,-57.561
227.091999,-57.561,-57.326,-57.795,-57.561
227.191999,-57.561,-57.326,-57.795,-57.795
227.291999,-57.561,-57.561,-57.561,-57.795
227.508000,-57.561,-57.561,-57.561,-57.561
227.522974,-57.326,-57.326,-57.561,-57.795
227.591999,-57.561,-57.326,-57.795,-57.795
227.691999,-57.795,-57.092,-57.795,-57.795
227.791999,-57.561,-57.326,-57.561,-57.795
227.891999,-57.326,-57.561,-57.561,-57.795
227.991999,-57.561,-57.092,-57.561,-57.561
228.091999,-57.561,-57.326,-57.795,-57.561
228.191999,-57.561,-57.326,-57.795,-57.795
228.291999,-57.561,-57.561,-57.561,-57.561
228.508000,-57.561,-57.326,-57.561,-57.795
228.522974,-57.561,-57.561,-57.795,-57.795
228.591999,-57.326,-57.561,-57.795,-57.795
228.691999,-57.795,-57.092,-57.795,-57.795
228.791999,-57.326,-57.326,-57.795,-58.030
228.891999,-57.561,-57.326,-57.561,-57.795
228.991999,-57.561,-57.561,-57.561,-57.795
229.091999,-57.326,-57.561,-57.795,-57.561
229.191999,-57.326,-57.326,-57.795,-57.795
229.291999,-57.561,-57.326,-57.795,-57.561
229.507000,-57.326,-57.561,-57.561,-57.795
229.521974,-57.561,-57.561,-57.795,-57.795
229.591999,-57.561,-57.326,-57.561,-57.561
229.691999,-57.561,-57.561,-57.561,-57.795
229.791999,-57.561,-57.326,-57.795,-57.795
229.891999,-57.561,-57.326,-57.795,-57.795
229.991999,-57.326,-57.326,-57.561,-57.795
230.091999,-57.326,-57.326,-57.795,-57.795
230.191999,-57.561,-57.561,-57.795,-57.561
230.291999,-57.561,-57.561,-57.561,-57.795
230.508000,-57.092,-57.326,-57.795,-57.795
230.522974,-57.326,-57.092,-57.795,-57.561
230.591999,-57.561,-57.092,-57.795,-57.795
230.691999,-57.561,-57.561,-57.326,-57.795
230.791999,-57.561,-57.561,-57.795,-57.561
230.891999,-57.561,-57.561,-57.561,-57.795
230.991999,-57.561,-57.326,-57.561,-57.795
231.091999,-57.561,-57.326,-57.795,-57.795
231.191999,-57.561,-57.326,-57.795,-57.561
231.291999,-57.561,-57.561,-57.561,-57.795
231.508000,-57.561,-57.326,-57.561,-57.795
231.522974,-57.561,-57.092,-57.795,-57.795
231.591999,-57.561,-57.326,-57.795,-57.795
231.691999,-57.326,-57.326,-57.795,-57.795
231.791999,-57.561,-57.561,-57.795,-58.030
231.891999,-57.795,-57.326,-57.795,-57.561
231.991999,-57.561,-57.092,-57.795,-57.561
232.091999,-57.561,-57.326,-57.795,-57.795
232.191999,-57.561,-57.326,-57.795,-57.795
232.291999,-57.561,-57.561,-57.795,-58.030
232.508000,-57.326,-57.561,-57.795,-57.561
232.522974,-57.326,-57.561,-57.561,-57.795
232.591999,-57.561,-57.561,-57.795,-57.795
232.691999,-57.326,-57.561,-57.795,-58.030
232.791999,-57.561,-57.326,-57.561,-57.561
232.891999,-57.561,-57.561,-57.795,-57.795
232.991999,-57.795,-57.561,-57.795,-57.795
233.091999,-57.561,-57.561,-57.795,-57.561
233.191999,-57.561,-57.326,-57.795,-57.795
233.291999,-57.561,-57.561,-57.795,-57.795
233.508000,-57.561,-57.561,-57.561,-57.795
233.522974,-57.561,-57.561,-57.795,-57.561
233.591999,-57.561,-57.326,-57.795,-57.795
233.691999,-57.561,-57.326,-57.795,-57.795
233.791999,-57.326,-57.561,-57.795,-57.561
233.891999,-57.326,-57.561,-57.795,-57.795
233.991999,-57.561,-57.326,-57.795,-57.561
234.091999,-57.561,-57.326,-57.795,-57.795
234.191999,-57.326,-57.326,-57.561,-57.561
234.291999,-57.561,-57.561,-57.561,-57.561
234.508000,-57.561,-57.326,-57.795,-57.795
234.522974,-57.561,-57.326,-58.030,-57.795
234.591999,-57.326,-57.561,-57.795,-57.795
234.691999,-57.326,-57.326,-57.795,-57.795
234.791999,-57.326,-57.561,-57.795,-57.795
234.891999,-57.561,-57.326,-57.795,-57.795
234.991999,-57.561,-57.326,-57.795,-57.795
235.091999,-57.561,-57.326,-57.326,-57.561
235.191999,-57.561,-57.561,-57.795,-57.795
235.291999,-57.326,-57.326,-57.326,-57.561
235.508001,-57.326,-57.326,-57.795,-57.561
235.522974,-57.795,-57.326,-57.795,-57.795
235.591999,-57.326,-57.561,-57.561,-57.561
235.691999,-57.326,-57.326,-57.795,-57.561
235.791999,-57.795,-57.326,-57.795,-57.561
235.891999,-57.561,-57.326,-57.561,-57.795
235.991999,-57.326,-57.561,-58.030,-57.561
236.091999,-57.561,-57.561,-57.795,-57.795
236.191999,-57.326,-57.561,-57.561,-57.795
236.291999,-57.561,-57.561,-57.795,-57.795
236.508000,-57.561,-57.326,-57.795,-58.030
236.522974,-57.326,-57.561,-57.795,-57.795
236.591999,-57.561,-57.326,-57.795,-57.795
236.691999,-57.795,-57.326,-57.795,-57.795
236.791999,-57.561,-57.326,-57.561,-57.795
236.891999,-57.561,-57.561,-57.561,-57.795
236.991999,-57.326,-57.561,-57.561,-57.561
237.091999,-57.561,-57.326,-57.561,-57.795
237.191999,-57.326,-57.326,-57.795,-57.795
237.291999,-57.326,-57.326,-57.561,-57.795
237.507000,-57.561,-57.561,-57.795,-57.795
237.521974,-57.561,-57.561,-57.795,-57.795
237.591999,-57.326,-57.326,-57.561,-57.795
237.691999,-57.326,-57.561,-57.561,-57.561
237.791999,-57.561,-57.326,-57.795,-57.561
237.891999,-57.561,-57.561,-57.795,-57.561
237.991999,-57.561,-57.561,-57.795,-57.795
238.091999,-57.561,-57.326,-57.795,-57.795
238.191999,-57.326,-57.561,-57.795,-57.795
238.291999,-57.795,-57.326,-57.561,-57.561
238.508000,-57.561,-57.326,-57.795,-57.561
238.522974,-57.326,-57.092,-57.561,-57.561
238.591999,-57.561,-57.326,-57.561,-57.795
238.691999,-57.326,-57.561,-57.795,-57.561
238.791999,-57.561,-57.092,-57.795,-57.561
238.891999,-57.795,-57.561,-57.795,-57.795
238.991999,-57.795,-57.326,-57.795,-57.795
239.091999,-57.326,-57.326,-57.561,-57.561
239.191999,-57.326,-57.326,-57.795,-57.795
239.291999,-57.561,-57.561,-57.795,-57.795
239.508000,-57.561,-57.326,-57.795,-57.795
239.522974,-57.561,-57.561,-57.795,-57.795
239.591999,-57.561,-57.561,-57.795,-57.795
239.691999,-57.326,-57.326,-57.561,-57.795
239.791999,-57.326,-57.326,-57.795,-57.561
239.891999,-57.795,-57.561,-57.561,-57.795
239.991999,-57.795,-57.326,-57.795,-57.795
240.091999,-57.795,-57.561,-57.561,-57.795
240.191999,-57.561,-57.561,-57.561,-57.795
240.291999,-57.561,-57.326,-57.795,-57.795
240.508000,-57.561,-57.326,-57.795,-57.795
240.522974,-57.795,-57.326,-57.795,-57.795
240.591999,-57.561,-57.326,-57.795,-57.795
240.691999,-57.561,-57.326,-57.795,-57.795
240.791999,-57.561,-57.326,-57.795,-57.795
240.891999,-57.561,-57.561,-57.795,-57.561
240.991999,-57.561,-57.561,-58.030,-57.561
241.091999,-57.561,-57.326,-57.561,-57.561
241.191999,-57.326,-57.326,-57.795,-57.795
241.291999,-57.561,-57.326,-57.795,-57.795
241.508000,-57.326,-57.561,-57.795,-57.561
241.522974,-57.561,-57.092,-58.030,-57.795
241.591999,-57.561,-57.326,-58.030,-57.561
241.691999,-57.326,-57.326,-57.795,-57.795
241.791999,-57.561,-57.561,-57.795,-57.561
241.891999,-57.561,-57.326,-57.795,-57.795
241.991999,-57.561,-57.092,-57.795,-57.795
242.091999,-57.561,-57.326,-58.030,-57.795
242.191999,-57.795,-57.561,-57.561,-57.795
242.291999,-57.326,-57.326,-57.795,-57.795
242.507000,-57.561,-57.326,-57.795,-57.795
242.521974,-57.561,-57.326,-57.326,-57.795
242.591999,-57.561,-57.326,-57.561,-57.795
242.691999,-57.561,-57.326,-57.795,-57.795
242.791999,-57.561,-57.561,-57.561,-57.561
242.891999,-57.561,-57.561,-57.326,-57.795
242.991999,-57.561,-57.561,-57.561,-57.561
243.091999,-57.326,-57.326,-57.795,-57.561
243.191999,-57.561,-57.326,-57.561,-57.795
243.291999,-57.561,-57.561,-57.795,-57.795
243.508000,-57.326,-57.326,-57.561,-57.561
243.522974,-57.561,-57.326,-57.561,-57.561
243.591999,-57.326,-57.326,-57.561,-57.795
243.691999,-57.326,-57.326,-58.030,-57.795
243.791999,-57.561,-57.561,-57.795,-57.795
243.891999,-57.561,-57.561,-57.561,-57.561
243.991999,-57.561,-57.561,-57.795,-57.795
244.091999,-57.561,-57.561,-57.795,-57.795
244.191999,-57.561,-57.326,-57.795,-57.795
244.291999,-57.326,-57.326,-57.795,-57.795
244.508000,-57.561,-57.561,-57.795,-57.795
244.522974,-57.561,-57.561,-57.561,-57.795
244.591999,-57.561,-57.561,-57.561,-58.030
244.691999,-57.561,-57.561,-57.795,-57.561
244.791999,-57.326,-57.326,-57.561,-57.795
244.891999,-57.561,-57.326,-57.795,-57.561
244.991999,-57.561,-57.326,-57.795,-57.561
245.091999,-57.561,-57.326,-57.795,-57.561
245.191999,-57.561,-57.326,-57.561,-57.561
245.291999,-57.561,-57.326,-57.561,-57.561
245.508000,-57.795,-57.326,-57.795,-57.795
245.522974,-57.561,-57.326,-57.561,-57.795
245.591999,-57.561,-57.326,-57.795,-57.795
245.691999,-57.561,-57.326,-57.795,-57.795
245.791999,-57.561,-57.326,-57.561,-57.561
245.891999,-57.561,-57.561,-57.561,-57.795
245.991999,-57.561,-57.326,-57.795,-57.795
246.091999,-57.326,-57.326,-57.795,-57.795
246.191999,-57.561,-57.561,-57.795,-57.795
246.291999,-57.561,-57.561,-57.561,-57.795
246.508001,-57.326,-57.326,-57.561,-57.795
246.522974,-57.561,-57.326,-57.561,-57.795
246.591999,-57.326,-57.326,-57.795,-57.795
246.691999,-57.326,-57.561,-57.795,-57.795
246.791999,-57.326,-57.326,-57.795,-57.795
246.891999,-57.561,-57.561,-57.561,-57.795
246.991999,-57.795,-57.795,-57.795,-57.795
247.091999,-57.326,-57.561,-57.795,-57.561
247.191999,-57.561,-57.326,-57.561,-57.561
247.291999,-57.326,-57.561,-57.561,-57.795
247.508000,-57.326,-57.326,-57.795,-57.561
247.522974,-57.326,-57.326,-57.795,-57.795
247.591999,-57.326,-57.326,-57.561,-57.795
247.691999,-57.326,-57.326,-58.030,-57.561
247.791999,-57.561,-57.561,-57.561,-57.795
247.891999,-57.561,-57.326,-57.795,-57.795
247.991999,-57.561,-57.561,-57.795,-57.795
248.091999,-57.326,-57.326,-58.030,-57.561
248.191999,-57.561,-57.326,-57.561,-57.561
248.291999,-57.561,-57.561,-57.795,-57.561
248.508001,-57.561,-57.326,-57.795,-57.795
248.522974,-57.326,-57.326,-57.795,-57.561
248.591999,-57.561,-57.092,-57.795,-57.795
248.691999,-57.326,-57.092,-57.795,-57.795
248.791999,-57.092,-57.561,-57.795,-57.561
248.891999,-57.561,-57.326,-58.030,-57.561
248.991999,-57.326,-57.326,-57.561,-57.561
249.091999,-57.561,-57.326,-57.795,-57.795
249.191999,-57.561,-57.326,-57.561,-57.795
249.291999,-57.326,-57.326,-57.795,-57.795
249.508000,-57.561,-57.326,-57.795,-57.795
249.522974,-57.561,-57.561,-57.795,-57.795
249.591999,-57.326,-57.326,-57.795,-57.795
249.691999,-57.561,-57.092,-57.561,-57.795
249.791999,-57.561,-57.326,-57.795,-57.561
249.891999,-57.561,-57.326,-57.795,-57.795
249.991999,-57.561,-57.326,-57.795,-57.561
250.091999,-57.561,-57.326,-57.795,-57.795
250.191999,-57.561,-57.561,-57.561,-57.795
250.291999,-57.561,-57.561,-57.795,-57.795
250.507000,-57.561,-57.561,-57.795,-57.795
250.521974,-57.326,-57.326,-57.795,-57.561
250.591999,-57.561,-57.561,-57.795,-57.795
250.691999,-57.561,-57.561,-57.795,-57.561
250.791999,-57.561,-57.561,-57.795,-57.795
250.891999,-57.561,-57.326,-57.795,-57.795
250.991999,-57.561,-57.326,-57.795,-57.795
251.091999,-57.561,-57.561,-57.795,-57.795
251.191999,-57.561,-57.326,-57.795,-57.795
251.291999,-57.326,-57.561,-57.795,-57.561
251.508000,-57.561,-57.561,-57.795,-57.795
251.522974,-57.326,-57.561,-57.795,-57.795
251.591999,-57.326,-57.326,-57.795,-57.561
251.691999,-57.326,-57.561,-57.795,-57.795
251.791999,-57.326,-57.326,-57.561,-57.561
251.891999,-57.326,-57.326,-57.795,-57.561
251.991999,-57.561,-57.561,-58.030,-57.561
252.091999,-57.561,-57.561,-57.795,-57.561
252.191999,-57.561,-57.326,-57.795,-57.561
252.291999,-57.326,-57.561,-57.795,-57.795
252.508000,-57.326,-57.561,-57.561,-57.795
252.522974,-57.561,-57.561,-57.795,-57.561
252.591999,-57.561,-57.326,-57.795,-57.561
252.691999,-57.326,-57.561,-57.561,-57.795
252.791999,-57.326,-57.561,-57.561,-57.795
252.891999,-57.561,-57.561,-57.795,-58.030
252.991999,-57.326,-57.326,-57.561,-57.561
253.091999,-57.326,-57.326,-57.795,-57.795
253.191999,-57.561,-57.326,-57.561,-57.795
253.291999,-57.561,-57.561,-57.561,-57.795
253.508000,-57.561,-57.561,-57.561,-57.795
253.522974,-57.326,-57.561,-57.561,-57.795
253.591999,-57.561,-57.326,-57.795,-57.795
253.691999,-57.561,-57.561,-57.561,-57.795
253.791999,-57.561,-57.561,-57.795,-57.795
253.891999,-57.561,-57.326,-57.795,-57.795
253.991999,-57.561,-57.092,-57.561,-57.561
254.091999,-57.561,-57.326,-57.561,-57.795
254.191999,-57.561,-57.326,-57.795,-57.561
254.291999,-57.561,-57.326,-57.561,-57.795
254.508001,-57.326,-57.561,-57.795,-57.561
254.522974,-57.561,-57.561,-57.561,-58.030
254.591999,-57.561,-57.326,-57.795,-57.795
254.691999,-57.326,-57.326,-57.795,-57.561
254.791999,-57.561,-57.326,-57.795,-57.561
254.891999,-57.561,-57.326,-57.795,-57.795
254.991999,-57.561,-57.326,-57.561,-57.561
255.091999,-57.326,-57.326,-57.795,-57.561
255.191999,-57.561,-57.326,-57.795,-57.795
255.291999,-57.326,-57.326,-57.561,-57.795
255.507000,-57.326,-57.561,-57.795,-57.795
255.521974,-57.326,-57.326,-57.795,-57.795
255.591999,-57.561,-57.561,-57.795,-57.795
255.691999,-57.561,-57.326,-57.561,-57.795
255.791999,-57.326,-57.326,-57.795,-57.795
255.891999,-57.561,-57.561,-57.795,-57.795
255.991999,-57.561,-57.561,-57.795,-57.795
256.091999,-57.326,-57.326,-57.795,-57.795
256.191999,-57.561,-57.326,-57.795,-57.795
256.291999,-57.326,-57.326,-57.795,-57.561
256.508000,-57.326,-57.326,-57.795,-57.795
256.522974,-57.326,-57.092,-57.561,-57.795
256.591999,-57.326,-57.326,-57.795,-57.561
256.691999,-57.326,-57.326,-57.795,-57.561
256.791999,-57.561,-57.561,-57.795,-57.795
256.891999,-57.795,-57.326,-57.795,-57.795
256.991999,-57.561,-57.326,-57.795,-57.561
257.091999,-57.326,-57.326,-57.795,-57.561
257.191999,-57.326,-57.561,-57.561,-57.795
257.291999,-57.795,-57.326,-57.561,-57.795
257.508000,-57.561,-57.326,-57.561,-57.795
257.522974,-57.561,-57.561,-57.795,-57.561
257.591999,-57.561,-57.561,-57.561,-57.795
257.691999,-57.326,-57.561,-57.561,-57.561
257.791999,-57.561,-57.561,-57.561,-57.561
257.891999,-57.561,-57.326,-57.795,-57.561
257.991999,-57.561,-57.561,-57.561,-57.795
258.091999,-57.561,-57.326,-57.795,-57.561
258.191999,-57.326,-57.561,-57.795,-57.561
258.291999,-57.326,-57.561,-57.795,-57.795
258.508000,-57.561,-57.092,-57.561,-57.795
258.522974,-57.561,-57.561,-57.795,-57.561
258.591999,-57.326,-57.326,-57.795,-57.561
258.691999,-57.561,-57.326,-57.561,-57.795
258.791999,-57.326,-57.561,-58.030,-57.561
258.891999,-57.795,-57.561,-57.795,-57.795
258.991999,-57.561,-57.326,-57.795,-57.795
259.091999,-57.561,-57.561,-57.795,-57.795
259.191999,-57.326,-57.326,-57.795,-57.795
259.291999,-57.561,-57.326,-57.795,-57.795
259.508000,-57.561,-57.326,-57.561,-57.795
259.522974,-57.561,-57.326,-57.795,-57.561
259.591999,-57.561,-57.561,-57.561,-57.795
259.691999,-57.561,-57.561,-57.795,-57.795
259.791999,-57.561,-57.326,-58.030,-57.795
259.891999,-57.561,-57.326,-57.795,-57.795
259.991999,-57.561,-57.561,-57.795,-57.795
260.091999,-57.561,-57.326,-57.795,-57.795
260.191999,-57.561,-57.561,-57.795,-57.795
260.291999,-57.561,-57.326,-57.561,-57.795
260.508000,-57.326,-57.561,-57.795,-57.795
260.522974,-57.326,-57.326,-57.795,-57.795
260.591999,-57.326,-57.326,-57.795,-57.795
260.691999,-57.561,-57.561,-57.795,-57.795
260.791999,-57.561,-57.326,-57.795,-57.795
260.891999,-57.561,-57.561,-57.561,-57.795
260.991999,-57.795,-57.326,-57.795,-57.795
261.091999,-57.326,-57.561,-57.795,-57.795
261.191999,-57.326,-57.561,-57.795,-57.561
261.291999,-57.326,-57.561,-57.561,-57.561
261.508000,-57.561,-57.092,-57.561,-57.795
261.522974,-57.561,-57.326,-57.795,-57.561
261.591999,-57.561,-57.326,-57.795,-57.795
261.691999,-57.326,-57.561,-57.795,-57.795
261.791999,-57.561,-57.561,-57.795,-57.561
261.891999,-57.326,-57.326,-57.795,-57.561
261.991999,-57.561,-57.326,-57.795,-57.795
262.091999,-57.561,-57.326,-57.795,-57.561
262.191999,-57.326,-57.326,-58.030,-57.561
262.291999,-57.326,-57.326,-57.795,-58.030
262.508000,-57.561,-57.561,-57.561,-57.561
262.522974,-57.561,-57.561,-57.795,-57.795
262.591999,-57.561,-57.561,-57.561,-57.561
262.691999,-57.561,-57.326,-57.561,-57.561
262.791999,-57.326,-57.326,-57.795,-57.795
262.891999,-57.561,-57.561,-58.030,-57.561
262.991999,-57.561,-57.326,-57.795,-57.795
263.091999,-57.561,-57.326,-57.795,-57.795
263.191999,-57.561,-57.092,-57.795,-57.561
263.291999,-57.795,-57.561,-57.795,-57.795
263.507000,-57.326,-57.326,-58.030,-57.795
263.521974,-57.561,-57.561,-57.795,-57.795
263.591999,-57.561,-57.561,-57.795,-57.795
263.691999,-57.561,-57.561,-57.561,-57.795
263.791999,-57.326,-57.326,-57.795,-57.561
263.891999,-57.326,-57.326,-57.795,-57.795
263.991999,-57.561,-57.326,-57.561,-57.795
264.091999,-57.561,-57.561,-57.795,-57.795
264.191999,-57.561,-57.326,-57.561,-57.795
264.291999,-57.561,-57.561,-57.795,-57.561
264.508000,-57.326,-57.326,-57.795,-57.561
264.522974,-57.561,-57.561,-57.795,-57.795
264.591999,-57.326,-57.561,-57.795,-57.795
264.691999,-57.561,-57.326,-57.795,-57.795
264.791999,-57.561,-57.326,-57.795,-57.561
264.891999,-57.561,-57.561,-57.795,-57.795
264.991999,-57.561,-57.326,-57.561,-57.795
265.091999,-57.561,-57.092,-57.561,-57.795
265.191999,-57.561,-57.326,-57.795,-57.561
265.291999,-57.326,-57.326,-57.561,-57.561
265.508000,-57.561,-57.326,-57.795,-57.561
265.522974,-57.326,-57.561,-57.795,-57.795
265.591999,-57.561,-57.092,-57.795,-57.795
265.691999,-57.561,-57.561,-57.795,-57.795
265.791999,-57.795,-57.326,-57.561,-57.561
265.891999,-57.561,-57.561,-57.795,-57.795
265.991999,-57.561,-57.326,-57.561,-57.795
266.091999,-57.561,-57.326,-57.795,-57.795
266.191999,-57.326,-57.561,-57.795,-57.795
266.291999,-57.561,-57.561,-57.795,-57.561
266.508000,-57.561,-57.092,-57.561,-57.561
266.522974,-57.561,-57.561,-57.561,-57.561
266.591999,-57.561,-57.326,-57.795,-57.561
266.691999,-57.326,-57.092,-57.795,-57.561
266.791999,-57.561,-57.326,-57.795,-57.795
266.891999,-57.561,-57.561,-58.030,-57.561
266.991999,-57.326,-57.326,-57.561,-57.795
267.091999,-57.561,-57.326,-57.561,-57.795
267.191999,-57.561,-57.561,-57.795,-57.795
267.291999,-57.561,-57.326,-57.561,-57.795
267.508000,-57.561,-57.326,-57.561,-57.561
267.522974,-57.561,-57.561,-57.795,-57.795
267.591999,-57.561,-57.326,-57.795,-57.795
267.691999,-57.561,-57.561,-57.795,-57.561
267.791999,-57.561,-57.561,-57.795,-57.795
267.891999,-57.326,-57.326,-57.795,-57.795
267.991999,-57.326,-57.326,-57.795,-57.795
268.091999,-57.561,-57.326,-57.561,-57.795
268.191999,-57.561,-57.326,-57.561,-57.561
268.291999,-57.561,-57.561,-57.795,-57.561
268.507000,-57.561,-57.326,-57.795,-57.795
268.521974,-57.561,-57.326,-57.795,-57.561
268.591999,-57.561,-57.326,-57.795,-57.795
268.691999,-57.561,-57.326,-57.795,-57.561
268.791999,-57.561,-57.326,-57.795,-57.561
268.891999,-57.795,-57.561,-57.795,-57.561
268.991999,-57.326,-57.561,-57.795,-57.561
269.091999,-57.561,-57.326,-57.795,-57.561
269.191999,-57.326,-57.326,-57.561,-57.561
269.291999,-57.561,-57.561,-57.795,-57.795
269.508000,-57.561,-57.326,-57.561,-57.795
269.522974,-57.326,-57.326,-57.795,-57.561
269.591999,-57.561,-57.326,-57.795,-57.561
269.691999,-57.561,-57.326,-57.561,-57.795
269.791999,-57.561,-57.326,-57.561,-57.795
269.891999,-57.561,-57.326,-57.795,-57.795
269.991999,-57.326,-57.326,-57.795,-57.795
270.091999,-57.561,-57.326,-57.795,-57.795
270.191999,-57.092,-57.326,-57.795,-57.561
270.291999,-57.561,-57.561,-57.561,-57.561
270.508000,-57.561,-57.326,-57.795,-57.561
270.522974,-57.561,-57.326,-57.561,-57.795
270.591999,-57.561,-57.561,-57.561,-57.795
270.691999,-57.795,-57.326,-57.795,-57.561
270.791999,-57.561,-57.326,-57.561,-57.561
270.891999,-57.326,-57.561,-57.561,-57.795
270.991999,-57.561,-57.561,-57.795,-57.795
271.091999,-57.561,-57.561,-57.795,-57.795
271.191999,-57.561,-57.561,-57.795,-57.561
271.291999,-57.561,-57.561,-57.795,-57.795
271.508000,-57.326,-57.561,-57.561,-57.561
271.522974,-57.561,-57.561,-57.561,-58.030
271.591999,-57.561,-57.326,-57.795,-57.561
271.691999,-57.561,-57.326,-57.795,-57.561
271.791999,-57.561,-57.561,-57.795,-57.561
271.891999,-57.326,-57.326,-57.795,-57.561
271.991999,-57.561,-57.326,-57.795,-57.561
272.091999,-57.326,-57.326,-57.561,-57.561
272.191999,-57.326,-57.326,-57.561,-57.795
272.291999,-57.795,-57.092,-57.795,-57.561
272.508000,-57.561,-57.561,-57.795,-57.561
272.522974,-57.326,-57.561,-57.795,-57.795
272.591999,-57.561,-57.326,-57.795,-57.795
272.691999,-57.561,-57.561,-57.795,-57.795
272.791999,-57.561,-57.561,-57.561,-57.795
272.891999,-57.561,-57.326,-57.795,-57.795
272.991999,-57.561,-57.326,-57.795,-57.561
273.091999,-57.561,-57.326,-57.795,-57.561
273.191999,-57.326,-57.326,-57.795,-57.561
273.291999,-57.561,-57.326,-57.795,-57.561
273.508000,-57.561,-57.326,-57.795,-57.561
273.522974,-57.561,-57.326,-58.030,-57.795
273.591999,-57.326,-57.326,-57.795,-57.561
273.691999,-57.326,-57.326,-57.795,-57.561
273.791999,-57.326,-57.326,-57.795,-57.561
273.891999,-57.561,-57.326,-57.795,-57.795
273.991999,-57.326,-57.561,-57.561,-57.561
274.091999,-57.326,-57.092,-57.795,-57.795
274.191999,-57.326,-57.326,-57.795,-57.795
274.291999,-57.561,-57.561,-57.561,-57.795
274.508000,-57.795,-57.326,-58.030,-57.795
274.522974,-57.561,-57.326,-57.795,-57.795
274.591999,-57.561,-57.326,-57.795,-57.561
274.691999,-57.326,-57.326,-57.795,-57.795
274.791999,-57.561,-57.561,-57.561,-57.795
274.891999,-57.326,-57.561,-57.795,-57.561
274.991999,-57.561,-57.326,-57.795,-57.795
275.091999,-57.561,-57.561,-57.561,-57.795
275.191999,-57.561,-57.326,-57.795,-57.795
275.291999,-57.326,-57.561,-57.795,-57.795
275.508000,-57.561,-57.561,-57.561,-58.030
275.522974,-57.326,-57.561,-57.795,-57.795
275.591999,-57.561,-57.326,-57.561,-57.561
275.691999,-57.326,-57.326,-57.795,-57.795
275.791999,-57.326,-57.561,-57.795,-57.795
275.891999,-57.326,-57.561,-57.795,-57.795
275.991999,-57.561,-57.326,-57.561,-58.030
276.091999,-57.561,-57.326,-57.795,-57.561
276.191999,-57.561,-57.326,-57.795,-57.795
276.291999,-57.326,-57.326,-57.795,-57.561
276.507000,-57.561,-57.326,-57.795,-57.795
276.521974,-57.326,-57.561,-57.795,-57.795
276.591999,-57.561,-57.326,-57.795,-57.561
276.691999,-57.561,-57.326,-57.795,-58.030
276.791999,-57.561,-57.561,-57.795,-57.561
276.891999,-57.326,-57.326,-57.561,-57.795
276.991999,-57.561,-57.561,-57.795,-57.326
277.091999,-57.561,-57.326,-57.795,-57.561
277.191999,-57.795,-57.326,-57.795,-57.795
277.291999,-57.561,-57.326,-57.795,-57.561
277.508000,-57.561,-57.326,-57.561,-57.795
277.522974,-57.561,-57.326,-57.795,-57.561
277.591999,-57.561,-57.326,-57.795,-57.795
277.691999,-57.326,-57.326,-57.795,-57.561
277.791999,-57.561,-57.326,-57.795,-57.795
277.891999,-57.326,-57.561,-57.795,-58.030
277.991999,-57.326,-57.326,-57.561,-57.561
278.091999,-57.561,-57.561,-57.561,-57.795
278.191999,-57.561,-57.326,-57.795,-57.795
278.291999,-57.326,-57.561,-57.795,-57.561
278.508001,-57.561,-57.561,-57.795,-57.561
278.522974,-57.326,-57.326,-57.795,-57.795
278.591999,-57.326,-57.561,-57.795,-57.561
278.691999,-57.795,-57.561,-57.795,-57.795
278.791999,-57.561,-57.326,-57.795,-57.795
278.891999,-57.326,-57.561,-57.795,-57.561
278.991999,-57.326,-57.326,-57.795,-57.561
279.091999,-57.561,-57.561,-57.795,-57.795
279.191999,-57.561,-57.326,-57.561,-57.795
279.291999,-57.795,-57.326,-57.795,-57.795
279.508000,-57.561,-57.326,-57.561,-57.795
279.522974,-57.561,-57.561,-57.561,-57.795
279.591999,-57.561,-57.561,-57.561,-57.561
279.691999,-57.561,-57.326,-57.795,-57.795
279.791999,-57.561,-57.326,-57.795,-57.561
279.891999,-57.561,-57.561,-57.561,-57.795
279.991999,-57.326,-57.561,-57.795,-57.795
280.091999,-57.561,-57.561,-57.795,-57.795
280.191999,-57.326,-57.561,-57.795,-57.795
280.291999,-57.561,-57.326,-57.561,-57.795
280.508000,-57.561,-57.326,-57.795,-57.561
280.522974,-57.326,-57.326,-57.795,-57.561
280.591999,-57.561,-57.561,-57.795,-57.561
280.691999,-57.326,-57.561,-57.795,-58.030
280.791999,-57.561,-57.326,-57.795,-57.795
280.891999,-57.561,-57.561,-57.795,-57.561
280.991999,-57.326,-57.561,-57.795,-57.795
281.091999,-57.561,-57.561,-57.795,-58.030
281.191999,-57.561,-57.561,-57.795,-57.795
281.291999,-57.561,-57.326,-57.795,-57.561
281.507000,-57.326,-57.561,-58.030,-57.561
281.521974,-57.561,-57.561,-57.795,-57.561
281.591999,-57.326,-57.326,-57.561,-57.795
281.691999,-57.561,-57.561,-57.795,-57.561
281.791999,-57.561,-57.561,-57.561,-57.561
281.891999,-57.561,-57.326,-58.030,-57.795
281.991999,-57.561,-57.326,-57.795,-57.795
282.091999,-57.561,-57.561,-57.561,-57.561
282.191999,-57.561,-57.326,-57.795,-57.795
282.291999,-57.561,-57.561,-57.795,-57.795
282.508000,-57.326,-57.561,-57.795,-57.561
282.522974,-57.561,-57.326,-57.795,-57.561
282.591999,-57.326,-57.326,-57.561,-57.795
282.691999,-57.561,-57.561,-57.561,-57.795
282.791999,-57.326,-57.326,-57.795,-57.561
282.891999,-57.561,-57.326,-57.795,-57.795
282.991999,-57.561,-57.561,-57.795,-57.795
283.091999,-57.561,-57.561,-57.561,-57.561
283.191999,-57.561,-57.326,-58.030,-57.561
283.291999,-57.326,-57.326,-57.795,-57.795
283.508000,-57.561,-57.561,-57.561,-57.795
283.522974,-57.326,-57.326,-57.561,-57.795
283.591999,-57.561,-57.326,-57.795,-57.795
283.691999,-57.561,-57.092,-58.030,-57.561
283.791999,-57.326,-57.561,-57.561,-57.795
283.891999,-57.326,-57.326,-57.795,-57.795
283.991999,-57.561,-57.326,-57.561,-57.795
284.091999,-57.561,-57.561,-57.795,-57.561
284.191999,-57.326,-57.326,-57.795,-57.795
284.291999,-57.561,-57.326,-57.561,-57.795
284.508000,-57.561,-57.326,-57.561,-57.561
284.522974,-57.561,-57.326,-57.795,-57.795
284.591999,-57.561,-57.326,-57.795,-57.561
284.691999,-57.326,-57.561,-57.561,-57.795
284.791999,-57.561,-57.326,-57.795,-57.795
284.891999,-57.561,-57.326,-57.561,-57.795
284.991999,-57.561,-57.092,-58.030,-57.795
285.091999,-57.561,-57.326,-57.561,-57.795
285.191999,-57.561,-57.326,-57.795,-57.795
285.291999,-57.326,-57.561,-57.795,-57.795
